0 0
1 1
2 3
3 15
4 82
5 495
6 3144
7 20875
8 142773
9 1000131
10 7136812
11 51702231
12 379234623
13 2810874950
14 21020047557
15 158398829121
16 1201617201230
17 9169060501023
18 70329406653879
19 541949364313821
20 4193569906262874
21 32571403998781956
22 253842927519362734
23 1984442128649393178
24 15557583416411275689
25 122285717661545572970
26 963497567458131169140
27 7608310346112049675488
28 60203054212269385676674
29 477286229839540683038106
30 3790644856815866266928859
31 30155766664545967431867360
32 240272926165580984211304047
33 1917232695090183679866330726
34 15319423109182756286469293212
35 122566831488616467225847890975
36 981826533559666067459434725498
37 7874060133607329495494564768571
38 63217610179503671738985751627206
39 508075342705038771761106397948257
40 4087389724321642556002016333914565
41 32913247941759303836046307383688728
42 265266618059598096515446610179744878
43 2139751861617760577003510788480022378
44 17274131492375209440353798286581808162
45 139561365770854547918871739345446769749
46 1128380597936345173640170345391359197038
47 9129638878405470557401300915241557408662
48 73917323409554277426241137995397252379182
49 598854563065565654871134214547408219192233
50 4854757946504883198818823269793625164735930
51 39379858803309691340878997288078680852708842
52 319617813191144439765971966608549141956195681
53 2595544712234567950519466942483924757639825111
54 21089086864453063967789210596241662320710204100
55 171439249962329929837829213786535690647130309194
56 1394369647399725039466010927911065133230665861055
57 11346270904970961269233207214738133011023440199809
58 92369528150799682888166787701003775721769706723448
59 752311677003592487743590543350483314122626659544706
60 6129906912145481086911137635705644347874632255323647
61 49967862907796956541882401474670021501986093522333068
62 407476542195500278626975375492200071088585231191425927
63 3324174345117120691924917903301009728898174559448634212
64 27128700269072304074284681174324403212982508053397383698
65 221479283387536480919728644171469224152666949546829905636
66 1808803164960207295061234892976740560558215926238970386050
67 14777431457200715444612186599268064559874540707834669577305
68 120767928253034732258268436022591764275093578756707836084048
69 987290740678343968034677867003940361359748941717592237012522
70 8073749060975627587151542316760416908850781079861910282092660
71 66044748000135772595152164579957388728406028356777004237400780
72 540418826379488557361487826355810367564204641555875092004309788
73 4423318718298165007711027925660018138035377001043508112352027252
74 36214972598820305280308742132410634969907912648078507695833098542
75 296583492182439879042153346050854550303903021108604912516609767051
76 2429525857821985715467943711104848795586934521306680034346641243953
77 19907136271444681338781117094017738581664563647392129579054318189692
78 163157055014971526936216276046602883442349261432274711183189787349934
79 1337549717341504044798734092798597813168360810970701696119606097495082
80 10967769804586132506618670818716371926693405737013555519774731294062524
81 89955649828805362104335735142792206177168819237482814315739794440096701
82 737968447556967134017675274310679736452705291305304107466131757589695185
83 6055415763426983185720319284209098577929592809704251905495763871656963102
84 49698656314975618807125783253398624074420587055314128082996382349483776985
85 407978800976222664537170882383304743025459025955224606853216501479856005210
86 3349813742927250055136100546021609742754136146344701973575281369921740853625
87 27510073592877947176653443498342487211202211811361075315332296088229001065136
88 225968999284329944067709124347980660863565561493996561869303389530150428311845
89 1856479025695239435472777929065742639672319464832415942571059106690101286754170
90 15255042709742294397266156283415767238608920310258499686152469752526591867024885
91 125376802275976655574477367266694402263475339586266261737829595012647992500539046
92 1030622391624994462736765344427449745785755704194314321653780271562869974568317388
93 8473422913984906776789652142212183615510787184264301230755959317663177181338719544
94 69677646169481075002858316681111013115679337372280672296916483738303118280717683879
95 573062177331473847356388530341708082771475654444039087966368900156334960111346181769
96 4713919519794727176190454707634400588965927710176428335724569626380423747142366267189
97 38782270427236193731956591577787501262054273911582616000889973480948722515921793476121
98 319119613250556356807981239268356942693937484605039307839496744924924787211392011627225
99 2626283219049387828025049883513334410771777446195094101349338153272807926805374214766826
100 21617031388937502429188840474728009613873188117446922516645099022258096198160687467107715
101 177957238825185238072288937842970365110356663874369525341339685993794468388274580211359226
102 1465207363011251548443453348240227098407834600757234398635684790723382511402613509385446937
103 12065494038593921572418728072709310302965278367244520498540327642303939256940320035355209487
104 99369361786246893709709742584657394787326642114728394134266069210082545622264744466611041119
105 818502652941729435785614228775044077307327274714991619505040766598978658804337734845163519687
106 6742900343456755732564421601726236094980588505854907664793234865649255958568901771066227770077
107 55556047523273106202416771920459813476880083494594154090436694976632502932551165264235606757395
108 457796863085306091281762150291619681281657329423820139513822946649934508450446682533529685805126
109 3772854944967811953508060053505101051322757780073185850858445091574380664037802907915297606921415
110 31097265997351594909288088639027553806669962112768063428115032926379941195835675200326420242964712
111 256346930564345451501146376191617305286336173522566384533570448024566493613555349827734901989023179
112 2113425205476487308198880467988275014186411512644123122535087002514517446336674213057611103289679554
113 17425993679892194652243207653715443636943809042130105478849891596722649408826075796764401093446257512
114 143700809865149346592689856006575324813265099377934959952812800238163841198131970660149932901672346646
115 1185143619564944467130847131334823136365785765413443746770148699765106232771428071862397224089591706309
116 9775342569717874113558662036021161406585938329439294032187504889429174544024534665243585092676128735491
117 80638303062190826731431105506975146345704747202585791003286637385283054794833906585746465285501821260418
118 665270615793544880139657293859917668273462708228805580913720003495118817547977056401119254721803232906380
119 5489111694574669909410253159368352558651956960456108759445179653579456529555150553687083722441522224613358
120 45295157785068609638505112286986967895561016277591944223925943857090377306209667052340228915457208107012496
121 373806376079397477198460450851104794812458338514647920322760237762595748839927554567820926729281129920240042
122 3085219787599780978067682703580863871066373241084453025705940883731593363047756155106007442772585786908247281
123 25466499930801054715958735765404181157122403814958861128082574774647386242557987416988681759829710971334376609
124 210230369442057900082973872179131227610438039845961798289549988182218140437007288475272254124270800882779988459
125 1735657367261207789102352503084902547035347963092944868135215675952203081494736860964362016251693611972074482696
126 14330924677540365002491861188002189729559057046099808246658199256630482435795508537007850984250858934556344199974
127 118338332857479437474653685182316847088958114556973528430868298804119182280924029650563663110118651061390031637686
128 977275593166375108257926772727382520441701855033787968308383450866776166318633117393198194117138014882523980858378
129 8071391314799136537915421257260537781834829902844795380471148458027457817656432917828932057790906259117817950666119
130 66668223764184896344214365738143085431175464521101647912729483880804262807757426518283822776755014670067910108347313
131 550716256896235444513666825849841297608032256519551832804528119511136637968306564840824045507824472495947002633072619
132 4549617173255129451686728699794418066744777862331425390147039277385993264491355986832291690086332066926061100923663469
133 37588862624665257480803943319402313954717729105175233589027056500789962897775540114232654565839610439724038141778979392
134 310584893329785968027933864670700331011856178184768322298862588390694450357945770377319985292359429787526188446357854935
135 2566479128568060087438507559257825305504740215099847268764725653093377691941213021563280716241300388125211956159194213723
136 21209521753329348790306860875478329815838164574180805385690819217077203365863923911534205990732728785420958448839147770433
137 175290839868328829705147403562372526826548110834598433078855609395188841962128918872288421494599358845213928183310904762803
138 1448846122349315396000892044045798317777503781723373033888240161569285814249777378805194522955280773877279132258717223481037
139 11976212621778425793808346055365956149381936700554535955186185977950927120804332080030468612543628592239753011995124590930229
140 99003474547795665603544199244650264380152125178869464222100173528972040249408004277242781717169337611012834164164446122518849
141 818492302580856073371205017166424864547075871310217626277648379805040573006393089591776987172790566459133109129667839626567090
142 6767239035896352214094539360113023591781570507968463333234777100156347660816316071467875438998640658344596392299892057638248342
143 55955235743115546453372351473190926713495962915810085836335027512461599965560511406658462315664344230153651398678542891731398575
144 462702437613397683275117881146992564918742545532216622005935343842284974631492189537488554309353121340807913455987060924735477666
145 3826434199311440329098040276498772322944523392745172086308160969416321149510456020151987677843671778906323428971091358599713548495
146 31645916961597755651520179254036228677906284197493201707669965922755791732982169741209772005189022951699887929168869090215135294810
147 261740946668493354836160900291610605750699805507458718273260606082434600734648581751763749782208229382989688133177979456842264463138
148 2164989474623350197682701452895897258187864072103642435022007485467443659097801955796751478356661982927561078482972816275013289799296
149 17908930034566259099062175000302229412539079770648814581248297104960248738802738776489062130259249557722033845323386669053850138124640
150 148153809351437884137636998746235474703196329450812523551372585161970119694077412152680412708370756457190715144454376770105467333499162
151 1225702150363932113185442605100161102527913759028030166710741657694083388841001959058031005598052399113194526223243253048565489403150296
152 10141113281480427824695147461204166329603916308618614179804573157554311205935345567383896994248429480658636917483084074147139235721133200
153 83910151680198220011075177153738280814654428827072672816649636411912681368517345678625376035815357782020555325820010359534194456072472440
154 694338420502134122484670703216724511250144918456670201508782737077710856761897951012416539159467438693090007869278085230295646588349248310
155 5745864061566408438180002130289044379510768392019423782823765643533759960272468086153490555303293101983776514754600633819441580521295717481
156 47551760748041098735295641454842371404556071005010565701805351109336853590563534299242322848339464852862271389892615007548242258877649181038
157 393554259915498972438881363670187326028417231585859599367467885856016529509218305066135175490283444387630748043072356247402646753981709827251
158 3257384701267085585078941487580871050549488901565826764981993291732913053431142134768865810125556867827545357150290656667575225605545543142196
159 26962463694937917659247209313357252554547008855771802600058109099144261921903031447734302269637697614968036737752310315440100501459118371679924
160 223190576324295482431851464263719359223933459065779145968772969146864201973209736962655896001876870332812726045405619303335977490497145593430680
161 1847640920915922026932555301399263999909997563182104546249874178919933679160866324941407775596974761894292880775990519986374687171260309886265941
162 15296230321221359887826803937587274388897716478986497971874797284671182823873612888528796021992337925905543623820972070659067656007365033864446599
163 126641507204158150655706805723154388807840153327853466779741688650100473611662793286305352080187413840703816131358939001606929404504865347149511994
164 1048557467622310505285641380427388234622271169212576058250228790882396350473665006030039296994852145611211818578693638724044622806528777925006249120
165 8682256604992411478637037629599879521831786561699492326167923133844449455475930761226443064504001955244632987572866861723574201776776106289949808556
166 71894706860801726854567291027754431746830337349214119555081756212402738110953395866974089050685349947672375915612417704186737442690471181564013471717
167 595367125144076642272146698167145643432519223636028776129584882061169008741006378506762074874713523807454768974787443495199114529554523143155025094163
168 4930558703395487046604404433240194029262450221664073694877431437906715203299403432432808779978727067607758050097258593862420600357230636952976643879997
169 40834805492912688764911304064978125595773809453466181748479023762960084408704362561741468796052445065834889387615792855632372137826679664734466211027161
170 338210938936786268334075418590976475705228007371821882729845317996633465120879544542756477834506833043857642134684599659567381795244574973532223865135339
171 2801349807263403431883277608508294440288645765078438631595817593423678709100282734121014405379495493930817424515521220526022595870037891228221344682072279
172 23204344639605417516240864557194923040326365210529853480990346422178093053246303558782813475958640304051060349544340749525520462164401907816846822760616278
173 192217659312795264088936340680876914627683762426824915421234929007354159107569069083566492946211555249265599862382599428132724287420243236413917490911263328
174 1592351792470713101680949463180379319029011854711455886830201605582607079054244624627639438561488474452503198965200230414126732564333470265218511076597301949
175 13191867112310706403512895380330697415640208068904276306526742227602401182217454991927202122380580530745166225994569597055143396070097254809108722061584799559
176 109293612115337565351826950854661064843274710155277659735172509510352688884753796895135738529186826249448028051349990429016079395901459974546873629804427954969
177 905533069638201902790672757773900021057073647050042394256817924760362499685175729522574454536854354796672372227608628280352959749862040163453954688967387304076
178 7502994671589319072202493121607664656153032007546478321461985803387563233327308030359904909218034797018666279461276470975214423860623061338534712021638256944417
179 62170665345683495165927060157351290980656772335508531345393647612747850559375599759589119450336911298293487651537642560755435430846812420315231457058021551372288
180 515177298777206499127098135194217808157669000898647084550570936717069809311245988842378534807816727590698270609635736993147923745816182644914878243366419991351224
181 4269214936831886579837422703445267718064674132043227985810662311993248359554434442804612702807237968798686223427321961302862754448760573325066175973749219527545530
182 35380111846719836648149240523650054638652541436282462862198563526400482759767541726344369116771590089599780213758124883527444926346938014684022470608273179913210352
183 293217606027938257940107116997308375551788723336970594678189194954017837210879121832306395655240306599460245579147481456970504739188105373628201741669722458410202315
184 2430190575859030455229855416862157994373558044599005883883945736793262957932500311088377354144388656767423686938936671613714044217297318482700921735983207820633720771
185 20142336957295609791165501363062550740767347982336367050354018291843987811377562349018881189894977239278048591793851299410472162590738107933797799376443020203855841530
186 166954607893582194717082245514249128941346257214304947911985793078834240257245186815558117380980036622049528240158332935745532528645384671887936318988893082395156987572
187 1383903435335466959729913618186310863479753155437957798625819528652997361650959433458700077304420648687115860536794152169880686425910486175450652049560336577666286224350
188 11471805854877351507129756818407911930168956561118905870677399846826076819243403885451779198186467301568349449546007301127503515419351658881042926779227533858170529422144
189 95099058148732416461828645545374879922794696289766644497718379114210062980956931431003774613855048571542362163499712075688166348946655946764121793160450019326217540982319
190 788385947478686582695735642614033679677934559209798240806141816285271503765312451341211706434870213633234904500072035884013129574771157261032055625273434838859040154535595
191 6536113329062280039624752860068975077602871554430812541018223694449500050081472429294223714259699235499958843599329926390958558342690189528989242940100391483989717977192056
192 54189871955105424587053077491694525809916273359459251405261413022957959296976232271655986418648983413553028844578829169300977345969289151490053884825317842709434267675034833
193 449297851976320181738073523661188354796699385561261277032207186763386563112523862783730771917106824282418212327766531876098902803518921958481905220746264051834285425713390644
194 3725358254475789901266712508278213347954987958533600260208219830448722713591056788409580256457312914727253391703122461086968450217897775096376934498225276983163046719873485442
195 30890081142039109320149034181192246049287072145601856811567753622850633478016552632081745953622830181960416873307719048420670930346060199147091208843281364984592344641835912047
196 256145766080639963258205618342856346530837794344327176795142178011190643266776732874301279493677868288698162239713985740124489766168970182191529755016522630481807584984496311055
197 2124086834221591521347708969397912067807227833185744697932905650707154970991192467188007180952265794672858792119571264658920720056377988859839445701345155194682502095502071160312
198 17614654677919727126379183971572846094528287997037763309293325956717478341846326248983785508017529061722542117038334918419112355311246169831410516886016852869141232615746275318727
199 146080622953642288676536936554085578076556309168911593179165420180471984080979812707581700432867828333861217888699353641612658465242396942326093573989011340258868130954133370998051
200 1211511487480149860225180153286954003326815235815605386092645507240583638360088364415989382656739119396894278289553494149365704467855281570738674101085473295858691362310730107316121
201 10047979543861741431557467882693863415856945908146685096747607305879425446906066254568371559118863979675888408061928672946799491937002678610261598840792542148915141661927004042631796
202 83338574576415324561994950169633113462646503371585312858218131215847937050620194528264378035809301233873516445860047141127970899084386670094886012632293841312145994506520957143902258
203 691240784753418582309603329094679712143458482204256958135736534416322814335822574710807033086334874577480429316079907024826643846068052671128666452584057151620757245362299409577723808
204 5733613910108820722663841048975974635341616187188823692716066664314398376446128291820093729771365615566025196121248939297495222941056054626671133990542718364218062539725629098857504697
205 47560146642653798165319194348199850069056211905468867826021624612508331064413984457102976861875345875004646054793918966270160375806251395515626739407237832079528316693727259064787924654
206 394523994878325309369952251258323736566118311214785346302813128736413454184947288534023584473194368748981564795836209253668538417874736891685957512390988401853194062914182560028077213770
207 3272796530986411650579789302779139764943940434969926035170256436154904841360861485208471538402336768206747944942534898650703743291796134092621391772615347364763861378863917474917602127016
208 27150622375589964615746233019968946309187322703294719703198241349822781220814658730533096130154918950584673521584625854014745851918296590113874615344803890455572309715346560087880309978124
209 225245242076107845833965735418697181267201340807776491997377672016958638916703826317417770382877769608635613724862714245402149963119316058188285090476941056366225946824179395972160458204409
210 1868729202366221661334916988444423572729556049614595726588527558438340266838535184883066071092852878022351443934192850801092330995935115347349979853340208546606099298614548884843653565278025
211 15504290128204897602177682139091301766198342456929198373821455233818477813605707607882267170428953784827651291709405803985912762900775189716621187986616544261601705772828463742848980890373788
212 128638814584927243778121929026440662991184959782459324375603543791033996391441774892400687484593016074334667389296250633349816326063092485874530867722380954658297973058531807453714838172888402
213 1067349529177635949079502080315190085056611217082707006722664118814304690618822086093503151638787274971235495302433677734186792150189012874303686099572118117295716489929430314968695896136737201
214 8856367944664662874200817605477218837723334559778958663849370752728214038223149894513595037034031555916355549188342057123468960888385947880652470739240382917965432092299932804814405352862899352
215 73488411687198502463526134523542279853422520438348283406567999275731450019435917595185648490689673082566957786729701632025351237649245833219947620631119731394492663723787455731253076975648810776
216 609812271962912905256570364728113339100214753424174450119908156809746897896604688747177436079648653394869763369393287879727641257507302998799541617044258488307122570408550344615240137835861578435
217 5060429955674011738422779929234749450226935503635268886948094673835424376195369417003837310704167296329407870147876722593800932764214694908303032448924125749430941584054821116498555402337983946819
218 41994508882593862386170921331263529212154540473636594541817793907451384777901929156659285483839272582158628381376860899633604525603991209447407435352633226385517718407862068295036069625263822586471
219 348506834608869843524688826107133846135191719764716482101854417553896276414605753890632074134328692949164036034434606155336726248140931629725244049993912194632706127483085789172225272647628769512780
220 2892302225176638765534483186150744358957747610190565650856399271850072239449931634304335064184449673380380553409929515962044063670724069605716108520663553917384646661784986352815569746938315553815029
221 24004325104703543321570670069895883119606068524303684462014962184114532433606344417336402133048222859613397280464562653434213861422207934417978199467827780652627127734824096022822398746023052553730283
222 199227214564450091831654496316768784299613048820775106429680231870369271505081357123376110286621942630280232996904010050537829154658258594894392388374316313233058366374734943284229340517252640731206328
223 1653564122736960400465716392615184936776926876290885067436899945481371769722414083807324164811095487012867513774427368124479785268845601585958657717750077910161742746985254900370659959334509534936620597
224 13724815507614182189930812618091732313988965134359318063692368828576346956951261507727528032320785402360492186052795159571173832821468046919592193754547105976565412271727409696499355973337225279656794276
225 113921309801579032663232283591983302438295214373232447273971243358414411808728819410062648588666082872622801131892153664401050053818758957783575839883708848662740700231018201846126702778719649369647782709
226 945619215491694644484128262752210471450498358140222874673488566887254922437030330860586382425202497976296342922618384965503012342804211894688196363440722924825143232533677978532762525117464235703891805863
227 7849470454160068670700943264751673138162325092408400222930264437473791319854339916632425265993882615745530021455994258551044559139540774982348341591231045748259703827678873196245782533249172832724872386670
228 65159398801284069018265718844555848175604935135018734408502393212887938901181116388711766934686889357525032490446677231033270060531736624405365174582895283840074859906718152684067159656557084496393824378042
229 540911614363968918802308803293593078317081877138160756882588021571614374523723644109027256280055390017894674393298033050399224946905029357650131351765292654534052576511947094945612151998159100415397118214000
230 4490430344885242317266743490774068778887872322131113502705400560034809735975289322018118222039855296878409842567452731766615041478584376381065089623374507391078997876923157373643504281365868298365343581486859
231 37278800776091797476759659457312831589418512327566810359679874932221156391218482240820443464180937003605959457293995490181036471590995650263479881609856501749420570010464202574453362920939375249290752284227763
232 309491059212463389910600854129179409241885977411696447232941927288545880307838189654813633930818390267531677569402161170968252814175842811890312852308085850757681576896327680250600861586120600718226364267071300
233 2569486746432863876032192309607704533291789185552821972840115543735564557638787280757854533066313183586618410283881575379311068753826170340284612962504040653632030290024158166401128159878928995790880992068686871
234 21333231841288121996764832275439488037765790390352379854612592774940509694311774720489941291350090970812171426910551557569199790705687055643373993000520109409974751200380620007057878437537826645831262232706428838
235 177124573982449043301352655776528814539542364660433046958673167252313238030253792486819501888817022051298618136751670955405514269206561758610737115236916027842219148752028149660296147234717923298204381460716430513
236 1470661683900170526972451759605501970372147505157315683610588711238999811863294562647005166617344603503296639694896621439894449708091341532801456701316451071321389372015109048517679223634519087476347239827846277784
237 12211202412505326158279685396450141841699138242408138712467265268770858250224355168719437555925001987236415178668554369900979690175073548704194751815074119529897697343996440202765963436111246062562742676211344377611
238 101394798819601459706636600361498619524887854143829960336129763609850489897179399622971411817156325392741400364605693239380440125737840900028665901764363542433222725345443710628488372558519665057505694620426727747605
239 841946359646764019205375735528530891430739023280257113389701833648172511901724993457051385154499323682596552317714225334502532165733198683836559737530718586977819814919986673893653964523402306993499027021146882309453
240 6991406775671424709409437748690490043530359979806411023858694043511956193305864653778701194545048493510860839468962287234116983853548127743872745650989202397008310711203709896828049637178811531353430519041111653312859
241 58057191856384598583294800827730389284163917385642599423920373135598381247998971285090262088298620730549249079303024184721406903882467350221244228896537041168364934501065709563539780821281791742569679792533915593106572
242 482123936641076539966767419934934135383133317687963648688327400186526468060507941551127007747448690840378942389866377979511369486856526024468684084781718821774007115935875849625670911005500344712592371605118749662205251
243 4003800995734989421593188718831763619289687729443719450600173907420473346702216411857641082655993183090320837781499437725539629791113535979638311506635196786535745233168321464268777364521881866390256852276779594158832501
244 33250432765987381530008671482181002567403099888786645310423006483580820269167445823175288686067304566611599828407477189817007206022056020698825693342698918379476812076519358280148326297271927408896346649769085825017506468
245 276142378076889098652159793341073592567580217263864112005265504604176058881121718473450053882988560608244946801466694170575173744613830801027805937540056432169855710185562144950065896906364556362693166475172410427534259602
246 2293399266956068419980906235065704213668025006449950950218497747658285907049884703850016911251773559201052395647989397591609801961552345248002622871608535375574206741098357778225118932975601449736649556840921490683262245391
247 19047458695705973807190214028251974679534193210238117459903453196536800451100097482922949860338505675646021352456816043223560076771715395507591767654507335350711387640036245383488735974795150648476726696757247267889658655349
248 158199492876194070616600489438279464454647501084349216802082361610896414061023868549041203895275545287499803494796573821302903712992512833969372964752282604083474040650451532367739250167018112644177679181082831579397972154384
249 1313964775728039438002291855678982129791368007191152895975972073386849799491311186378176907267935678323731393733633188147724717324102453807939023664407066508723864557305958105015436878528305233937276128141941275824143982413090
250 10913721410726318510604451381871098139875571363663017626401896550632746521615300282245045176759705993194102710359165153239823577241025312864311620994933252278952796998950775470989507888557680353728954015025797134185788414050523
251 90650963595719451978718147918970282384245927311235727003204327456832372590987601038527768391248578215414781085021692551247950046620209251377435923138686815213530057622381088130755401746921052913796044438526083735695208104047719
252 752978063517079835298075817919060639784204052391650773350344098592464523901596454649884358037864550580114930957698504756799872366232107062841436214245305070068451957101905927833423556048775352041905566875339782437837914082304443
253 6254642324007437103403582661925830800464828609208299915441768259501819301915025407843975111816525071471331181509962369265411311559760355650512548722324080766759513935743202817008885491475608056787688113223682229572940584073453065
254 51955653244224318558819407243675671888467973373113389072878053386026103818218197593825127980587915915059875216534821243619173512950413636213835423756713379354005243088234200558073945712385728169733819807433992869937522835480012315
255 431591850030954715453270598759537840499501309526337996463589978172116886792355680568666702480947164967859946620996379675373310168791781913594845559591082854039504009129070375299978294915590057914511333847585942947969526332641861298
256 3585284938416153114873743337669080284913976118308567061633731840247600355205933375717815948465854610674096922657570391061195204675871439664848635763770829524491257872973675345282795454864742688975674791342769174685669292125433877118
257 29784070850023080114239652347509939745488139075231149046422971564277194288902094422721509629456359122167669657002083093359741614601968452319008974460854103557567114889843965471655210730931655701104380587995193402037434627004768713614
258 247431106225214114510563852158007330009146155854109844175657948447014842279870001234632113433317664960998937625020366414828789953267762033460090322161713166814236714143103843746222104126831242072428669632346858259174571617698402054320
259 2055579708217513052539740340562680653506853309393843053890217449758935513055568133847414138663382567828474167557859947771099016377580669486249055391802342044317871918374218963443244940932900484372099955623078212764217785372052247743168
260 17077490645419054456295998965261109240947507825476989941870032107442358132757939879217087532359528331599237804519089729846226784715364092477632226366759815819885913696034839180097114710471855909183838369450358196753058083679755141433742
261 141880733486007349854424711462233014410506006306905633254893744442987549837625291665598428612509873592523026686789666884065810974086477106430206875919893556267847626761649105182790448530160159224682570797285794531569432413463023289238214
262 1178778903814311340758906694048145005303422776166167478127992328076375229914532733255495341459327424442756596339265527658565777057587799891216669416272876398345765650606162822317602662831535782132208014594709409924510405561788640165354366
263 9793789666793863797093173247245739807091951487852688916343023945717367724031028362048627949203241012661279852190399125758475868832156205767175013413278772839772230576891327698916103818684749829682886000861589532357649463659946468679592620
264 81372677601319191123759696425595162327323496513727213798287035671890081410794246131968824743647950691611627625480943209915360446661377883252217130063513268447881410937963339257839921298234105962587310470768426107616179380897010250625078400
265 676107550300109777851278651115651710394714527897047204330911488095731645263676060143043135256369726280531702822525350438222420525028763004696679768934557556524829192713748707052360578739761072898900406718324229822611596012577869198313917186
266 5617747813682008893482717907681767539624276521554332060350711439626865830619136604821034329568354196179835633932479664767259856457530685718223383275920937650961739709927506942029065159479593113541133438691118855822983898693628988210025182956
267 46678608145882709527798229374005498736336438478951378060990736508455674248613157528154497530521359013704283557274965169221490343932321310303764421244073346389377714665274101570821934312590621024594741115139289001560092426830277417123583273980
268 387866876173824073403112454339815603124237225405244444978726726366238748226093891692057719744032663087858864128221599534965232368867762956603511528999528787764477451616533288277435613692899569007778277287701922980472003562720910221722793876858
269 3222972167469569138599020125260074869951775370083577333399326330205434165760406440432688811009028335206889564132469973219569223860793844868847490348311066072827217466862051804862635646840343869741655892335125618370265377882888942918216264933567
270 26781778789103453586031208869664315681877017868014788025977348922947979787194174892957172214631733286828380544002113429129220838061715505442365186099590533248427971931913635766826528723214809412675553703179355036642100051772640126391661265823573
271 222551853828533512845582892944113271855488223103813320573365679475465255074352854440201765821360843224192894531825988791551569603108925937770538878570469746364105780558585335095228629771155167060803602770720431457720615715836646941307828947897210
272 1849404382294479971075591676622708265454019697132951529522944116749438632127892124609609019380687580628345377258626454725432831524552181620520404328032876649199397466248371864418136398630243666799647550094257144567584528903784380869488257747959372
273 15368849291280872385541723864313706352844684287295655207577570769851204116193614092008113529899783239170517729129336245083554053716329652783883699089142451798687950044999772145164527259576994863482722128654215611142369107645833822859517052786325151
274 127720191298119163639874740728755794185907419596627001300534807011964867522664559998874318392910142972913075845398191253820796247834368810938501346154826019334530342418587505948381837276641882309445877560576092542818155369506616702701354059274704785
275 1061417989809530232246617607465379285264523030264148778367148508635614754574999221667908656364286143232647854876414983967374609410751763516901777515784643247974409973107807335348752300314702084462235042780994851406480630762011467902185697809932628909
276 8821083645816295563457871289495201645752896034509232801474874290669671617014973867910432751744164867163197995194614010661177218448915563243828034062886839493454867806642802927029641050038324446772240942982709048954719759066613244718677238156854828741
277 73310467075599482400184509148515417750788936321659165942229299032703661414906830783861981317863538239139778885469122547850048027944829089729874856996953730355740969062339367327839810393237365017957985587532608907643365092706669504344409264323698145475
278 609282242946440026098702994468996054166254171116239787407768067249246652642860893506473751693744646613534453958940386685372411280671738153847211796812209657020278872982412517354570752414111295917426510424463805658431434133306183899568670137698678785969
279 5063834266398733663243955741223268636362333845689790162208241901666391680333330790891561536373862493835250606345153042786204855726620212849665312519119725856311309391155065385926481639514138928353260197463159740657651659017628235695770316509500063138293
280 42087081661102642468385389938020626703797258183850576399057325075400825786738704658987835799050909499773128709290231864645361773309173684730763518900907096893729522271498503359526113538973457466251654317881701939478196736807298629375085917777239335540112
281 349805351673265333351164781454489442152269313064258408601273917467006903193072488871077862625688829512973309216380667007332590808396344688396906389190244425631466940655393138487573319685188166260611304341796390857388157717462027616739667926385189384408515
282 2907450535832545628608387802176091290927274507760096806054215579770933201523579004214543157312751306738209625348054108309929314254441096241984899182074822887098323261029951657185961550011620456937950060623263048972825419106268008218003841401741035448158402
283 24166091213623804935651469138017962050334746554701295349312848599410596341547062829196779821758642614585294615741625984934746044845938977667017053759004052800815475982057588929208847135992523599897562557543864990370035953765719089225710699473628395186688292
284 200867011530978081706584341431112177381530536132000485596882877707287103097290678340614846760763654043344388500565008378204669549363391809095603505687807329890287040563032116260048729366245021287285658080534118123540506391115947906668503447603926744510836905
285 1669624855211315587868739466874287699947990412600330514683482303406870912884988333776814770900422132754760688021818128161559167679382808507758904659488141126629471042516249340815861421006694057421196452247116944076512449159693568285403454278310628139860986531
286 13878329778040431176080078559968262606842838095376443467684689812138545105039408636709448415031393171217010074949013335837782272455108938164682180865412241580281002616929408941402788078010173546634177332898521874084485359366973093336014238057775793784805896554
287 115362183468849154322084008066884074778280627211615404457353486658890857158868319237450962027386874322660173337451072681453381225552398628721827825661986327393394185512229010477767735663255879721564393342334270379824859046490257659949079397318832922411788460479
288 958953699661276768677566751375266618794409831576892149997043817119109153304935259821765746859931545189233728936488446176033206159897352905187938737969759473160822733440499639134948514048339950319406315001697732853108070265863220693613995816607395036278026021270
289 7971492890490699061676016526332411425633484187544680003353558724566443498662539193052081734027187268471326971117498833340698331945794955840052389605846170751885843089767927959474250951818188092376133062172787050800387940661030371981428722893325818815843683212707
290 66265806105371447262463730596862004347958587958010599931903298721664962042197257380811933358806785315180748417311268097858694686180300560587780169444076653101981927485632192079655801542302581071235167053461460049681071611609630844627707909651854879636927050252395
291 550867375145971522443109439384211191566201266878893013840466822034960318510931010095987049881144916234069304411021876899175085658327655466003855984337693900909826358826625347875688706720439749122939394368465540472194813418285271107560609327758372639559380348525367
292 4579439338363462939978726507752943512029880688209879604868096690422440867204038470929303608735501959747516034506994261603468813528743276287287252303704174447768831844716660356366315262400415089121342038273048273531956588507613689211198257783146810310893998595449148
293 38070204312975658406827807551875297023552986787360359259889184583110078765428035566788672466877381213524364357770563131623681734731948780440778629277539525490244899405378109508414554807619042594049003062655717410272657633786969020846644622219635561430654793039102733
294 316494153182420843838838831780641188026823288792961512507439440960868226263682773893225162121340409125514555279156871989575856776184238986345985990962305204572005217230312063061059555163486178703941691687456863125913232986744824276768118848863257358844431212897066218
295 2631199091299373459682781026277677935489196828780914059858101308533053493319194288163451526308705955324595789308040623065213320722103701146237159126153041029014098191680200076902437765053090762189718919966677633291390256798554344375208039825684389040472907981782267192
296 21875058032087649056469933432581659482228986202997409276155600044451648138183819453159540224643752057172993436360270989894193726582933225437789423333589972272526762096446630272879523563322931227643792141504964477012112339661722499449828453611827019540226829979580567089
297 181866266337992535880987925693219846167102724361309485585366555969614651064030327562943913394869494828343346974403769719424009054283804649351208208194015078965571925213227343329529251453063049717246610909321942124667324903089500354074144038046144326371163133414178309636
298 1512037185441436980415689223995906535351937768736660502314940955921991953115501223459640163068311823431892620291332875462537496620310319634423973240498353405291396504483073342095713500412891320897742664873643107374673992790506144819254496705197726126559410271599737651844
299 12571298166927298226860880222650551613068361446410213526399743345477132517138873081277505300794077937412832967492335266283100626456940458746354367389502427966164972180499938593821443395453044521699683633031894313793860547527651898435866517134458731511049046364114657493389
300 104521363795097744406962910133225356310685271081828330931128973578942460740691197726935707396588755753402124490050319777220586883296463361946250776692604303321177571899879682373200485059063160100705852699894097399526430248636067095914047536693784036312030626348771452627051
301 869034954897115696639070253575676809793922317921919948844588725280812530005090116764177554491294913088364736112667012892102393747489121501760850757010908284036119710144598387824480515342395906203113512671362785380363035617522503551870077657047219440797376949404926853556552
302 7225644851029885094411756940048063175543030039471258958664308410653836153978763771643132465299228111917968161412582523945820881083962621024472681512727825882099019058444121282787213656963606647714459969441360811194257493687561471671129700031218592464357705692705335869081915
303 60079058666510385536637140139676331636879269456972943960626210887902114022518586272582483135161048583698792364561329976918838977295915295322552176310820726880141856842166670609534505240381746879282553970361186962421943353475500069462901866792149579498905141218245457989412174
304 499547421309400881740458779246515323252319452718423585156188346042612311020536826246010884550718803020286955671232159977942922706994215282277232588503653543426312781818444024404969229330094485283505775787992137421213254222702734727081644429981216536313210641603035048986809908
305 4153721468908650449540105370657718338685872549815855121776400326598762621315560407371889126115491586467302329393707126904400843395743123978605587492758096164817684044002008570845974156734133686587275883698076562235477191654424924575375602567883652640435590470012907011307487645
306 34538623285733275321948528867705919228756985874225820110334110832468283904786094032239481828093054395724395607139590675434473003697151846457713761209117426856277685929589773412014638669906479897220327406546951203520320965641347657306164035880545817461536852529910561042013426516
307 287196821918673238471734710503350619300600390189339062075530543427409943991004615824063774848714202135566534394072065037043954627092973396244592039457395025513047108367467712989481396355298031936705844057727587853665492755948405149211534057805332053615185017517649869925565068234
308 2388147504666561256431535059676424713836187087264523552721074375706164975759830933835557422977514784527897618967135157465791244950313841862189924934722790874784307988281201498837501247529497893315082798201136828063639290952625752505937286647665005927718208966659890148167012100904
309 19858641298772950925249836567860475836039439119871217536110315149002618526994693407423609689421881762746667158721469134769303343732605531525047219662882976867028729483377927154320145370585864840528438980148505572659019200061628992688455242456876502339361268244951623295824916556071
310 165137131536958681391085820811759468317611495889134633038061659954536571248505376605016381436703455619582722317904818299773792059737994616081502507159331419968959027524778523079166728622762865947543901805315746291500585588192417590073066577620514804919028154734782694116235569615290
311 1373240866905599526820857418702410320757191571303616732546816160705499067860689860820129190991901726334539497763602434294993558575295379773111363867196303580030063727116987182330358616047463764843455286492994917315128526069480542230427459058858184857068612605631288163890104041484444
312 11419719488490815094179413390280659354268114568126728199710765514681041162842129303327312400710783853644059497276243163012080679826825917545128792845466973699286506467836423125397798630488247714782300393839189751023755352004660660085967153769746782856062514802227751523779892935454522
313 94966589994054544291601312152995066791554686393536361730641779235654919299393329646290265065490295981030102292157085217465025804715055077004447693430862725498653507264686115629657881498560131409669504293394832423646138805106620623480167911192446116603875152271863008479607390540783896
314 789755937930494507792350620028548833321368609422840337471884609669644602748860442158056035014790455244991184296269270042398751115058945214891837378593138533158709613592120890587179347235724280832017279424368993981559244671067617530269452436260116229251569514858282686478945560778071453
315 6567824840741325659550664749624679370771038638682116634290612409654246754102172346119756295268926863806960254041087810081855524336846419705535257064868562876043533999443956174293592305248789589370997614956562303100058924499459614397816581593946299127299683236805310329550135602059884720
316 54620640445342758003746158003009132315967225415278507814681911685056941840562381926010057991359940273381864153123618759843512753249415761137550290706927583836922186418135645951963840841346421820229851209830650238516019085856838692182793096754390528222009679598417715438227404526169323906
317 454253766365377221217517356038042927969605205234180390058378296970609038875342508130452899043616282009255962458004413173115159604841506815991114812686735003339644577700982405702889481349640152214668043940169051163371864371572954241765648718606897722847638271350535714438698605684464802734
318 3777867893604433871902335130369995226404886446386944921408789259045470708043303796641226374390704971500062874634093449242010211694630198071380256975050776688782335978983923802131791936734791165250111091271070793083850553098945471292842882098691268211073330072714203930787551989705270500411
319 31419656912049352225558818582121549879362176193593476888629023127145756100296735656298639842519492929282481578277513944324040930541485492936296850800291089678969504091092328124381492738840372164822792073347784576797109492861219947953405356782060687667122555487727226912349977552115229033396
320 261313899127926347318469134553628041660163551619334078295275149441003216538102771648217329898506432319068260645554401807556309385360707483817478400657364588998169256203214205114360882883705633034760054267933809192895392474677669474227337798137739954113514140197290829610967442560458400786305
321 2173351356672032371113733099126265838804622583599450381711655121966598364802268719645079665783757162775328770338926042435904900403967432774651587497313339253213202003233949658430142693764175302201907835179301972971394841238119275614708581892336339833803517080938579000685914846349823335666034
322 18076056744507783827690801580763226936625959611141870317830099248704583946049221585567788594421292061441608826149917774597810148668813741741348354339349610569846879846408274916472604385378292359872239450582271941066650346552915601906362523494562676166475182243069859089223714758196110903041305
323 150343179737604897346876561151022444889587556150169736605121173240148712644904620252542131245999928708247360767009673629460118568112472610112428549200406121302681108959699967490358329956961112431755548720420012936035046029789883349105363475511603521414288785038926412799294720404887818625110542
324 1250460591949347311522691578200169053145047537865796787986360620762219237902066668887168634720865093517507439190722437710109535183516933130934144783506338080820422959367964897973640563456319701627355006296435432477695297653467807369742209550418388786376347085165606623891588055366669859426073119
325 10400698149364361355297180397285556692042508238955983224030188612821068725759568452936596898639923131621312962006100762959341153127934163382231136669175127325094381325233928750326390627028975821906256423674893229465763440121213556290953008380818890750338981920650536987353041816347903406092711305
326 86508970087054833976591706576314868442850381696482477412856470733733531313694887209747281403502642613766944334401831518524902279786191039387912388297240119899361292354733706420036117683034402125132771786292616305001892793275638704653453681347388564373712125506547060245434102421102631011148554216
327 719558188141800065872877067351618283042829338068118537907230339953409985002997563895105285172832503253559769666170477452372645963258206769826374177027031809448273306285221773091492143082707122725261967087988077219692408399456191961968682093395077615940602535404737236536093257542474295635602167704
328 5985174110711947324146740086395675869664596140857809704630518381645170499072261155377339484874354998856014172111495207884627584621063614154070391651331099650151007035464671044070276828596811761755724857163572200460899337200988270366185765531484284083461773193108995896944862366477808977104497101214
329 49784449818118195343955180197708134117494059417675453657639209539574728292697601638381601262628076539124260828330192713572857409004214009601560568782053008662305694080931965630120734321226397676307283699093717971307088242657259795009363809657805918423667805735277387643577839242265047313993131636576
330 414110891182755939433667632356284806151277397695039335454357556773459336711951427451735642255618724720531790424526380476776281858877881186197308021579691090688339427255046747387591004291568773824181868404206296144789515094052107444402690327244143125730396466545623474841743568655599129839147239073679
331 3444653752832079523113256997275761659673708969316490433950276089708690633462614513679383830781719282905292121178867337107787627471493116799563582725586084032111304727427363772317988441390126583519032276471976102344637005650321999571537246967008345035386949503412617471570540431344393916665751344636637
332 28653682275414386452953710793793304172000022122839526275627639224685064891591827746101588780374078042290868345849953541739114041436339654037752934210007262760401212791597551112779419429283677726704674123476117389051122408125616591123949385528693161020319830128312028528323258768848342586322966590576610
333 238353326105723558130754662455670013734984693909553575881879080500016586841897299374615337447250053248970561065752042902247410094434258872147894672688968053689999913620495060660439191254444731625771039238414050995741423746922191611592329989015477528526514189920475527242583043198494911217853069818750011
334 1982749578100021888509175883449924593807254997109832935736550444407220783505665945500012485176618340664786377110873024085136547288478306908050413029543008810273734892372640626155078559295268518460233275880980389192804344889859904576177884954608898273563975556224552182697015197473944643898713689804031736
335 16493785951806869483601949730447939606241261129560557758493982445005043731493284471504930752180326885302537080978986117297824371754843621187426805841301243385391156917771356398614730898908965679075579068466897546502773962638422939813049059932590469274611588416646637320167704792499551299963438459868036301
336 137207751091302275080337292663352871701310748400800006415148469843645399008898120041108707115896840671254544084693365036472974209339471403383675553957355191325679722413355924338297934998429146709837277638117112186277540370767083854735788597869107299254870285727148207429762871438585665562923085472806898509
337 1141412717884442050364411287015941881438342875967777524565285735375713610284966781265011497093678785448478909836305108796986159739393244107508496429298115139172381914774554797613681596308842032508970819705432654126220419213889959188559793205827393891915589080384456619897503370509490647313536326836991444296
338 9495383364797607245441054746652937509641225592667858771982576017226764599655115686890657042503873894415023237932853707682168623465571428807199677778158610741039605468039241515225503758364943177855326593015737339762923120720476805583105758368838241245833848515886617582701437981097925551486985606850740387187
339 78992889647562170845946153919851980213519129403569468614873197376563392230560719355083148115622824573700494571739523354467794449878340248523831662216328231232081404066541526900118055960791741150635328376355223898552435260735168274317276947858135028854741299478004349769221383771843929229679061109192198204375
340 657157042291586323604250521994222509743175893373513611242620024323676397152759889804803804959056926306006697502334064704497822740631229689405380145355122283633371468582261694130441361949591470994212897299461832178302335485321906869107688489522070911853186796910930704487554704052962565045048625166041149158781
341 5467086758344691027833637949452866226451063735613941795466161974968010827218584806208756630733817943725195159994595038198747942296863865974288436201980406219900222960798920611559028250222468681185521313780626190497150600704767009804667170241493203062265305075453848354275111540461041692952303339717563643705267
342 45482922954961481875173652428083159430973507270088863646884846930064984205666481467522761377005413182409039244498818332485545727250977166618768659816289755475598427627195462065810326618491240583626965228956492326163831385092864961786011701133643891973230748738038868518173842016614804024272327748958382932755291
343 378395825354839623300862265890575362897081616796491878162133021990390985107482504925321750332027114342173428892525265808351414055746898821859966297645798386736015721677822884209237434157545532386391528373183414514168791709028926419872931991190350835800720799556729623849504573808135203830027892430889631016877913
344 3148109589524750120374664652253459406674255629128957440117738974133289322418179303277431937393792171519577976957811848632860828172539055601026616520940347384621194340428874310032983709495609811480435805059401948426422308907439928159318778147312634049722632382891799763907502940438284269804393443028094573370754926
345 26191408382670387804772890909420218413496139112919802354784602509546308130067862144106073644617131018122360112688978327433661426159637416576460298227561076396571838731815349409573436078386316849156705252562286657544944353416641033711213742227266779783192398065061818238226266495558490254340532602183042732274988845
346 217908080169460033449315697141356300723606868252447025057934812574011924250189084860599458919016584975910409696330734147932565639139911222008619747750547863622706431995378206605501872902106291780789138314399206617181136021699036352461746668249749229124075265894843078908416418807927006332310342926409093725533812188
347 1812981019301764986188112905720283543100945812710216827280921539186080385357245398761605948854990209510559982717810304858345926256717512434893237363789188259894148341385456087820004490551034878530765089779278786239151338730435582331417659601931797982567854075457388641182653894384791651495724649225934825563634568891
348 15084071751938025189490714689255076217042631361615649632166246571573803987194527423298112593558062557326569773699015537537930775879608332448632506696987672277128176328989881753554730135165213035476616521227696211654229806701050100595757098021656783635659687063216151111903879449099208811982242129685024340219557552766
349 125501610850441459952734898086411535116883653066123834517043883841491773126552314961883891763374103755849584656604946267789906075766518959954653270380007102347062154407037041371634608961649859165013585339491779230875332643873592151140827110891144339381605351835355693872907319143886224774775191134709377224408808048986
350 1044204013792214838695461663576211987136480925774602310468275507603210814468741747004335128854932957420126410938401517336922582969358931576916413531446819946671826016195814518026420124058053514535642256976958194508411091912930011060480958919862447442683281553964866056236868672326101941067889021442167884030419492481610
351 8688138457508190793826461061805760219021478155686179893292566250822810578924362110131297172943866811961366223107213601072921902638004655612489314533645040852704214275533527501875360808107925026226637789565896404974237502972560163122001984503225860465978095540117952413125143727799073025057974006581026049412904609985869
352 72289196123107473535864394942433017624940084221998410662578445371825369615027946833635890732797056120218808885723795420898181833257736169084361911796969238752321752641906770557258803130185193723275643179257552766629936328228842610355529728195979452013438641598880999777459051655055359014572306191260728803268656349901321
353 601485710120224790732241007453929755055301570555062011164572965120273956110624282833223953462322410387400057025620271164197733517417086229330947115346945361497252169764264704403567110582108700003424228396918498254277068749318640395160380965552812009402392524853378208656615903355287198897064384545514421654218961832466808
354 5004750823788559382301168123639980254288994628124753194461938804816820334626865376151221913811193150593851581883448203705498763247329240848737753558479765598729848864133279553848013019092784903990588802075339083676006250304381887599672443472995239715475092691506764880305505899433776931917285648149881472816326859374328032
355 41643267916325396450275334013917661614730953242581365612408767210374596299027673978308451238277247496074914642058747489353982929250856401965782528568887564054709001316584733491731222271244515090740188011420956171124506977246207151112479284864651871221080769575388240377694742620018145463137220736580712558363293479706664007
356 346507241083346547400827562238223817253199170250105987516435430593074159733240629664195228367971752683944138198741246325705498320492745505535827986262251164411928937739516465889928744322680307159116436986519999349760745348714472688068507583212630364593961812912845047675749752185235217032469962879870949534961038136650451836
357 2883267692093896341285756240732298129465906954909763425703165625956692068684613211843966164711893798348803571682459551356729916855624971984046870963197885266568133388300749563520638708879405849000186439947346155855787271723797378802481180467084858680652513779601840817280086271543778403322969156264297505599580906147738196634
358 23991794183487304554163823925202835631649147938671434964314460298313502094226178012565919602690129136097066141620560166114077402512324392467421365357679858932271441233978104072742491129202912878806897019101229786698845408662770091512741529943837748098660846801231335282844859729417826233224134050902902685374627279684001000302
359 199639085002603580234995436161010212311443611202647241330592414726989832070139480308434176146098921404143051538239513705063434769564281074599763933948042747984791211971695897841962473312719659490239864028562609245645012944600504731501657151820178899494295309515728648935372049461894320514395332717745539180253315458181409206852
360 1661244163408709361308398813558940323048216309365838044676733292140286015439879940679709306238015560279167413388816594557282601188067785501124442982832877537238450736670848988067513972027509768477404774713324375335118929915422747111635120980046474306665702779471898904967707534062479504545098791478415329366697536755280400660793
361 13823766558103454909472275604996374485074367096667956488416869496496360781154791535391162794396606344890195505763998041947082521620698998927641912121031717341672931572540229389500250566246643687279998513079392401709227797673292961221088245698477381246924525809622966895752498412383264441492156864647642707503598636042365771202898
362 115033494327587778646625747903451134452342462891135217939898640313314961410877883100073595350698004556371629091147306315493793556325056074942187617652384106913490664038130200706822731774921705057079987951786140882333656886789600867714907427473929521235793763016466841329860680093127891733968703093866252274194637309494397163763928
363 957254031116413719933600164175597992397613551373263527619633497786083746147253499576397766941573268700768669386562504699838475337979499964673237990732428271114564930805129487169137931920012589412372216293527755445334438817350488633522328568424886899156038268441061670713510624244096511535735067929654879046418729864917451439856365
364 7965903452964669049578897046564100554752824676160900696196200525133620833781518603896167000307004504816676416172738688771201953207396842379535552581091221937856863784406428287747863179335862366755582684750348693544737983053784271018855049377746370115877286571059916396549571824904441704884412750060365884791545823052541857371850810
365 66289964876971455439927726758409003306172936489002349840689290409970130788185490008180742037367214707243982833104745094578699328709863689055118057587736459323694614718954934581914481014945676454659012765858883531637167975488721155541520120375540953533426656317617931211862483197841553479813485117946777204811044255075975838205653908
366 551652293886811281877246777671398317072112630325512488094987728750568527773084870758325216817375898868287633932491357689066321534586499279216275437610531149052805641664151449623999921920684518601601518576485436423708172523465029142377518141587972706982724166820957876061455887105174487693795960086220792784255496521687887036632898426
367 4590795320139734602194437974362677089419490212627684923218143422030572760062758454714508286574097199792737238889451692698425673099994415140911952103957139094669102644782388314380414505354082948841730334394659361950637725146983265823854639658987191048489698859735219051522034108228791676276381181144495407584336827286119167752365877905
368 38204565777681396419770122183626998300432664700414584181345435803570008080360945694555859099868878052576791394131084981093998801680882879410402472191184079615535550840236084057329435689598192631793058640463905580618937330557056444605301400318058339008703358806837455757022422740282750912432671394966794124316880187425560412716179178272
369 317941643864609937075512258351005546161449321745587749737372798829622452895291599616435306064983985439962129981279992660864270690275423776535522444422149239424741275341438476397534241609495762836283222116988893517781797298123780291411180333032562465418634920053707358871870786633950454654557638384260175569513824117598132242337679337397
370 2645966530197897281569154203330109262937363015570676230126886698629371312971180250642514574131638316492466280258101074871344384105664172563482036509365296625272992014081816256846507988681082276517857593084298987956155620867000308570529634263310615177572711001341733633734555168418685736025969918800523594222468841047184449601003455495702
371 22020442158055889448594340494715685737178878501404282385724913487236065983994720851534265668367402800848967374299869599370039229406433378148432847485953596578259184410711234299986642160258847927478757811148414898569570018985590153989241974289601827466848774724577418976748990536373703608951974367002207157749324504775329565510601271214078
372 183262014435507503864773763623100917153041198544965919930379275245342028531090300115972875387786740094963919872395468884231948683262927208653489978564275086208784354004114992948854829086338265866592425192137121382803510417502060964163699678192436416826985343740386254717727252908966238094705230852451425420107512551686885284950486160609301
373 1525188716975246691201683720384533378494710035361295891060709337294346641618399664340753934799194548721683904210924280817044795060937063335316424344065489327563301217556369142500004888500146549456465057536586265113429991420909803440028377794162501378484907165017776470259085653090725402925743511338448580993432825457077437498524344107718104
374 12693441712260936717074306929632608606375469519054267464214138245800193042789098540378867969286433155552014030469804765353255540702075411445075138158333533965133482499363011557857408035552883893475270033269543997986315554906491289924359517807461181902513039686264240815996843589120342149356544010873324078232558079298965513439565703989803271
375 105642789189902760888756666910356605165421235896854523767127141266027717529125771878536388185285499909637715881856836950852395922305406011313287685002171041050782965453690458354767912156806261777518064288649478508930811762062748080487829782521875261527585875554501713147874437184465949502460966324986936083441932133490776330211599294788524105
376 879234977214467892123474478275260189470500929170536532747411057638049391513153796053364086335745885769992624503092822487071854809396034563151014646957100733143612038461369053152187338168287395106051683122080393504957404977363546330581272069846072437559123393215445929851278527909214369044226752267335151327989382458694639267015703008852185659
377 7317701018647626634525396127563278002969271896462611988147695052683241895625567359904024980116059839214261666335061231903683173138408960410139371714208466080891777952384090315480337470182052868541101108336327749997430055758901837139049507059357169742474532524599588234679805199352429989211205047392980525443141709833187610078099426263860414009
378 60904439252452703568046276307995910561322441272214390978616190623537095653284005531004153236596963852876281429317867119175862923998107008938079803116421608554945924310070165638175666891160079482205043597105490489521850437027057202760106082168529310294937503394086722461496484585184014219079433209728756272511789144027365561481451366614153276235
379 506906424081404822368111970490498725161639340148720023512377558642481703798583632030550266862593425932155197304779226412084300164709090463735438068520421730581026397884403255426808498133119515325860771480830002073225551102790707320950719825176068199614734229692381867211460298654425639681216230900656866508487586969293386168308664145044436837962
380 4219016032904106337520761765582147483199509518304449036609599910025715407833132451874358901109524739259794155472632209329964780238615229128402694360767634843466216477626153621197384102785554128022413024784177131940863821467690038748892206926138916311049599716290534789646205259135242316258393642359358296722830134609469630674235271278837816348127
381 35115517021650719399723204854911567491369433644803180735990705375517789674691455743490952808957987336735118650931254031784982319252123282290798396995251716195236209336785259386203019153540920898935939122929962594655569636981373233715937675801079088796739361595922575308755330470517618349201599544469270248052741040897149867708708244874208856968077
382 292274849466551785203651025958660957278857543638416525328595569423795658322213419587914725887773163363657865291257574206703879071710576823547521376972035397043237025617437298532261843738063985241882916796792033794169341721607919998207241953126701860166189398390908143421111042068084983817336247616811317246310667667953693845796953417169253351056786
383 2432698500741116086867826126908963756832667645160435333239251668174649571079693110345157002142620892434828723970808550385023562625094183041419113140417165524017075656902905606948771940713053234490914801232037086770298862257664974671371026425480167018581897152314305348743270565226247609670649004390769906068166279961229191662323984456403022864637463
384 20248346765495735878869574827674118587250581780749353581744208700492773157641675689759499427690499034214213086134252564573575023361261515642767496008150995486884948770361544144400323231552659501192200491997348535054379011241422745470503729296576449394861389548331842022683894069940916994040085159557799930587799387388352964235076976131849475933605678
385 168537003950151852590793333205857236325015261831104664166954751289409918535817961318651221128602220123286597240114073260706814995561737973067354988637327688642020155448925299170521945532564489897053454029605251194139038193250797465286680576965194532286274805287034691618872781300340202478592790306504553406486131083456555364665924335977437063169990330
386 1402831027989379950600888078332456045011538327156494245786333216093944442348790643488361581607989192119349184276167076788692293428050089822542177624509632846319925350310234131763197067204084635391962406587922579610348763166462110931443585992473558803746139863055316667426684383023058271408950667200525925849970080192735777479054190191910458245184500897
387 11676692097870104523755674265765241850245620863510551985689471725946896540969638015818651859334212733624968413405743956543720672963630274602894558416213505650321836612117444512821248669344973058268032186830740122893905982661212016897761051472024942346357390683468124973714946399701089040565988978078425131918376781826225561669927134203210345238551639219
388 97193818063811843366717506324899713444625567203196882562037142410813519044969527582972762129472579609919395932011183106407898526433938389059201203852567562979446485858778394519161959508139075309798827037546711535531865372350194286038615763503897433189494879217660322751564297805430927520892848175113191088838126507538110282846521785320777034996421199471
389 809024705140433452552039425626574532125755706480511264929570119991620943191895283656706698733614847811593194368067252987339520534879600219858365047330956645220425228447174803330420819146942001076498385544674209711149032508636785317329827866739522346237945252950992166040695075076976177526436964481025823191702740293491538206140002501877488206928839110250
390 6734249911360996529760982188628433756375268866502572522375789257531325890939169185028542429550800413885142245823492877949626230918597132377562442704764650687283312371378737010083650570852541369791715737456342280101738005270138454294628608967684013615048254789056679115460468837583424623555047007202576594118091033446316617124819450013641545762323272723533
391 56055851888388854517683731612298440161787206986135167561070998624675311449651461102303725821147849423301867505888555618252327135111359946214723903161767433501956337663371405303112247864630044164382509137479253016417290150054400261640389578636429546758713355971620781476481642466704740924229074547550035224949295468646445948862077942033214068130958340640273
392 466613119261569256624754032227591749603449287809161588565565707921830753748334062526018254634174219209338948304860866017238268088946672175806080033083208172103585289760032707031727868166012917755836760877884420320456928176448849556871025004145344002376649648264339371343232510665167761889271860717150739382144671769326039818880790685462525598505077499985779
393 3884160543389258041879776452561373839827680465476637644212742494170339127425436039000994064005215434818564294992388307739652712432768356807764094364836729302451591616485648011081644392259453054334490619817632902454002412502352700139840797876161492734351864866088632764523816795827235423836390507635046391167028805421081386279793642731403568701907368870569968
394 32332673481995083279008402958266165058432561399767632415277330066526245735995547246431461895122502516903567851437095024315471515170209257447134569009234712009044988984919183138413264175017064653717647155842688050005195723972987403484232905745035648372341930570139188289815209946267027465219353431363857281367299977644890016661416961357373576407229126412272896
395 269147441979806758270569892950045822995007483284837343119417353010110223729523125665745079350936555959854892909494533728021248997183935990394105467235891276755846618065720098206508063331579942543985663142196343252375179249057886569589605589586257439814128105737524780751034894727803972565014308068966340477746551952800112160232385459664103045266363211125584502
396 2240490316943513353949307234032200073007137215945626300222907689577301564684704614936940573791537034949843388601071435026577007628983956876722991156214539481743670745703298754676556233820223907673579498934250436261070274890507644313051013862567802102673981035660758845898727796131554353603520503522421003137144794632263362963510429464860961487411113222598578701
397 18650910567184903722316244919841451253012615834969296673361760778282367655292151510091152348630030460883511580799517568992430548940722318097723765226429399985020201609196083864801396582487620431401906660660632569969160470576728121019733550381611981624414265948803681699065892745787460256186881444508818148036534677199893061285300746842850944697486676540019678264
398 155260557263911598486482672880174432455829133434123490583316329667064206128430146261432493043633989333005949521083072714313675590288293498904055542781891378363386823822939911328754718442895762505952816085479760777848663341195205742674125265828102175277034886693910978260058964302396395613700248843944843334253774882868562515691211567248306177330560643911209142799
399 1292487505780944799169177418959611667254853358866130029999529025253218783445137753074677491945432248054398194066468698523946766820556592870025055175996713258725458240274482623521795978935468909133944094871236588799600456977300354210691181578082106800425326472682683878712938008620845148116461812475851156642408748600548239758201404418878610272581248143928372460668
400 10759588395317369491949762730580464398403426576714355737272447661964620462146167433413962850910880898911478776630755505989129662250090895493797886919530504670600881432695108209189777201793940466007570628421286253917919016731222974358978041343334387852646892888976444548517235402682547737726544217761698940393641306412458440096733259060057587398156032504803592212243
401 89571332102763081529341891759990001697559143514175330712007559869290418899636022266397124049151618477165615448256601564406869447243130710439307318063995002055690886638668214345352798293694316923099437860214281316462470017396848647739839367801817456634061890315574995421873767265265576769550497490245627239116495951348656290743490149060665961050722346073673218705521
402 745669636306252934397422681416419317180512402093935908648506958016708124668965007182668384058564691266383227763052065814021376745900220763171926645220554276805406439769814534509434708451991906001843921676296078700058269961112592902992242654148956377521444096194437566265288466556478529470284498399692480782715920421200695610140266151041702973418717525488293931692099
403 6207659903301349310285901141134610819305410445903567024662249599868289620461146578428340586682455592019799383277708659782343515069814410012601273250066634486678847570866323162068406334951458373090328087042476246821669984655114630206942914852477218060021716232865612944000880231129047648179165577581119013110516025491172218014216241227546713736239493984896587430747441
404 51678914438033542708289937599259650558532951905331855991483662647139805266584871055670435569993436141165571578640164707986367447372507114552223097649509081920374267718468608123115804739715128776872124633016028421354320678870868356863850409160388953431357035837856234054852137162809881843259800824611199685288393025309079830211193965951549917911815318350445968821350839
405 430232129386296432947265983702288674366558893622158595590383199030759298142698208151655189133794563044897205293707729336832847242114874814042067138698509341411805192893324901786637321495974239406923934363962790117204725758173565610701463027492129079458284316983676312339363052998389332737644768435893644288485839563698542673145030999740774095621067410653625527325646038
406 3581758240576296971144023288306038774135400367993438655538632372199920089519887510363437948440438779740200524775182818967966051414725141312644239077374445022609217704122119175294184396113269403266487227521680726249201964050325940031584315746130869732753428746356271031555866483552787367601978175742173153020816907359011279618050566333314490457441139665909440608896493717
407 29819039409258282939754347049411649615511865185487947081715269412040699663840502060045169289878053296842755418195868476838287502748171495392607136580356753472162466978681707324406889188045080789218256387379186012851532783551717647787403493475555636338800454290614249440394472110144094819371015221048002036745241644317951347484384420209383986612044211949508241590623375500
408 248253260609643580194768253251079182030146316092250642562663763728508966708312882245202463852964254963910952366808257268206673688147444689500006506313788899720257765594015424358078326926802488417740475590702895703731855415433096634752022074581371198660635000205932779367267377188285210820228129628233993625567037600481942230915197432647467097042483529314393819664905726828
409 2066808250417609820676641693256287051766205073296307764688354847797164149223147130841623699427346969071000964743929330123303510212285637967679310225079896616612481452184098092365260617669028898876655227055756937620202654993165341772441375186894936472775729082608622529061922727237943638383365192177354638002427479808458111101023437043915289012984354424847539906115532916157
410 17207164298304336614093256721210983631236797987832526976313179861043956454542097104089306278053085911933338673623642095816906826000321817801082314532060420021388249937749710823872153498929752950769085899772120126963558285517884402672735104799926898044912097986053824486148561719234758296208500420186086250467755421596424322535742505022831203573542271797773662059347254371643
411 143259126641223003256246048419968523971591490527455618779655762811383816781393905206081581508166319433144551054644606250625270242480214342392969671221417875564108238673968473298779333672573608318837101802845711487435053973304745964096010951030731130386138642866671668099915059436094255443871198442413548209945147009568868535402696295975897764671975091059027475342702385582545
412 1192721777352890853314689153718958793399088978796237183549469970211646393925921458521915985273865630089229838119700699246735916338705153466889907690628542959734723645210480307675179853346198175999236399686927188140411782183586658828629713703501829653216783593022617571347645089641953923628362663496719179750535446891124233978145993745279742863279063863288385200791822544309995
413 9930242079458104038079060484053648423590670760465918401465925258324136001996472250977132363595440224246722282437153631121433633949196805856377099839472210545360849611065647919836660324890401465073061726898916535673133337549392922384843357774350843859196550972175921661027006705225427800033261950250198407492495928602584949128214828527344597473676672100053304328382707718556930
414 82676929939679447136521551428679488718992560339088762307338509251893270605870758830827534048932389851097046146710846565708313556742383960312145052251396622973504566071332432889654273099581832172373308000387683365202958801121847274506328563461759991678697601857757390622697512905358429627447970445302196793793244735238503439360350323534462264171999317423081631844742276865565466
415 688355279089663112883640134017663849878222742499561229587402174995156187103054827018133102406102711371178545910615400807616300631325578627562306750372144000314528833810849806377418358849674766495699878767386055069454007111844395991847731624684570972126266442085415014044596933577199107509450519783021352061766725300637697498500756221711326779105772884942763473315874316329342879
416 5731189062202250722939002537218312469669275835944273960455690811079946738331004689472483276047606987437473038728987850998607645991606746090853001500379213124783224507304401868631030398583560997211698268189765045059237616481155915620034259446922869528658794316582725642632915814833881727466477310175282162974076997706421805390872592946417897261593200003426904990882224245746103937
417 47717819171271108837833627865138512053673737822921954025751849622098450794307265396344038200041870706906431527952357593096584188004536711369725565389591258059242201179091888921451923948079968544192327269179068077955409620388321289231323629123767978552248818542588137710257463578358851589678479502472992575514838667273043355313064381770609995344824331606515714300045690967550718819
418 397301481577487256522289422908203279773681494937463779613824920704596439172027952803656234073565254692732594819141278423194209817146852390186301411405834047714822026784872924927399687579152988107009669635353536452401908001415417081721339496410298900106934425619251149453946379031488436866939650048848103424162041841302350888735749157791886627701178679021073673965590597463337641619
419 3307984835641111379911885853388994011077541455882988671469785337763093944205195825036506664975900433483322418928729331297390507130150017543392630052683295678743058390249278085243830346874091083007368404333933762571773633249928049628634162038131418754463515520125742600608645875692137433875735470864507446895013661859707011869793003089261706799223774162158409703271542986310580312409
420 27542955823964880540154606350373890854012893402379094729637340703001923303254420126064924729151556019916536700999040564673216534650001262552493922263426245695598342462488688929593603954781794930521788085788344369933289470728083987706649486862587322661450898640638399756214963245925229191957661509945890550846262820267494509269859535945018229014706439257870254682243246870891645329716
421 229330212551251643557496670013098004432394153281418020545390377852430986538846842068235564327344245156891360256974382069771838549884086226683419162162153328688394688607545651225112818760866602410683647811942182040035299245719199633223537650606357670367484205289298565624630896416078962305495309855520059922988566792017349431028135748927191001216783773721394580905292301048768258926705
422 1909482473785776376662241550206528709840251449725725260633649684320014191128765971123671523100988127474830580711763368690954961192829950062587421389298699221563662269960392028677403911075156209363031935517931980867091244493063176854684322284913082073696108012452468946989758724239451058059891945768400759733825248241179215705658900051373828197020160095098400655306810229689388237477790
423 15899143790822901931008255517330130050448105056385889102215690055825193850857268548437189198243676470801190528058707403135429422420359179258342705401635186043194825717484285186005149777749332231414207621958329109730983715719933270019811140004937721516271549014071694855115796113606170143334499883414044242183029589008981910625054694680231449058799606420932765309881186725860919624952580
424 132383981317567384865317090077901162025297235065482759812101885271377569933382984563211679392028735033810766676512944470130106818604364748462013332873838429168359414023301786642672516939674421313085673143038384858370373371925634202484158229113485349155654419591001326302200119980493363732341710213223055221105150008536431201238016957496234523082912959731313080679905305994723125541963422
425 1102302422629292687936232597607387539664576926238877927353824925616513775845853332256913196179270940489108410917993325127423852291122205060022780569479526326508870146412165356937269506048737166171789492191938565474520839354274371197928716305135561031538232756459974687832885289575869029579153355967131902295223835308398790433814896849285823459000211722059676404604383395896567821429797063
426 9178457303356371662348008024101273414993909640667628348642365547593665850596608428590479791837971467508541100728937759137498482384839634400146721746365133804245128746334792998783499120367337201288000907325936006210327725376134884458534629317507411148229830603913546148283430393468537326594680946132225869699334970011804682150318027990507380846378059811202319698800199513391842451602910287
427 76426190284686533244372371460249265785089190792223123818031579406514737223995479740856581982160603917644081115329232990263032361259342878955723966095011294191284266036093330912331413488540610661069024334328164746410147242158436632028899553888345259546669747485153919298168595449777246630941873290667408903908613760468321748794666055600005225246419676285001250146712760618614190481105568196
428 636382609308207757174421417475192604198394326440387089575358702357544859199718216833105674013070351203548050594623565877463841652452511214793124310058463622524670981907523806009877160703247036681832532160392223643400623143486780709134966156752602723403324942070902558863045465738510785014887835732543875999941827757734671994070347081406286482154570406258603768654905556520875416843547906087
429 5299049183128739456555888136923402167015987695281403453118203850175123499387984971561568822396097723268553685163569601151085254227314465648469601187909199041446380167679852564319264361862559676759132180807670663041339048255544254751132351309196445291985507506435721479440602562884120193039148245986452271199826927203440305977692533758714956474646781897112046980336254058488529264002138119153
430 44124636132964603013354168969159065604166713092143721654245011152711082505089667791370966511132802808668134583042283312404641267185352863795403649486981292441463755605858871617268073521680872948207331565327580910553355310823376845681574797437316939745181024361003388738767623575352351537293906565171478507870648267092496846402706055117111124411829345662876557114190103072251819990176398957809
431 367424275456891078832066847640417168407162461199628529588345095441148173562767390161736118369893412226932890737718094450240263780127515980153932251340355297492868437830352112395767775540003400874245056924262986262540167851495544587740106608099078116216285916391226694007703494377133042763614022977898805784416421270481725778465645877870730888858929967502695414578593591958427791787578603526532
432 3059553573728362874983546969819184089021442381637063221085330891499176530872723272989151747473973168891320517115686578868594620964834402874949892638073165194698241823140267335970461832083460778174964634218303524304224044989600938874824228777873061552318956021144888113286063964993086809390517658192993728972657642119787035722718158953442678564554782739963609679146921678606756574215713304703092
433 25477204214875959738604849378753287057706088194239576645955449149544283258228709700198255623685518597596465585216955377380680723267100680202670181066031835553775300194647740921665187700346658975099623738004897271041090980972333356722966810076977642947857350298779611516338042685286205117549035167716882704247568723404079556306088540293278539738325328017637259112808999975992650465973401549681590
434 212152888095604466982731985472589080705803889030320138930537425891734464176829099585741136664768297371873359661931259323775341260033746826328231105056427786657779454043638672373066503915752956158219362672908575154426588342720163981755409882984823670412649480956865384318072268503594758688138604821918193883885469956682371827434814458533639323019810239746981838150667521257582383763792112241136676
435 1766646211896374505548644435704060996716058268894960109361493763506818477502998152931208831691917763639123564518595418741074253456045652413366082564747807755235783420149816393798863745450957824845426252655628398102783364959730299296555312100326435132373881405544953140573943534433736970286007697331615376646279805311983780773108265353316654890799031072444122624022420711529019947082569114057621754
436 14711388581914552218268979676194108074925165309221077899059892176033458258999808678216403382308685266653461266118798251597409991597439850172456221689207492432586377730232251871488615669645660725739863844129965803817294894389977589937661795716316259480958464597573393404442509151607132590717936563061536258881842026776068617456164801573357199970779754248310821785837754762592465869532521492722296461
437 122507075886858661121731322554613678867822581644343863089264754501009750919319317213400047852341043435511652535215121906860224233082746987160534673237128454722280612452417775834403396365840177065944728859420565961136061232583254926667761191081772968013086918836787181517290618353495364401384006282403263241852620422603337054271624434628056900535433018292793917449805011101715556240710436034737010934
438 1020168927405856238670037024271222744730675150290661732669515034363842416331195120268905946921807749646383280787452563003520250257792037964936599200578191047261809499456583702507234150052319856832852513943825430367544561021691819984391639302641114212739462651213618106082547361564500469100826467157260094574256813390502901418112379714635838516924467601496144841990083498776693381598637815736711177657
439 8495450318347022073514392793437537244662458740439462055392860915578525580585733840901703251164959236445632710914756668969777307866145943297746025738489295441548538862393290347704064195347360038239277607694182107729958404938239976184421466018850072651077564278098664330989586243747654747213816825153426523503361897370589309730225471857587607500829488067438483219560064543568108065063340679210164939709
440 70746359589294166811794315599639987745279473524601850005488413001085129335996408037067080749022347963562006799204456331134627740586560806796267021803835801997293590654484740503506201342527857024849818934208580087835143146547639275454600349724666115498021374653548016909658245906615056442376189022574930184550278989463110581735739274593280077563698472231939977817301801357981842800982549018705905363382
441 589149012879696692018435927670133088431959396387560175101357950915559471495752032788815997493359810583141128186078898033790326354511590042681905320010137968133065628960426647539295014129196807856709090677177383019630059579238966737579153403621367786042249495532554259177196773317804159785542402819421551923890957909034870300477310252701515340868133920298549220165607118802189959515956395226292293977683
442 4906248719424177021193511710315521759042018026391861967480213514778561262781256758576525157698784628028870055491939216051543867409364531709913696534986195057869980504752349508837230904842502152102335975012044183666775831199571979471863246477789178874461925980008130173046948505081509106412935308829756082087207623543526423511769406557875811758337693630954475591360601369167036461515612754103436558357103
443 40858018542116989836467669042673537944321234253888325176302546536873815062597915564120897886141305014263039799967963159668793915991315179503139910584621310217317714997502998169277592151392155169474336752569450483269583175173910878128084334835310625041266663825777654779802994028328688840418015267386141496768219461699563016816617963227872740455803408668842211601296681554843093637216319148518122789705858
444 340258012321950076642897319574086436796905556105468791076985807112426375522634993034373326821652132938783603306529427277751190928711669023818616844808254730176553195244401787652940344927581598601529318995646979807981445977979681884454071902744995598863451166188991484789816237456798991813234184083310873943220436635217532067295446953489892732200152947774106616177806700324504982690924560260447638558892110
445 2833627275660967741281257523515373291836223661539184852385296725517289433044894267827483601458789149852616705219336835193778557099529018480779621721985318611573055296505710834235632846090636307623968286251712644998804313018790440412747557205088124626620423829762184470635320553452800310649404411873164012189610912449209036860358968089944150924414350273292416453551179336829767026935377988814875505250395350
446 23598281481817468908238539661666352829899934183418234052513388442685097961412583244196560747738639163029532765722687944501897400217334674941735692147608949213035918880862245671764810239757383383483816263057202672630422700950018943718599241327972368683394794845638665907519312318638358469464482777567575003468056832864348667458564978899144321899570060011245742907278238306443504581132288395149305245767342834
447 196526583615108760331223150367353086512231809002177552869489587708213548690135622926623717094127718583519349228640644523453279122490085022039860323973642533400063205957708186808856495008830832856403777635503882416664434010346107225569900704371358464543005164880744681583965099509988064527063890295088077114922961623931847130750822483515292453311593784511594998756820964798264353891095708127932554545997393391
448 1636686468389015756587680344390327358315638000438661973928882553993364808726306655851282570603400306226192707707961241266035957773788658240154724457054546291353400708534441890702833417064820873679606322705704159506366647925134950109479848139519374642159577356336614853499284454907502172313241997266415627794614230451000481753614710328803893060035487456708358516792450529483752315207329548633067574250704214016
449 13630535697245649236879134838145693639857141555417564519425865763082397768825813905789271073994123033573309450435367616068875558985265964819326744278018675975176716678061256613954716155625594831251190699886402205068433123065623533443862856627890607774152712427050269748229670500885690763777255428700237665304628913683804719277111282594226475861283736476211723267656586488077236557652652168228633040948987125620
450 113517701271200453941673190249012380295312700506877317039678489420300105501571592331494814130251788868398485111397942043588093455990679425006193079836178919935370078316827528220886782977708352212184363390720644348517644188984580577099398972215290856618839414602797243814942657446402628832209585761043681456197926373948950761050500311671158917456513192435876833985642037916434759272039427315454785053093493389160
451 945404071430082505816012365820087365521886273661991680988288025040499519379719064419314833573022828343823019562120308360442533334939485777027217565824957476874853821695790119563489176577185953635687430669881530822294879017507002733692489091196395010191010877063837586092390182976388769394110435955000725471653899737548227643410579431500401229771329256181384286296639676913632881385228237134441811726465267423768
452 7873621812158840950910879866709977162354014784595201898051904262160546206378479862640628541480300811938998108086502677174421192821874908415082398935429265264476889259414592037791620556079543876633696381171625997703137418096527044970261824229485782169550086392506143103342578522074051444124908843535020887943466612823877725501026806133938562531689104845227646628969908414016786120318810416534029085016218473324383
453 65574474891480536984139890816118703561587699441658901696042416327862895554399731073889462506486997303146507305254835604635454145167545223156404727596387653211391190167813840972817776846749858513113239636856788730498565972375987599655132095473650408452594223435376389478634998121255996150704438190032309163776317332866293075206192345728815235242916511484822358864785472376737793655299172710588341593860813496583457
454 546132807426834216395656133421941783871365215483225382887330670187529027399361005010871400632730480380372372324935978699401589505381503774512545963219067520002934135128676225443414343454113460171835235246970454387732518936577189308656682378001929512855490653363353602775001414762038335616008564648429583270245032467566962993105143151004771140892236396524489437201279358463876634775575708639077842531711494829813911
455 4548465148323238945413926838077558853556274027698854704122193657230573429475878438048911232909129354501114828446389527105004652627172854789562048332597486731380164314498169553051231964797338654452701059828256476216394486405692552397376721257376105310466893362201026208350893986884003940521187001779191918560079448009233686466081862241617167865635654608822758630097516612228552817831599142892461676728785205883437154
456 37882150284074273672166754168601189108870084899498370791201350845916931164804750763172795556197868757205701049368164287290240392195999606931858113951258369726316889173810316530211542401837340942600433537126664996134955500513601188581621983760091215684361091813259389042038635211378794187015685656016438248997577626023590478347713411537546689998820098576629256849977061322120596261410604177436095831823742078263705898
457 315505915565324216979577841279347235714429743994442972252079002500772895908823567177166597010666537456918087381481392904624501067119926900124854632567965621178009575990584148186296082815562908685154874826032955590222256709932185908738314624391123481301883444818465158584014234136777183102609629781866318503792320365547291215332055868269315020997455656364083818400054403966861968711961503774866682525001748667264929614
458 2627746758572221789173173076818080879210884124364367051883205689362529676515456290408411486824466175515869989455737931383041386495965978184675807159373606371774226508602453354051721754869160650906711238773863280009528264277967152714667545441721216514949372910871529827329059603175062910727576778870175971326810562409805003362485768786953519453949963257585337553684740945694877041951071675984994691538092918763933931398
459 21885809608716472309300586092965135228772750607756797898914350303073259787684705026252715703451849617753190377535113561026470514923735272805263086683578223199262488404715334674421346734926343008574801577246661549582903825034044413674822055259141366634658952052121531811720400942411784355926375581471701020827779372827846384461166656436357252798391170848194648669189974657634645302289173945489615510768586484448495683128
460 182282432864390135781046662106225293076111821154802627386153728817186605022991855208227747769661493016514162693549574314290931593233015051538693581387800977984831879388161780404367864350897675075773978863139193715350669193400080267481424951665434581635689646037832224926023777674694754350987483694052402385589599915675886766949487692010111240764822540893069594077727580237532648123924117355395424441317389693026782036480
461 1518203869850594875080051813659506844772551701864339775278691743863152880443820864974597706564089730167576961605359119184122011541640339868117038510509673523348806378320810418616607700769007969845838340914087414104623679163968955310391529273221896777892017259143000627456696791137107152819920034585662085308915507126369067476338259205613671419075161618819515874429792398568931422082294392356976120190196298935133230978435
462 12644988443609232101702127257416756418171170911788183671396120827124024808565326883159375837075809089760862317470224716587009952924520941424412337430945842936018183897974231290719863665943494762941507106502102658532107780967371440265277034164340969444353282946437681192999756342846378998807478129255067603855212341965735832298024196883775865910048681392815577577361132554176694351391201499653602131524168543032846529907692
463 105319752809819355647538961881646969565743108103332192622538231485332342552013563738259803410019445280377158697350515642049571753997572961110808505300419337309195459906744351019934217220250386735468141549918937891643436786788071527531962030480490707419594419254401279145204126183983719438091114196878614177286790852548148743866971167383964092247598112140033704634208913204097259787022261853721092563492907328149657163820126
464 877211393876770288802697790663489897605342588554347189873453880564863434372108055746137224423914779799480813032149765566168369951533686308797642690264661477573950845243607427867503671153424435559806266214569569516841398482055763926813047745177525796056756087381869525881381504842589651133780546120883764744682611422735329840577592787297351976567088849621099149629370813065409149563206067979300738902548617657997721965476951
465 7306371023447227888171650652310300525686081049046180242958667821095565205800637286043242191431146137605554195976901559416458022404769637423656883484598794838534750502716780271326055109603376208902770109858998744598468082611033940564478993667785522394981167928720465004120163812372873862870933248343974315796613563903426009642224206693411146107022461218188559959651616136255151990253673682400914813238411581178562163017852343
466 60855830408119776789055050992597443874770750155890524616330914483740755637804862138713777946341612764415658087498766014263041014617441620515894813806338537230202959178848084321945869303598819603015018654894317850964868138921842929758316323515258344257351224554990208482356730498649745378491714727774625111358700644030724364475582637530265385086605830259300551237018728310651140784374835757241578289941907277681047243705408072
467 506880592443244948943835310619006463757975808451962333775453839951255014508522370756221549078192444291766664144581287813030398704322130442120158470195267696434837305136114845490172450716345834963430054278574835754674510105389963733704649185344272071468586865465279658974089555467505318368014106214907430854769889212266792340304225805825995657691291122188227511371184968578150341265630885517659175801140548265322131280672092526
468 4221940612642965698918465580818346485881863313430633836998971989181647355077251931105486140426079558870354407864026846022917716176991344845163335893569771778881108098928335343317534627360013570998043556330708676219675961481699440540431433861341739109612209991798348877842464184662272373464999281336499288302554622276839433871468343113425876274295576516272497565866154689768130129369170483281476168874191358873792000688810142169
469 35165884948183165154711737920299625064781539785801641352099676778390794188660034342683912915813501365491924334961987787094908147494275618849664581731413102705737038735812321010342693397117858544610184591533421798962435368214795011862640887998138334970478597254107468219282517142815679717562875226536551913038844214110868325578157305939482929251809494302791807487109285284430868231393515750878943440717053336941732551997299252780
470 292909827440826760319878788036391902855675500234259329426824340942287372673547475942338525050572937667823938009757282768545615748807116800645039776783004759707302537817953454818357060730085675759567683118474532306675606655860421184271850560090249978776527752461480403891340365920929044684652444224407963896354030537219261002536118822771231929441954423783343084895029848557275286095356995509750125674051756046174111717046403205760
471 2439772229798957897881271909343880843743385347046068762149791548820684358246101674331435262720838634402540487252997754380742290508168803153123833798442722494385249557763460264712597298171979364476816560570605640517540545786945518042591893737720382368425453760099624523158783554853786323469838801007587272924805791808594621265636416025212373303789103194567169082206712182541960621032947589723027940916655591390366009260280657999841
472 20322052110327076052837774598989530222633289198821837284823874770353426222855773393495786109835147202576962413614791279707654989634065653975639449242436077842095159284798430782198938396309401653739414634120869576861143348088217873120464816709706054043214419618605501251605506850669881604470929629009047928104040199691641904637886794511545206072578676296877141203950276629328799295955771896569645531609691765110314289273747737557431
473 169273417094865631840519391942237993491638097669261819149698140097030232977948691245552759866324204357963854461268451609229621988341643642230663885841967531901670613046231121003187726185346372133923313996357530707363349350048199399595479459326353485547280331975044715111730597987293355193638229119789486976050594193708421773914504455561431830311442035530905783841821143706931705074145442683275659882312830776083179685023487838661741
474 1409979743445038955951585326237031156542746380796608550028426455847074987657115236579089834327565829805196321444153426412010377257340748017761360998764308394198909620840225032567857667241419585634101344300878333593066141114123435035071543607411854593114543369867027212333407504237340255411169803132351787134125588570869810171136182224316756034519334827125008614427098794930693908666988059439797805964473582752183871153819209722420749
475 11744644742310231849969868521219279682428794289373898217729864335759152357895697134238629043235311482027649949347891684692279581329214908662531641481637152343592308427361467304448500159986473808497906871888051569250151973478737923649205149214687295167804628103576798922691337607145880110011906501277293124745635650031787614423754521749986707699045166027334981233637466277055720560146722466075110458457926592257041090154829390123569175
476 97829488464111663580442267987778149291517158265452849493765729967712330456681503599789721795251394001539876172078965220975942027460160371100008540221406801783476428937776359686576665471953398064649362262982013198985697137252183979342979790749361342296333545022844423208496474959741479632382275903949750099539680637772225418561341523915751047941142954752351555605645234330355218349727961427719685524057592003569141892266336731807548839
477 814896693426889889599386396041181893073263442629041204545017889285627177395684801504721169380664918778671240707668384470127703984938673803460479181357135186627625864728068727907340992971428133941039346334314329962578764687962617874517309316534307241465187734954367669780455436239225526781325067485539776973651245290206994534047883578114551578370302059831601226459887210642176776416394406978357659998343543699716504834814711057227843589
478 6787943070223249549372460553858216553250825086378932071342461977710510337042681462276501886105499345907031414676089694366534126158510085237846767729781436054952906865044764619215575758451737354493073430463907155648447229974309813037056542974211954082440013695134183275128306931518468343431647686546241961165282617270120034777914687817692472193928790767053069361634399126743793158990953342566261251550123412333589070497664554723851176717
479 56542717563502450404795216638445689119942106856206685150054091790759842352460098478736729019413604212776071144577900433477460043003477317133640892145976944060158382842054432898983034295715338870040082582669156065503626694977717216126027547506961588842709369262936491146975212679855363513013328478365846764568551522156120668182547926500722549431125088200655254823849681993586442591011278791618685011269797895077286239664284144603987127465
480 470996850632176324311588950508322484541368909491039292307815786021138845732729328752761159593656174718399807840336275132211075932632871645180079485052747382808995098658697223691657058077228701174079788772990027793046154049336363396358416782128637942462496426888204044880846146312507267621138292940257448202856567208019915610151092971906324831973176463720542526580052403122754781019579578452680471860128899023243322880503009612548430655596
481 3923396096879109719257106674915784177637369223102151574447438983547989029044780907426498983268106224358444831036883187205854832022758040063448967615915051087831017489354643498206684337008786247615237673371751091177360784743126905506646983933451619853398617728947706755102156987331438319971622320451160609226867015316482457718207023456743282387876449470053910761149513710763559509105053262405095385123381858491958819589482168940443359036237
482 32682037469232676062153041244064436528480369125751485109752183035171934355809532385664025743089641671508382882723022939966201732979317699066836639752868802261989213919427924942859237077047875212676322111677945541620845871371407524064339175931621314192574840950389202230732547913259331290011052554954342499440380765261635082371491846609391136024307410689756089977629724049935542373921307583526757745054378242559580253809879547593225305842207
483 272244362347238385500580050081445079188653031154042085810840212886921929932249000968720318263812711084696664538008933749125252301775741365548752102851940173579413436875386148512824271429892796776753700732328485682884793863772963300414378441840368555429573361268760079834574803461102910844842171671721368363757505459282103611946528170843428337814349353586622961821313765093482951752273597414054587980157047743367989465362749472016685140853529
484 2267835027160996325539793460363651527362185229299265415801213299796748777375944166288136018829766234807947309050666359089746903418656432607552494393940605546713797489015282934032376372052170801612979456411398251335109814902607203743824705012582310563507624373678792326121937884192699855302711929717494834682262094897105603519366525259346607564131222645270736955392264878938430448396995952837241802523499390267183925260784905768453159983401336
485 18891515676147509800649859208522230537361420680181717282517405043499778958004828102890310236615898795874122178750765753503309600422392507998183361810711005688207987367531061771140752129267274967355228439832112606170962935011219920649615347096290161917521735395344960434795022112438520323946316369774280038087045419505827888883372041782819093300249607025814576137994151711785803645638185396003714555894972934262255442011320600051828141264357058
486 157371076751190101382665937001734693946449059390617131530945272263450779216096384991184229738880163415963190893884789594925061463047863893398970448371400426065725134299230361941884082263395232590635048564904915914174919858478636383771525606684613990724465476094444456197960277480569168271540927653779962223740380402579781557876022171047498948142600783899007290671226629470347533339693486864622899803176010398295805674583347213648364737967317822
487 1310948972148281661639510457592847270888565644614755424180570331342059037299178870812525629829474564155098503103392158368937258671880131589125568469971422628959478614675956482104219058123962240632842085394910273263137172200865935639341260832224496668808424576308014095599054028332831240837674517225969166803234349601821444447439470678315193688561480741541307413335235911994315909060404873739764082155912353754589723624349934163232791444695802410
488 10920673043566974431516028849713585396112006207415159342453911649610253361258318440431117595242273257702992118131078715901199147486173415443429720304841145885946594065647750559194231391031742099789865855331638980953952430710459731651023229412076274215892340993276974774532122131646467409701885428453839112479769662004027368070736220203546456016072039144921828986708425630450638568272551440089520209996935892267601418282801519136461601568732089588
489 90973678887113476328125288494834497395303090149913486595383463807754281839278406058290627744103230625670452880345852817388443880346313200587286408938056143233787057906430954240440731832049491394526564511441490568448344610264160209946487152032789223505826183031102373590711195176331705310633506299343327092118001395667672258288688660149163960835308788752107825334736835486765296502671172244899483347937078712096313380098654774229734653834755317993
490 757852755756589014013444625807061620486041356179226931585846251198054102909189119351477251349917783431509066555726497925236225716872104883987644279049691417468612817516189483745057883387993712694532517452354743834737284527420491660188963018207142898654150223238507904916878961358068114082165093694640615907956056298379179229930246458733055434508707130880968082830946170354237737681319474544953632153141934537444838517870401645055785137370394085922
491 6313302860340978626855326893822398869359930110782654642943978356642285375851220029556221734958869021709086119910423792339897923016324529964942760242690175687054326670082639888263716742040955710838999232671005737240933275432194456444898788867838507984977232753125204361813787462654417684147963403590092480375031873350092244012464353861414325039776147774352149751470946843013361670765348400102530379556622222180090798976782337298655327369485318051940
492 52593383964910854126474219024696614301111252064399506755177738753647882881131611516825875526018965379291453803828123853101847937861015421176001891098336426776330818695898997378686732419232397834624714669312977842689739468937028361912279341546317456500233522402395630895611910414097399691038685219221506322581792483719838552931783152862295860911032659284224196822270881996760444003197903837702873287531176583565757438118930532788677066083980117342868
493 438135352701368080089387803222384671272192617711373306420544155944104085694396542061430512414773901772910290677407248183045055335420042797994913138232241795224306591723191412548528627877502215189622274126291922033955093840604887919743336497461852530941831511283202221838963006909098372941342361352865899841306215858606478440519925923513029474331721328905320045234432376037192873127538872368205372900789156932540921100102447215713567162763264119948637
494 3649960458826828977841377257938884571834524738913797951391031183567502116348210278557216144765508943143422813747748905954731943838358513624147541068011841105244667187755653767767274473594702025723838744962528373749286971601132656992391604079126118786189410068538676585439940089539970922200751963370011195182118620514638561581396554363762719637800695547301890926224999651780573635252559067400016463218494357299636746046886736856448157183839234809748489
495 30406798142068234113824917277516317733441879155137120051828697685660177221866313312259985608742001661984687771714965247195566346910657253294381899663732522166354458089221993805980725645521377713620180066058654699400613793110503920865704184548481988393928648676603886988710245548804767419703345865506200733126476891120781945722578969548414219601067945712148491466893302831354250397730658897903934159548575966899900366048174958237736993002324222851961461
496 253312068204246501250326386771978543391760901191801963969085690590123971611772445208276173484141519987384487087832424386464114631175969953065955873493572137097972180656233160584709643871451710188371611081602622049164213608850289026422069048196292623832731567180411484884876712829112199316636145732983445895839963169665604158817585446084352458654075267114911264879341073650573376662410358660227272271664859250499704157043347503912505530444933660660180043
497 2110297664054866650360760249614873142244643140968476753818637338683248181752232507379765572104715112570240099860240597802378202007962014720396305082796513001308176136160954807061604389394095896238191186504254147708957401446702619018735612010318144555800037703471683115593589304252455719969945004919387739037109452408937306645070767936499930968400246970307457813879437806581524453643438018840573424537005086731105680286228831034380459322418052231455582861
498 17580620233106225736306645436481384972874118281715945034434669453534512710010880540100605104064512026787259205676647300480476520910596887280282343756807093826975549091008926038913335167612303429923043298593754428553997964145335069692539475934456638802278608761597403678167475019520322845558446759428509055289065291385276017063597214791908711051710476505822896296365644446193969916548191346131271890738002739600219108976296323440014471502674332151181649798
499 146462786852274755300312597883709878149477216929963938450093969647797902755724530157627979789545712935619286523204547201793996684032461458297946677255221229191117244225664067884295090702970010938568012231502918762632838392050039000773989672996667936446599192109289915794462405597053174113291072399410766357457991586764919412896257096617901312955015894229758387807268782483358118786247295278549991885494783625284490260422338711033603494670786596372425654969
500 1220177494200547173296959954685487292400872217143036815494480133024419448543799557655998265890412979509030259616834244707460119871195542428021424770190645022211280538219770004174067809351678591823658590332959180945023819314815215880965285177811968936255344936173187361401661139590279678239478050879727572116057521431417172558360717083017588427996470263774114945831686659183825524287126859247259835317515448202748438791770771776818299254820776362448528845505
501 10165326506143816647063664778341812489628025605836321671317210159595641670916002961713407241005009976238461053556413129134644881939805365852071372497060666579008100182701839737340459398996620678431529612414542452655677333332203878028002245008029005060401223723854621594204444519471806565251945360406932257536855896986743291757949554945140461558556244439851617329484669096016238360747782124544214173463450981383226018218475833696961127872222888369755787707730
502 84688072783920827124484309259318951771307689510168290641708291329716949144030111069242469321447702308673898905256639506874736245787743593412977833247574983746071274153115777934669591895484724071878139230861378047601174555527089336889931177795035752332462527585655493292085613927089761804402623468199342732681824863846759172399068160099915124224075588664634574501642010976471101037947546925682126885617071032888801777407376005773937430899712858698779739619648
503 705546678995160224594886496276867720041966520691129343176182262086784476722490881976071008430284840151286441159132138179395136238323470086494238748280419153336302715069286687729408872827080381470500308742703212205819453858701717941217498867423385449104638975949283326180695285032724210218328254593583862428642073028532204883952946874719563547994125620971194861198626857725144007822014697754526228220172236373844480549490340144299945776455114316952563897251327
504 5878030409764840308717398524481102607593896340449209117573707167827051955326957572891043873886250893878504920702305280768453843113405143982990182495384601271651995213698955787119206874655857588420784641621032028376062641903099764125034244602601489000647757106717584760228792037295338819215234627278048303792468486001717559616542849232912291647277520446595280151902304495621382779105290246547233534483964281504393774718676997189374301395829925587718309236650473
505 48971168788707676959649740848403401652564529396877415763665158195898549189709188807347110587186021425110689735760145112719243485149031723218836153327546338018683151998471254391351566071923466202106153421887504846260980989575432425529821333630799046386241288272873124467789586143827874315955379510347875851531706204748831295950312965243625446258018370625347276264197842261020278893143326657771472180191951696573229934079365963164260704011939745583094259758300482
506 407992015916813331841758677397226201454937255097861479386829432798593569496139939737075884111977863275559529803601972376020284224669849430196321894797484564459533958163353482612582926515707955078785527380110069552708599247396396253681358687714709117312653856353476291111646776245376376245486711866740769516027549887405239481095186445263356919726120246627197273322417528879011830224098829994336303995909749888599856247330291729671438236492784210827631605807646874
507 3399111441711996973244391290363714172651465246766704874942259779836848014499677091603181652058784268552162685708341099532692279311028913563133555245519454768335723779212708282687516457716189980878925039255730262546608885243613340801538729061209084752173130228849358150320685274295521760837928250843583576059770160945540878977969109118422909299065265128163179596031734621659650400333944438373082097307683976251674721356354338713503518766545595564546198754933294306
508 28319245371683484120230934144441945046639210087576368985155117538017637998224205085345000072865512438623838527172030499457116068286514696898952159337796549307532817481477065506890768751508133507367035636073899846619030603489886246267067692775791611257661287783857059088592867048897282067073900837012689114107138604474095119901184509776434025565666590467301396360672808436067056915551819163305577985683361060606247761484215912557208256907480258069919261214203555145
509 235939401569067825336759722658961926249514847147003001234121364285270840483333221492343376579190809038248909862071052527072649655050980853492658256363272845654589587379505362305484062872214108263008642764019229220316800150855406818462908954394408037737883295558978621032349717927731513523793146956625506625243097129852993225651291836121160999568493784723571903229560724023896324471382194961330397143563870438279677640332403098422138352638354128475849270150833492213
510 1965720581321295535945095716764090905412583783960621571131209571432417179406014399723661010781689065913325833529215784516962078813459776138330388546227055944637102050749256095107358981697384449580134356035189837245355724673074835738688900635084931409839738416609027420620358440039876542263474996073438253160713592382274948767689991912969207896125888124041383058525130906589108568716312214065791729000631402442093551586083121435642579951102913477763067152385032380977
511 16377424286722652273209940548423823503276657453510431355575500552920158869861607277238363123838488997261239402217733660703248847458188618683805087841730081630513657225051364855972585444356260280142335316261319344814339254447796303858573961820304873076639195026942344517920746787063851064144034530910732894768584916997899210205720497574934970564797266863063371417917615928836989687626483366543196302369532826471174654528785138741938891830244450124435908584319742870055
512 136449488003182397747469855741386169180119259857335552615573968084880047390429922484845385975252639048155852631805167999134473649275614555975784802028504898613954511871923644933523519031186667614359950931611616646624401034759705443738614723934676184691272298776951562335130286521663620936209198156466553694600330928702140765595610453029700676589309310572990654217577785361256881651883724237441178785919910218962547234875783601653481010863001379553038983984008499026507
513 1136843558206654489448836763751767309368269917967725566992250166854074936220406099901031094811612315692848309846412458019073133294907094619894856647727365114396029912664947134496345445943693445465015520369949809866663115420527256892529039813619369320251575896586952829231441682699848403491490835170412925336992377588452456150602225295715210125611146202630352800012338453250652453387011356536254082279604904388299058502693824536678945832646815862432065258653776695370041
514 9471788134862650982973744921057867112613563799495344846760733064113247048676843379190193367704070200659710307095225007244337780699607666315009931779108143996962791554175641529843938622529847393003205101665638674151240021535869874838823525390713725460784241027321710546241300605647723460842421382605602475056862617872596553488998635067799407698701444601113452823099915586987324512161099484769529917837848126431972869734224891720295652754042744735995975025079652404790378
515 78916117467029655539548585359331085780180930077975318639019999409156184817356243663913696695677666778877533220890054261679320153654991938082075186738873438448833491976904513609064663634075310681103638329964300091961730123840095966646642534044653135148871413809131266405664497623175079291557212742482362606022127187057788578589625343549913566787822374171057150350271160923697464939280699173999691317553445159536190773028929043566271570200777687178352389820909581078287994
516 657509302899955865815156874931732998045672023113296310242408531140075212182589531138697457807383661224522034923107071872840647950975507449040249802603741485015637174797995376004137924432296888363521385725049685956580072406025498573716699271429340775435584439646768991949745667336975120575922231582358127794537339398513403637350237393946885290431432324071071483562892450892987115139802047979612219771383465737697792841208391234443355002248136329545390254477852052381099214
517 5478233503547602065765651776212905133731087756235329294093573563425406831515829368154001915860777423333866799062223483007149968668327801277387883455621876295541054971279962338496382612141869489127548980375937598229232982119045651267385523291221854971762148166077561766583219041369224661998409413701423394560744652058152051381584036130089255287658354938154019944187167616153350333095023877367387831804983742055441073603693467169421293073830306605930125808073304057524429472
518 45643781141712995103515998304575090665445243890835613597790775534881859488758772355125790459421547343222232654355707719405522876482968612008104441611594193266789686628465436311156125025813670931914772389736950005959575090867322591753065603300606305563357517232745775918540057276325348759612937862245088639052562659505748436471889693034027359886093942254283603618478292582668086043990948190043278829939755168323587736494244928949109789701721499049649968562770552581129967394
519 380298941399864540449550509476497143123865218322425112121855748485660519850556672270614532827284576480942540457450412221821118528906420373366671913212480900088618388598734291382101377511911584749685070947374129522597303820610163455846342576403811758822167525885125608457104778958070354835336336627533432710137837523820942710519385872383274004185076042128374383680711459882996293049603275939729227233770471243920055640736906921786303775948817764881711825070774104429812979900
520 3168626404654613134190860250556404443245678772527454752702419118017702364029564790033852912266717076560715085533031842254225856364012497866198026016772980797061148648625987156788585144634777966703069121725834712196093970556869397853513399046139718300499217199810076604965112764008226923202693298648942202636850170351972440881696706867268642466010921087149370655396164790411735749058982504511069871150180487993352214424873027432142131520439792607431521095433036495254607179913
521 26400938550217049839888732650391526398901160332641925340006290679801903504572016812870390594715943617996047932438745172778603781039912054225061313334885344290579086667232415584807251574229752957171237319027632036272144485291827537512790544658591979267092712447832717592664972680193540181812150592532007252197634963660553629661638092240472848812391601729005575640052389145855361921055648080323134153346917654470828168923771932904976315340527470503871266070179317533898639684784
522 219973363414708506991873753391839262403802449721008467149986782402413831231158032032579333795860968889639933206317081137154344170687140056783949144256577522157598483097841767526008456436559035416786791688638311934901984429337089243017196314655727098401354544764244053037718425047077516860845739823787676190559871464900303776489633370653327245113950913317414527597958178699966018213452729290021250970878448711031979609559438609918775753372927335321729542299493864486522524472878
523 1832834346570087771467197195729060371164739400143478521598165925281098460453530137840891368187836444974744954398095892948119684866984421998653250091494782436378274162176086221773871404553076817454830590744092803245009104005679163000569674928119110799574994802971485571856033560480206039612237050295217976760739586388405782087863960017687817142548562272572840644569097116865160948393029615439251433357257134491295801704121610244974780174061010209839910337889867390563938393372675
524 15271395180490945815819896719267527681238863074017798975468998431652584664630616449377734116322788216677321073468977095214208453712741008369611325812493860335271794505978866502432471665909802530742170701255561779140264742777700117478053462112429349220199816044775125720875916907521557355145960994432952907911768396564107681600117121073089899907770787570309767044112819867504907531073172071464089249099436989097549030783137089609465576235194672436032606068471706609138832226983757
525 127243787802099259098621067682494452603986431838323034380796045593742586409449473513191894184563416279814887307132483991327563054706191572991540564703068319941272382848125153962321127260086504373307957805298335694313429781388251323402081343701687770046013406924824285769797436644529268255290566007478074758806504288187524556438415864483276438628110712447635270348092686302002867555019667572486764227616587656206553817777931114926329490425934423720610172115789290273490942739322749
526 1060222032606700322917709116079596911842005202154306236881799524963697691575625523861949599493416883594201420840341086086089010442873437229838335150538538480942701126214526657977513306558759841350754862090965355550892329678239473482176990398060705980399433600022287488053053581111081806301733726942847798317824903591324833383334186223171709136488845334540351994132347714457002061693730906905948709375736162287977569242657097926694654614593090914263595568920130819476988941063806081
527 8834041106016193018397349427282085924832475418903138491486446645206295395099372548976260930939019528954147106880488693520075199642723152385354722460459808852753242564264629631809954010541875200652519171168873384130380396000375271816168316727865891980566782408321101104545767142894687889651126307433721478081091730188448737511549964894177048480926485652921901562116958987687456646729382045238015019745945657818300188118044241536779170438187632537245476344311490093592880549925785576
528 73607887130580331342605127943655533743907767261426827141910625817566225669385110603528464245422924626026569772161938497294722578374287848789573645464569146272650419908087899144560737063745928640920679961979716208429179364427526510690510861696332619662206951522829960410443700733400246473154558373733354313440820089073686210029614194494947807968945951780801730012692666074472099388746420652794323362597143159540462278736447432070106400496147838907401823254511880929470634203141387040
529 613326351095899010027255496465779321649554340589145857864241871688425836383184127258511556318917791322103556033773043952607919621275291580479065915817839258988904124694819856612557819430131651413874346803025685570303465021077557923401517025981780898644020796178174758096311022095481935817027726220694659845844884221394329955032984808382569928302141977506516782438572783304795326231325499411037536740648882742064223641495503220903444378309143923849090622634758527470668295092417122370
530 5110474484951379882818094735888760569097070239616486307344785754992340972232333798543803821880652820349392732270878425262998346303235999671185496410554480363592471041953575721240535503560211673064671116273756823501129804845802828577702334364265042816780341041000795393560264774183633576494264298495530208348620046879820336924212243444012589635255510671418942255908179790765344152366377705109278663261377838311563744528310804474657430527472653866977052766093201850169620208395324707144
531 42582694945135528415394334962437810915348615991702227396315043776414862089327163853368216300764941885684115786179938615903161446110632267426956720761268380105561513984081341964907800263983259517766102807134508008033989448974731754523566805559293935114289134313097982611211832499865198769697918649700730144512528464157894618029259895861425977053516860236196965284630190129533563688047715664944936476919759190713834699066814196676904839128301821390461978797315924338975176633816416426719
532 354819412479742001100715390454918556872553636617633683223784841170326876898940613916076180370266726742485058309498590729753447598808582232652535846049707755127564037584874259488619952443469107865003511605259555113673555347707555987118369898763195004996809387037461732194458769458272930553944107103350473130352743204651465666556236940790655178494386761244807415689042717442980772146875610901465865083519139288098200777678628196449168354566104696780310587651178012133640182170416712537550
533 2956540979976221425531908538038050505709286159406832507524911857848750087955193898891468190296487620911164932722724437301922307064267495600886009405786577935569251313488372468987822601615260471386643789909037285875292671385785393633955161948519461902972770488851572005575166219606180669059587892153872847298693931263817835945831526665651104057130851380999618396289739914888064637483865809232132571561264131617004678286436027158240191875313034877405553683475199912318501888621146633827602
534 24635576317063630982847093472636539885366176109301082766890856308374556084067958957561571292876784481304521401089249599547555911502984443601753586957874323824816005500689696744664667059530497325277352682763505884156454919525178259943257695794027969984097857463089922630931273827603929839816522869563522085069342571527304327223438732271468518000243025416059703905839388809446482888348975570145263117053016148906796699375162978753844867884489609334767336442406327715481039402157778137361893
535 205278674225389727176467488245150722923389280779999970896065922922276165092702682810704964448201343809077819160066442728621114185142833477904399556135708931015174430252068942698665917521448635798967801193843215752917361975021989866839967368055123204057852893978123565077388836269965819579062897448092671185117379054976121275058025042861021415458804777082201664244896408945563386941792060080376056803354330277033588314982713679205629367414052248271687194450854325685235199470760171541676444
536 1710516302236331835247326393381195395938081840183580817224049772558393577767223410091749795367654705682335437773643746600903969925696794058386299124359943218708124180270179937907566856006320305497679484219589204067952302376434246295971431158346667394611292831464321756183198449275422477222033195344614617835120499326098983279600912527838621872178986051145604269424734451998338345373713926038267281461265382457150764411919942422775751637718003477895327192359748288123525824530206029957401767
537 14253216053175543293582704479810684230617154953856630657971166005138298313507595707329963043113587366791137013081343070575978999526203983833395015111065291024011000763323735219372974482059114595946749150753020397222534729584506106868218324007860937670492835730768769550352954792915606786483075498851815832948861404643842800362374701440161718818491311673317689582922629765092651271762442401270542283541818169679808124617301775590372998034108028988325951826467581960950107181988890329821710555
538 118768364980271122151925907927283445606564716151896959771844118263361015123887131305451448535962202724118127540278462978229211336137224823751379392288525407692786736356122890792509997395680129421611725944207119836506274478676743907456118175361303995363076757294451644497894384669517148564746887723132861175299430044250268240650391427028084758444555763903701454716259665159301751139407563527646993402828758060958066058703909172755466424754152268538104300722763435902937871778762858542693974143
539 989671212564565750766282803014493128212431333466770027875238125387038555189079184136018933586254826033052539317663329500856580063011450723377916049930142978813726391769978706439997778784243126299665072688232837408327454610196302362350102916570083694754529669097228558635576966483472357044379424615576226463515577660120688263220991605716087216710062040662471399670827559216508246484054669067277373187010901489818900496063552161818539714841752664951090436819269453489054221493341666236375710860
540 8246759696033517346122477911651710474893085584371722130652917122338378581664489631134655689167916394836720074342559301821784431967052766009508714510150150483654758037520576871065098336063322647023192339816590574210562514197165488155959668081466066171612278647577228482564562105361809644289992692552081628262574768020186803218288825829630364588207486456897721401693167335206537002050516429358976315175425329571111861888137783500719003532899242179562405116456595256228561473247368501303654952252
541 68719181102862040301528993229705202963468405954530729999513114830834933413603180783626451023686360642850022176772834190226962163888043604936916560586431181166138348246185640248144899699061301761628504533124178563982652581117948562495760177199609662525079689173597072989258747541764713798172351232749438901861661585697761165523772544863075957131123371342260024879242697321991376578593969278626243725290979186686883522135577547686201126219245723988489647176250081810957929692937442412226682117162
542 572630975689318804493443519397170225646201613160589097553066978741128615564801815879808302002784101997241147044850624788397958237744075296609486613189838987862734687645476953245518863487084586684258594331062143302127836088880987231447152981124804363760702868392379562359012201947109035943955107948660246349866250837078075927885694161600102816221702468757452870019357727345758918458216800909331544360427308159538164463405187273484983556549676384131951654923313970194077255118814586129414907869371
543 4771708614943947236806408516175041684446145390764504162203839999102802824499550961827720668137550959155360509855510269754987414906898920186724119371480275364205729253523105028637753438933778299190359309145866675354944394032051132175537835827347788193501344871147087591838410767028382892075301384071647769768510094596016799568675777559111381879949332677704508388836312574834270340371583077200955794458396111999447757684792149454420125640045069161710546186824152069626930777393800554312330678494754
544 39762639283423248797235129919090237021638798715073721925948255908573723571171353652007136714656973452480692189961745850481637034018091263402184576979421072381790926607045315001239168606442266723854316233955599482567432344856696815109957304251091985553196350970198933693383437863958929977857589494456062296694070035659678624154405817346508466763623383995100030574377809643658609151937360870856468749754388727422824173007997398930677723081676500520136477416850676311034867607693948522168240067991379
545 331343680731797507771976512884289843104519464643571252755244320341237148216466685776938930410823642163077255809322667575476179779502465147010120046306809621951535765304561700093653885666032790872551874242726612486498726826441002886082717123811500362010647223296496108050811431401198406636964937126358625097691597213510146234419019761880590120141631237298731884646706737554113550642863050090715837807773650730296946080202462033679638346493380558936418021500965521963420111778552752317459454262502914
546 2761114229932373287864495307583463043676909243694626996678124140522675793260980559554592022657417929941494537714622072704527679761238224975033030499586752613936045932235680440226088804459278389105649146015907790845184130493640924111485886920233503342263450154655895018922089855554718584952774482363719010966334321532402554390865372120319964021090516060401746550149070846600589277567375789339548700983287728345947351030997620936368087967003498546605896760854601623369153540267365382208141890185419396
547 23008708449208101977177050680637908088415378387878697949222315744539519061675299660797085054858006842500689310554430293560996645677674104874434875676481525496775109012041408152147118692552398714041909074806239939083217491055520986423944297489440470814658558755354458502967101772161832921431729637462022332988043189486122650978562642096778703823542870195248348543165154951424941541633535189155178584227589108665819022129249024180477957856004272987289206036587943297111657879502005682682825570361354596
548 191735391636455967594762313938071076179837905491684796368609811300070857796104338625005068848097139535640212109455181256297720774407852500659427350069189271232940686441550171717346302071848337250880559942951057335209560894841580806089612226551176642338214783190954136244580345456641822986263758015943788107531456556078741286145818620309213436488483867707063285869316620238238557093975652020726039166924641406518729192751722132314850710466435659273631962627961611904919951939132630769963292933767667282
549 1597770865519752604977196754936744472878578454960198603071148998218513367011782472599478068627024729700872757659868712235790164558878003497393219739897362915425092910262413395281193735070674832799637734232795875758018315808013360823767792127705561872688364620297863504398339021009201398158113216511660789122300768253911511768819521712989820990131326609310636906011715566777287079384235249892306490219858916331865589469920621537755477612115081308303637412046570824343295655369335807460191885012150802140
550 13314622932368399384772230864147562879694110987725415634337395630034232100004608357142101203834836375455768541720093567976565474673359824111953208923676325239874228921527510501545928648528019181302731672752737854380210734231471907388271917683914634724987235087736262412925375130907734589918468630032783513774113218571005784262802360581494255117725287709867433112622199728789354242644399550872346245189655796465499997754491156521799881491906678379910053230459854386669605385600152626024486016235888965273
551 110954622241145149799435451938191906029721555153230075673793954264501502152573813651465858865865420243551203100336311898165502225865954953494126318520573266488026579870451861795093124163279728298331327335967060165153002255458603027655040057548094950345306846128943505510833285119898163658317215273748625038413845668940319724137171461931269713478245638838199211300699193330350311035729622498813806674586009741821206331549436523911125426782689802014390620867454434799395112395137637228483326316620577250067
552 924621679303098322664135664976721004509366866992969485533347507211181429522879423040787239540253563399006458220130423722669976922841973048954897626252116018304433063782940008517248126821542565505273270499890992767433833689396484998431065290690998556356170046591846248213885481913078955481215729888969851267024569593059856275629056648693309484311408234601748211959692948672893930168505967378068565130684132963215964213481663909485531695316078603138544838765166451930615334156314668324513483675369121835819
553 7705217148912122202238384762597497165633481774416280709607385525346132784119675827595338862635760946596113111123971272612019533704400396453926939406665135903185527697607096216892249225915784275706184235857369642630130428184066226307128216438966022139548380037646611864733200617686799419713759245334777496933574602955013396866314103844248265911972703000948278737281765632849707152194472230071397763021534623381867651185204550082938616711425635859353312125710269079976813834846625070525784073195648501978524
554 64210761897811675578413019575303609377652636402001794073862452419946652980830949193077170542796176141951761972052865885765410570834707195871012769851694947694172220972923470522307368140257378468243775256095885377501189073484390638684583888166871406414108069330877153120550719465199567781415304959807959051577694034889080162940232657014888608488422786037465941224249092974581827592132415048990869340991419617336574465419005782635990551417372413459820918348613878480131408640344935899644300046775245940711346
555 535097455703295846755719753676110816209787004472296453705315920282459988156133608118910589285825860735886669395719157650737441006366979415124443199824653183231645282378724887801274899530131043924408448810461555655350308375696591396978262274264269066386859555360506150068908169770362948263727156655192526898069467406901388820165212492358572023597128773768991817133426105698707298056617936148155570263015096808901350361840002105521401901834692190311786357838393290422139244253685547883624853807025061157355505
556 4459231954951576510356204445787996531611706473642333704831335859779499105479879626887284342901583145632220356896070252862770326528900446981858117424121814918459364047934437927526400544090637443081207043976506450055327957722812730494573111919040631296171791886495685169284182563359095712652103388995192119183307240224829007904845726197631862089936235776801122774707022171707210167045580145583979041049700323017691269131865451678172929060506181016261367833209638092170818540753316292812923407517055263982830549
557 37161167357097613226845645561880692841174993255686482197301029958050920623621378153728081564989031302508737740208323343313972349333149686650569742066425980151211913188989398597271427205782156658155318201003555995526689134504470820475796751892160341606554980317335393664470471173374922693927041115058939465996477326256193023361967362968938144672232332015433614857975463234765581572576866538258006741700310886592356350596603747515481296715515314099957794547173284534625481649847103794606705587279790404783860534
558 309685400823190279421661966955026838138282848305560033093645505529953260478276309284824027437899073877874187525784949017727922440683219589754172808955669549492629239889593864331108793872147999486510763619622597535602117999188769059576894743573201791534520586656679482419120944739864866962477439348569023750698934497659132646434818802272355982458890658481155324061438715153592626183055204629291721871464833749929185695953733652401155588521626998251908312805235480333719086839276684878606260038749545355574896008
559 2580799158934620674020775127254988241620598149636541805254186265548993980151438673009212614765636091507460589126061922159541150592366453611640872896274096384338581824972685789466409874044908163327008859925870706473784520145087126186919646912171204004636897547522436174833426281125601307721411717802404344578178809205357173673572178887369054232525809913441634883848670950019464860277552460325296559637649118254617484433969548144989625684580644360630063411761152996742763313596264960443449157352409866548074869900
560 21507491958924128183314392906754564874850765396004751630547652040159089209736759579701917488640703296928002863810836555946081649509173221310702935802211032003478404712706267882318817327528371108493207528198494806207201441557506429640735270368412597220898707046185670172003602134830526209590947863482401414130022070329669362967189267468349401671420399433733926887152365318900141600171301158039231680777927417938095796373461001812955902254631399853287228764623214947073522117134859171796411776377421828737641528071
561 179236892998013725436373905025268107526738656724332886416683373910247430862128904961583425189269515517815605688335822414890454390725246315054046652594807371791038111127697011769905470572703810027967608474526677340564963573791242314246810652866101895518938374564423319997007776587867620909847172175556383710819387020342049864843353414300384140022069901458475105582559442150963754371355633533373826596200762843933759512794297543172043412648079575019302340015043580096932982105489918317612649035012670621947693313780
562 1493712840786023186989378492187229509717601786054316714195477696761824770781295291057499215812655429746054345308894061910785122771772611149149353004751848867041708376345187790601803750201865729845033842377329217422277802697615471118065478966283609686849512744199082868527397250753822214082215532330355970296443785115026107741397243123139497714075864445635773465567571749140563236628001696641280559863420876313233238368671249972094541968514620337913206659732921703327485880281695402619318457562866082872693865810283
563 12448266696740019600905941646726049093669449113948295058101574974063711794218387567242984804427599325319148517942321135851374912889156646380967626153925010659100246000387303861097677219515227820689085562113283894868787549043749506184571932235032365688889590061667474274041035826781939067046673850745969889600509193807636745358003838221248684338641841829010921720357782703282100902592174640730832291585385792873419330050469911124140336768978731494766835018320225719454861870249828714852118696273430875423758092188577
564 103741544402972472882370627246108680027176092803335599649666263587866142538907153496362982584901015099736231811459753687049384190845449824622955429537872385968662096857226952850092132413261515644409314799773018783385040551497581550214148601368334708243651308670264280918466402223904691515208472720369553544862626519622488442040234948061259101202261461730941296788622262758405227781857972303735122776542092510236217588496919383079809163661216098198683295601217735338092342130312851644423858667778517489539029981622974
565 864566854367907145295225770118737717992369258233141878233968303128005428271994998536078251197031827124658607978954681323344197800985948506266895747010003567548058912825670690684810882753411085786936847224481212466100589607298378786589623307949094001929235881666410590112012029381614101658173895116215078339665276598018085382334906144269140615457681707507446588481960601711579278099819701469151125446460628447692710085900359729213779278980788568586760849270528199774843525297741319579906119844803824217642276140662972
566 7205207536892236912709540053695419056365900273542888727890837512119028958561323565716301514033164552253073113339061474445329853127103101693079696155579409459603327363120863301188300614166758675549321013412689789353459112797382442592832872605801995767649114383963012437725829874100235046746603397314777739840046585847032932257070681254399450669800414693394003731858561882190807856661114904845623566476524107057521110361166323691959497627508296310823152925474389714024961983769661802577858845729303381980645569810489332
567 60047708797117899283817224798812775994728304527151123934933664717355120530158297462217143708436376753240304200423271648741245912377954162837299537491492646981086553867360930540041200120214674227498767740021669587902116986833762167289236757866372840792751856667537825931457212713136082831374192588923889075096714044058810557013852215495394987217852322345906234950981162077677238499939352686639866247607751052673760300999936443809917481181643219342721579458990052563663393201875858208023149846740579814348100393819677408
568 500435849379193564271573039830301806042596828747378368714777409559098572919950951926448734590780722374645388231121241686197669484435096808830257151167023989877521262603700574537583329991645627816347299456381519843052796928506666529961863562004634735028333033953276892777514357187968518367853267938976489432572871595399090068759236164080699998971064328575764437248346101993665163289229360443533745919361021619994611392267978051302870145227726945235627371268461760004135466413804845109806278404433405857737057506901171055
569 4170637125318386838967742770348778674316009812257306858750209808495994445610389420137049400196073896010174012464905999668977987467928187136827826661962862087425915693718939647131901082064165366652582660773149632002716218150724964429439083544190243320055132871600169852360885989562033487126090232155772379390068285925177663352630612456815783757748931643188127924403049801321706204070891016520026622936442436602726274227749355944212862513997429168338564810459777691225956300677791533312367180807322813881732833764764667696
570 34758290464009487841581804278961546699651414523347640382330153541882761506843634552163543010757498938770299772373592053433475233784235173541070288403272306548082323836248022720277135448989463559695775801079254191468136695119078915610486961667186358952355776043254235597262006540820947196333445324200256197337949240776749236095698196694487719495940417169656232147640771692167938254782855918523351352152840165187344356548112211219848594367305661365629681803811139281254349203642831495125910683415036057156345094902201731343
571 289678602301926129096102168135052618492200004189679143151866348929198874386933926919650599658424893828055493136398973847185754289308749415070810857064862040728243365042305542206220138679163886526985854672747945272994606715391723123912581941886898335771204471777707434308337625638114056816968139899722225413006437086278522636481558354747895788586306906687756778964240151465518300136232711944160788896167985563223538428939487905346137655629002677084994059581945867153964775748807753244917356764262233745726533457889040690463
572 2414217659462011406726993113023841304762349581066714183293770518178132818203986436574663727430256495499923056285096642467851994987679052147940895011194392693852543797448267306174975607209558079928676439989422782992157286430967269610652909486425209394167201906002437174193206285295424292266595050983100497970889065842602707472085132277545646515959288199059435581702539095265620828405124709759496266498757638181239537587039110392240899250842874445383040682313114125765638730963751410362351720117113447371790376456777932695342
573 20120483802638723200875201291898245126175235671248949841349863723892298416327458713260678066278360909946515420816717975999501940079434045213544388199207182927921278308773392507184711606757952967237162062914972680471591813626744480927721028502260013195900760716871873700945723516769129783356640231611252074443294583738001065570934826890563984099633951281969400195861983277220072167916548842024292087421136208002926802972214176069789910706145181915178684264161257143408666519178328006754260105808492810607879415609542847078829
574 167688160263031812065323998091646212355618389788803845884501664204511855472580710020336327518281044333984401961835588976089200557284818384427147802216585286482334148731022524866862320894338498215832519430189952612576544789275619133955024734858703259726853470519314116421543883378375651950800982092591775726684578773651548274244655980613623501489280339205412097920223163163134447461448682738885614220019366264599617307129667807266447784278652097725089740373539427020167224346592824136032581898210397228050139620744333605398812
575 1397553228541923991837777196018752078366618002099221111716741036302250588802181093366671264517350073395675086516865267695174805090658652956950776314336521859180112002194573399803785036367057638989865021035108149066217955820967692275044342295085354221978215764596302563537751185091011736185614967558520148452613307282920302305074222299894601847173596101149139269603059742692830426036261604017025397753978642576953996017449856200431804225773970642107059547478778321942446678488637712291953599089646476000096207931382489935333809
576 11647595655358465396299797090303566095292082718677250421715982964422474198821154230019457020231710374890426919174263041500477088044623602183527331212844771339701552043216776184318592148889182504466147058720430004662491083124520302451811932628697643147128000369140432803240195642713175145655469564291207058667925947349261616639721500841954494621563028296569564561741048811970703518918710294954892589573926325559791785994671856711488039549622451525464205724528694209899319051658943888873691319919130294987757297616872543391194780
577 97074726804576151007494371672459384269574159339216148938948489744956280702919689143660829551165264177470638111383626196195766350011048288441789745950754858812901138954252017503846772712263584819779949164084900528494626296700337838770128425747198428746827779840796785585337625616300279070632853123853124968418710242389452504963000919851715655055019422399412088298395421086132976319594144031484001771233683819582485878449676423126465193104631894127696123804978086315866471424880729932408591049401865227133620685132888359560145155
578 809054960022133040026127227785927658679650586547697014524888689798549605563326909963512378380571304069017017755465130585858878339766939286580065306149499701538844929547516943133521855610345042742965855960093926386331746474761364469721119904997080162229777403190800348471864508894376047302710212005062950134130152648523046608451975984966960819161784388561270282010916454400908716123559857863449970605216874946707401504818361670991949332266670774682357213890071356283404401220109562919670188508178174423164827398918489887913819149
579 6742979234068306931281388538868947939066294048494115599760787698958768653063611315986191978201554500812710822546652999799547462459314573383945473095057700897112667314013161364600432904085286407953003660568656872180125559103901893560661089091267017460502164218792782931954834276408680777544047892070396551437342343986312328796688859891041297818169174087190985526510417884792764571348769124959561685594486327171908161653381974526564793067041959301713275587904365389489389097302545337065649550714304604079732898635440913126363325391
580 56198867343578300227767997459487415730997693204431838717486013659862306601301478985368794800370061335394168169012557607138491878755552416758193003608424523339463686763239606221327087394726524180183766196872781305104827926538604421671021246927647538209770662454730853047059792676380946060192572464333744076129582852067253218315814565769652864593610170556638326401096264763976450807121512752091812468874910518246064951609225340309486373742673409008271509790806237520541579938274352481667645139697953963201902290249269853614534059288
581 468387438629598204233122750232376221575270715725784454274167523792116321966675524447515179042163890204151098244840598896400176045451029399906718014234425457479941449365748442392690592798635153219362264740154866964388591374240814352989950662388893401206974886652643099976803523003575105961837016222597660338346824742790258112507680201813307795047288760369923927613852108440527480186038036081538519552143470945854149764417554811417855578689571134952542367661521219435556568043400760626586751375478494316741999543243990589447840325725
582 3903775606479682520659942722393107236784894298638152416897753073846653558518613142543315095515786600134971473299763650136482570748807368572139699904620730715056879246296156189923040948990070417531693880484733180570068834550886543138779051285061638186764385249646270804566626565113966046354030932970172596599976751633200813337033721077863692804414089538283980260099518499629100265211078577264729528868448754192785263277027996335431739628844479299305215917257967408296500104186545623563586690027651096583313081772363620770987670071762
583 32536166021017460375233763414066378435172162866579002539695141510942923058759230212983542808282387264246029412537653203480485354809202330696091161429482471997909742790107928101912748164322710919025752506227870217682736360147892296640449097010204055004356015872604582111517154088214172137970593743752961449607172968399517101263576449859510868610673513892438340902052797457740569246039124593383892311338102239928208495093304156144927980028018427056575469965409896933142798174604234998418773483030358666681393520812777184021046465491320
584 271175107751329131173537172740776876440343828374420865833624088479465471104140071279551740648380538654287174266554395474873370147434541178548528163613668377923850901038088602720878144869522150369489111687569532758179057446188597702244658827775721112438149402129454305692206249145750108973950928241346566232485641506351915335509257499384256246077738849790751404012400533426681562722723631353102387947886435370727837834757659015433535988681328894277784255682429694384033760918460036651685779001024358867550744301465613069440354409054497
585 2260139144974420013695152201772156207381058714962697938569335684124632063150972020710934433666935524617694872633781255946204366309476679974881037795727757600482794818983233876143329533173242103552561540155598146358049395555092164188504480094799380298639771811748629482076783406702955047210793637673557617400058256444650703441561511913976954116297120392668098947111185703038596548740207780332419019552789329788144106357952886531855001612687543994707209812247295228402192082517028373441508419046923208959154622774481987500595456788904036
586 18837464045392039467913394914293083038601744969058746777704425582073678845146998757914500884612821294584353335936397775219428096060654722960880048556330960289014458984843943216439948215299434364156812028198377623355843205893655293894638289700504454161742376575305583392337024904002913921047696536293148059769317830123848926165673149909473724352773336972778717403235443171480874620398059215986681505253065186590552699575071030603171007302389669649392809247129997375201083843795369052641384433534032926127356250838031840350505282048043956
587 157004316452901758141629377092371568728167583664140872657357976218342161945121927509585925157961692078204415492769050708819977123604736400749666299267003677103245410999636279567956145113604351206596109979746646997888834913276645665131967974436133801900955531440694859689807718288597672790014599853671942649658639914597875169708774674986654436583100644172516177922964758641141887651486904475320559155763876742888283359223782579859528273388406131459327995975493598504959035088474074136017245666310744828277157095990403289251619964550317612
588 1308587112609936870576293566429805587642882132675551060774339534198495209864621252400548723825417694151923423365382323786318981916333130197785134236788892626508189428589526135339337128056992024442077112767500065690878276773669802049229527756110100647698863403302825806214291167614696638990244199571064365610570255526559684575431049676730282796134292943623400814842181456186306542114096550619686279742560172802317102940930490886428019902171331170536787936244921483497840740562464647985052289660533293627742896269728716288329227652875332444
589 10906755294764445778584092363542775544866901850905295039973886876953762007920733650547260575838684597541266382569350442582857084153779358350211064087943862692880880388408076762588263033264001157875737170128799036997865754920098763921019989111547109942762473858812336810994392198736435446185600672156641389864606797963578156206168187310040323241489288513050279355808175581087527205917317265647266877290836917927366846845401865626664911953720830530765760303477720829427303513505079375022888747567618830355984732955807987678072800888061312967
590 90905545535411103260803151042501827499001597180861824574613964316614093490440084686642724049422533257356725320994129147402370491602672160657063783354897390763754262153572838782710288563591683937817013153396346832741278307660390589382814529711455347236236245562499541146855030751991814500540875413202888289808019812575992272757525410433389667850757160741425622584323051468913230222861783455928015119826960996276310500193839844252624167687403934883139774321497890995866613882003944109296625131870602962014273232382644058183339374845481467130
591 757682151292716314605344596459128990947581942303905902213158170420442943117695043017260440161707268053712192050345682701582018925203065302109698373102418121808374843990554624469218906338305255780086393032601786200227480650507237444146291324218363512198384788762706328174101896008397314615481882046609857300688146822776063211947533737668934436761617392732465965578740617480622384808647892755737455221536056801421240450778904906947321540240365742815674392580373741722343250052539385332783514090294515805449801924522880301622760888359044672618
592 6315178069590841504580042207972250156432597935078764016358325627110663258670584760302775129498762249723288775378695078736651754518285751586738719403465502113589133381270721057421128583981869798160897825621608716504987668198438926351247124749513080855813368936979872139860773245558054083740211418394795118417272139658556326621287967488116097367606024616506354049941332975570391256352418324145489512080444143788485308732606163264742318303011189736433398571065681169993290806714520332324138643256893964129427242240454080436562081554614862982810
593 52636378804284998177663488979378289120880307634406821508317911325096420450781184498682857615010019161328276347262357933095020399889865241019219338216204607059716853362696480011370290239294760114089113516346222690736668472862974148478675712972333226752521827551863770232724276236130463548229633737543433737296261925935805047610308461296128924615127652557414923382713147588478041516824366800573472950818154959768061876155568668604670474169348368484434486425717684892519039584355123941783020650716680107975337833065317954115088248050067988113615
594 438720834193789903510594216406056234189288802192171488301015717150212314771778595416603786498021022198384446203689820782150761014429628421415294234111206499210317489092258871748774903215593963864068497170368272194737865774161915366088745093431223942537356730060100558968070875548663158368194997745061543564767878600921710103497945984504423411095154647665987194641868865381504658366762920031395908654407292528968134472079861903064025180676754973503844106405105112440826736745103495706871144506051185882779432747842339448980146074657690356094650
595 3656725498924925913897042597031366681566201506002544429427773001407096399329905021707506976954425478617647059380193125553353703789939473846954920151225476270509050028655823087316458699693445818338258407044632074135706132672162286075907460783963446107558533241332156959625425954212273959615950380647863815412612544317190703403169014844839168523637766802400047141490422633658921273590143884145766413619560644776721424132938737129207558427005145191938822492034674897360437655489784379807697074831477157292924159386430417016881415281540301310281444
596 30478830687820692902099128143247833530704157597454729310263613334238536611394548451035870290485674326422789293206495142935305483126820584565969200972279169706457069071853137369593747414438623896240485232487138045041462053648028915494225393855473034651759764465124061678865831935347772712812884060929921801497337396885298707495466569081958407076312116887599591450985058988101179827471914823776001156580167857005860531101232929529829011854558978554102527897681572554570610447376172540751477321854054567940178658076940930185285849943345600933119583
597 254042323601032949128700477966413736236015638943742401875562519524179523269361124312983032786142145464379679576021691058094756384372339921581359400769381360715132210449050859387287083444949683047635373246166012565190851916618842089156458923728389334729643804859072220812850272635776632104570382497783152627401908779118150325219912979742972679817453744007492834122610866415492292324535328919188045101736076648012595329717981522826844347495823814802695027850691090407245897904382873078196342062528682910379062557439091009516825396907736741896326872
598 2117462261974310526052924504963883505131823599080478134299591493934171572802776927363662983356356081052973017051988963514480352829166113462626975189143245866194285174462870303667765287488985644170968056788856745771933042553410478130337756825410552765568551752795091900437220462106606609807284004702343501863677482223447982909838474832334650701727211014228602913392715400296022154225646024304375111061795941743839641898034922484291268830575836999268541342036554702769508538967320718680652405327340308621411784365880521751018885163781011016366335568
599 17649284467982925636982124245058536001108285987046872206930746863057601946165853326658078037504980752119883605555608126630700068256913621261061975511764808708696462083949016401494336085128196444747370322099566039840823827664044485220448411691708257052253043550873171235965919437586755473163569528073211392071039594484416597816362607113073767132659033708164017562802305168163060581648866405845689914250473993588564636109285213540557547432787212855282508631813441447195306912588535229876335821825486600668155232518289184995116486465600331532759165827
600 147109372358315142723621816594873199460326486316807003090687307752607134201410187388923143559707131543896077919842271029955617952496036940626221427708268901978824742840457886018020243820295683195255164282268608238142472783166626140004933779923328321160049174927316387606271756476400750322312022765637781655723658076676675671832253982213883919154697132518690592224827699924803851845892630757239439030086531511487051171600774284132863467633982834586905873019758907139118129817727048003207547786912641670625533206145061393513721919937122760584626275577
601 1226183284538543148719189162213438489004058945849865039538162262028162236631528862894850479365416597691170562527262080375141550132106490396253936257542131663933065192708504977282731943205818785358103341291269235803909357742411291746072682269995061292052846450638526315047526631473269379693593084391202296314406440881448022356873436263711826639729875466869346219776600484124510101812481237204746855706848823559376966541489004038673253293790347983395956470615971709572241989953223339003886547490980534162365093948046564701116438372252199217472608274030
602 10220502381672378223462736766793353968788296518753565831909687915784928165661539366866043244861480905893801414105888248430829691347573788265485878385534987655859342474050687541162789022920353330385617696533551556054957026822001131004016959106113079445998826582424595278016276874619527493402448149165114414721787048884664462048576680779395925080608510466438483916241684195187332148231918215228695549811677024948067957967529299840824963849057378459596646475939366186584051117318893872548680421495856389226742539386596851776744802702185008155612610351860
603 85190446295970999152307303907589804999510250964443851791203825267717497392123025662077237764228281426555236776863731629357484553618801117037226517393970188110167634663167908941090182409426982048859145084705758466277077625665328276858379341576502150632132188120701514030696390944191153732619153408407945351691784793540087300218386051451418290119485382520357334724409983241637282496101066835479373967192081214610642601134227027684499994427417696393636571519260331186965560421871157983576061905181198937886193492740567897543707044077842054084893243328158
604 710086628363402234220668723974794844230748938850250790486686289277065019969939774519088123438367248279239641601858027311770915478604091469851939408009235477381370281753958045952230919527266969616204972734661361268114251048401744827958262644570920572954979959065795559894898131868006929070482145082239334885496213481581343169699349742252268364977435897634919847488848490598531806771541551232313676425792982095401622028999445813421183325709793471568671973424090689586691344991376932615277696596034798311474794226366208687192964840772211671270863897091044
605 5918798582524650634992474390618661829784361195296534416362935644670659034371659065477186600656524065103370887732464315386332068643734041234026618942982653546681086460670356142285085810890927503285456118054183834736517239524606250523287122703864385263587782170367973457419659928683827190858700856593343901046842212382420125909355973069698035093349617978939055663033803121838326031089857150568624939941367595871752884308958388788214276520942286138518944165690010903918935086104236312727025313464923598795424357421040498417211152791703756624386632820524385
606 49335276588052506819108865288829282272997272543239070675319611813954380460366620963582153568975498438224391634930953340219073576326069569005161183913476242781240605378423180568630924735020672940578791036383451470108670181737800217251858234172880575257914865346300104433469754690592607051813990958780848035824641570670668573295138276997451714307697971776284243694500032010586648400853639251110972903183027357962751359939616870472528611756531415251840871394721109961747059829952521860238448083935403216877257702428934138704743394328169823696700641947415871
607 411228634133780235720855147588653012371123620046432066591488880261114179205174631999122409897036278727273865216816370670506785219721937937580321295040175283069330215858839016220592652180152109561113257459239657420085510102595402000842280881096551230552035749565373021881438562985726602952249196326032073974926962498047235982778851518500780313534129536499591343300684872140903473286630835538532535830811310907263756358596046994593447318951065875623368422531401171639189165991431777747060613799592249424528364035488012976220187391669865289852656756577923760
608 3427763856327242486718146142860890227507055490205089850027987269355354777210353909092233112816985687725656767832612108309207572763801725335098006316850223848897894019384790454142892596417388236945099657330219643431824422491397975870828896830827569507576388360138540186769880632001143790517256304518554370886203218073988198220551662376495789339200787717053280418799344528983362448522713195963986339674897571102556851829189674443010996117984328012427211076830299238760052146224029991827527426452734381498835182861749989524458888885892354933490193726609000649
609 28571971287291455434072184255131978910401705890528228183972720861370713953810044362052431438865318696632229132214407260997458296238681641914622172910863255513156456373237145834414323442852861529269645518676741607197839154587923509190489626226723530259734760437725567949328635482821766222814963037173045506223814976215097655086208816613770571320071465071733671419666821597056208131287269347744479666342912256054098790782827296320524492160220179048225038949999705462567765459341490222756561546563825563635155788230172567378384342148846442937859661777384611884
610 238161343327286948464565210973011859678217998710005672798984252516308320877070712654238304661281331294501196415877557194347410917884881688317375742028301783782811426598452138815268920746536358846262723704634893789340461090495275734599764997570580553057464316632434173751793442970321114062354047019009736588929333517040717707692371197508153194053295483309349933942410074123060493534040712035523723984094837423658823442967988128425758994925226732330757188935700202806335117507693402081572182944258921299968826448438684665673385755067231774459704462103890455763
611 1985199184035853339876307488014683531024002600073337184907918138579048210418953989488218679739505823155097716305637458516618709645524714686382357486128618108546334738511729176746066799828769519798949779055396437740252659219270203045720346381451633299107832181655700614742657051329021893861501016176687984321734328582121000926766648490939082344570133243566922020997862123931203129270730499604803917666452697157213926206288767807382370564742629674360933989062480812430103869330919853044206081336258258667933031631854982054908295781626315976208816495800637446587
612 16547738515139523208374764129594076519325673877344534031286194765304182567020379024156305424600710735342196627883188321417785983061804933865664066184902571846672465899466574270560399696992004731102489645701351686086739334771096050278156824896649901456879698650364101971448814690632703387099563098249092583312240551095764397235223357245941613357289804483988429414696791464648413298554671539563154534318107628942982142595008091925618785985087937138501843233601963632812902500062117208163713420438361038146400671756167220897127201193628136361712381370183019296077
613 137935149636542259243115225321172668898157254277685091367820658589076419921726906344805068851552310124438154655322719393130063818933922413164587768485120827180579599161951930298283324646488259987799937104135671727344419657589480028990898342865980114935806534566845836088646595923675160416136931191434070262311986235075859436027156623723705874417679778978499313898992039791020771807218393570164511491999167194726003294690244323861765027064811134415213544209026247379135940404890210368896709158672874796245317597912207275210433723304855309354751705676344753561972
614 1149775326067997270295789576297214550444647344516879731446025585237817862263049045833341899512171663938386201247269766515978435786718096811485787609397192572904466408385469052888016318469276701610098763454998910968238629241318307839955943616790788761102939513047724073619543170746958796237967157954402663118482616543807555524797969804341954271872466206879761061742335151926892781126597310248290380292381022454333107808918799189540612755430563297996395229127674659707469714800402617096795755994936998111991143599995773453007660588749104065814171311024575646729552
615 9584131117923969961432171373802239422828818592602355689224586680233513549122972828089263151566508009629878785106118061829347383609071969504094195524677799467739385761028485400699756943105316923153007334248027982412753321961190729785937570195706673005612534197104088497012190977612408220668036542570779015550538454759298161772984582567969330559103990213338890088252770511442372517021861340489734465013807992426009818321351350113253876178468239050655227202319312258293339628029673840718116904389705727783944118110520019392877225389141291304513671741280432305312955
616 79890332884083974410349631901980296290258385231580010090782275966718839336126966347045129918163207268887232619066228862855666118719642083971601037083002959295024724422188803769130894018616653488695519284086095135745875162045961536789045500991144531796337417009104340232049782363401958596449028313435334759971586808778691503111516001326443689252511343552497188508588903568305253761697064763305058166623548600711352530286170302235095849229935726470425101096908565834483912247678714036539101498489204078521698032355007741663804778081934740869185677781982165282381446
617 665943572510164674161703495720179556717456607104134759764974057321558853387109570112085127425484851868013019142678876879823094519921316282549080976009233644644078649173483265459688078601580022538301257568296383178811583568041259177670156552676144807394648734497695786877351425919901479794621514090206930158077623851893889292630825602215269699507755365482089918262026961562983785420995358725558138589330265549032645473703817116230453878524631870653548593290760436934178348538629853776534495875959488030969126571513199574557758169500853739898803140893349624104518376
618 5551142084549285972494338552555480032254337771923525100835536833880069611354840558892757488783375026058829999493702089970307449683279317319980904471345247454149130475206148220849919096019007951724904666518660465857695736415370423762058465289707474217754467156664975554233630026062863994140824756791740741947491821757897445939549484063069475955700754448126859608539089746237554013173223527201663671770689134555176201051807435800410918664559132253596918983050585160014257094450082395445342664834961198209439346651261274588537702715140046117436712429665179368546133833
619 46273138941369443671272867581148007258821570655083039458162211275625760694193444311558702746290529733121726563271367074818511879072186647832134002124106453294801834834242060800396355229983454014803864303255107665131280502949063832647370541188756065173581460362461189798733254332808372410388157761653796878083909969513776009031525317917585715425169137415306855809968654644837812429338975275657192071969715156748401514080086457539693955742827133141672600168658882423403869949907964387190178093206811067348578102452460952746069736772850043676603472657554991207273714472
620 385724547579501021449155517761415959752139039463280105120046591769447315840461100615760461396566138373181583202268264759379224756567577668684383474923683222959075362130879029447305568118558781201863912268421279893648999076849609627350930516744620171922889760493103568851074961398386662717290729084961175822544750185572923933959201366042165455182954785962463905927427650155843892462622486363057182259431582161632335518670758134736872664550998068610817167617103760619391999251849886288122947336668651324722965712928069424469509237996068925559608512635151638176655394627
621 3215342864928359533626662167433616742264723993264145307252901456937371983483992674329365758564406988030128355909087427152825768061218352343690982885294697432937739787098604882777126970696990166530141747163410286529521202608287515708676503440603158236537062790006686292207988564525072138217568973465255237660626099584237146090360521575269787217100829944550635617591657574701217598628710388081186797760535302233087234287343303161481258092135837386266156414958119674984549110667892575505689992402634873683074127321400606048158921399561469536515398178446894419666033408767
622 26802727523841246398158189367761720806785317769877987186000193239257254449263323881033822826546173686034887562723909716488677605287710982862518790662849529246926936007233191152514273460349105572821503208526920094243874271341428472887166637980009918263081003793675854373538126238818899998862488819032848694918031360065742011572333477734129962444635541148818350524744876879152531676506937546951969100605619977121112875059661774998935148211043197952761008918716814047207381755600457891630551832813876641731672213925464524108516409942351539182555131629524092463426727886685
623 223425313541998678721606511207521860094610002977869451693890369606132491065643141207040794118443402441219524744257665751218215917862313182805078257026488386755337181961736863905186073086710333961442637493505754183724288390702918221939236764210852861053461093326386857086271493765949964007760125751008392367362935085518785012365282939355703488671245774880865599916256141147935022541434771402494955339286211083210897893094534525219646721042184257617633419385202477731507769958573795574112915970990421757536688584593249153985130669297659772956203211534602155924870398365171
624 1862462079301964515612943164207593854617882080610734590160557996461811225305266389362407585244659793038045239318353293804018420393544462682759597093111144104442802526245154914331193784464991460889761761310251845363409719784931334772426155918200159867349918204640845661330194819352707472255019686402677226330063282641132340431449448241608013441480332548887707594662504855405425898737668274849973763015432116283847618697297273137523729295573270073504529472202078239187403964092358089972418754475297541525962402681912974963271060943174256891442066564873555550995331382944268
625 15525449213521113573700527879430772975581046466395512510108171256470258213513390995351808103613868881486686787686326709765621571830228799795401891353722858566318168982755976933913667572074842374301787942000700820717183109729295342470575458551877816454592691055059384934469981980798030108882314345706197664284467258015104030275310234378315044798631796342095547238763366831627532622963378272111804322974750245613348903624094437262288762377743188878826706871331523515928745459310869536365261624067495513492823386839550315638002174606232353589829474059759775519411093690054977
626 129420352483197114849387542476900672456578955277147734014144433300379727850543636168850455726350476355318886733658368792806429479516658333258493243937373216309804503972242643935948709279978315749935185177583225699392364463118268764831957012065121166831845691037852508970106153962432555119305000957911354472568596790348041207895085718639585728519099096146416472121368952710209455905810465234998858210918362943576061124715499160642252307629117019687636679482521359834378662357628554358602332797839648471931929026550201980157602704001435356907054749817538594331297764759052195
627 1078853920036012157883026592478032789812632237317879520854766275540364970233242716714464074654759881906671054661965497550904864270939320587218190313107114711508050348385335107374407964829774870938338893798527040462134844629929147729857779190101521998671410856106150314408308844089937572007020995421891905719326399311923388066348977727692391936152112786789445593086711578819152687603742805722748225122799864933927097678554139737054737611051032403748777590039429770286393089341232096798610717953360944214196038721431070899815764628145497511589453973753223395818532745383170769
628 8993409452618509712288563896407562401041233825251669820757684836936564623925733388141901226926838189082503529313330056851158086430150275612386220243969795813955485758349774932818255992744359550519651713610671118487414416584365332409715540020599565454819227203002766753754647374997432963768612138704491932471214653910717587739413693837685028784424568162777280950272817406921221579021142436415109530918905623791779620364794893075218390369130915869351989206397384385472781424927082028851358482684683807753785262818023515969765516924482676658007315369297065949678169743224577254
629 74970039666159742103980335917512733180209286257014761119728362476342231501668465242679238517453302474138266550676865778609126506444671632515719098658102103417352192897951173370575715935461778478328053713162878480737257737149575388198761480081921847879787382763237114725341944460776310413065671911105326121111549327498352758604387063248014303650427191972005974270232484829522667768320634799194366954119794546561813365369651628223286295667629938460131573720322988215353186046081604301961900389029928621644337075595876854062025867187528182699695229175186031793181891136147966156
630 624960776483918823401823022017680247905908391136160544219344919140225663162556126193770770617078340451729386750436136145250983782503485460562959675252707047947073414914935018667533147406290632439919693970250731822465425417337075345006077947255481045683874861182292241724875120082240200249961569954545337776887618909386769038540717245686327826504844232399401533837902322181309665613140729118845845424619425614859437487853485331303167669652325717089988829492924134413500076323754978371971357150407531897264611585374628116407282899898544003534634826799694674572014717581556157480
631 5209780464966530093267582554725498124195397874408012635479939619221451181690812066871843513639353008909521445313099219581875606484937637853782575951525657256555095955149169866907151845704014604899029579246662881386613292832393165446131301886482282031744987799638030108671486465992508456978101504695337983900247368434531829154972948092246435233211048587548677734826806801173250805489028166578670543874022954725345691415121811862632674952931517576570504616397870974801728640731661186433188039716046663373351989408662626746571774034558111292954106676606144741972789433300441821503
632 43429789127860360350475967754690383457379816127723118422565898178603609001168712974475063974426701278726949102729023183138190346063451123243570576622491933376352753856258689202915345223729228193089554442174974422024945142993998372129079122664108093034085446196911015667830396168674281940637210202095906330135902601870096253872671998382343066021550359213122020116566985939549725989999850846898887675962305805323164738044259061768865603822676227666440588992784663172352176054415423271426137974268594712810028227693025346385039890635755926733102032896239285538147998734530311678136
633 362040911126585677088109300861259198904609062032497385854777427715384110264865253081373335666291834077364890614731048923939784640049493461036788900808942691615781838028666864561342357657027627293314414101157970711239094695057662654486949180043548692837939729988877905386411507465478435000872962935359279311795691062256410161060643871625440834960134036210577169109804307568263165283095769692081306413913888214527412145904470731866700054149297148782129637799369625243141560327812995927096308780792574284978047971180185962950887350766358485767656703161993568780798160955828067369828
634 3018069269931404645078600613841839182161454515489197809299205543816356747011726555052915769390390465378228968384421452138534117091211046923757278670877914732432689733984619333948931421372444093384188902270961292814371761345994344085732462440487699772515613912011994781735672583104780909865914434409903138582533281827175142082983801270564772935595195421116203517325820342963614747401479085310808955018998884890882049655334208049270302466162397370937417562940501580931622792347720699389308959885792798460986988023010036663106562130549490178733358130614706862067341008227484550040309
635 25159521553215471362450796631730542232235552410923029073437555492281225749160433931864959032373753645372831802297203145961568044755855871619531303172673950751909716262820134953761608652983455238658122431014067967547321706743871306759815070834830851575555423750657048301903040515553202146864515206246753414988101655034219590814427724918362981849686712517634105019592076606737604306490381830334283449397989262446529628998049549920310196123496576402979905370112477235887033220471676431268272984881667620583149898156237667548026021724786604036839303836664436349139723286498406297230996
636 209738022136801954859821255673784472673617004511752037573248275806253715530805814377263192365552670184357492808903179660316188590657804416478949191980086430887568400447211084191738323292024042713451933479394569720969144586570376381474114451852029242784994845308234603778584428064128082742434293479654725257026424931855595948166354322546290297984116568282583595666578062823291491334019653474789814822495803890036665933017908907903706761904193342170158694709433472241028842253669243971949542352188293333017211562001653832839946293005121695303345521435806733036823622787745181407975628
637 1748451414362977861980257689475705899659277192053290635273805666370632937436500429109589998663522021359746393090864107204757301914221617814526698408021920944627409095821566651630515611759815078152647051678177968789055997830143481383569250528223341466869376381130533956675783411373922301686634443754847523352461958451783969122616701113074492378277451952585395610476840820631041772265473616005735952507276792290438975029172319819735996855450052436120185785325211937953372499761899500347934961796621928427355363114201172695071081777135868017072325066303241256458751336936905185094564160
638 14575772276802956562800640891644509186272965794107474052602261430231409969158064034442861016652511897341869738912933142701397251613198750170687946390255975316960345980347119991400345504667508178918270554351980091281688958563658077981409575937522023927891960793233891126366838700096966909388445317514912168241236314136404513009695132509759210846884319267367194334766290182892862942919944089600473511299988492185462060369091602074643832396701008193306630913895569080171715362660580014803302479762597245440091747766578827295032727429483834154504206304578150269250456348676130754208760905
639 121509764905510331292124528676904103729427320589493346293880336326076765652229067304713364339304110418722687935898554888178281473000457625646363190767477977030018959850064032735158874616269661900739244942748371958645850158866833762550466904995701976671089382972945833898049633750498994623653073063638683819162809756296105753767030054687289611114154368581708743965934747486891499942396635200316320890704226734907460113857755610545940325703586311657046066561982300939327334818917635049137884517805199489985231942509318023502032450241937409154438234581779653884993042979359691072298650318
640 1012960200065338075367455609783757055379212260879364516271980827659685149576331172753323356259161539877831061528371647576692166497246876235309789692169760017809459891275747063011159986242710830991798058964173981062340691258162908936058967024049857035324363872764395444069232818086177404377616725062656496098653098340998810826608384618545474010576948794877054675232983174092905305316320991949040883859253900468001324104325815651400601711069985415024888592828885225519955663189616498885779418448486495931033330002927506298999992257140676511375485795605836853490746675347732143268267307888
641 8444523985622375055229526332219433301948132905640419864515061733953126346176835980617164778595685696840687161368540827124558036052429501653901353427755555895704914964922977899318630342475960853767216518369341166877206843606390525238036102665705834036333081427155446184840949225849944435266676291994380714462445452156964177254622994286855304456075676292882231745668259873713408634497004341744039764012126957004868899713132022098233981443395459652650909314731311523071196357159297518216340033846993021071157905257002846002145677450286048461538213254883379997386732929292025679606748880871
642 70397875106010742672056232894822317844013686283677831931669363199016614141793490695388035284178893626902358014954845930604797491060910652922406256730810174861775805318683428541921209740788479667903440621290458953203193230008757908025768397021264618976262097811284452309813085376408255509378443657112166187299445319662889253279054964561897422335174548489031274144109080584615153577219287498060435882577895252003521155571431039213297413691914844587172061098685687382632583417020555966368833885580627424699152540976866118617528839389781887630397013507300130180838866554610927280475208450963
643 586874862608271699551503449373889830932219596311016511408708823386799755327249027130291665588741653623239596632626585525196217373772525356270456022495022207730057676506527642580145802546662338306138318433896195278661477528308965690448299993955790510436669005943392561609721208354255962504419190413573882054239736235047706606791967829053771778195449027685756687964987319002282581592456920743346411143317582496926410385663781937526813062316226157454655237403033869394155727758675082596221208654867734330893150881798630401074920601670858379643000795256164800395454811280642472703091853835630
644 4892524856780843984496302376561832601997515072113376347620603546413960908694428096219063159514756382154658879744569806347204999758296115282321872530895780696133908113361463055303185267835678472500078840428961906228290464312647498079508512850876248548174855356283516523455721284309851717261816542171550295655865957991509296892197381395408043539462020290904556598803867324206907191911024320305403699132979795243972798731084041229476064366721879015925488051804752758582233652404319157557112559464557854890076086009778649766523599222232082727528488889074523851307685413050322987754939000760560
645 40787035815181310454299153018757884949941656289396407060779123948328590640087538723402997955749554209738027953756384267958512143860842864674969709679818098151739273324246116969453034309724453792712616901218092326164126764075122750800609672652132807622605534081633254158755504613098057265100925352096662727567642362314615718098567726383647791268850878031538150418595891933731291471048211231556048193084510806293869400698357398463665137417010706226341772298896049071570067943824300558521120648552249696208255843709006759919916521539559003445734146184739886818478217815510888161782158696843370
646 340026537809012984741104187995694149648742881566694119350903907089122975925560725824444801405551154664852932327169677225407914209664676210030424304373519912611795146312216290648003854370417541887733767372351226828547500779650379568889722996141098250217872157953351319043426964187080116108871492977720549806570988142415057367723204983907713713056408653997977860084391241054878600494544630603339000800338361476223773081772163171175354331718511909014403582352322768119292414197349875192457805779490710377758996234004071293272027492268026577690315248293166581401296837563760158763708563149511562
647 2834686552834889006153774428793015574217094423186691319497198764424063487226547285364160171793391776785210680860358303466318281216824781586736203428325650544987117076916432253254947936416881942131946895832479534253005668702527008694713124291550055512925007223242423914871262385352797335066080564160841924171169326287869224957065194124792139641405948782331060599353724112811762040966167215111284880333954938423723448166819786253026798100071914363543054438478258750672514863218187381201919073098214271975926494249121844557754336834750112383772858607882341187636245055455476971155806474401947915
648 23631910307557491176679866523303665458370887356945925137564460498193851787036496092135929425658851918238350429330720174058484407004721467180025170577678962935249452907848176958815456566321874770170311950437080650310175469115653925253666046690399358882907953469247991820147247694282564896600058920496123472138586228800015288362237036905346401106269336646209186551230165034474185092494349166767144164861737562173944553503991445772113580968318081747185272728247551512884683863914508444676779010307240139802525969041822499982694482462491821099160816683866839572165217782500433028195599922786215730
649 197012674658241177284285788068800795003775936443086117155816774003929838845930959767578004427417824605839242876729808180020798631403134421836800788717532910400985894288259421458615865238693197443804101174169039117178862542372554882984044291872278409781647713646621842658206839155959465359942918129214241503058911906515190034084873654980995112597903102487329959934212319651091925536783357713794430570799472968870204263268628121837480373793592861245239911287046223300262193366550605740685579633098264202471535576793072656011893207424170937638496535259580873765877242870438213220001001117491267361
650 1642445815210512518349306953591970586983369545173389793897450532135915311585135926183219434760235844524644777626537945214682276578718066594478722390249842088115621134556287900398516226993932795342748487412626536178157760555393798389036680861639616914667044126319975027003639406617378653568776769486455281344376342103195679352664938793451770343433087811339259399747390669131052693891148133057270643743518981493016150449584939057728739528974584548957045828382835819471184441715252579186661922824166468169498537970825655698892134309809596490945953422091868253747078480391570199173655835844802745093
651 13692712091371932214429835601181197425028723157931528299029920132523813327385822995159400787686422812037857421773517608162192463343449753168756336861362599865061102156702840664992384061433538733154979511631136627197691739720013387937939294034503105862876300457877436027074157458719490113615912538429601105958767411860193272895574610317816442013294686062080471802791483843373381515024259605302709832319747412162638382848075118513811799480149166887211035503934365797972902602720854000316452295511225292293939732535322848204694086566092752808415677634939929037030419472493103607973072292304320404366
652 114153554550153049876748170756397967383560176002224383706103972195189827440428460856929267072407032785392482723078417346026559609306723609540823103692854817271098596166035483541247946150417306569248570897135965790008944946401641407755604186989162371267757907931394737617127047099482906711647573800417369037733208272359969534911300796428905382694752150246495798704159305279967718279309995844575632404946103865889594656315400811026978687249611252845534174899033427510497747560225263490852454908079784747331234746498389266452613536191336987795149862207746002951046626156569687855324384268507339636844
653 951679981738914418146275215241746662799294988256395426643167177113155175645383273769915709336504745839849774709670838424362577816348326311372256467755749882926279673259511666753779364757150547532401120418256549893455461757903190434360929875815741990206172293766074661413704493730431672329774290341186777048193893079359869137183663424361144954959774264570979341371644069998580557830308358472155163244669006435850187037100646027624792155144454497072561407070284361368852260350279612646610224164457207748911110911600991779835148598649883404164098793594795858784322457056377328828166774532691554091368
654 7934032163453669462749559280073160720690245935261881958011517417282017978453267890129638415486257609429850386574650682279571615613441790110668602331432666265373086056953882596229761193866004638270126139881895278189145774383502304070765068415174959677556076242843425801419654942701296093051774576017317197814820809032565043821930661365582730442265743579120876451502709405007117708225841946209495074511544045190479831197977069082091581829902682538975229485976996123002069007997012516757006828055664339955657038509763518426546975982264502341827979948772943588668983702756115832535074769893422860788402
655 66145225623266436631301135670657303013446842139332478967360333831078261622404372673589347232489208810174305676054899692885393556948320453369854321746062754582651351245973796211488615948481603734664558130482484581744363888462543525406482916210581911188036873147288066737244337274976554658767459220349195907772271541663186071745068916742551284707224832152953850905184189796225342060949669684901235907387214612051406197533990196782558087132630028898360633011219253013378115987211171283615042816891294415113255218213614731181606703048211517642648647564432049925223297529544242708192705971212347011841568
656 551447999991961671532457200469484442714651461602365894294835356574127414714494368392711279925242756137282940147242651637878800639886207936921633541039666127970437627812764289101218399869025719121729611058682028282831293066423658456958722253721800672520522896264932739852275464708523554595252641915172685021822463124195813434447065070790443713792054935304500010936875054696664336796644301866318708549825713076477983972308648487019441429459074403632293376466325943807792945666001898989376417221556858176108399096036880829829136693162795473644932360067104749342381218148338202719188966679741295368297309
657 4597398432102649052224553850796504450968875554876290555854298963611222367469040167377469708263978904592527532061203523705061757002555166385846327113788497207228570398682133333550290543673232436239265310627310948386845495202094918492592860413613881074271682815231073338282699573724776738414492101635218021151322002024908890214290189006305414655280147264477331555176142093766337538231366962422170365637360791131263289494777359303227627622865432838860358435417105725538077608598714171406698138310431504691184017298060275989419446451259553173134031727759760757426004432570132385495684706835949004063654840
658 38328447625688416253074680783056823391478156734234478690559383383816550542241579551382503908592395040434028678503587833156614178033216426778653824394607417840842799640603004201113324425113744083977788847712819230069135725526104315202421378815119452107622112838365303104937401392410902552455612912181415266776653900208290564733937084260169787298052621461877494710304718680534524613384362555656494967088985102257854995797974084167117092320216505296634376744075117864923039045116611188144790299190475347650400796753461189192748620539574544202660590979178972738885439111856589704582842824870773854205567486
659 319544848729758046594882698141618877092344592421841679467275878435551200695316016993624017688615896531652758106828442942064676612986437088818568301098681606910828560223936230491905533772182161325950708190042655208576149171425090705673517100457570396069736904342824724627484920984076680430977186102766001203033115603500379507941533359525115292737295527612156978757889889029202456427605451948387528267115230326877103502645912638143204635148727881843148089207780952893465981155877690293106032913973556891382344068862781959442465840804421680533168341578488278279668784246070624629626114357681605098844200399
660 2664059447416555960470040886038977441415884481909208416741682894664253219883994989416953425333642200008095084082582391528295630319459839385091027311138319942514080756512121711158355050862078043820065845930197946426964937279065506961725288183363989037525013909415897208039273585005613379699196042586707229931330102222317740182934014326982453834904311477153729540265992405946937745409184123539409617066606900782670766084355206323393682799968752229507589197583680362981023797983535630135244328415585405214567113164765334501222495543360283655459030485831931550522877233956855482377448881567981280194469133129
661 22210457170319803426196231050482886995866744207372335174394332903337900596640589206278996768280289783621642212813957141734738431786301567378139201734536722321998958993879857429469774448283563436108229273792333016276997315097768632114531510643218585536971842411391061580716892288401603721662263821468692159340965965902239699140126506754927761940097073056232800961487695772024082787391969467561272614856353818673328851104254025283703608641043647600077267249066267288038781000871751669485489869836136590027846974735184459863270166447617176796674624724736996081880862649443566141161629503232534852442922900261
662 185170830785510993217182251729752654865899177360162725061229706214846147383826521753354515169856680455057035591828666936572197687021874480963943216473977206944628520100542011317280270969852127729797762413857425750975322020872291820115721672400993198601685031103696491391041934151432358881711427457743676962744953483423055551618100831215979445890495242529638658360012080027904944527977570794871443331990138169552190283139115924387638621428091408429139480081124770706360704423125272987809183924900650146406723668707772144984010595011097734423480259822868502745541016635528739624954154826754625383090845394260
663 1543793252921286616499961373428245287212962799328384413667876750102335964546221268529278556402131904179308805531188517724111092019397991015118789545368812322712151061836884272769309864105526138499123621210742841084836794964738972567747796515244208633639958815629768307784658044572918351374022469625814416722875724907328147028199124209723441863997209203806248599997098911100140359901039488428215902419176597765891428820736758942636632099142177541636047929644526387824932823976900643547423773906970831319638388698824435097920540132086425596660581091917489643683535267727605282127221767897743876003188462470848
664 12870848663390775315674277684976614042991678819877492821078896556806238076598250703881346356805401858276535315469598018571310316997150644090815800647619576225049401871993277259734319224222162607244466484403528665457515124330130012525503397444276336882002577687152940363873249582123816979316967242148403890868721523418122941393697099220863205430835809534913365215793612865686991886692615879131814191251684095348594743411146996408552404895565573521501418498435064695288388101085402123722678852051615584383438677490331004116828036262133737822553104718307615183175398251079842969367758848725118811880093145133806
665 107306667231736100875760396576731149344393798322590558486239217411580353136383588622545480066583090275891385367199398058608426959591466805962138427510934241231741993024294612790739894005045952855737247760460062086605427006233348309072829971560684148028473321554600599241597793545064001976660751491920535986849754714728974801605581356289693301890454770607863169479443878199239807879060219583095754254542749126817031934862405226089363172878731796076646789269382915752151985275642502797758620265879755661649609970170214912555331183730970432866508709763235829388257687365065477463800487937507901239143908382660672
666 894638744298948957473295761190137534420105045693531625165291349858485897935096406265683058926600096717404357947699545269931714955969422294788482471174744608025755992586287544682164068110347055550859355489828285791705324747680075531360717805650459105731386248712397973509306155604129923290602434480714493595424017399444142004997462249194299063291888618374169628565385476008682666527837051344008397049429546954690293387617330857519513945415345286492284784594820125211298173333511148248308515264667179077421154902869698932754739034991181159047667481055281533223174759078077255019342886273428001224958996258726059
667 7458820685670509942681240502761392650834507687611413873948381156077112485514726021998982486665718635135387221796340179054395864348778649678763553390472832468969774395983748073763544484326013977615979021825974839807904345769743893901637665340998675763592683495366570876672636422396040242258240460538156210975003620543795469977024940084121043910145132976186974511935118072857030392196107705432596295011122744632120269609859890632234717755001386136784146899452102071003567690919395781713238115279424040178595344689331396870954007210985229331152688038338931386137942102439508062838384336151857330805064518431587773
668 62186210844001894932863992359186700803640437811332600412687761551999754062392526194080192592739903960671519623023409241601076062555917245331341230505553437141121104250772417751877458167275821748675922438986568938536370557881659011242213873774665190132363020108135762278884437888831142609272440403077947375409261136034391872635080988506271698742601273590776335142829936903490835039567754596812082097834495396625945363739882709536236291139192158866421280153709344897767246430233360110396586619255591504612978522938483186177679667202568931953924688126896682888006738546945744971935925752232286624559757352439173281
669 518465047022358572932189457147413179740571873539909471096702003292240606618511629635297767040272526622661751614569606909935713525892294907041586233714105331214161657829260666086357744922374002842439368658070131597326911538483387847915136790197258789789749972934466938916276988139463149359623266921028725326700371725023705804957487319132347285720855161907646975771862906982152742087637455607663019946032274457137178621387185104540434657969877766575122956488161990384577542579284439955854878061340958594196458122144687488404159346875625002512081041317685517830154270680340329130522026185348519290422137958526501718
670 4322612716905431028108147337869391170985749678017160539351888428854450099846404277856315410455239618806082008801748617877687707020202483027551427276991035526560865950657641854119475646787013965931860110294605443042520310890858139219346850888068911706972882602291894745770585928865823500663242083958869158484668418968913565994234813461789043386529667220994966567896309798935270333187709750054537450295552757349690742979192545928618636676983839359060321242259969597571338698811946063826797275741098429084035970440966057756648867832093513710921795859701651380999601900555013666822987436826136959495648100218396604822
671 36039156811572394798770451943033659412910989881478936767664874740257261873360774853187052169496870111882897378461239853836475236317120566595181030685104976942605978343139505473600021284283988522814540735217652107881629903097754582889260471025623194740682782770882845056681609773833755280041901763915597610686733431783930695707842216658244736289744355754858448552130662289644530896802539622321845608211462349314137747811876384603783653993279296277276859284437011485986620950171077907902884441784493150211147768511587443278819766858053001219854870541550248317106076203245945014230118536113246468256804113244525365384
672 300472245715911971103419699398970271450423486446110776412890390139423204486939288839526143971904497093612512552615802709774891378653363241889700297856874561164357997371286820115235168328347515798613650029357500469151420776988637012881909740855732602876649959659941612889191051047233531410689172682401023725800740394731906692617009309590032314716742133833030617047710604682461356203631022684508461985240835621110385801396200107969626668981084496333280881804267005412340902733401996944280948695699269136766080199076575715080243779544473558495932356095452432149750762931504961121239283615243766266102473361952153493137
673 2505160450393384191180999217314709930458939000096380773175973018776674097672386017180882201928464345662002256227627976166720159507925000948693162208384035131567932955927826017227171807333102657408879553478391067939407460859424930915202729550419414785795682129516485120325828136967869201585119603313219704141325302326920845377407506424174215522144818435313256159718683505550734117008343355756260391842622749604851119725293070699848803238928376922777817431100903832175260958564324040842992572395663340038748528981767571364757561557684578580032247236535212897928519717062593428865723034431865059793086279919527300578623
674 20886620159071433334306771969750154645335077132475179282875020170851908269558921132173382977916902436423283700995714598196470525320998181923491328503818239528368608443273869819887202694087622123013611484405788516086930060950150248130011987493055599763430014762312453831026564903093468372518860217139644132091776661263173081643727205425785453670337954666163978751329493483836245610286743678488382120067783994071358482356618391291355114623445247736771650513734402210750802903372246205506646599496658021776779493785859479092768798373684482793104257804431959255611143792123975550491865297972561407604087072174212059018490
675 174141477429714943992389942873821971748727119120234654826631656038452367596908130538240711675523594599947124322041694608106708918959231003597986477472308978960272165434130493949152722246723925759428688414932916764352175847129958743390469142950187958705331228740748405102461305530700575882200013470792284255487995317534247696268862706622301062310204698094474244951938047256126385507249664589443976674405444532487661739257484780198640787353854167303940846763150411636283041158780163265415496998954131274549868758327651058195094126656197783561133719307381635204109128553802378549785304061044293041188280056531238764603076
676 1451903360059462555914140929431281533307803084625338442514298618088246801002881646456463044815027179238261513219102491852410292280001133094505184928173304685320582524166441112977220730738941070948451061486488276961300437314202624625670686634895204428933805530023604556190002873131278037445704910266298113798145431341212212884392723678974670183728312689927602043053425390741584237835485233514978558396462189566744195057522204585057127547996302833472550442890685364980555860567170969415941373401175953923838871525643515867129966991546320310018053799707241816521096411370260009108535216969873950801107660175995302022607415
677 12105273924182605721390481093551301540589627208940853431496188576991212649548866216058920188170964166409717399623251657552211346331092057958607829452706869141264016065782430521159058734414061714589779872401748542780196236205976329215450657794026293117444453616917911390067122751346832420217470064714162524396178666640066874075952447054186270105431345076524187569531604830795670227529980939796315367305784622221874637212132109015454592013018145075659479552259001431033109076869363193553802378474371921116780505060716554445285355489466829529431437308973994282857164650497592697413443790448930952006526120389227725938208742
678 100928298916275535371163130117274950086486020231626416225979507056438237376819404626528428937605929770953180410187909231669148742508348855888213495705439977624354857254698620392304617981909841963126129874360902670035898185456146311818344107396406559374938411723162767714607163731932050241259860171094630532438592303671814292214758513490489055366702559271015867687878387575890929754809258221546946116425370269874903541339302988697533035055935183981080210149559951634526956836679792141263842554397823131676592040466507716150955335847692072851319583855011386438192128639267645845259561599856113930270125229621004916828821780
679 841497253420608917752198824107764088545692844388271701715818584904913657025454744824741864974153379330505322718234704048026688874672961674447170979455640931403998243034178248492217072737854189216474013901596407343370115446207891583784461706690775004601164597561967404487167496641367453750303025619143110088653026239938511505494936638651191400171997059447384045078414369810089009982857235272850150718887684125848093931235623725493620680429338119641638274684843275658267246602761642956517776986045596396729295369155527458298667404295886855088650768224162610197618939567886246358719393468079331556964129154249521023501160014
680 7016069217363891046703134592143388464612507511186618023641666075377594823804604148091597795704938136982207219139971727125664136386932778517901590873534052319370661375071308226319553530350536623538359487407253896084286383671288838156566875075263240644745984623516836973946554632491491040977233483698390966794265696352007654604539784402176039348537330701713517252504779035488247714009310570290462223648732303131475674817781577138652350994615301133485751035862858647296755223188401956079762307206910023170484333884179568025986255788041546830682275690438046060420330931115174692948814897884709074877227007568645884129062032140
681 58497382770212939056047716152964397824738488649986831118771576821982166609993789089361952746222782467340896131938846164645012749708389604966716943917628116955236934650944449612467016718905046614207472379298586366400798502633829503333316996627640240114047037873301322047815383743596905673616835977628923194012333234186514282669458524415510353935226169474555554706066973954679086924230687534437153207048010346994623666749328655174658414628818249034617355157900544563740417222375579116105821906056857557686804949805405457545820675227148384901546276028724057190665022020447808505399099729561643488479472266065838727548758363993
682 487731057383655334408869782985815185077555896721538021258377810328988289139198141023515733565284108747952283347575974892394395285681531781677494199214628281274801208823343037715133975379668479738739965341723836233204966880275660027869222736578118296878983605845422386483354525328238197516015292865556299839415775327486228716622723965438522128213983521416623497255648281536152128293278380647393948975321930167614640324651029886201773213258830747332081347440091360431454486966728069294275481292233603688444934997148463526988319884975688995534712312114175932000436115292934760968005075124843919501763640727654612022681230422821
683 4066546914800576135057636632876789339137737888053887250735677031872191077234117087265880866799419258027396149251474708811531743319496112151132128566628069961245578637603162431825210739329847067303198524857845231701856493281200843861874884930868896647199988642297116520655155637223051230414795303415511565012212190215812079741751046167078794205174982985634063636196337496530622676422170068238859168532982995811511979170388683710966500503799097825325781636874645687975282632311653311700732777652389168250196548982395652806416750605755351297195084178496123964566922648145135713586232312095779508328336464513297086364576132053277
684 33905687837106495378213221724905435873279824170017519821417892096929241801605556212978374838434867491201655625583757472438658333746873783964693389914246850913852565588810449302853725653135690634360000445558189200788091837538072508134129345173130405160194199885666751852217540505338375428644049426181950770555318458813460237779406126617306467621309908740067472362629331939761344928549493391474417949481776370820334429324467683548154632473077535641200356865917924259924632261625508570961362079915944721172030429059194432378357570622004228437052335000267306367109543295490591598442886495990960702190863307659144176368283090654953
685 282696690145877334725022769809786873984142544545112873095853415182237594796665563740039393867443892540064942676973493592549639093769283396067757363232011143979689565562152191585937575346581139362447100192387005839673024858745540529887700941595956173649801726729587014877005786395992232352292700889729819486730921218194056860854357997659267223139319381857291872380671738726229269173704720871214726378047587361790903304845332557038363155009596868014442472084514276613908996219947947626760176858315641814334365726951015869361393421271188660917525768610556426544752383724858636788962761908720413410323795139457255856464892931115218
686 2357058038729991963024099900604976587682601383463240586759459087066605988816979728779343638685578925435486488262336543283584523938199378540745324272406951698919555354374174188730930945398533301517723844447962679150608590910348522433130140151549015328539119509833883613219804402163136824842420946409972005443175441079653655376351866205912841538080481430573684952619514527795593450822680188367926842826373849906696069879275760128093998791134418261576116805306106309592525875073648301504225259567240245687738380885237719293664231728600960145121466083900456197005164350939586752988051411247817075480121866856863658703886309921067988
687 19652654235828157887930305088853695990517226893572423354840524573242539151609214709146886173791201695384197974163271627411767039800836279064299336281731970384980618705501930817216772462171224393916110141646708307036298548543656879264977989060746847509982877014184742481367660527384002454196200633504557997218542753018542830359847189606733653383315549158967176441415874840192136984117149349363948080785952770381127991158244509774942760188827395871725522784418660086778268690226058739393178424153700307958593204233640378452068701054893068654883719641604006473948562936740495713791185089408906095786233904844512605525450724193873131
688 163860218781904809987986783735801187520542098452655096641847737225284193382565133948425389301570055388961288549032304359075795173624207373270413214253736031280835217400856373205459042284717008829349961251768157277455985166009551288783874970399786761028723669812449597312844032911892017174663893987388844798367573242017875489673453459356311644854553216455841039038117805919022433440796577412084844978387877617799374634311754761197532935883414431357233858777097364308231956492883451872408677262054322473826332314825543738891167191158802705229007997579238213414019709746559472242614273016253419611117056647319377152307541554643518081
689 1366240715207647938839993128388090618316647176585342123481805856003934108820990781667720803542961274353514342578078902699715921597614529836490490710654025623453724704436333604077165308475968950022009065182702125865912440157810740120696300505469765742836095694429064847390172039636731859569830292302630913843550748264397446088795374292062670512684109321461359640825176718493667484437471237727966936719819628645792126228593013248101986925173060776859387720700002037962539550964900560194115999584455417828412590954545010964449412574951894200737843899692308063141278368510387352858298956621079226181222377413327191138005407861804470893
690 11391536050146661543491904762510269754829492168446879033109772803072887339643967120034752461653995769678753249994289286142163014969726278090341773621100444803773930850745382545446590270260135309681599642145873373046423949146368950263974194241909897982895395902708230564737084223022223467998344024962980836885690621647068762658619467722264913676671495677441293679651718457313930562378798884820709737222431937440822472764769600881323696441052326725948805620444455826474197409750912321288955483305628560062708808120625282097745725206890221351512993553377506508897600202175930531640610507774048329726893862216759154159758822667349058160
691 94981434053114251425195655149085248766758351684760008954601197761744044476488614163334234512486617403177688283268305970965025812467085770706822066185047558849232512511570774016791043921746341786459234826502263691909863360882886334988272108009634499689844180884704248660490408432775637087753569240989564673113696131734333519344939593407595393933426335367657928330432441474529012512766108958594614309891917366849162657870996245491607379508359314624361130006957843182340848182471887568568735630721536333456188646125191264119210840685530909635718539727541695374759665819694998405451800737646948969492554221077126737532858324071347573780
692 791947733262369426251741468442888229812745889329501766134843683573564919753245277050454758112899573042637357103607845800281423255826170863334020463558391948618447716739895996549293277510982785780007152429591848593018379775145518671894426320040815473483305806758901104558495288219507990044229194393836575979209636002020490877700762792824136304231113553318909982592283060705708142985761153098788917136235400121305145624755650333782250167448174658658859742919766727084509900475509272605559391566081591962380302767687399857774533409651276175109081233165509624551195967507613953212579914242983783295196858865676136861569582254694981553298
693 6603218649007703624966637409203207645139081542784822733624922525718694928032148542944919199238269762636335579611079594832566660668867999037270130175567818281475505989487962738357295952811032827741800207095242887462005172999660283744279067555971703286264311480130772848358525650574519014919567870670399744707510920344447491669398081103930220544138617817497697558371953592903049525050306362941588477166598968952664266526829324160011805495302832569178267201136450946412462394071584699892704319665086014781219253374866198475738346107129490582839652304890609206047992039288924264519389907354944778949185816575091401537482875888337158119999
694 55057462596654563842414010123927702130425055761101743250068419387534172332790187003713265458468628452084235837155175420783032162225625807648372255198235247454056988976583044556928081424399958911251496737082067873216185496503662108473356236395926501917697970090140538073755716407253806809022521762060457428412858725042156059725288147562472974967363123863414292077709569347230368335113504358915413306164777205918033426526406632550120982699592268114615659928049000601357771369474906866175995085142338977373652473042392483106966809377992224491138077843896817852514730710146411956652955199605128998625396767051333487895880529453779470874404
695 459069097761290662491689497681143094518394915710071367553046966507351671980886395628168872008258712864026023825186049120741293065424355374842110218085333471959963400983241573132465173157143978799218587661317749310277632538489983102043224751773866606535643039382458251466914556118740544859193095093967825367186682186858256558773800163505828820116745794379313728713372331590899672504617639963519545957953167745877711329065131518293390289587868156789526660175185492197075526621797927561530779855083884976764557478127157569240666098133551849285412879353265883542291870596493649283620847945374873508659915797782195710813746987459886554866061
696 3827729811337974388007887884871866979411208345532166073987201260997410787431095188412065216557089749701950901972350369566662875403446157741227943634973404265174420160572438679277120752445734028313257258955706763450502135557781611123195840425350746876787421735151400435733997507929723184562331302000528404492009476768020431600953826295720522670107612391920839303936029846825460403618627860650729152718188570665186303125875800357673443800882744212538419856577992151023765244674278118908054054118362217331673302764664411918154395720433330227101578041600610671036353379639404376137067285904688305197119842466130681480687124873177854469914712
697 31915807326061298629783166770347156098418577039757913462902143959232295328152956232660719146951634232356667440229790761676443465636432444963278406339417231056961472280740360546370147087724842064106982798286155325993202829268106098341570964225555183124523493216694464441759571030254340083137453032463314575368183066131246863739944484631393868127395438131020878778933641623779828883461976682795772725207677335707036457724902881429693099151546864977138030376212781606439733412111257605534069803267163522474523447062379857763606227702040748083596756937871925562227566506350573023197128713193586931404360929646943661797134413339305851306152386
698 266116458670058100842601386090090558645792462123841535057482510924707222036822813763698016856872565064554104184141150014453774269310400410021785600838034352250754967050116184010827584175442573621791527161839783868824157808327978320330815656890223252906513739197275202759552473208442611118792702902789996946761796489647268997376377546176319031745670854229117572508078035121548064687691532728556098293868004960741863259467476731347800975154906440977304846281503579755693530905142874068350212538465527770784415561152842058621405154691890880493875686936416838504982627523371604252212769079688476926886037695983496261977489463885460203462367608
699 2218906351566817005818552727133693697409936940307720590676912030335861303231613737509586057776328544387967568081827220955234649447894757497694278150183303061914372508400119357630743232788824300896589505991552778515622031604529866928128658324886903823166020177192675658097839355831375988505846739545827188412960377836738436815799651898405660020775835116004164299774424903789503131596629808105869318904855643545692191122343391717531275548426830063978086626803777320507242236425556385862069039587637571549044296852545427774674558988394634745076335790127357884496508873105154690142942070334678698485984766651261120278981656297421804996221470728
700 18501525744158947274152092463458190501327190033067325455469247275476734785304968131481531843420106322697329211570595586078932525586372816974458818564429704297014018619535777004921647245194936708520088194389784645985191942221724687452156282346757870075012981606402718481157902159278270216984383318812818720372021556021885463788403335518685358219223511669702726740718918597655801136323560176487717003914957335037556995577395868597052197014633280442172641852578275388836161070237723072336037376737424852339770378711649888436397678975667757629225622850595526400716182718741990749365030557973705127878345933068004947822074224625033598727601454393
701 154268566770259884258693925612283914447034576347838175936493888454034940000295442781716321295303117634382191497417842788278163567142795383105965197438747508265951936740615738742520181342756523355534427402416416526138896665371923788681577096810103747539446723821912101193195199742661470625460497906708965113319586471212507348181767382568801499022549611636498899606845217617862382683629779196321639163811258876805632855529034152854049055394398126827569813163090817976827482663604547122320430111687605059491266168770940462223573570435085978804659242519516617669071645887456486278156097385239559630029604613223929694487443122031980733918409349598
702 1286318958895028708318869439088201270733225121316023884402052221390063454921466005767454723555784753877404784294651790280720136822356629338093950581069153912134581429749649576507935180368586359111946539224723643614235147083726695379100753189727530598099471781993688010220539674049345338316856551077018440935731852043442013238177465486864745467897557984782898665409557157867101529698393000947592792421761962170381322059127398058137873706051410059695298095480734367195447365021454553435719348737807776265092243546961977786805959960479325944595482735840874370409687254042903388595297946797864315185679717643338217588379150241670140468983246835006
703 10725590666837365175034661401324057147611531940679083386505570022666556763610138555617587173900515379222034315816688751240141404778606021576994336047637613436327509057528867999422800582232167871332096892586241366641199829614170272462644310602144482040309229464446298591051761244966555765307747380280409468659036838980106394640343424476109469465602337411433797028906125160694752174633573789323238531147716071298625357630936662202807462527579133055945172459286061607287499167563105309431957247439407264064521839243718142183413678414575562568891084121665202724054435863537884958867697142359975405826173202062636113210850408788291851291818238121408
704 89432440910295500503550601500364580263370110313089837841231290768652606987688429638777320239800196988594586912955492638851467201958312604211570492498229517662229245642126981482649431407184325117945992608428176373901702270775039359316545304820464458508557328217876261004297434956036606962451514832630671911465728098784140787331413131674925254875557601021595690661936354083294259196251839227572625214753024458882165248004872351028125652135304432400928088791365766859501749894670841935342682054010795048281676215249062238714191374755706985906799422308706552792162289067812934120038323878732606436799704477176443363744917091330408899043290033842263
705 745710510534262149602869172597808577889176648414388161258549982638347898712923421188526876251072545843760154827100642584529499071904252770000416193633622817490461105543777490398479523050789790043492295087460789719545037251727970291670590997108259764595018160330960905433466429427825035799674703327781875668988646176513309093433871337168067427536136482299233129014668972329698291324627526217991771934849761764309445583982420261946305252776867720784882020082823465962809696569510128337305132536161910869876996135054084180695129202081729996225202830113520801282287570285183435925525572236532784672891392305701589810219417653363767331126834786247835
706 6217943264925448625472433176049508205001254384009885853958912614651474437111089204423694422510699408901638437520058656620089099130138425368789364643033548465163013199324100631552700910753802857752209892888944923170117022465988134744424942965671021594599623268793306219458304107585559048888709624313234579703691665242367872868769784938538227710076111742555344828690064462791855196861501917968855378338310972616401001512831119101521053986553247487639272184525824193035930682975708521620757446373328238896044061910577261436505933111516722162350189260327665329477563367753930099944509817618987743363748803212951401097006591243654823998906195172345199
707 51847109894122476801593260695905589791691528382708988154237680018604331574817370261299556647033099726334792318596117899949503244631281379499474541547240590624954991559422509294559552968568230717016984288240130479310452180402212230652645894852591417564346125403581664179035014047942851258715918931498404905738924806042519231366024652238444402285921713789592271916766623587883226744127393849999989905695071937894737401993871932655252149753142139763163991819913535047660262188434831374350683796156899380106951695863713940365918535055526260836070969481129388606280371532693487767931271424031082743049914125900926666969838496367658329589871692622066263
708 432318333570643659512938195569617451625436843157594891747947871742134124743416004163359368443571722886137016572701878142621298758839133928837585207071640547268836455224817674250372338794047848634969651535325014631349941634256741065753945747388068747800474184404790841707113740336961788794113532719455800795336936384661505579706495401880867817784101447429671560931904518597444734827176764119350509449533195370664840469480765073152326972817641813381300743230508354175847659081247815416728291096416895403638670182815495068889706332614975961227228883225100601850743211815085395320085145774051055679738611839786367829913392808991220951521910516768213346
709 3604823897834012619962061460963120329683664682238315643037401748942835669905503285305759215301362002935102753514065506957801612651670417157906577447920592581975363341927058042658417611045320335340801636483565407929410853622556514604924347741624476655237077401102129342498724408985864374660847192892285806387595760245126890343224130073262092007907313862604896172107399621792814682549041740183417544609044799480647680763768954548704996910493354499281941059874269701590168815216496970580534956055141862792591961725091972864880015016183528448120965405486981617324656255208683605262654049606420077809399412374126913514801948541925771708603924701823984728
710 30058392389483391792220471841150531962845602035576459441263553962142822493957004136179365656762769913067634451062299889309508731674945421004965035858262785874173560384602212152144602332439436111078577896817404575076665297286279944004316847738368216325274429691240041272583335220928372416504701044127064338761186930544805629530611616095811943591601429699885077901995720144352217122129638328227020640998410857307685923196135748984823992648807525529627896536772316963013192193128077385419946484974665017576833401902204355202225898261458746116936586645214345987541668060703771602130438207114792296513239673125071193178414412752614272092782246367663601268
711 250639051145652088416479241481052092566501514135623864094850046391368847749268905316073701303937611816939300949783973225765597242781666204596898538604225155980054551998168078137155763261992634768774934171728683750583482575243130121000054461916216273546009195438382101641892270137616980056138093793454616795141991099894907338645516003894524837691010351398912186222291204531018837106451465571934588041236664660366505105877636347202205553821098684206707547657514400883948035613320676082751875747114610955921393275554891148609596070901583516767742761510574308452374491220752784158227819608066289761660056089251347945452782042677874528439625519234061522926
712 2089936132706336064193975831299645423875157985439573905879038399821000572258440151246654696508935962480965948921816278231576690397164258006967272529546653646768371208269643696851946818304692045961869923932858347520716180038236242688426496673559926042312693413431544896514945793385413301341143391776985549247886850968003345613971707990790667692364658376759087477535921752682866325459691071722408212530194568961903990509106616945330758444326076552055099499097143258480736732250220111747063773362635894409200153107955741738519201418585630156023491647663389290039051886723372063617560917992187686362277918886739321053408901862736223804901969745565379721312
713 17426837285750342031195818962039002054387356766012228819440862848929240289832504880145941657640197457447831102524574134685783113303970776708521626700873233637102281293075392988086053593777527870486098469345905860703826980297120791408918267589703439667724336637222313528471676067518785942194068686648825459341144627399023897867419157599177350371702367684701266841958602479827244848857249387941027610509290802309490638938109682316113274707741490648990706532712361695800397805714617983814955619128339720934364825465098789452885827780712268866710805841941898652061807436808238670290113652044037995218181917630593532387889149013556451526850020397525970407961
714 145313317974269094720993468386493178726047891645110800834417779070271069073757052824278962277593446759294089493718546704673426082001872712536367572440849330605382095494058538714426316916072535703774254773138752633899318950456622397399036133424426779478235921757486942236443288975502862871053648436547739537175710396284874325624081923981210317386081572323123322864407822617064869681119253015233682276153396899489657266036968292659904203763888004576436750890715872755798871144537917266029337232035130367220980059266513486780776046800519027549786542317918286949890325363845654376200664008181177392283163228225762513226230582315584615475775894649782865721079
715 1211695625552680481729369523026001560717404207680080346015283596595645700653327009464274346249555479761374295562401028687450287985080039866333089406103831571034214222180683588039901781597430398890070523348698605786034111112408872190352630432270079122880545838972846211970095083223481853576069311127739009343454246438326797722289822676778669846354768442609345611204027364266358150302249046472055800366410605386414402733215654488125619854737136916803328566827916064624607901716738552297020278426916403684716930401260001429434210965677611039889072177621692447412246544524447034602852175055044125991635106750208029322344671421270553236437851030412866748900758
716 10103757983196689801372461590141495116631521002512384781752378152639535329677285709101027332292624977592245791854709699568088762782735201050334398342381677014291279104903036178148837708341675698016004169622005634287091037355999885908710382625770938005290211902608023098286758742573391887570240504500804038715598387985595808688559326019256677098582523661343671973859900784195546195994773898292983860817366405374039127206348063143287248066862926356088147744155496361904875181039835904969003083908415294508826200297474941254741706265293920742444461279973524787918479554262264151183652868399347079945350413145482045555797593792173723940357175158212020917186456
717 84250716024398803149247090123472905601999126606627106156372210011754082258170194523594813931526232373234458236292016768398352953251474230634521688843878025146018304575610927779869678637558449964487079709240620190243596410602416168444140683032542185622857901243835083870309570367741849120737599588623070424466710822744051555757933445499447097034275331114615703675334626226357669023874437360982705944602416522213671642947013687385372230608137155066099787303073306932053418018405624132075012174439647869250992704571018606611341166514006984005349503868505763914894676634737653511641413342698611472806470813954910561676165489312522407880777074523326688008397260
718 702531065346420641931712920156964260542736557241624845638372729461358137121486054739372518702853480886122720577326643668226676044288909440645901451423691671219631326488084633514490854816119569300016402220858904223197281787660939701409763488723452908196694480589602785207904593870423173559261479483390573631682676880502365141657494075133330318439731707641331433093435230329102443715747280606237215403830304315484609591375929609694677713778134046029694509000757480622043869189085921552239286665592136306295389853456849082513915470339802388531954288750093952940528676798159264085323949679199475569715635190919454089747082276001938676829231022263037190897120973
719 5858126280884410028885172834385751060968819737901166311645862353369064578710173853969720004049621417419157385906782613777853272126831086764601836932247696826463095821911376972453415531013281162571019868600614465024119451968866039765617163518557282409602435170311669883619004462941909482058991946880461093873545778519646867661676058172382618444848686414648159172433123349594956876276026360669608371850024635090042190366221615404597966925229572784153425891121000216507126528760151178258364778360641870052397645467421989700644766226472519547006017276999807913477298275564748695105400113818806071899839602462837018976498240304699623739057594744509110580270303689
720 48848719697731069393998909841407449041009784408978440917707163285769425884796136098395960505947868194405054950096409129884061366289862968850168621961925468076719792575152346949552760485098808536914450491570474538024729304402870249694040134402246688479301461955528739081198124757585187222085795844047752969892861591799288436097713552517095603041177747821009254535357198747342107951758695690586534311810478837472212024090546607857350934523301711330677959536128357559485820401678269283805453137942281832704453962859568842313572488737552230132681290670850587192957270469347382280139482363979916704208584815828782619334472308226586259496110363824477026438926541652
721 407332345814216243367581041516469114529906646401658619774854639553369249034340333179172924459244127095655758522825473332596085488378733596200034567739623546449810677715621658315237642499800265436947073099188546045668984199412806885020027999215618245592015345691114505615470158781610316402279503219942739632347878279846265006600448115317547012612019024700098052265816644039623014473937281979027785480321125375673523937055316201274444258404056813821402889538560292025791451261757203141308570085019610650031045204910382006977227450162631678533560088615755666363454561125338892158225756049608152988225783990176494342930973799199126352367087760734578455269386655473
722 3396611409596280917568668475393559840821576156412611738567785475500841784985017403298028278648041901394325297514901787759327436776027330049971312635417991516040782421554354996753436752398553201468036161089017678478326054189657412479849285347731716359458262269877529050186439918677813047590929108648146177360078530935849607233295912124925066711577203276154179163295068287296554559995191164939205500287733151591577750378577993795357937354176003633258266921719442559029459710857099147836133933088454013685511363073338755937430191991562627372167185942284428863100714970019835914889445137827637660160350396557802365204278996295557574239889776580323698460172966627388
723 28323314810339345697223503369927100077577333545925337119207191551005844509064221053473665733973683121152029682127073323537790044273545077952118888891474509909967153463241821459947470290836520338191469669946609717127025968481938042665896292266254966347657580842767714112690328141586800595363650450713044493620471492509030365728716567657734386964920090540451243880575639807310009643338339504789109071144100750434036735220331463900927020803337808371666792959334528834603011246812902723454647510562752687717733584810987450753827891797446550168440473701999512815485044732753750596522606590100593129706150261727263757882139106348728527964127903851512845486364013660523
724 236180229915264971712385739614420680859335344084665933305217075104633028893832553172450949508325439250578656040631819941021087613586594882372363816927925339014362240799301399332085470913493583315249475613934843085773109680039556022172023908552652480850618097413309029682006730365340729991321185338138634203302894077232850873907492893989145880989076542328010159866407566685289709457004692398534525140786904026555816806020525024283977160937640715072305291028831458506428099832792588760254869817492536651251027892770616652352749711985627497039659390367011855181308565162876367349050089053437035515826829826322228129297260766290430417216025225105231201923677407324126
725 1969446761049075053143193611941530228845954978544380442077606316598911811599091300476135614589585474847338174850744151409054511185076906678196448339712553193292649432885345124157568808021479167010575328642240006439993488561408872178592139972939923518764051190024834675143122248364317308173250020124755021233221511710722103711036102383044278799752715222492423032051068838438604603024871441563067909269255438717377425058864173262524486167140353963331835109841718985282784905680137282508916848863430614328600034374653398222079991022994279699258679551836753136467249508440988813912553997805667631013321646584442887784225742925844041693679124521785102811556346137489637
726 16422761608841089085312980086769325869933294981269835387039954652751452416792652367756675620652373303928438301810149475539424117355782623497087964159627440990027378174257970452317307433298484731441861469732880174062879557278195944555100842492740174684894484649493147132681262996597777596250075934137934775746549271028274060011701764617709660128514753449148506344968560516018724945311037548105213963230906241673905713453299224850659753940080135741028514603903049058862857318347267292931073848274581024470851689981476301065607455674990681391020625168371423356069618044880792843735833931883428590569389224833854695252379455580884921472975347256209261502368650430779609
727 136946005188577775510560022939384350709651977422345468291237937008172973096511093510449819747678989620815899681609606433201507522177683810586654970145810750583791462029229743779664990866163840576527630937402956428016867499179087522043328979841364537804265257628261011695638285321566201340733133904386518163685941057538844607031314890167525350609332619761575146439715402032127578316078567371041148915098005886543744996680912225233576322110249977570749475464737326240779392761750233891280592793380715814353805139195119750145025003894610929274221598437604598387513447010820363973666836884625047118022345713740055756218822170582203317048632034236364674912532807631939669
728 1141967593837757823692944602733342844882221528273873658816951952558153503133254986318572612935869840752003831034739934545820141419093889892278665447861077401276337887800948216049715329696837345335544420656156559956246746795893187498227024419616134678535505746612202549028865626243390410944141224332584969454124756199120721600746194704111913934496557308812354516897102961218503370023560113623197421963006171146554128012460249039458487141365371873111858106624767554051343741453812956917727454522984010677343795018300497543031687136315314769700163439288311984593986013132160517250244347713394445335279895053111020510490207584415950471619738053622949097120478097088380643
729 9522685048194895598526219555254901074256478823242009393707006960337830021091053979546165506386183984763331519182786078014227924821450205110590530661582642144237960602438869625542912624103787063970497961071302696494559364414813569335801060278383262379313501894626427001933877200792703003992312852208625369883398269716224420189203077666836025872634017267445754176967898676227217115681883649773102617066311763281427347481266776727122935576439699279637061846480320791419688717044393281303209851240007806249235495224971624666508712806253742938315246287921620880333801051092622801427517602854128433415080563578670225809593629519109538184981134866834759803665918689461707029
730 79408371083749850037750422271507008295130446713873017562932956144851638469856408197310222608532124797278052014007497345736865671236427670685979402947616453939831196831219832282329080889715167386936637836934217675956832825917755574477836730674558982731271716647579230699393925861573054108422286409322411441845555476545206991895301445752802982525973302202662833343438085927399507239014050729692447540086679018338963744036768686691768122959033266875090127925762671598425731811816110589132327747543225516091410799117727795478933692830897668933025994603448102576875070591499346521139920639633557569628490808934438323605642155931069635109436636484218009191816764020484948514
731 662177433575734765198564322247244719292284578569134912333365065678663385489338774184128306067232894382065545295602503465792299828865928489414217970927593848252060497035262043785284623175869332763183378228484597953213920416289348893180235694734250590727177047617891549914340562980518876379176621923365195923544260405868437723089765685460114154826438535567233629374973243059477076919638471800915054739256301638239435073891023616632622391211597636537128171616022777392697926980368217790636615716717797422717059198321004169771815948066100447078626940280046870452856440992392425337628332732890941570977777854611829897380834007760243002071535410077454777466396157861303576389
732 5521838293711438040630624028726181648198590994225520202073064743591397114403711411794770571306121957946695471331001623540963965846114755286137492679441022160997544335811223972597635372396146024491843987159981820966936484594709725989918607717645921536851997519521893617168055284301013249257949476584676444171257887592935991321826929149801705772888682636606853630250635418674468510211917036010393952632820759434014439611129481197118223184229697273264115036861037554228427408011701651868087003715227258549923752865256365902316433911735845587081282068637626776478863501289822406979734067100849012684505207203959242267680673689339229046874722972292958437009080984477842651850
733 46046243719130058295293102543884168065315935359705718468359321752740980284840871381399102485916533980602178521199067042469778347934664483506978903155764059410357636821103503913791573216856753151843504975968464091756702961580846017334662833188971785667622476688781778408183799079662882836748841654185878789355161716305626097890989675083922951234194985081760195572344477072879497716673325317268924015509715137890085042908019268487515772683860566104205339198878725117265016987677162329861691696306720634415049101177787623621050051134017827488807250319629904379171790199945417310044811306798773972816679027507185370256693188379277339325228305667058704402790091467331503453500
734 383977647790839108753326697658733176046077638927280848907480871125437305580779151865967090539386998073933888578122631693729042475933753169860573181498572324701630498297059240000935020484335122499101053595642314809221033450655813263270124631120505034817138974532956113826003314430443562611603415049987379544138141123342131026963786833391417371225808858032511819443144443036238309497917404549460551647283738702935253185693618517131695181703136502873168575792561452209987956689898684919470175766719338703874548351363645050883503310868929467578728941919016190952376954960921462357569995736244158529774266369513043519728177420188102952571621916617328112266878426146005375041169
735 3201982019825129536337542539963380001415650135635952173888661465604960438174743771021545915568696407181774265123047017256783571405403050035552461565080618492606477815474397060526456636375725751195689738952190961617872771036145722124990998003072444091472042345067109406115454441759573660201947817131523320320875968278233642690844347892445283259695996589170090747585545605135743172426612231897143765088681800152675157227474245503364091246693469818514276881520531275521757112151127020428775995990617017664614442257452263094873915690159726553037819159049477532696419032742535567596498013517739600763495176191861573311987301389392706438224108471338016806761757019071567048517764
736 26701338944848186198307161151928948696068091760091094817047871395315207751504833574428500219780673439904014248646395713532059811826472425946640848438486476629639816371184659717606879747302772236861962779100398524939183852452411674671278992598527234807511286295384067177639216563622956686753719605018229847411152668536966294153278970999041311427114216107508102419428631391682601077456177547173666582145222616997832144982539095636618939866112797743006427767792896577539280880623764928477374380327835760808088430365322872618744610263722853796246131813487247788619159189267054164306199002583595184480582194795372141588764485125051471785779675121614154530165469790375548526114903
737 222663172725106517474160903895944734756680917731834680172356819558724241903955966690899295626583896282060736532021246967039412423937385178826847846893738311099984976638982072840041457743702215136535582013237253235087554714845105962917311564178171015460562102258238676713560508762031202610043927140102305240427899585838398477361577599807123590754647072071557857350980080282134429190317972839052547927071162534034243842443350577560097537184783581005380376455245791035029998681656077811932836061622397578779191944828791850136404040567906546095820809409124818876855441292454377262086262923508346754517821886760610768680565040373460616213781023535673829868701100578168913197642616
738 1856799222521577321926336575935319450285243832861664700488317120762738642452586880882664020625537279296282758229507929139934656383508708598419975156254534335242650967359355269960562795333242681329727114982553227869265444171938585655817465834981691565999107460672558051165811994744148020385998539606425446334090776356893893320382778170005107010308584961574069406183646863584173703249688730831698242349647160851574491916471971417076120309060909916542806994303189137931582625039539274066120377122319527653030650512819601038026285261860024292228739888830205529498573358477684983724966557491567897542889183258495279769725127747673965459741887895013562458020305933586975454656570520
739 15483983296937189435517561789918461694497738665660952376763770436023608960204238973846867171449209801011665257502976300012592157100978134416894482326874152525883107976613335566299496783250729608493752413906724867202498064915248113667191867633337037552180152144652729087981282304260054193174279943320784343425015243958126049591220209670750510323046723097518233509929123616707714580028905314163811261762144502727832068317679912062813954848298062851893339936874202796993813442405382628915850746832271300557029708257776619392282613852590576190392270344863077033986126937584472902259327075440807672667499371492296937864996854575494915376296643550723944193785192243280587637237638683
740 129122413613300911856806135937394553052180477444694855517967890316050066127712545267231165341154509868690190911000240277679403240841398921129979574669977345247098781193953546942129408188848678001627086426685166507831700360011794472131290544378091818812653152804667129871257172594579514070625927343319759030961680932605221820382560505570287830219023934210187400673156486969613312748420277896930540168923161424261157341796946896768851692220669421015989954084726858811042057701901593877345235098724875229942832082006389090835252640382003533789941261842624401236222329421306309126716410126620933809202831916770783267599384573476825063756788435975977843880770909726165631911438718477
741 1076767072405537689216373334749329954636516611251931232315708740396149970073665114373635151666276484735149407345720264433006891599408467230070929489170930467201804385199651526587884681362602183210911850027902539656059323095852196693271858156172837258008899737780379340652832049499570928524906224090084397572089401432647243557691398663035590890027001001685269106350112756669010964410440210386150532108003705674734120722375420222856430934553493558824537833880192364703316748790892273047763065291188163595882297890647931167101072125584840129131844488277783695387658339141566445188007657349841790834193098635288858379092599937937235866397147722940560865897610123077100722531043791905
742 8979312443869365115168074955790838305087142219254092376235802692359614369503910261035311489003277803416996926337072866694203645434124612933205416614308406878885926171276963301332472694486524620629712651014967799560193159840124528685352117126999030797320696729406397896566289904103408958520469218849529569165075931994614066982427107337739114787077400672474539571793016545295468081543146897902236060682364654476016925052291445655199325415644415741112177973980579728590390117026202015713927284576536035992091620184169565410289333761955727290138713354996985944735308744838804695679322280780609124004757885489513184085912360657551050812667629897079847865905028027712794301734981854187
743 74879956569503683016053411628088515323162711028515072199387547462366823668074732321443259590544426082627621387556881038645206607221674458303721606922408805587200366301213402895536904695133390081780706059742204584803741039086073785987057492524112596898199130471423520344884467784956864324233134789538396645288627431770671763415626123934229910680509940751532917389367262537508746313069913396371376131791816996297844642516803746065373612808176852898810254323456398756613228180149246100088288619912915054982024651305755410008496056488470047983643839769132819306735582817642612497054295772060682002705771602924998687449888439440012286163703441069333603862746806644313430375968735674899
744 624437913795237805104623778178776197440016585253687237437100070211476127315415553705065680080823715609988698594220585076138555008464100097198020132224585735591028284050252565814228404128632612521551976306406170147393162898074627798471987712669551456795443212600087625465885483189117561377755908853726018447679596318604703268958899318584103680912087979679310767644262373599639329724791641233004204346922173135788440403892989053964798797490023398496754413863160006223012289916421132216162050991037627478577819836540086963495570781665601200887741262787851642373854435665973724059096088275453880684212269481018896902077183076177291264760472955133533044076317470119705501693245569505015
745 5207318254445545443665109554534189036310755286940571690494496932454501019089116327370149916050242972163715942074789206416497410888728814466107773185073183997970594647849998368288361575111325646105278944568442641273179551718338061407110931015925464317213579584601550353925935129782571930494069416326697684057444538504826888540239313432329026078184865619001740195532477906629368081250963896501614199669231747840534680646839878082824400728242219554308630774395463907803885320835193228058514058811652898635182077369963599962504887763744111170971041050302496943703545881315756169355830170992418520033350626227360335475882167011828082498679473288633916706330111051071799460036173067218341
746 43425032468479270328740100520253815776984448570084662618363290361029788646213736088380950167719635170551005823832229159536329501520060212250419383471087850339286617655138606370588811141874381097182079386527921732899279564147686497885961361610603999645472206693940347394866770595325023710031370000400574193740784973799712441328125922864138611420602443762446373044784745659633128335772948613954761763993497394801790472356176534646447219240586302464225045303362597008102267397368970947897244941180439617241437746265888885148813993994243583772685657231900410489626934064094881534496516711556156647398028934776700638455427768850699326343759689213223540260622346425394915863307636047826062
747 362132375063491972027393322151007745294495642947896370078763440350302787438066682956762275177011264200080035974377957015540853362095801284548932689907523706837956252714362451398126444467715317153285200357032182270403881979693821238595586024298558657242848695233058265452553025504039630991290778582449421612653236514326544316187024760026481177788879800959114155738862822486746365919213557250395996097625207582980131143879681332487243800102354394086097271583339457190141247886141849681136089301256668932866255395371617291802934060303272246828766319119382962442169055904934055759601615698740872331800367929005208254344415618741646392475131951912867456777973611370129749707812183894569626
748 3019921969160372805368687407127235791856654036523042512328780034107097972197368336225063664406725278669125768817728136786682549132298955599146363029097428091569870756318195857677212866810558803986426454991850395547356605707777392615205743593460582422996353794752262454289095037121773928241476025501259276937948607793182797583970096133890315700472793216455471136340796766936173500403996101041934049930029729472052205521032994334340792882951572298989975262533418324965729025963197490996099947881430564303143272018520840149089618840587101685595015873484878682677004727242655806709187141710852940890290152150474280563345806431179441813878776615398428829567451698937017031051175726200847581
749 25184031519946639580023527084527897706029951256273337740637744345452148080898343596285151667969876611060942670454083573084426087686429914325867674348358900040387501803698329957405789173585763482256965780119643793562546723605982849304837716033674787746170020941868288649015605407112810601164691101762199044754577185143114251164331818961406707184217609084052860830713071215692743476802033172450478029865002976149362787735038802009619083943737019107520070854692427038586576041362643778478258895713537768910374662985625855152700150344469525129451505892574667964143682058697281731213288829878187196588699081977588980005365303625215664487275414641035605519474117280688690543532923680424553430
750 210017724219121737646233147575144141365469036483485138228643521805812755231013204999496670835768435793147218396158550772293240586200596115912291528657038460820449792036610265414581549636620220544618143784130560036973962618736107568634536883222082132573241367736945006935995262762624654943652706697436603040773897618592848361377306310531222890754960384581726592619983662478176970971907949567375161712151156636727253352434395570931042234793753169257082216836436886990203739792021349459756453795978257180243080720326685041914500147667699809272921559793022389719163783715810760274558411317103211732529664760254461030930479293263980270933717840745162532880368027375071544945980638107198070557
751 1751409898854524810501824330694883861891552725833218442137919001198988115069803102331526983556372825297147517621377162373061002444799196367261129046920878921219353793209221222692333281590363717903215436550725731599567838911233063103578833340307380473660918754211695484062266988962282049605288694902923393769031077069202767830488650076404121902596447301694852070775675080980774994629417075504147426915799345819694520999082630592416329885751250782288984158265001152106549228611984212980441373593035409898451361915602449112371828711837093320814761296740242185216628323014833102780804211226096797349862037926674014495565356056876361304198091991919075818399392717497152426848601462769612749206
752 14605647226460551977112765354763253482037434274032883809013413762984717839186201953870559186017241812498450491674353102987712690215677433762514726493168966161642867117999450408267581550192347919227291639143284173468717537585289704169558043245013507037284362141032895584960497677878372199439290194687922424722095942764402841294128580138328184018942465600313794439595030822696238446376695676950695973415774321699192017637391555240212702766267791922436320612788294535324823960716806245697102192732880857930428145797962205206258167741750313648501768105869404700448504577833238670354193737517662073703940322995908796729202407382214571293390539711912923745086609873620643709850511131084196249223
753 121802153136793592830365932243967461793367593936316750244763167997469312016621457858606998854628225512780055397053999164385703104032431162770850348255761106996582776438148874516283988827090143490878651850193537676628860530196856434519097376259856999505892174580130845891399090238313552132835259005633996861259033543694610864881065969548068433527247492442481376337533590209527703407746413013456467497810059178327399291765813053022443543694268201969618692369184598594461352837693982532632742691931548747820223014406460020558816716360640106760550740638264318856560850896931905365545346917642636294308554704095920511385714287726245456622723644637521383405656617506447528789367783446625963491544
754 1015758050512383300604334552570581565832289608987587440553973747874888499350343419561201570026943228228874434423374547463566114054203748878502673282213859294310342432235859111280274645389550260621814890290500718799044154571519162043343498902379397269755728853697899701225968077509295926146682349295320688356179583027719542911125533988884947734725303332199057792145129234869431186819896503026975729927219588874673936140056020100516200071625386735300765979069720913446242781629727717481387671691239755759190031725391115515883431926201830386873908636308742135394819174810892996666961873011984684213927968969489023856077440020362702023678585421755668069659609638669003359272646584265392367035445
755 8470844830413022730453083326975494431810851403889666610047048072136879487687295327173558163301029425035492572291750648782914129096871376088936838742333476803385329655407728388897125000064120801494165946916100323252562322620080772859819369652561032715919785782989999945663311016587865914944437402140721289174467025277661154232801959779964936552183611501117527680912442029661098903613224808053602047467605531838190092285047417524775327044487234874646523213426764963526363854188090051809492494794210997620785097579687501991049252472811874925686031553380927497212064258543800666262814055557384636039716760364428009888103410338727797010984519542014507247800330091020466802638254608598062359171949
756 70642217319090384094349403369663709739100185607462131066962505285238439730191027323862821758845669278581376661742302586404648433575113482517615831711413207433697288237221894474265944525054649378114415093056941789855055055866449381118301775540119578293055617220108928213097842568384997128299567680026337899335341501080390090764338693221040852871839400059349094092413039440317982915417941600397068045523954864393928986785787775464316256610725780741300558261100111526891462298838954115337736611568393260618242803270166246053785629771920110407288953166491687500980139919184842525712207446500160169641579463593213081784705061024074193550974096920731585951620163540559540911440820097449107692436007
757 589119038751480132349867666516143686613727863941848875334704986039727933297395344881495874568917868939042984238734512838788086457397397929919643521462650898407125246269462714961071767954243292340399072981818940851887716816634086777405322731932770447213670864041382968544071985167696771100298430153586491435767990992962264599668531536532616642357335577658293185272470978154670173546005177551809542575353251216963187089513954504274051466076942200680933256734518646877737507173344795720399582885862532884985926262702754898410282911773946166162219573840805931104343254705231587343789819760031234417098848328877132427822416902101077928419579158692500861431358489985120176388527772933139884030994802
758 4912956633892339861929067313749973354353505215256702841568728003717464023858409834690314392327699624885727285960464594641803231919956177189532189356038759633592762246942602211059135753804823653983250239157817817827731474396099895220020704556205124116024509847126747797145133959549398067856841233456679328989554285613024955903467873928455328384594604837411651014602788107470625872593510649090722943726943408505065475578218258228257694164581260624146797339076749595668131121778222741673049745339299137160113843900571037981552494841009606625680416894238794016231353312447103917837997766387683361439819963916903885617199067237988549408544144246217921450845038312638921000578294725212805263862705952
759 40971695545886642302986888359613699707627663044897001349424776833263914488290683442772201662114956541424351371215246108195909265800684622788187361384279008493007461953862470735917601399715773379586358964447546405597044689477057007553308318271593804405846708775537406416652692879310455375624342003085074179943259834919834876969602366656826947819595413698392734626477769159367662123300044462548922001024567810823070800553459586282552141146143312852018824282820278201529261432662411202943733705741049966434274749522118169849048146819550868877181683410689999662632059174554134828475916247516131526961596344961318281204389681557309808497307845670297865838126437032873348336525634301434216221416517804
760 341685126008153516531280975998752158236818889449067318630466168908455566632498007537916440772255163606664574792154117841807910023290771358298154919880508736684891025328056477838665920312365432319383650814744977284908287538347632132033811322612975953659244224929316169012519410749052477996032083166395358491797296808883570155718202451035995990223324014046767618053807292747346810139270302985119800902895805064243736000819333471704033475252602931067459036633140568224150138239603246561468395107058805113263958491134285016199774405086630776116310991791134278512467605635977542463174006835761335678261279985771490574201236688613557669632788097198015060221847811723482434592870930532588167794455103027
761 2849504443199403041549983841647934413887077005714806190712200300452792086785268578657096241661354794745044419081097343791095869847534537648284871252710975065388398388553362610141987396515780416023983536636415979366638310717342942154625054464711340227813506725026657566291775387303351359836174678031817287058882394679370471552677992551637596795056873105724789463213749566656843077075552765259490973482466269784891295899456873907307444965503055833461325120062692657901964416455237072618201484320666575990025479738102315153989086527593459919404757789468753644572154765749954445690509071951195501839046615188150892161611645791150617734567485852388451804012271528293386314794718797091154953247353644788
762 23763681773722830613605332207026611255495983678161707924834213450550951188042703378299660991404899126989133730183904110187229773731995855287272008113024025694962122709362724197014337588029164413173369986579021858941078772928451022182322731963639083891702949465683535980703509400604155758448324011527055585484799170077184538417766611783891683420897377393959699505665291743143576666057073514301634635960889711467558055460241428756028177917283601842626046560062715783136512137209044557686885957459753023320086868679520144301577071284237582911738181172438803119407324933516450289555875625152525900810316577430457806269447070264756518869099929858127078818485948774845047352573966705905279141074842832039
763 198179733155051312685128688637768562734053057559836161524098963375858511234376176384841402722662688845053676067028783230347729432994505969501053347092820896624959344136591158373965705348644270721490736311037613469247709174908685509421804708510005064601666123090322224760823248523831332639701056765038395916191161276065302708965898552957881034508724923961648157539253086972649957586000733708114329968559052153556359084474128676065927236939818423666570718927447185563609081662746705272728873539942454828139163010533532102931172929338037347090472155772943377179455684330842830170067797821678456960709546082679110048470492046369264521431225064656327087482901180407427284953819959202444193151247196663541
764 1652745066829361680747819057821703306213473623245475704359319249900725525525029612319258496130306181214459415712846007447452209551446268738289017614046491390229649198102899502191112558272020886255497583644055951572844509550516520512245320929969789856378428423348856313019438772262263437132070015613431102543610625518142324573263649735877588022639878370278473774611808226204397145475247608038219552066566180115399752747203121618789427894467717528862697244123990006128460126721226369877183509337541684822009719135416125124070812986497229853892308350732184078990408767130761065346444045675964068487150487139361944975471571479706135525495957702618757049563269360379792435158693382343760833019877695598939
765 13783312912886524797066659665082157958989132541790414578325037280204053771060809744216647407670344029291791887574452800713216815424493767151548733914548691357607103542381864726249370577215474601527178933844372386969622658351594088513021330307160417148936472352577602612561290592993101226034234465709889331203733444703270714664259010892436718740246119295750041513855575770604857650251925326804965291432572497668528318324320584035157467642734135610059101192557195252234455877539901983201120952945589032919464189780721765478473978987561203378568454776822621465897399178709819776859357110729810223096070740028893485888098798230689957658387663097874946139364867583250072370326353951413583812611040027586401
766 114948279423948836067371813188591914740532922031511795287464664922637192009052854432722396308932980990919838971020731784589179779622001953276314457958539563284041695569290187016413484148403672765458301592656775583923480559507853701277165738411037356624761525799872428872650740021037660500749129850496253708937913734867362044313571127495266614288936088929158270037213148712515003859991681626239144550282040372579238015164434362629907321305076857802122769691232673778269806604851654734825988217111859054822458747002299988156109665900768728721409257612602819184831358688215796889153492212338080459835457553149661149468912750196268211497935131523959960285191574475224019917660376522209356177859137770608399
767 958633153138955522182332082483190055562937433186245147124004739768698375169862351853463188289989670830443552045219418344265269741233661646104679761707730757419504272680086803467242146374402717823117910798586269570251118842128658095485160109834402842387127053383908569434571386272723141961781327131946175880292737169205368484754072142042013387949970423991394397336235121113002856679870128373426928280751944434254744363387930388064575321991470529056269066260947553046571222037891481316279845833995762302837142707017302894985732122173508701719444859360931166540788307997992782686998306978793654840579314249563025753666448085526356597040229134212951418677443816441556103916794865068816372546699919150357024
768 7994724844139625015548065521007847272017904608113963327693221867022634400307117075376068080322885212925950154775388987000563740278206704362233311759991886644523069454933594498286894429897127280443703354297367387248574553729167347377812556254364241432400690507646909914090987979045985313382303702612125917975871224057400342943873382579608671202103996252443034590947634121477773881464010029959813328172693399963312215638326781316865601417882021705892568257005160939098718883593498332008582194187616558034787801651177882963014767825871793172943436700367586869905983453962503324618232743420644987922060633952792012275025935231323330071765283755997044012544985069802569356406619572835208041626338384265517784
769 66673875880458591946696716896060458946979107366700861800152804981800641504270349609380813657987106898690084995850900435586131590493038280319110877954921020328251183638470881091751411137531938235858925702586906495212640174999959778713931019887745522445691591643827323617460309499672669375025184500243855924671528889261898026715680507661852320633437747301362527037639673101101295541376202597921920250264856078545533907658959022212099416516959131418930414159545495736173001642638143006110524471584228169632882783710567717594884335794030755849332588177003693172786409608877668378439382640233507807585830192242518213146379623134718705619452312920671672804954866085347145237196844255386060940163367778521043616
770 556043777193101742693301963654648509252018257002877498938210361588909121153444128001862486377677945357549684272587925183121420550162603045333472732303223740939711190660254994517636044378253332833912956567493441042448257040869007413676284223494331057942199833970260160462370686768299725148644594960639185238241651104252479500444762824220905522045969888115393717413697929036028511982579086958781693803376939283181520617685438064753989253256932865923076945852759866704183187682426989126558058495051025770934644073572135148595934972907578617600961667311314135792364272072341837815497035644069376404516044892121209121898403421752409882999074498065342432640874921747169252276986948126901174563551888420231203456
771 4637280497530340770609086593866502140973614492193537069201117686235290586811960771345503876720600232938432434213311835021328384047064449064680514797646769352553766259954643746217616646852339953139169839066279271747669286671999424572366987555697237449024680912269217059707619432743772972124523631150789167737283106129948659845383744746085271973926576072359580740084236490287721697556183202555663051825400889816898908504118868805777319243818901729413942846401147937949398948843505541835043632770180087909909448990726550900256957965690948012580667655321124749912371503019730784307606749325114979235680331746366804158178027396456483779356470217784531117476146750603633520838839559358341217125162703626165573310
772 38673977759441255708616844852401662754689459014085829891892210642905459811553263800887039007433075900164789353780972416378972761716910740359709985267357369492368152687618718291090591277601844682890474804555361978655043842665931100562077465382655794284874307051331111855188015620959297292287071050662866649350262192144305143419885096269993482440886045447882112772580350655363046043164404084346832462455082376859561097716698483193522741244825738843567879927506514411624350973745096012676444901924071740135922121624936952697227284694982596688207357716207199331936769684734105777977558125316423684006913137930147059328742950437120349851750687456928437779398610821643644862637231197867193564840023131760477294415
773 322533933550921996634405386909613158182043353180669820558040418587739103195881533484221079704645398432887520931076960082746187641546756166601349932374323404984574742378317494059621407149270879550077653325645592280635492833801012674329088959420084960970079566170962618091513545149525832026565178056256469619157019523452607118983758065046776942605912671923008565840422404972468053172998311474283322308583195375317353043602594576615624949016683311574179944189387687073897905659843450502072769836328878554173861279654414262543914269641888281829439467393008827953210207809109709613244819614914715873281366961152168487047087676875001973804778264055977386746483280583103836928882393701592822670388858396144595207625
774 2689881037463330387426482841639757155051020169711628461983451444945969408330041780260579385513772626973242474439769016662895274160718509167668559805740436186710357709302814516475035587744460561732879001974232170077517137882045656508928178219104732691741858810463164457247232017070358065509505537432111107083489437937679633202229431132694593724958921048109436061901369788213142470436080465364185690639134884826946786993096570033774268778463369850979664593489900605243300317866946298701164649314645301991117519839578820310639311564626469099685579374439964376077590890412856048814149179900852173865482869044861826630373182764080713817753481874332372181205319058377188076207166029198098500291288321972275603250886
775 22433230610066372852641603756226717066908554218623887105688094677406749131862074970951028246752691760651845032537411116858690412247793413511837267205576907709360235217103091641354646236008152972558158537625048848984877516186735844957918433292124201146449369651656663548408400210950783506206942003937318600283397182347016166236760280317202974350645437863896848331772866227024003039596828279002031269820905608223513481396153776069186614632778751260366228011738916195896556958767974913401782729998448814050032112897029570270093678669932740349990042391279227088298041829881096890256618454624289086808637902366282856305164215790360515950746531579574556439435742144296858257134705931735089285623054357878736236421588
776 187090464343337391894944534671525021829940562366514138093237978662876268698175397572413824346941713601838813372853987644073257981080078070416678127006410122051130341467364471824157053570430825441555570658470003274216575470973402767748065603899237243194014174144611805202029070775490898469970320110747760599084079350565348836535480366403934376243512607317594942549305502086514004586372133467798305153809444201006346891617418590224413742494310600182309011739960969312220058356592113316160688591609766337235973665367018271210964998709526098612952671246916404563707309009100293528324518665350380012311679420651082470328928682491247947531743783981344240503929772811146119582030134528358127789636524369725293746930418
777 1560316016944253108882477660459893741766428811610645139808509946791185992103938930206078777594393923840797107671028913936630749585932202298913974765521194960193675333806677535671529091777146021501646696275171345580272938550245390956444505872561853150166715900957813171816726663301442501762108173875522988946080330867023529638119946383084647158441421679448862139787295663597419622465613506150453835926076095460017943841106577840789691572286911002352536910160582836443602400903317709537802583937719745734923108687172987704079320451365513734637144881776212754515519850895900271413216935811283705209104513104630779785449902250479648242102577990283594213660936073335183720329029632901876978247978792552940945094187577
778 13012913991663695610310444342631380181136478142293417879026898683817139489396284034878005396190113406122023977136415826396360295866917502798849720365899316295444664660918845484613810004570550835756356743478169150167669836899046352438418088794303737026128882857687437054790445337500676035183868083242318211454010165709201702701687048610159767862731980382781404106407068275629403419422240368927150829515173328040265740478766682413210188192437989284878128473658980007823073177831138611432329376638299228430720188786413704008125714470986682732383919633085012516710151834174464726958887388301636895506038721780739582945541789292379037884767411309963730946412357169975836087018835786614345061175270834116652289817968320
779 108526957570727644170147372892095458360935371249407556375764454292745845191631213799940778214503328227741503851802250868158010795551123607276533392485017480103494834352997088105353313590440161014098985412322256123866916465341659253486242489968358285437323171989606049987458969980804881597126971256135794668383087411101818355220882302255738716443162999390891103677364415819503378350381526726912297561538666075318924988282687938974685987170523938780690244273851356787530012289805754969909594524815714282035068837466811456023968344205247637823575947550611214785490845632016427240247503059171282048159429536049843236747624683767890535842027450556732620645141398315651595732142648396835573233597566282873786225062532386
780 905110848983046942812458083143602852832866542091367690439364557331461732819252563471462126994562490276551289801274312116428832325953297021666929217527881023967385229051417498678584704273939511041107399318443806591038277422690098539103862762743670537892546152685015921875762666297908857788493557878987357232182192755530682814816279445666378219278557760709684568092044344447882819546249911872852234366993629249522507270574019712245362032566411209669525301782249820977250719533117529336379030551867192486367187745677524558956501434763419838474536690225251133717147820836646145786745586156006352672354176932889261151840701934357152213795298349227662358976322479512965174741569628979731605126710728463480075513929127103
781 7548609920740930450544977923346426498446468820169461057878749144116822518378727538520233081378299973743980916602970549866609388901690047042120655035863909453922194718288389098879412670761202018350280776595406812447246021783529526961681439915030011751521328090326023700376149347994827252898808540098950969063810776938486254379187093900888031445430970640954800535442731331952919037560523386363139998170263803757499793268258697574133769242356133878756485967559714874318589932537453807795394594686228499096802831213715429052624330817936149550209490740385968905770309123253834225135597297300404861622247233746848125409963712577909320984566428509309393143730418477172832348098119238549209279801727022332449979398688846488
782 62955440117337984131333740367313953055600542222425706386772958267992646369924175746760619080717043491600987395647898039666198143763564326681770619663818438021146138345807207354972993923584415939361978331464244110755759399041430737424007596311576896335389736909923543156245793621756108102221243737143667700418605218304451981133247431481339127433242374667107875959619875267942603118731207286644175021475760602117917578290586739318440860949540351787795390472555306041958620874886484470049128449516391057391294282847454460744293815675141983703537503266089212912833662711940025483901830305252224937601615090996917113034767103491108229368784445571711741932723514656303558536686501157174170404153996816135738175000586131975
783 525049936745949781772634612501417125604231699424136552505416058960784644866788314984364478993122840841807544603657941699467924151344376840549068131769253500353360067333680072413040628439303509828327669423982476199374140923715868416806941181018487748783789964487639149374285542994025967154952180903435975835821503214197130396907926868634194956517436329635180884725069979143148621708609227246808668617788548438797698042061204724292518538156667163576761632258918873147638997309580489295552782916857474888691730259436703284920222974472751348770830587394407984527077365913163211988384996019364208068711448787602001968120212097758934676887659129833259562677938392652530661633638802709478529195132048359245657244112726577198
784 4378940247161901073368598810337141373988847408966697582757480483783809626608162956022956164224763720170987817748517837729782220529862514862454795898564475947002193613333699473458529500798199068020615553145937208051812469249909101696040373411321292670683463559934818196988160055730115693365351392637170659760898555488339192248999078327544633534363216371264751338941868255010553447982011910911496902837117235148148537091299894915970962284352729488602754033828722993778798837899430542641037325455867119170822580810200404534656521025425744876362213622069528597191681893328361723796600676451970854720077287021491341452362985003246550536547388797982773455692582252878277100043912405190354825366906684216411941305485163605676
785 36520649061313775006205603300801833037842436176898161082371913096823466907699708181965100251590795925003699590440452450790001715278046832907956544035691892852916110705037832069245680165101084327929709581833468652306514861442408246365808174337679037736888859506355142298021473055975487520789245058730572478937677356765482568937253252793555639192568701926683442598903481167971751424199287431014744865398224458959397364639475447986822233449215762968203713020266148626083816712305667637824887227495033427463122085954385308023360922907879827258530600555714503161736477556195568784264866124566400445665022556012078550532377800823287079219078974845399026760703531397953313656820654134759708482192861032367417667153685686152083
786 304585351464697903528418790780394207061234356055857072151024858612379634015355394009927356204826102074848516967302485598338075841617325313069617907485815835410539536484668261895719396093391400578981188408845005487468793089680961580925946255454875667042629632101663364045056579183420478345606745309317183852876073460650760189977371032010045084291918351922692313631800338848002878986524399180916341293193524288082650637435906844374201160560207288959776336378935127495183780101719420949629134981161247267969941803780418747295007789783044911405220589225248423696474373389506847335462042524724350717491993726645834237950554580174938400816450846773260318959485976627797107969147326837452571343536148240861529907748079214125610
787 2540274172139045470553740552885090391781990008190672555745262638464194017733721260938919666344089673463824877764655701636214159470895526709736908632278570829276073971126908697422026553811535380177948610470121732155280691255836258331966890602103775791796497114055904674166813930786448297985444301291514022425963331246545962594536240117044083050645809510683560912256008959569761193016040988062819961889104970460004323984361971009186307595455693833120810523693854409743201855168036872191753572161223144205085600462132312184459406222423118915379426020363295316158792326543450816666422949703463692614905051093180776949206787202537338372449666554886043458585355431009809632790924339941763724531511676195684402000442581108768934
788 21186207627704900591888635808895617328792731286063350362137491793601367228075805524784821817664329719291305724733141587565025806222630666285283052925100973426479108119766839931961248632271121084014063937859621016784492401918725869462607645484591077139139977590367129491506918193857965929456834923311201469903084907845843719991144665605876289539117447967207192850589051767467421580631745560025180228168130920845458724184069573558388228939980892803139641848330241523230530534752445768780475871018555986570922949088541431066004173612334511623586147405676374087584965950361668773970095218830975637676275090654822917552695953007004802459092968520101393378736465399406052139728073369243884026475672423684569727683950609590571278
789 176696075871724785687500171352382078302331969575054750717725499354847397724713620873329225383892392926212951357651580915781507399966137822847308180548782354585724809644541630160197986933182054049279853090547569737237117079751056913945372718053633331388416193602977739544701244646282922775924637333482505761084819747728564332521123834440677352788556868669662688201908241940707458535363279922944100317278856887437167857321434343894038864135804421232336534725168906864577673770113503505199633522493175791492602256426855429666798827553367311816601537968539249166843040721981978602471049876685614832276930020897202891555026061044664939421194899548266208476668575235750107137946751700358217015983255147799778036959214373624675836
790 1473674713363895130517739615608613730787357084309898027343815050439814922975377829334297260190918616635336894310477810966265243678852054960102867971135773638308915934725627476519661231480465625846506889539686886613195900916673750795336050209285000962945554425126876551905143975542045796309160248796638539328780765241074983738186431587471157142979046069673199557555636116259899713249799381217767431187355166043612500341897132159819802174819414455397561681207565987874795832908595551682741857328527687266749622376119008827085217453572519074195043000099792473636683764240293960957426389415940321066953283274004491481687278729128339108764093128880884345438068543859028477410593011742009838369123286957999311960146357714356366287
791 12290722186978356920170843278606600497956842034218109476314738814902660102365260005604273498854204587282828509589204253879005388441088877393821090939105310013570267873813854669142018194109218313598898448835828498408180772538772546561507367350691371905047116242218057974944758911909617910360623309567298191157294160292718163190289001271397749068339132980638978809028870778989563934675254910543630150555906847547962477103553755544325829537014907558647912876763985551712191750435028902611615434594413655730184778227546466455584490143989657812318634326123918552281335851854975348240308345743348489177779780923743157974461777168681525552929001131933848503538130586132246536505741493599213031053015214392504536240757987489745309305
792 102507162968396671380747896653527427525357184603918796442881364802310186076904882482945218406117181582217048742297831710171449047400617188978357407339703583956185574025245063404678482422448383613265520567439948238098439509624421204483592953268669123790782004527490734401725889495083980456798191588315065152218513625922293017632266080824204152987242405918476133576288623157879765119377307736485768917849383243168171078189377074516468180174666803718664233011457748922788482575876355686659250196469760085375443881118242066292862461802358887828100141249730785349411771724025271887404505872734017461817615137124399438860122448068273627611067808390973986414665935256750780324684984087415069823479207414841012196739670182643070982465
793 854932966970323686534682309130281147742776038128146870288493856683726099415633280958908719347198334443241054448618455408290234790312736228886827599955670767036431583716285795566588689196610698703336302907177360452339703344105962169067242817591301992763435901282710435928040182454739754641785028822451006416290549263660911870753887616909618443681443965652774058009013015179343081006275452790219616423724297816140327560039144637773075247676386911410404972246271014675043365042828091483262946511241501916713883764483134963775793717837079044235890809994151690080233095972489564643641914740315406807315129984093894012095381243035757947679026599206887881189052776151821653744099737304141344010351834784903536903171981630189055083409
794 7130351676600538070579028343640992769745996237002679825672907513992095668377676141866367503987025102409827598447253258301117251694750514175857528642894711965978837338892326411486389988459019913947087889230526058072302162345808746032045242980566144041517909495342023258568932930239313877266196966033130305371929038808101554934842838031016419904422282569834166610320127201056309755957768218065503629339057228193134196861498475177859812190483992184664042971139753731836985812638247153365910107770687898622821248621966253328495554792783623876472150907121393784683187340089889320279111446847374599417454005826244163705953582218769638567494069858430700372080529775958148149454370624361860503239462757359340372794212234041341951006933
795 59469032024742277970408378485369472733156325745123556254084207100365314170386433437650952923449110755575163092298860333177456614015203499762504928310668661057448039524416784142367791471213575495066110792646068406132282721199150135076034024029238219441891038873527981999743201242566003697605283281222601631727212905108205874447403937266750290686178487637406641018814937096528805716967788509678834444318037056204479058610035038980742914688416920943914937149803191351160039766798236295111627897774766737235175328940985511373234982936947148963422047247044438811986830502296619488363140797369944940133247497942917536675026759583044428307003219464280736183799572145825878587744920571669566184807358871736704617922865233375495393492684
796 495988742656128724703686324529495445362613600245729488040117693406418541552048514787248977066485142987788176978739450346423553771524909524768487404665433758116968491887768022867517938896236919599394960589774609943227738581910940630615798877769010636914055607690854241478361472244427981736003614170326681384410542356536602561951729470808947695052503764208200070134187554339622748153204580676465086549605175330049805043315956817637921399662138419148357147222954110936925789506440484273542956987966529591705854806694260735383848963527601842737814193272609537805325969011160648406997571497786339228792248593485067294155057524676850181053810620388783615797817115922268185675920047675452168953703326899918320252835069833248618929524906
797 4136697820818682410589086186386239843161476437089064935674400324591170663378497831082866139926679314892887964743398199811650787756081489696101894805591308079363047608887334859464653566722191719427570834768157540244668386342942449790003318117501951337882678400771211547434342638530267411055720691878563562011345218892136915654575959629491832385714719090622992554270967330774024994738470178297546154477738377500511669455566178442635331432224442514738612593126699397179319109159230185698733639655348461562848266942516911164031730835162857956668473312617848185625664910985572017978608377387357510843515530616558936672859495513079339257490776009251930343350625557782524435232810238414641222095429630055416223734885551445859600932409205
798 34501406575508525419029806107771277413337906605200651021012364817402359010539837530481706834930349201045284548110344104371442870865657153566596420484878687372329630206144461942250286168485751171579122103857256104741924863101959553126244192481422689667174311793823964996589097320433854725364576854775691708148972949496922502309906039222979235525820760510434703630689735690127038626171159726066133164022209336378243150098243418205309779243485849538425657430183682093171165419052780699881890139010174122108337513154849660041626761260794329572014243465823963440401437104769331965732560891977228831443464412695037413270812458659405339765998276240075476890522700780440213685722304365364646628486910195440773111201832677715711001733282524
799 287753640929514042282766407198560135140486542286316010223814724731037379573208241068906572617859602511212445665189329508130625561150399746527924856633553839368916812580560272235007422492551182720278628073938421809103606293340104425127110580578440075707632459364924032556358573389919396653275466689099508817327743732539454051423880842823962572271672135765917688214176779490034496982537487571620020998578432680609639542128177632832622237368813983466968283600823612127780276924066936639038915770953595110190712554992763475749405562725416872778713742269895057423250387344187794031387241414992656825700645902971461251586082501974864432573883829823334502144052455063966350506736903949083667649426339589378652859244624308933901669902648394
800 2399970338215394049628391087852547243100945510370080000507538858866179017133942198573430474260935125646344571638158335228659249962544004977976533770774874388280023516280925249378923075367310860463754083800234001623642889916212980735059825158236072775664471258863431373158673547510307926554213322266244569889190302159016756244007499088071514679600353628222786862958471818828470619841104418595673002201661039063424149135005418343392968170182300298786826281101577584513740515657831757769950841535870968485684167778915540023393115359394314989751428955160332146216793277432956132171621704296472419922849073725200575306693790176960858686869936223701151836422369571888137541663936584331221779969079826406960056346231247401418039978687391945
801 20016675043314696510516664815518411111651829232618604091784764648259413421256037902103624283926894195007308948280660352679150578854115958343288920566049476531427644256160203094182330143803890615482296796475920360399221637332504212447988818954641691406372390974308701861729820859173305025344000590747808741100876543575326426467666978195795972872202967806090182032857769947636590439014467030443749677663581210067528306472584418170454567645046599382993038520943458569730309974919700066203072787719665904031256220393912349601713956732132594402973574151157168616990261566014021627551633064482253068572313392648896752463398700438440995271950261142781024712949187610464651989009574094832392949724833502103776723425503395616930904191057461769
802 166947153497532089960914484340712877644383163861969142252556748438840039179765791701469622827123775387951602510391363991887864002539302888780359066736898384597779424529703449510101925366541935536585689895331414243994719426204974060891997117454871509798346386274220851941058360882492804211907515819620678863121036997916440939097035928448008103803203198726791350420439354689060505516583774675617403482334113138858078799339314958030161317407245280090199158744530692751430236716445627487565038688300131779682171290896749483517496319992317853989350424507804591741596641407758002570950970005385836207144571523893753911228048001900958303137654150588054048832741764822448645551656529890172585362312907081726087101960849323671102539359645474813
803 1392409927926324006262094247227777757553981800954829096631733163662678743461751882635114970910458993310173221666355073205253038237482730771317187590958486612274448646363498931081221226151610204825378010766123053660038918045946856758025946539913565578988641796935283360838370175158165427762635349609403626707921378783043846189440950470633883720224245656112712597884771010879095531117145614605594854462630568041110410101189418789523552170365792478756741947227455304646927643283501223896817932865950190412005614995497990585422603442678579039178054553468013492296471762682560788772192528403251777912411555484747483861968039876346088625579207001623535060712336230450625644932382592139907075730918175501668631869942290141687951923392675405522
804 11613315211637584097953308360895925695688771281489143977569016045429108136729200599894809955498984728343854482454299684603531273730955695279801139888145993848329656363423815580401124084282318925540322200059247852252082126782963719298970801251359593955322852729571998831883316010263855729373089437587839935823456462195093888009169435061834380073788918055515620232215198290577500223445229073740698898180186647167654237920425627613401438286832267778539193598208528468266648919376358255817797672042875827094519017648442643558017073702603996819525371599498692382615454465521321564494377265432359764368807749178448454575435392434015664062241729268836007329426055858384721862683525098552461378080316408259327223230493153094030708200788472842514
805 96860414766987490464494292053317846553773843748967350952137936843055082533900262186321131968586482356251569576656604214107518025762388193202266300844273910450955290001576703683544347733989499550166958964050947981446816368300673580507635833693253119792421338028376687549411651305467529190794332098389084240985052658543582812126751401747308913811751364574173341635450222767652762091328481421284953106119531446436316961768409446533537333433396235171119100686197123078280259427021337126055385457236830344971740339287886938574534872738742952950919008302520979817202019804994849729561311375249130858065925424133603912558597663415002790630347421473164967675967326082324059994166015272180875012742087237330583392110377650376044178677786226679719
806 807862483101012395549435971323951595075051732909840029409081975666306336986060388998209389063366230143284819783597204681663199307039340357486781516558491235388640586112551254493158649369089234753050984968431609367195888891499285825564562259833337156826868031216041503386969583475497576011862107572029120202970925911519184614847444555883154257127773819655481633665932881915816165504291377498935380813149444620538267550415368250145797317806377625230055556422851217806095700005573389352871641240476812459180312968772199426003890916286706606586447457730120488010741174696257687854593850995944446599494193251204097400719114129600910014574845525020783001416970270826329083387785188745271151539992570930819601896982880889559841996397609678202003
807 6737977531953999124038228168830141323132600629659260160435616370645794783528727264037161370158204076878461200580380111050195879847559198976305410702123190996507666758935890120940609802951916917902336049355524796160221775858185917009062122931874053192218525689166602362736157491465581986158599552999891424163270261558888763769345404238466287718120988813087599197627439656841865913808908545561448584485772333465850562225663850287718207367175339433602943307873311895683497071921874567408296380505034944871833332794330848833807165957554878239623007594475436071375490117159153491782590390444698905544619476163164550449001277050272921997934476909553328357528471667221776697790236871696927381297166568018554587687916957623767196365391182422935066
808 56198235135924514854553942958320512867424546152065772279337742735570818196218731288996528604961038592442414929283849333977208735605237920101830550401245035294812944066828832244659596814938959886731277113744269609259723631174580242912951194872920861569749980415510150296395093364095707059590449468320399774726656111347131509676649964285175902255446897427642885758807247645899005495909107090997017354936746902093055902019319295194446633882308225618399326556654828309921467994260887345669806565287599311782941728271836952686299915475061053203005965514747305215615104916150752344313756378860429730456525967491354440541038100005273470411398395231720090940271850670516151506192634311263263659511859704104253157052384565170057809294372363264116748
809 468723570712412022112539888432234029957104804078611108002137453580996529426253607286320919592968072197007883152256757011733697153179107384034171958376291589029911563945313863153190755573736051419108096415850998303683009296584652415085325160961774875053419125459286348151564589103631590336569839134323934926810437426341935478681026308183759619021530069102553019989376779335861280771029710836605005003134936541193840486382063356436232107420734821330841112730897641614066046594720772829176522751727379015400518583980444672475641076736396967287636980868106653613353496886415186827770784016072499096572822621545865530325922898724495965603661832067016420327992609972770257024814630666099832234519221496548807141341986191885454290589848766408143249
810 3909416171296258551089646187444301074272959293351138158030941461300993666122880941870516920228660422757173867065303762485981290450908633853734517857091588804771939867565836950338457616262131057357515973539724914314602036237000574313622523435240516052394166396526028101617684918572162788421353141507575704319042458797986437754103016148942716040989551113194943321967288762826889592566064502595283485642701555549042063746123736320873013505285977692391151124417259290390593523772262110532580650998066608336903259481858485272627341240105377296998837737315123084553809904607268261023674738722135899888004566521046958796747496746441874207064947466965247667072022441736104262210887286542064003233715665530014661774780186469515933879015018303618274780
811 32606787229582264055344942413418651574989400506445444246634080756470967209931638412298078754058621114880589385327496112672973739656958875583826137074920397018060938200801412238203300782943188387378381343831903822123212640553863860261128597419702070550449845623558547590077102279604648057747827110579930026686028714370671494184057018564691196956377212089773029794411122409521713095666491971620047280688447425183289537317514772193248269964827593686708215582996227225906483015957919582349325471620039213103987369734188055993028650676468296840740872924364466037418474050745844307713567990951307861891809322766535847619383114998343570727121471533487651042802292472011465198604769549050994281191588828832228311649169975751259879323832661252574748949
812 271960045035103278819109294895312976601630833179786884981840611064894979420826703182864743919256302857021093445510751716455671690242381029309021308350956688309826189375766942133856095566478863348842781614367607892962208824847062930161990884843104148796336545823442871169710296080565792687935766210164520715730018633536421713577395046738680873132396340478613595516115045900361749218759368402271331013545735170252057684030903696120376535422281048694612625700946661960752343634090862984285398749403729915957499588747492116286666104955337964449597399999656670322780967018654156157035195639629005082331731720509008502941024666167722632873883749965531201345257871088717650131633282069055527143356459888411767857307807097323385031048223534958601309504
813 2268314072962740060266786651740643947255641340190342400825144075619920401741768595529832451397332942221847483828511858298794799603132051066714004833469088074704485566907181718647527254672343766159787255223803653832494990733131179558651919876138008835417286223571458275509262239476371088411723911647386765375910016478565145292954704827021897052108003939182133858830348029412096954010291675236364982858399828656077938940721031198904776571086893789629388643265576447092291336124236289391439560563264738691129186684041658079989313797788902345451861193382812834673445793484216300624792643412894951272546209713513941212646434866982803267641896414697780341412162260120534790604773758385628745602093868761610804795712053873184364080789243206662736697814
814 18919177663469354849832174398661327135036876025780358129795569128715043571781972014809378171779106194605595532653305551570763988492973229638070491376409738276947005292589715992943063716946300140725446553081862090849948175992484888573938878488592006086993183361969521078999497863557307272125662560258820531986455156524002238509358339998662990867302406798334026573505628367478828039192899848549621938699568557746589048754382813020660653394065084416013797604532212432654252551970732162360502646495246254467307193446131195071747012439876431059966052287559095257408923834618557812109332611793351334888923711618450819633372761079262706954534025344016952900636009904641862369966124044387533050830555165459312596817497173780916924969786588590186901825883
815 157798295206816947745583701374612087597917849200096263237298001897564542333388664269635797659374325757588241868238388456392330364970449497816525751688831577900365375246671129917941514325583051315377506125626538764274450726791224257583138207931210617936092448843518769480448350797255087394285596480721304164395330963637993261416230714188825196227141783161685612726856014167009628610818234583475935919023367156664605230184660885386311070931817801411219107520349197783685591764955784814744925922376552231168151879171361566644187624543663270950990767200878137027269333298013313019231224373601994963551973516634059306559045552057020858645530557625835657371984487956448484366263146276354822130178567445892774819861759051292518814747915476981260183784533
816 1316143790221075251686126754890729461096821824234030364091682773178853894223602022166284474966685931208311607773641798917177975873767873746994075633413185399861239377487250711263795400395777368258865045054683831911952986000172484433982536844638585157898704251677678767989493083168610185362579719761660513042883816136741229780954512107744505307619068096788086335917664044218780266956490190449316745834799400442044232207571533202876663617739456897682192586931772256213883221954930451904714747345552987139938912730113055610050443376061989507498991695385854296250439704247019428388360198274996302118378033408548931951107070730384977808576969240744130692214048341992585157899520089723511497689147160209775733423187404642697942720792986460366805690892662
817 10977548117783652819562023040117307046439713906004536358684948686131495648348220977409413331266214304055348573124152992049817510069244311400955754325704149923383278403462734019506553179577050510828761955700754019634137579423137357525560914834377516478783843803969203345899783015242348489347617861461971248946073638605006127870386311708738858880590350226409946302180485099251646194355870503397775565872094771233086184255586622726291557901425180546418482018038705105827760639428752884252169885792101459778642121914118059133141461485572197826838678578667429849603520735375036334442751133757980327545462529968668433023389426101851646038246263567314353694869710725204983262882537462475003756853952795864980290986143524789184511094607262034666400096747736
818 91560537959766551979093445356832649558255443436388514694187595456831892813422600521301502959807141721223809816719793797997402550779809943334771989338051052446901725044226421529151452624999608868949613978435738919823723870665422190339886583019011956705539447372757747969626676902734379947185698142443974899346072711585414564021421765823911140703065448831459788436756517747754238312128529539284056260287490118503704399378755189091586477832908836421269401489850411348972378775544969470913195669111592106129425244573634943105278625584055052850877316224436553761297662740955383013283775685154456180704442743441549204401571121181274633099234934107254215815045925031851900097729263771604907413525065851668942985976459209392289838970555029388428586387934752
819 763681544680615247070707068641831073905906078363682865048526098149221598961202647882395781583237946135039764784960572423498838250927300337379710949388602322289917217016680786875136392151605010417274238422145760250098438891900185975030548569515303298824275260918163703661914109428041376612464950531961908688867748666232890862172137458004631918410166638089436877392441027537701005772377542270979967524862616096994191707835778360536703357816311512592862620720647251378665008364505127028218945082836284410373367753809198794638403027164237125159395505031987553088789329443595591809458702130133848381017060597935818466440624173456227308708717086220726390663361850998765862400231542421913736299394549766352348651277856069711648592399888250044983642812790307
820 6369674302947330268272768326605457746268890634921856698021065185978727035327209316604503172434923081020653449723081075574833240350932620619618803603291348073184155970508311668724655815927132529444435056707636068805638982839297331591538354013614130313886700938776512848658673151608566061126077440433745641073837134425944567017050848954288312398084613077238258511541261649536424727607981452281271207118428160945205047854977354281701605680762306746230318424168336083688685882639370331784617981024330736500910026802492707539076874229515932230760988703676660440559242408991865184110687633754994254451058299370183862628670899889083457876838275387402549653422745218568886103525001616082254277949141526402347961847237305292177596806213996935715444484833340252
821 53127958259866360504647707569678228723586301272814216946895706654658647955524263618216413471440028024249219645478077428818730739616692552763802364576833223641806480072383493378197848767223733055657916799614619607914837291897748004475034702778186551392484922514395869426028792117296877207422307856492437030991914236601242701042635585286053231242219728158971953791481543986156119085798676990766753771462066502795291479457660223052787576927492227966814542885205771563120635381297056423314135404431969076044391661514821164348492468525616638775253579423714615836158068035767657876289310680775797388374359880776512803070279576450224096154402277650969064642395434654750575588435382682488781152795211890670802656057938124043731975696262291422187349939334980343
822 443128815619811549144180423731191493977925808095581377141986590620215097199067853752380301337541954585919673245763314008575090312832555385452920770369577437160670162078152066190123785604418536261376724432450458232265087300675017417063931435092416577999455065973762298551927347054491635420606590996218513440132553186034835155136146860237370289153111049141712961285492526859681604202479124344049000424181721508595976154737256366693397059344048095609600116230576762210443380132838764195569126783548617405535459740496008900620260209624666572060106132310745662203717242715388798388506343553758932712014066885419465866140549762541462100891647042847711735598825051116957430768277493747435066672032106211656756568460561496854574545437278950355207472119348361311
823 3696049868181529464456226832214172471515184236906907312780136091325149099216228004475537947372654380817870783942768894604298561312796640222444024167341818517461820288014397191534272469845050658606349556679288061406255545106965377863684929774421769586709157888007951022523766934142707878317011806162190539917135071520385083859667938078080057068504914252661082704582115922969687325242605327232678166769436615144154398045185631061136051143564444625311474549808378543760734297996458767381185287211342544673365584979262723199560255222641477103337973891312107926116757841025912138925124844409679703654800328761915050357992072752610582207460418353228120460351452404194171692647931806092325198013445403955047963805338994704305101592399927780606326014305210137345
824 30828089705229683533272840636646105667721092300104045479785809981064503644452466797215772458202191892727400454975214405594484373804760660177549875394746422973675287392399086986865611602983094949742796848714837826577412412997768533912164987316678234655038417150543771314023199617396617766000810625480559850349470426034958119090720863336903924879072765644199563534964911844542893624573510916279127842551037945863286800974655629872237531476610741094189896737772645656162619662442088690368170426831553860376092902102289921331168502226865583361624644480411380130439002109907181123162813234423634452757111734279847467356226366204485100444122040391585719399652087420507054802385624688466634803874474154030391370416662392590841855815252060494397042016197645121515
825 257132140580195614857914458631625588762850156746323537174699147053319842808194745847525974232067858174125982196138157305970232767246944361050978969299911996267105899977198802835974153735529563800671449724367537698830080310952005181852121736858140264369837596438409043504879310775114091997430098889368952727256055189416028130978437949140981050248146118869485692173106403739206991767772228402369475480058025901990265546928475169643171601467254711780033693318451906403396593558309566492362247849228241621735691701003941904958194938450227564564582376553507377070773939538246948621713183359893120067804807031103027772000809518575289013070609459191161567351522781527318445081343662945600784801416430043252822570366878206506756481426587475123010138749936434537060
826 2144702576569449842648756708611454483014085580057616050575528959988242016197330504245410604405684471147905982499858291397894888120424623762846745324157095219585127157898553852288546512677076146795671577295888052671777676068802204360211141242151968296749830559353291052854995517156944387545215161052363547902821197315522130863989647001891707999154571126484212543356158633974056030352623719354279069064446978594570259591256579514894325174523252618960836020368101466067815964999147487910690267674044630521813843916262592561082973014508651891093058966336035103694142868529816417056371105655844327696070333110812660048067129693042482077742656313103875776451254859139159261740198694317729161910105793432830119628025128869003990552861918164485266548967812514732520
827 17888698174887295376435087903905102496781531653491392636957712707093697058143414379437738831453760724396127693611306617244490961842422979357706949920508200182905550204058439842667709959125242908950249207980941457004096310885688034845291831621839017682006352556390666447770680308273126433338326286883117281561024049554440697126783050998491274813310497282543716287915825196808339924582061525976186003202702792757180486299342808725161457804382386461058115988293437277021782767991272525440174364729052226781967207092157374494267787737470188902789055726900783018320751640133519617470468853056798706198807437160367758768050575969723335767064206956980457223001555775925241874540750486727080529607667224150794941836015858091865119172775365434124961653220380278329894
828 149207739888544398742630353286485603306073263938933538448345389441798544375103849674484229168070215863938250781330883987960004938697588082248348195296291485515015096292341971896448754282758008526675254410099181827112249900343256838717391282216018518755056370842066751190075236874399064442169259661202492365776692192308890035349676821634641443813729106702919169012894610384923008679132018281957893269044558754433904156020867349571990729540636749297761656077451947998053790371488742394018851902512449858093480555472117854112743496273116602387633180522869550739206366959663072315390230165217638276030460569247507387930543032849586550692529130188533885630603396018277123953060185770597076250976905792362762516028481746624937312101389068836661453897393439314847360
829 1244528703603269136407046392537204688042664761921251114055882203603799350826430295872183124152810711610497191157631284028576716749479317143047106202569653197382836776156186108922881768740584212331071867091367871527033491640686415806103806527550412075739759596196629677647380918307482117813690350688348363382448822617149374912653289864359739181075754841697104231648239900873809811794917567745605497090408127066401765814520038176425713003013496221818887762020641528221631626290535994027316486294920209196117137611304833683543761937964629489459968404628991169101405835746426958969430096736405602912395282444186904460720345009129615659434921847745829000273225699127291808207590097353395944236324208151271141719056084706644561063959506202156333076663474668004166545
830 10380527683099323171639130365698450577425836927706499201880047234640640447112997615440551263595431678847805477627156820941816812239394570334381038365475754600485564469514187402733622276120702273745126872551555696631524386904978672138171004333596273152763298836445168194717428352082980763268894546449990803619275563743726722392785046791479695194335954177130700207312847231061774740979691616896236403599098351459068485094732663751083884031254014215747834983228228585952301832285837045181674475624246373209374794238394133149327401326442591007850709398790479420624742870541865313182374856978011721795618635475003069366410611707996544583252504753201935007479349151295956216767053571133438413193471690373446226620216743253988187955308628734105127280221926936822697675
831 86583450647833765276831100235755452468378765277936658631144000349185290887091030780058086388110632150462842517483999573058785153055527413451533778970777163212984256704797571736442699774099760882584305243966283591104409801764221764080118449313960190197335912856898900972054591065333040825950469023970759967754375319675563798477216249820625338227345264663605821084388405543035564154535358321610614211345434423180109491202233630270594641204124776221678566569033882307399322609955295929529075941110291935981688016993762615204223317541676486827919323205957617818656761140569896402408593849098983754879952983820271960242161907951493378513222167324703721281744094307538782436325648587567838630516777637868072082059246169172684435985475323398026529791453111329877064724
832 722189703428325120252888310905102761610520991622583598301187629005534905213519968162689323387247106525179800644715669109300992491332214157032814639790457600877002177005742803069723416255557000563145832856385376236441676505791498047887812072626181252243049145103602190889609593082475430200776713034640002029258130395250083257317703684116222822034042558492044855832445458509776284463715023097470493653715404037027950191737535985939549577034444839375602799658167878751879513913566809530601138746504185664002170764560745585276599123138319594991351669788508754746155619828938392946466207174161924333944084561265238592000806668398729682834690272081439388822325603345086511458925019543596225212166345783241035597995771195739276649220482679132233568282741853476262318892
833 6023773526427206665781794641091079285150441908911442521628827292703909564830556492927573988678823687934312706634767609463463591843283351814649710901944507022470250722332034247681600162275061646563690601430606076919859207990266121181868129716756560344355801801861458548242808778723750301570833869781624438233844863689865921795909705001169209946887459816204830032120267338417503429354066315404192207341869122274931294820949413709898394569253734278201414744681483048612502068266777628020713132042195303196059466400133255551100212633276129992739753176026409200913480855611184733473425323980662210980555045548629275923094203333076214148045184574532725754841220438037379954450659811528151391174374479211909085013208236232215123331069343881465875046208896049699832955327
834 50244313592701429455111002878796129362924820576526189372975461451210297943825203085490846536932037404244910968022222483745459122486774115755200886914536832069120296717779006841244728879754343773522866151612498891763700297858877879793747277219258810475374479390877419116450428440970915330507337746181295004269332636620062346635640586224815040771448796538989157751413481055344255005427452167367806141374332030106317839466976013018371615512420735600767724204368892953177848803756686520344247080142731091764867464170304848764621987277937123766051755870212021670210299672453333140445400104463043755456718686453940263113667041820849475355261307152432580395952644173255853588591377097900446713383424396515704112816011571378353181235737627450403418389291545940707980068941
835 419088878613995609562388824781034882690346445841814360873107680776413673296713968701085931828421815597894172514344326055852786032700348028353806511923827277504555357608973587105687642436487538923744690932448617240086099335395746577708069594248466378680921985421189172728884734523204492420740342381237084592931858710388236773019985452535080717827170482743259597717056635176055809136859034772242578734103792950613725623705826139902965907468506663590252890815340197479699556368129125941530807970849300478937903959075161629988791296904828002040215686378913248352053925669468134114751618012541978374114507038732724175353693764911697294519561005247866904219406390345597674600519485474182801509286436866010169755036009123570425252967985863624722421282016033108219312059292
836 3495636689069720328147554250348392127516925903519372213373586490777617292252399334167213668254111868316434861820612239608759040888973135492730101800349599576596568349705817864539564383257771210108390432794871545352527371771910281953202775717722695939366932820565792453953664369243909162357646706116474421663153036929062029411840390104023717403964013417200726952593169095004820124122708947591960126288209387429624280603527830207342967382591267881035404825378101237756191817525239130175811496191974700075093157933217788980114090816826069939792931482054810451602117114967746541741612471820204574300517550274622125298470151117462447471332405660948514992761509012365127791774102114060546745070864923426977715882253416967512376071448664521599838339789392018526089410349012
837 29157304595011627108319596791141728633897324163701274733223212475274493297984986853501533805722505337269904250777182952699997051753345895330712362683692094463929773515301548098367033388644726539101144200751826161968138499643862508903674405522373115780745821833841495291416889814190419617937329059475728185629983363474834462713978074701869217735960930359055929200624623302054624074715945795852887648005343016700479495933024926179776846796439777250754574017424443962176429519681857182787277092615956274697774286011938305307031360265284152611940582392238792156891651800478744479112064094251705233512712456409655580790050942516585547183174817795358340558067823103894300930476455908607470832249977100091841077629262915557014721144215710611308922210153023595170377405983667
838 243203257949321084232781352844576427953800039653464672552888542857229644017129002239968768705622160610764968930948849847018078137130293392475241854728359707915737414362664550459961557571322062137245947491883039579795099147847101817396493495137282608871632597337664558571528576990525717276869512222364889754269720306772470106294554325518328016882324342506935398959346726512741309174750158814936428810931287393827762628465898566757513448400666769967571190084519577496411986462105265054935058035416441175155889240111647369853684954588030837681725149584226403899572126842379135014737647802827750865141650764078027617843708386280900991489312842125617546207461899901642291700238226451513040961138243315773014716014436826233259691144690937193790783651830028107761258333304848
839 2028580893550475701829481530346774063991616087245671073450485137324295427485721453611498311026713470409930852029664133194021538362833979917139559714451005767258836608305298966935710081090135349437842106040092694932728426811962635771518795056013699810899286234660616813726701149162052833119927540217148405879448272231333553414556501020563320954080500513639580104148949643038932709938307419526707347259731320587578046660174468494364199114952222647133735902352943199850964601533479143737302452849603635048736922837699772158011615831075341777161979670344069239888195406986973069982443559803436738309142407224432650799772179555240820545857700568858577980290158466682865848449219044547755879980456285889313834109791032310534729922822592391840042363149627945968518218279997267
840 16920617120091926902593471230347314560631407764743854424939027720268269239427077858290275468179462240081780723227840440368639491121229839365802755015853964492255942703947099128517741636905712206979886153343416207682272652254042381430610696940860352663969666140499887923025341163221783765737272630643722290143127427715068111746386664357529378036088063664374616008670027099700432278170070983173879645798840474289319704292507745895001958847445344385813470740486027607693093662388247071064080063536544043650254201835733372128930687889895372038060701903527922014554780282460944789303900503664817695711305621775547560944159008235668847683418357749813028724076771657464113077998384262575504362178806304319169727162363400164405657425956761398218342505832245202986241803144634589
841 141137034879911465581634654466979911301548251042164086121653657985119509142859833651125234961569828745518033032778660355014856340792395725961970795286595477883839767479278345691646954253422226888011608389924178016130164034739019796174076918411597908819472090542652089140229866894919743560658219658662524302924603131998548264153697140881120776478813129019966588820678157734980672916358845819852648465858846253756421170082704720482031020528958682355308133075206898154894205229874447698907020033646994629244513433385537979562226498643636074446355265718602244103662502536871998333579259861138372384191636620990773177573827718060394492042482606991688211965881748705471203421218042001099163137177221267231437574511933191558368839073286922703164278911516248724157191573497770990
842 1177244583694583890395760416500480602596353197174012466102967630268321634586389283819573981461655501882826944951417490259177973691084813415845088016075173003037672541637313890901466251496928964193551013912307166866659008660677914148150568014011833072210911542571504329125874507384422481799994802274841279653309168609540312290187558868266955697950424292086357501472172413446966724779734016627043040086037729021047410783058114780947302895394200432353254087872629644825381405928259023825637151741797331500755537488982130985226168630999548525676871405140859934844277264419273535679218154335572210644250607354995081202214359434028334351059302134021400829302807397290751030122134976245700012888290346133714149380915009180068546497548278522882661565293385070066533789464612146353
843 9819589472492690698905187688501217114363580959657930618888552044841116399043321239281656994649868445064957428718734088139434576258738291262873422227697852564586684045376264269710861482848519583713594801967323033948236609471289437393670506662593106914546465318556047069202993174973555218431473342982786449820111863390654919363263279664794013969289955904381977040817266560576439999366506037784803434772336222106047947628811642543967796419754169301975933809612832960759459285903645948432027296225139344017758180740050136038331613787792770375034132971210568715101561679015193406034315959025875132340127287609128024213508390240300565243573063697565111741798352144138903687833462687980172573853802604332233315399237079197165228580169683451377965952947808459073740838590086279919
844 81906973501818040161934248241199817626930179442975183961509572662381126354517218148398511805582472161104440314566542027020600876579748064685008489104055249905675127528631903455818471849215901782966108589533474468621471700054343856354085456826950403163364347295940381844359564638253943155093766779094331797904537448892083422776983787278134846308435706822882996765150474977158274040926420248884431659462230649416843579717959523383823308868452370854238617209263844623138072118465650069583637679880576938295121325949454418203116662732275442563340940364432826381785018818482025174357473848243058779222773059280059015816392878212526689299962231543263276079591736443542774706586142453793868634333798948956226914727807573184246818117174949600486421925233657195906714707102669298629
845 683202332745594974711713078091677853313693451098297946414209014174017192442762668957796040509077024876955445019986533523831927906371093902407654390367663653657895420033038024430863669359020695707139030709104833298182524576463916065863033289513823855719158554392158908078636898466817065248873148319185869203698331293278172599594432072693716814037684878831242669051387601565401480588735555524446278161189073063093310669651666912157127880139713114523309916669957219388015998019588658669640482792679204942340381770099273480795956691318449061637660696465855035093027657796154529977723346640976576659977490509087521112268394238833660044122279851961840038494952650333775193956810587064561335960753421365919160793334182909095212588724922375511633979109390972207072647133936632830618
846 5698738312649335102893819255617331067145326492441039840979672342339265908886695564294014724944764900003999524495383414645412540677039149571695380282141809094482911885901210033478018821152541021401194226700373973269183434493335240132766732707015203034518722883890960471065586378930037194714115016927770146358459158370493760023504209100901900228755238988410739943485170432993243416891130680768830728520061565830012057152189881502394649607760764814842639148381710967967644352998113040672448351698013188540541013562568821649345785648645580837334616980735594834331487421250867226553451501661167891592997693398002736492418239457503712717814596203886543180892690959335611034998846450612078776986368491692557303202340535318241395368115274813966786268515689579988402191321070197677786
847 47534507505933159177290292453845727012872923545780173542215264481412474304095485415540916292590793800476175732983285919765388572304166698096961051593563056787939439755444952459784880301510115815564225456358067271655964140352290924598426631567147648963138176943105375529021409054077504280579958615918219541874283134291273930380479498553105690071823385792809864786683685784610341524031516257891961369755746608093022017303291845257609541372956390209136849388939875281037765764907962458543538358389097174070293900677098337643456562232847247399115514526596389467246813796410789112702007016570212127129500171271178315641827662083430339280134595260304532568331202895159883268966159245915909219011687138806867024972350450523617676493122760643713280705255290350875370872132554918213935
848 396497260253418617277092082117420216722709005075160810196245576035522816431204758684282333511253931335688572726669713145250204271587802101372450689886035023290797736516907614978148777466890351652088105196177029063190732380550953948008226287599195945692500838120343383087338448058412059234069163584321701907024124399776489124557400128048894617695589110714776501535415627754265760275318704666545360728429685567926398872149352062967249727662845353174357799429790530604274542524467995312778700383992418542007136730130206518774137658837384350916958119924127257755555951822158801434517568085030942505278794002506574458380108744648630409646296254833676541598091399842314929982031228960040507539384445244268074655406513694057722514727735588718509378402960653330318156073582552139057860
849 3307290083436987756457429935598118157988130639304334402315085760168328975079825790260488949163743716541047357450647931648420340886986582407893293279641854649323261586824611369128354666545085582618711964211043110506188110364631862026261433299682227279152254294683976365460238759629114851024176618473139989692343821099882966609299142303464394251783274089105655337261576723728814086885418982182687261141405901347635733665774458699146963465302328640102231900616317580944388421479807491371216322953291008892106147031743017312862524789428451672651042436534975096898794666444658982458194541195557067321420086201244700580223893360433131884253824117917947061826465649873429005130134472433955268041798003748646368784667390420447708885677278108909397895320714791858516999674283162098655110
850 27587051799556278428754711750131452468617974960541890457044228333160526635373708152980706435235247225965980366553653358742343335047394680720711893943096467559086131093719805375918480673259442235052206112200026987713315059226117835947628278532610796325434566689152504329738520031842227119481247487565310311741523585717662682513262488396541085133860298623748123191412745164848251774004825466329809511341770078589531368309860099891300294990020763128817414474045522226374240134104384098648475152207017654527435241109393933874866745491453160809798632021468626010202516610549527020526705551585555943044099376935206502379426587472566998724098379058607987463061580942565819045958049323779683789666745842083964607853412844627528304218436518142894150923703880912351201482578658664950776921
851 230111961064901158791182694087575573337404290769889506681970614454977875862832931479141956863819454209976056974240780607303638755907038056369674834076973932651555611300420155836738422079124843328413273182447451446156536795473057029208815532188536155533653799265250869614265700669320988751811517342743154411088134603091099996538102817406978718084492124508570544445728190642440695493401066129196674561198802475106195421788056238837130455086300601536154758716480277674497355202346201603265589447211198895150691005226283083408943419212913882567680938198603648060009958364250987744761398645019267113901002487946438008562114113300414533826350251250593847211975112477335655006390776606270457584692387824061384640676444188556059606654277248168858927319213546437262437741055850203158387342
852 1919437592615185381607524943261175288435792291086149495675063202562129946005831425019952140962447960030732254096646988666291822988238406484227900284750953058744131449337740837977058834938501018428934608493134800986387781765783782243563471114113328134111156579145767170351345616492769279827316485847986334682895512382198420556881441791284612665833690214083287037946751306773354553160075807395572396473386900506653920142739981290255299961963221195822944967514667564214282765667811940017089890186440782770156080073355114902719531007138530349048015183889541698399251015996086685867054344063069548607574340758517987568853684932019780944658151225148399725928254290830325646996528469530604611133150352737040791619831409515785444136709693913821318232505831394568079646707570018450720512960
853 16010677008955314740404153799910340005684079595763424248926329492288211346450814473323297586472780372110537863514459152607165317017001368421596271463273103856506864620141057799626772611576764255852113133879020560049894645334180372893443291039745728274007074962876102484619615835697669330578565672090331983918392960665839976089992927516521154243894281025637087902547865532228843934488758351419575723444098906637416051699966883949058641826787062109814669054924280442291038901201447912092486036525749346647385831807136221484799668473173326912558052886658385503211820751949253455028686887747923663118076579581575023721695430282696660192758108059300763770845040675656356079209956969450449011426900211162583606154033285577026301371636127663613430148466610193834968601043110001148215208315
854 133550737828866284665581559924198571622843352100157793725659452981310245903466107206519897606865276375598977476696134626910752144850582295576888925159715710544362241396418865994403221870233573014496261648753310061793496407646821626052191449504882111176320497744980240218068035796206661066997432039601429331465816244694534383982728519646530700670747655172545253867157252862374529660225282625420868307487160275679492510251236577325190051860708321545998774291921423944976817437701112690001655621255005265706137502266137559063800731817286702222283846723181397444839272554547645830492424998966879062613445272127018641562674928167466254052182543243877726961617738135900439848252100050192895609543798620382411894220424982302370269247295004241770506494422058682099798926686756985208098404771
855 1113996381631835169381338578406449324717838385832448520748915051989022678784085803949331139647909072856790826898683057069078348466954596792012967445661291045465249293345121061256217318864941203225111780039713360448725074901234421595916989534655066934911596102568325670206970434353420219518552608867333025384047966655967305514176739456732805006200842795187824071942599537851793320933430924027436384984819745984546544179775741207655495790978974136886757390866746229233783033044724725252984450882077558111287183584306501487131065895414040592929472608410130101507764950953676732623241396434558974650768395343580945077063751113301095814979204285535414539563918012294863873276007341288667398095038612259853032847112421096529038111354214219784192555928952622397708558689378371336961512846999
856 9292277262507167865727930420507874805315604959252416392766952822731614982597368112281009201927633061184176862623689681984623525114912680387590734901497425595222065042989962320995665426159954771350732389279496203408725520200596694086932396737852612043983060991862728086681804611746116257951674597150053155153727066991974976552147495254157103826001396983023238038299706274178358152659529537292122984603341164827695963822912845630963490700153155748571598858077727851443692359089095582440219092732443403087930501392786508848803657499765644470049728319019158675979901934917471829690254291151514343269180826021756928434210117900308530384618848738578650454584131031421488763806528799216583540968807305916477641013541371523907368255495468839928105784735451490880804121520920422128829098382114
857 77510658828765770598744562409196168371724361970598510750052917619226031251430948589440420744757047864485043098636142637797929638325432087072747987006111221624553670802055931538369931492207482437419987934068586835912440376429109141051784360610567997064976090960466352077606288445996739079342577864985988167238102200789104460816863013371211701795886582637203430386523737331635052304549237852104936269850606422378889765732286361407540747581778718804369648154383409390032653464713236082612228983518722048189989650093734593934850890032223423695865159848466590595902467001086008214901125468391761403138626332332112405137045081442321173541481590921382378785256714773639374383648003696325159278238684125454824493208300256753952478067731390286273268488326712522092769170108479839779208494769058
858 646549207664582290646584889373402818819237337855016078061863464328230998962842284074944392196660283691044285424624107751827215219587160478266621898365633301203101214699097698638629566021982902673365905786594242673731433577957797562076641073158330150010420356113317590999386437407325834199520140373296952908533960447589289128857866925811443086590716264497444789431427185141326778435339753457095765576584110071338628924531608397502183759607787625496643028546723345174935624350703908156470332489856390577936614407167188245219912859837277550778308865471362480376985829943852069680174594675022616491673783786083087671498242423015469843109240648835718824743559224478929375105578490456331261937287649438405221314476446489548330420860428458852672197760900869902498152809000390534297295163110975
859 5393151547885955557707595590822344225841790097536514262693431768642312731943743066168327158427136316923806844674415897398184245201108529673217321556669156558438369141655402706432955206216002704665662160465815673551849434424233001442767609023142409916292194583920177772060422858645922820287212221812875467397605183013005115029123290363270943430828158479606083637131808056143723212557802367948260950995872495369826506150680836096083453251542281040292686093621353845301131624288248211752540757861410443085019248067786239234772552452381732379535659033716507873461460695642427520265898929580056676076143206956265306255294158400375615208008882908737940997783066027834250829603709528215181101971109223983895479549397288501165749039330718765764587959500700666106923243634427534351148313333581905
860 44986742536085255959786666275412682008089773507619567548656691252239050833505753164208104389809962807939564812464943735169481961517649277932107622252458767277741761531832511727200348932499645338392278645735326920098167526230231387363280262784568532556564802519964904926215765912615103511673157463138237724487682274908635850262118918853161144282834736788859272786492439970118185948941044925114478435020974194555227160471035507232729836240543931684851906731694782993443986186417731144665797601378637097427571776940135207158696226069787499456203181728503620752842062759161168069889072048096318852605719877705070820279500208688663519754394528690666437443275443342220507290840500216491455874381784697885891708771817011287903415517488111784313413751073513035931464017576198844314505863709403303
861 375255746161703349183190661950314756620352009208414997246809076938608794256175047729836645131548149384441836023386211409187306441193358237871702488916322004940959872154612801426061428006028708584331685803933907610724476799000484048077515171268873591391591003302581605411827672862114818032484875352421450134161636952625837477628175790146909512964209607344449477870737108761381444620989215146652731809412939113095005574055585159300659780343039416766848657154478859351366485582770296196536861335309373085129766927249305214440631633176064798935040402989544861239413672545193468533700793332291038245779448864287408498431698462260917112116146001565532755663582388583295192526713050380499031249849910278552470013266044371657890197089258026202718235925510664605427022949463896608420592934468274111
862 3130192407828991307818227119794642146281360514464932984796344579914393911947452025881521948097374644744505970597887248150844291905683048126188630744662629519174325561366180303105885204949234151152090321754858444534367307400065494544842020432029618377495281477691049786962350516029360406354456070767889589976518969164992594125987812585317417987300141167387498717058933815242923170773602651125553524562415019836226758400026975193052040663493944821910656909657452068487454779682287694353789783578086663351098748135258864936380485869916280185636862774701337688940742134212405624955892989141992941042515411854564063575107982239270285204374498136191268926892274858619689581596023104913448238098847203285531575936721882848905836291310042792428884474230191753251128830679950838509754671080357241241
863 26110524325332491887178429265879125233088506727578871119421965358581220582878624345820602058107674936380710367039120939372735199550457748632760426477389381315887247942510313069058666583549814412758762466861944682339088502797642175936568899509957567850117091288774620805958758708800072752390356335935402967457501840238459229306637559884426879502788036434391655576556715165641720821653570747183753615091734409626129915835714115030669801623053828903484543852948314724892493906084889542687474776231265653012758340246299951136751604729476072715892936359955858201700940572444794537054285077477770156722588788207321348065084239163880180144495638131826257748268021000037495841590344312424135256806874542472947634498981454104444973927519200707483881368914721014959149850074566224984022645777316605333
864 217801580453460162471196856420528448592589063292399774379292413470747701845397899814652696055541910694853265534389931435292651626035853741475108501382749072414886279215814369280987127884857032077998683025709972636198460777515572682145358769786082673737458829399109068874962018692770112483365591109092639096980942264927276097904079191975479869089406581362474308125461190681388537922433865292006106994472474018747462753366919621238025871463559500392674893429414716555253668862085654283711402998667763132740809296349818350491313971098978550801009184368933142460548164399283680664076325420682696253239618653608502645195699635271608693761104180892381487160668005757033923458027336471797320926345890202103152182741098956952126354242964641872750311699421420958458771105651326711591152298313558255806
865 1816800887298962424872079429548880280910363506005468133320963848038926619423076565634905215603884091100320371331050653844591738820928121530519536697316428058815993519531353847438907460498307476518509876529667190941475759792781138264497633016583769527384028819906107789537201995304159816505588073684894195750312760711350877676961079519405142252246066743216617102356136443355463988432445511965333424402987932369520812071352290426737216369197969798170496149921326114758005085593801377394698719050580079367294344896355194831704390398286047908927901411520148414476440622798389836538972329872745524171550860461300605552273385547554822257258116975147877485687614078958448411297110488591887388636378956723710565888136666779171294910381397897760145543525499124661979576594335826200408326581509299352777
866 15154950087928382101812926988495125431717031242074053682273015232312302790822396960485384637025603852080180086740930951607456390888120746374580235982861280275787197865058278832610800134529425516852884412131496150898092161494884826892660953472327088426483824105680906766951208568138817830672151039267414747347468566442720521441032062575384466695329796758044238927572260636305967961039536521560931365139417619489337939236813403866582955047892180286242735830368619477235940831657797205982669449017262041133352938390930168500991180561634682591289850795206437505525013193467987003766891546874076131438161488518308513743211752691458951267088127203789182637844975037630784018178716219153827492886304039959722084716220534209104210627775128593967716084671225203774097646792561261411097369496793013445308
867 126416148910335745332134485034634163598866878609775079180377652056227672169304498433602847678427479537518098915825843353505506334664887449850639883409750628498372154198369094537716689477810552027125699022975463155281713583733145969277031453279665090602366892764637608580118935413609825421750404164932453030213971585761040844187018805897222904822204991086416976410996723692236154873203149580344122515520070994590787547922744418301157507182588277208970077978781675810259274352254735381568685537992012389091061063874401627919721529366987493308015510340947102812854698382223149397848551468248653165251320651856852373668165765500840034983271394245094045430643506843632334773922951905300745085944348572700811747301216675514705381511030485725522548231058488385916665316831281192065508404405936960966556
868 1054511859211807530146651821241689465505710123583063152713698345465598130443986302569389392485631181637355882431486473341233708724612993848620704639122932351442719505649107705486064872701387741717923875925795837294896900032478469943663095778530990260237018821224657114223814015152800814430667476475896039197660092987525897745737682159930055514489033376178752080634177649086897187242316443543628632445428298705930509349219598970618456195150177838588248354817449199975663279740720011800276156171590622142247570395020092101568245620135876655716936250609948862776136530181733276575706576503345703673825924676447614702318857363465938473211017659047475745270533820659149180088716357404001039943558768157476754733947956879471119364161269919250299559606732548974524059597743346218910316099564208603385548
869 8796324556164746737589230349895814334402721108197985668934777069711322626773885297570058239817459833885171420824930436063826569380225520596938096866862868621499403126610566028602057894563838565042459669882826877985109287115839486488148511436255090143231832761426912610685556272836439489532680193020103791124494266941895374507745960488798301442694652486844049017532735749931568032889156464602905117467819671079582607356259824848076853271028526270251740883517246976015366404138828325741946574766617252875975157909338140090428302322276330538823330579252779838264675541892469934523294549539017435800162900127195398177973150179622766130704317538832982844162339077039039219885394091191131058985130530315638143598403310735255322788806844580714763327896546237783799515018801367491618740247190588284228231
870 73375636987274999961928321867715237419779653168882396850692673086494903746379334908281419307527623431483196032066780928104041808224792397510174811919283786044792954449189269036975923739401988904042781469420241005642204994626911872156797340153543666217624534427835634611777018032360596153831705216315246474385613565970007111897552247674983517918946452611334805995508739583089624171694894644981733784212194845983691257487514649810792482544490001047192397236659043863545271099319191152185984853773269580709011317597676961486183545792709515249963955775046496453316503080418817655241986868634444166836467678650855567345068429353130816046418998209855892138231864042883239808412548931888509874402840285280220199358575826535905504671625191085591819834421460563495546380493669064172604599900238936840692127
871 612073228769062541451633481564500499992767416352703577944921433068637757182678011706898131736452989718431060796282396867222054209866704943797686863725906638718160527058449726165170691206459433537374300581631512479233280951759430826993781561757121122908311200929969181787757444453948437778930290387427220496310107657130356917768433956857095986376336543083720733787743582632674216999090277154447859554691280401127674195686218653015265538063053094312489955446978713560659068969361549188837206774011281095780794828877925874331465533691769236532883928660489889846646440757566329544749759797936839134042090601218213346441971442108717334869679541954436350916008195889365960543149106747469226959706381601291760105201868271932971370042371779361802741807103500621728768480127542894146758442931977630424309562
872 5105705291868424795688711490110564737068820394436579061190776877666312942589803952492226532028903333213522161431314323049135824433993761346595661838598170195578524010769266617841190135200467071315645042829443315699638732394920154416926664285809432467571358599994324536264948766187404367021631632496479030008829294234641828330817316863165539976498852735582103249297617026087657259560682971082672942685879430073151237136842110313396977027121248021010122554652771673550928408802905314207007632948512895458132497982287845635633535866923978604239445245185509383321712410915878091044399927195219422534173907001896116936422834639200360121248524282314647016804657153604224085862218771075703295604939194390444742261287028887453823076749783788971773714965808976109850214380164962098619310774015868006906834387
873 42590129290456563793173901045900973971632540878768920509761575321670623433206775822235380925328258623787997349441287501705400805588948082906144022300132937284520255211493621671517347356161404353304595178290616553752261023427317579909007503551664592622963049252213926420467865011202897968161088467677887054359102083157645317732149601929197315205786173333760878844505384246797656984682407743141162412209885866832105613037123039927274725754810772071428036096561902317211596944322368047177343276407441375173911588985646759625429086655888856738383372366695873743028127581242803732319363367091327962530088334299562137142105786216732700854218236995583828011483333437498417480120472986113101625410230496168411838002976640523895513547249219349891635473589015996146168233336742922987030428263654303996382171454
874 355273675066040641643779775176735810891563313005346782084247802793724398823637075025145313361524789085561348983605409024800029615451601971104060599303044461788316058209069988601662505604384114969340755197293877484957424370019232582203811910713865069533713439715574096191657368398235937660681171307073073965919789142928876509292158227795764725546470599701087231171612363856266861526021702904587681777788021412651308464831265171768087410675646326331926574696062200093682007276628221694277503386568138468487141261619964348777869694244784068905637907655293234947849970289607441605853775280513566934825974917155880024633101115422142784825280670388674513528095920162723535512672362891029873229068757627439981880569073078531452836192192791703390344766760703817875099716410940146378582254921617069087698518166
875 2963588844050145356952157124367955357924888136410085998892449576623458425397941802465222394050231843330879203284743401378707027959233838210525957165615979316211510254854886130206008214659797102535799421454969574455000663079963410061983983385239548216518421196267316106766649935344862009461535803188860122568346136685210617023056547626072587093572612971506667014063915435559218492086573167276819558148428800292648802684047153680689959703197954378472465575022986474840625040654581562684016752130108331117140536303089233466334128482110133987378809879420997490289879579622915877475017706545645580295832048849101105331007928569387132098586746918916732460474829642737593780836200107518082089198378997016933800388427275492719378063812025933154720120090791139668131305098451562337898714533217392509287646143160
876 24721437750921575786731428739058249654776796838804468701413413895947438106188621704968098724640266248540041233631266667929124495743540142851131985226040855930520995589379288361919710983595608240083975730007256075163935936792316443430231385919490153298230581501394151800013883731497023785013307476904965677548049379460106133797820298065145534946814337821775657823284312759479752289901659940014214029791848296034996984314253706218352187567009395617026428630926557597669744997194011985412072160369296286941166376958731817638540759613043537167832643634846413512082523568945618096009879799199916550920198693771068583691988593435926922787538514459012469111847096216819116253024371383289430838720876712214725928294749646266627112486613046355235540964230990465587980078288814068177715443215527279809101640239677
877 206219793357489143834733947864224771004302063643169362387896971613116931359228581688305608849775913833171140483751679489383206335736415542339723069741156054622214133949012815127593830516632164842343126307359650751687931247164353366412697488252768214359488055635467045608741930752660970276231972123110965720376506334310081863256194066125271912025234030409655996566901915698384515947035575539678289234540320078061226268529839589184722131714200007466720485688405173182581742523411181337246380375305649957800211202259777167091542537827998454622037498072253568085905695632296349666556994181841173975627778254221701047126146966650930860723395945872193914804740456040995574380334124011298528814758952416442256065155078106671947022185648293573690775780385484895271506586740382937809752551642167718206363371879748
878 1720235147053876645761030536772794651445675377829113500458195827186296639219132418824443591822399516606822393541930103593751087644477797774470806800945563590135467318029762905099394807637052057309769204037031355730837635003752481857906197200525021166638712902867673086845447533214148398961590213493804734598016608162060974464388196048126161090791116447846370312767883308133141471748582586117013394494545002316497730306335567496771879976955315254889396374063813788376124961437128383346261979949383419410967896653650030989228782798320928847069623818261320878216973527807402000756293261854815610157594903733177724223014844006343858610004373246703882579678507707986443154510377311644184721492102723345330361149764150980079840981809031463999774719346807672889369839277717537016957135717898647389612305964353478
879 14349809349950599581525434894729085333267321923008507423650698746438011332887882262985939541421142424157898888609200005561193326318499694954432261695256217216743995181028591049298393183919457201506341921539902493576937414142193948573966291020918071203766510283976390814962054203144041044346281109698365512958309680899596064892021916705822898254435292441456530832145508906579416568149021126531878999505442603205044293878695586057846955303166031594034290498443186359918233356152025693223650932346552632535679552981595849232417004573129527042990911001103561559238973331791238244579573840018769620942745047798770902946933397373284233105933119413376513146572918138357354513656801098632628526820190734735692251314683952372225623613426710597972445356513534181762097897581647489437033480700866576425159517686209094
880 119703069939288117672991001779470626592067586277144324862700313621601019922723140841226412782662180271826265470881279441777095594222258185398056940991319358933073940207903869060628832583517241254581597514518708277264201727951780999163670583839277391549529096551682143608822539494848246933172907685411524911962551060018499114096868474982456362904221662898890977596928141535130770601641936233134000132078438421018721432595996365282406569844175421460012331060762943020810904026819846870560814733486749654921972787779580575262830869933891139762585741703952272259645971580402467784475596713372620503783685536813531922615810719600472328547682186856958762583406278999820651152710463272154281516501835855006547751913695476233938149953921530002330653157374495926512945321062841660650071042081120719570112491908610760
881 998539587275461704594298459211936848232465067515535863660782980781839884174642066545920688824313192995584760734200814260202683278351002411175034333828483004526283364145190792916522747666420057081553825301428314091205188501501455267261999465316587656386807284141787555000464641921210145082663132299576274387898444868247455129165196745761361695590358052517745929820365918619593567210061884132957885201986377595787340431293700714287994784034124871908237755599911193619863643500902088758235370806730041292583375524369418310477374440895750987050468111955300320820443684597001188574883802982293658046201112520756301448846430629441662632332255272141960389284070488988899990886294421560132012213679096925170419064237542329976119775594278193104534012867162434197113236398880328815156905836157913779804224425294292035
882 8329637950679185882822447484380688186392847537454091639916188797286256482742079263857171852451068902626125706272133250594644368584047581318289790305731631122300363385388466409940506972503303629841103300670611251258751959616210785187244442450118090064031792461009979219156924854252702890119272823787116634810693163284584113939285396106993656731701292616010753216154295997128568621416272278941870199870647299765158213822624659508677897005776226610434594742845788181076514401613236985577452895103356029636916251504383430609213747621318355223263313601780275619963259131443483090758530338411908265028015388192540764576063089302238141195757209446355072447964425740582264560643358933167225681910366722128147261566401579759316564372973919417409477212879551069847201516534750248388925397656485106119725652232078504096
883 69484478181469094412608520256191660398852431072286008944932786144904564879481520899412280722677279407697741075739231532106239171898598401356346068604667798970764642295659539468373036873906499028777816187608190228980672226282292455164291217677415686357103969716328205743001084470790810472677494372791270605203867751278965028006027044801322865529516968513037499645214388573558411757238909411877833443145505608417963592976358940918800964998302648002075116180134410199878616334522343655555318922283698421074013239590520633054431563985554672663789443986940038098416824471821802300070964032123077546178296369645638228050691540328443553988635765439783963267731525746639236129557460190810388169684258794098090135725236230759289878900938751544050526181105059842994237502622405616351678069937023728944660551561334588531
884 579629273761188913394289728982745604203785830249013764579422492555021152063970799133162313149558362747143063829237819350830087748145267738451798495294350060038787308400741207012088302367197036544903492018415762827504162822946998236758513357949173384942441534709787933990535912950419861950708437414238741048613026900758494823760370958812543761721616669301705002182631882332139505021047463521819822737334385675012803718532665287418039984036201345491555708158663255442828724508739339863363820263097677440467722407320283212191026962164951675754962811478301604152103459671265816759801249987598425500615109955278508027268584625324580626132743310209561001109873262943627161417587591091634945799326739265170649966165045663337200966138100121188736388006412431554560260387933813582092801909630113491581646835480805406587
885 4835191234713519303794143186074545365075995658529105329738917147679678029771872374495021149971841532831787109101341355340855378012299192386137122282348294198614549981223503274304193412968351500342486546550031771057239538740536904612928189531867953810245198481814619168303579000630363185913792128667645359828278202086674683126121404777214127046027128739977851246524441339031310431253364581178532848439389976049984575445134156658682148726622587498007523773500734120481850789279082733043389831668997538164525571096366203494665964749432617744978823210351321049153394579988219519632462130320686177265204165292015970664501442213284507757346985059130856672156361444587125214716393708049697773002598853352292011171215624029770256488729995363551484730138545229555689555572861486138918286375655668630279822759129901670464
886 40334607146873790947715786824287331826295790403662015735856547903957269322796616308199081509750676246849481544285415835756937414559177456240316234216387275512100364130678179024321869495237053022986420647270513824368693952472033463321601882801957344733532245283213128242472822797925615952733284242728990749577301233766471434053769757084229074586175783942964722364250876717197079459777685306026316282352658539529725878378594428241739890550255607129086602609343354325966788123793343378044911731675090668827008585547229814129751190029942450288403711580922112304056115103608048983508102689012317075219242699569773300246420437925967257379735520770743499657011223758867505845195681364151877360878091784041020634560098860401995302307775434859714779106968996482644331833045257791133780914080108397178147220953639226405060
887 336467279828869194322473225124361321894495184386091934502924264776684983513466040083967214651439561795547453834419630609721832854688839786644530325521799304897595408642469393079227548279745319124770996207934379030692923402250668262449867731949738126040486840465218322889029349639565773225820641036941620757330072222425551999108424572170046684273779511597553208158160772902443530792469127119274153096265989779193472666750760984880438567925254244730420704726226026386793738769337228248214390910438008999669004302895180846440937331552302810234985637942219767371848379892172017428156472701346959874186022357269026337738979282385491071031753453073922367763051972348563386895324806703634373007270295994826138210890847290789931547055568701331654387914626364522614077951380130581191054569591271978243325566438215526482720
888 2806781923229011441546855805072828789007843259112245225211960105995955936573694580505715158778574613416482909772215444053367275860315553379417017011520334482234145813728531975709592459666827105891367357398169510493547720409845747899010935074620739424541621963242724113081300280748226034323122270472075537898565487862795274659865585793107815522120004470211058412085564481153769325066820311989396571453358091982964679097686591680613746258787718712032280052763193050148442824371885282532166013852019275396420583667950303265904740095391262232852052299823361269716815313241364470586815581483699468367840697083568715897250610735171992787852013857387007492479733436008324659600569200205435414585310002574736188680018888892292573892888549529384363215518582967936231276579055884623639336325425814951493242279413654528014779
889 23413984722377309252160454842843279782556289528436282270357284171351441470624985617404233876435047845864865418489067489544619704238780374019397580967452623013686123067428014011745574985552590150035610683758125407044250877630092413691616073214200918755377667828557515698706571284913636414850844138656695538104824762061042070763060997993445627248362433144188182429815303302482696930034752404934341412484844385733530956971297116033552439223528131211396953499766323252865358664960968905521685853741886805675339919134987017214230793137555302458161106351622255537096581769462950161284465344342093971495433968003842270191759736471708336745626945554706245530713011940367684764349962121652514223410162151496860502431170997546248757314097164108725381359275125412980209228713296386475256375886279995937581408484260872534651193
890 195318245591792512260634535496290477015965817103071289763729766990644069785350802499974436787004373856410869256683253332277218467398994035288740724937790805932292658036640901167754340478957145704434015625416453312097162770222281732857264851197153343342918949178810143597844498136647059398010307782444600607429734052406896437791396501329503043610855510024462409177491437701762079559928486228931636656209555606535434059335546350284696740863970838636839952789674562980910385282129700363105586056676017275236039591911881418420629110380494530007894790840017580650010331641366783945726586927405628076862742253528400351307698118474755604840508615973744360426967815718796310200376441445348445301003378216976228865147235072623071654218071900821877289895145223114219875419695399694460220738827152024266861983336557916151423803
891 1629337754847403071295241426522541812967121755525041990648895304102286684172306383717490004054950328801521217870419858956468589062447053399098691352522561483553907730939147381160528945875356507771789396418599901537084473843987651040919017297338216931640541997533883486853171609753573325806416771289854173273592924534147167910934841186200049694984467474114295773537981683544797353066467905507767563733505361888292142952903197135366562778816126831142245262922450064371308040872241303331473561519940665707367048890998669221577178072730540552284805668750093180303043712545950583040722370729342309604199254713111579004999511636425173971001300909484705319436623824177917727432272110166808822863719623765968443098293453467826421798817859892278104398430000585821303155422040087184215729525074242157731712710462080139956755749
892 13591902420645038959362988642947333784495821785978541786183686820090353424673800346190657496978735126592574014291952505617252210199239523340017477015892977177931064190728246325142884914940748784082401888525948240572129651726616396236455792171112777249591008117327263044814730817829367724409404831889319259540181139984312903711353140567930905354522817874127270104922189098998889764446043141276041792992577801535263115775925439949041974572949076658518363094777798798685223055023909418824169673991273587519652285322893915590571287544365054241911384020385273249552793873861184938983856290216709678196101719069905707216507415179544703919505970564910369116530839334047516602172257992739785022591420539291798679662897721401151847389741169431835865996809522079354001664800860620482933766446155779605088418720294209623679954223
893 113383587359434921108351151723842793558229917872406128557577773195981376626830203019920851480977553471334058047444878212493097027627005212994063429287327746664283981734019558787951900099217642504546796532573825626135151139188107263478258572377998664322087557288508897230640670293092067889036376066092440167268170156620523419610575550005082831998608089905489099406366806064218908179269331503681387724376825436173090598661337063460439103940163995069787454913335747678694008874048482876599712859453052517719825499069732001227427319446017441992394561449709472145952566492934650770697119768897076250725391246943002109967457303724911210832077884023641254393246619471562566494830470025500462884108447053737506148846415456800132450332853956095492785557941113270221022807484085388221592878517462615624806019362711024945375209240
894 945847142282455998282362673903386169738186026623173496802638228828517435476316488024120538321132226426814582863523559535922807538594398273077279126286289459338892087000048326569578987079582560834283139635154401819196105803321273360480582704451826760871427584319524599623778063033294992638759405921362388424996430026970172375600453846773902437927828951027703571816591379655947623950510945264875595422810867847321217588968344902733853309379146051233903246802813241494527972418212951932797228292534592823786965904026128709877039425262586423482784018469984999591252996528381932047446464885491218959296520252750151066171330820511945147391243422100340519390454175563636327651954130389583315279434151287403104327665099983992893359074286984620184939993170252060216142459003212297893266003678280991903575228919726831722919977050
895 7890282150352202157181392211747604653983953283180051214455520830133829077594875822430005329324953915289096695116220254918540125379867448088488902606164470918501152880690551038138107539568369597181199184228625868387941393947885996859728592891776158355344744733876246711379214931253529089255898800752093452207702508199333188092722723449127821387712660850450088843175131840543801131526704479501211002939231955478270277013388137003399078852749964401672320341822014152302066377128601567261905253675522384308467207399974587795239243013419772768557402422645574461420743409740694340476033309480205341019646432670204762296210180203794694194176841190794869923570055803621368709247099950230742666148168553174054094935747962993643410661347662195802599910594375540532768387663541394439222973168516909909895250650564491091158697960838
896 65821067911814870806815058288085236167864054785862726258463133367810933535551435973185260834555827513401547737830811131036325159507030666733914886636011852137769483860932563535866773528010703194894487835134694355491173706471006012826228511806967647770865988342232935345694315071377200255110026243805468491341424486199335956767655911236754427587136776541807121110829520339987658026096986541181973215720157794456442581057750149173580884355065774043088140624757149773338988831833072952031384762523997097968469002040326445826980401064524816720926482664539852211277277566398371330534686454099891101622329045162373403250228060263014373441038175426470112624933016675737242612388855966372710749560223665442500066669002228936728955782340210524898742413929746466192476217546569805120414909404241213003888676735465428693653622500295
897 549083162396350172416409815976866920656958784169656667006951631823116907095174239923283348369532259086540513816951502222738852551348605758403342135657751017647160700735345713839176956699836956208577520434417341452213389657490561283901700028456625022832651744704843314232384076365908644206317997498781222742418852283521736800338642136553846003002504843223405565309608822781957646394700386267645371070452515537299521242077857856400519838414230953916464764212094937176394675774595715875933714940728314629692883149058404736616306899578396125664169194961444979590932272968892496040346172788687002040775143314605429874480987647503907529559802599240132501466736214235642963038010245600270380777842578373887491785741312901754007137076867342984965743757830503738202006876688212642384445924843926804454597471142649095531756722588887
898 4580492094949574794282321671933832994745688668310420483397357907984811309546444324206747252405306003476149527058246832851639867239040522459566440928537145408706082588524736576824384773899615289162951583816206093718541334266222273980257984922933472358492122814704254389068969508888208483089759676356644582547224339440380278755698518237224769368895123115496073486029534032073162033715899078286655777957376830959590781867519465208200565457696298774143203637926631901030581192363662853787719826890322571073367972888000494757489537247076546541353222041644888436805317219244548755875166486547988297692662938287445805700690891999181475203444298601171417787152349897314678625632337404078251711600249118921246235214846403246268431959409773922986117953303472957339929224788942204340656153578461636624142427815325486615596877698683268
899 38210872765851290972418576228945709541805731168479081299359782013423666000105988682592594520895207941806175817825678787984410346512038750991540289218368678620475919720831548943848153424329194907033732288448033917296851814304989339297595400359201585202266469367006732782995949074592410746666580476956236399874164734119152415750345213792233470610534033661354359569925850781538143120452270448519307198199167049021111878466857358926509297745527926975337600921426897372351832894666112305438600242155969770223267233243983986056273013353823819910197490121703172648601532092816584147497780364735620494610762583722987021635117981370765349601613679552538613252326902882661395167288298113976591758270606203722164669273737737859165936231274863583652506223426954710191343158265196956379396914638333020304112987409858355857520429879142794
900 318759093333791300900994851454622191813572732678754899444189603811715060334684740765393286289832962019784243132863025572558358996767734661452323440803041235871903136300453940136175092925772313577941701016385781946763418367530280158362760888270789579413313140169211028142821809844449987345104154123579576755516288366984788132249108792342069027774727786670758659269748664842869297006367405759396031537277856133249463580460638609361498686435964039931798134922290527388336801309001047666097122021299957513253025844705861342888408819714879500744350891373317937401172404173361339093154452352347300369298812408053351567790274720924469463770822692400470892112201153378759678333936845298035102359795562912818687699754161780491678846958387720873515872246806220722852102796234912835746751391622751176355552810187176139624584628433046105
901 2659126588272641411684669093595869020216512112088711275651572992421053038993510934343098708631625075611453203993419369916638420884033067073123773056350195322552287562628873013538615390643125334941032346545917739470511473967333783675613602700165494475311954914277826647008025543964698684604652052337964643917664804002032198153549068989170267100717328410135380616630700932011841859615912008328347005489169012447594057816794881313706988161911774510901780108386657038267392730104340284933550631796943397851446744041144685824385635433697249186754736768467723481772342184150567287447710870627805240666415933034235758543275825545363743937688152719617485315150751133127721341674664389181121612111418412196286963782172589286285622035457355789498709671611279907609343866327129897196724925618409689232393043585878303406759335147155646760
902 22182793918078605402569838671701569540708533420272204595476353130128963921180503064660566713967842311017351933209205178402894021215356531830019238651966482445623878840994036557202851740614997368113954095361212503178921239314849819620150981079875533440135134073837578030906234798198359375882498012345946244923282307445584550709007686838341830030186772295502879086191601375324093515745952882514417662320105887338146063956848002394563924029096531109609905665324885247930299454676395301812156772268535661578335050233669128575570126678743290639924283842018871407175057200115015599133939782299901230684077750610688374074632174197399668481723179970381331770780121693533101064617814383355585094468144211876364157796636800578481972589927454525310420613306690698184906821902595347387504950705770341671535871240577488983717660227548420257
903 185052210504165433141277936503935792197139842616356280423107708436911901647927094468035000364683517194636437323194766480898479319478337297311420685271679890498124425720883052486633012350878944960837248510618827612478456064586105346425143244742445777950384881120113386968853962412385838593702036851495684655570349626547417940467306412060814218131808530593337396560340407508315072498637844003854266069900032657710090597339387600590589602859548546686776476161250386537983649081280301010895680840535089625063800374685096629052260146623264829043641059834040194029040911957193429197993927391134499899020632376586170473267382189745861074284836495993484883488887915149309316281906003208200603975508778010740471357608317681373549665556727835802023716003065291484703538080606624607944690811470504643584058716299553665474156638156058088824
904 1543736272792729154121773913935198978017151218354004587415705937992445487238838909104119823868134229594297655301939062230587772018298509023698296633205954485829218313756419321480568032796791696539094598117540359854936330326523963868201186145863425395710388147962477010529919823510578437115549757385326817880229123487760369171848275782521573279751679446336518423503136458654543146165228698488980704286856865192675371510715153072861871023237299208393872569195535304296494535760934752043591830106245460167905429818678657319920480164566132322963678916821231583893357094661158542852134622768703401620647024090120673468318395250550772279998496187426486151648817972986995727434208068400727649741490430862204044717824199109185617998204791951985304854429905167999113638098439564822732200281886233436696430453024261667460768775220611259875
905 12878128001745684492409663837200762158368242359705932390831287149820043373696180466273535308498651816942276223187537208677658366884416616800973176430407018223061389334552946668292373100896249289648016127123969745836811048949697575902711314210873317596303612995552263528367515754611913007970836423770623347464194612283853717344272766783874785742588043098498055511438320849255285033105287557261441000190229622895949405240260862561395430964418293756949307766998851920775379812946913018154584650352987693487033430849545603181361677629341328998334276559160908398155362655485900692220044774175219447255223063873660603770875945446461148298902205509524199116982745560240581132329450777844628086058593744856084219760716232356837678871739269430438666894712144241497141546898553726145701706091594148273114036903552082586738456217371329052240
906 107431876461901268583590978594880356311680104834673478715235386838064874615742089904677474938904046946700852860098745890067486183571340678172549151833627400724621308593119209291378681523922142623637425073127559876517895288152969938507963836682885879934462364346743733485819871426926387526300556462609418785329563070764497625943411616272238995001153454503098226054780646833522167300748832243142717128969355927167360893530202941807458206757161182381253618804674127119757175847365170739792261042594878624040728271289911212101275008723238405161546258840727618809118752216714917368843305740378884553370529228330373523056803381631822726734805954920641665034260053473037650950459855260187560350514123280436005041172896412988033638411853038941471303802763924655382777315371471087810674295575945839532153474878583771798287716123417392730357
907 896219479137146916551283656607415678611489589301222735304227302549639926206500270747377827500809937439349362957071343429795370012915581865922332815173528568594784198554056676626942234906534548067281564157751061237083005214680962319333928291036284929780575120918047803272611244196998967790556413730868209219522851314979489984828838800906039598118641672274355403171582278138174518251405434043617044931491151108807696644881083187554225531686246885501789410192115536008533715753371201333367559928958250258201660885910269600531517339796493705242494120911137356900340260070230247426296897541572862903042268661445460844511772485506346056218447426045325927565115478103409468097595435648397056906598347772243341195264310137817503955266375205251721026967624735498388211891713304017229602019049609731582844698606195587955125649489895458219266
908 7476466442726047462402842233243499923434184205109256343027936780814840316337365120962356552729162273146260792321102595867480928815261768204903421798623438786947014014739156899113154269519742427258457821609007188115738733612068823779538317341724547844520938240966325373427152086460069807404637927858278180702687325785970510433412184309202925347536730919705369720595460130436354185346136119463474577989306220075545504544685550980947241900531209998115121129762160230658622668997971013166561683048779502364327264518943749435656308428565923597326400789351396872497063098671208409829262098620183535721327140550166542882275348731990791371051215141479309252778116500920180692979824935959108291182611796812400800650764634081093840714699297441817468564036094449350883482534647864974585600497106576767566424214766329597326900572033526631672585
909 62370494574151290340960884315907468250459574399112890468225349261031341880354675300411465886101217016434640439839811079382353825987187849567382298551368651541261800340014434421437129377787271588353513045026480946629885376043179966003936806605984126356546158135195133584021216477292223555740978483132638696266198204830316924682599524416528030544910728043625744985317511305343896360188380708134018843424568440256921412673912611897325576976414189152728801561161122589209179668811937322293927563613368831850553398369665450907226738748221803116586464005254624755443202841878699221336452507458493326770252141286049659315287026950156501968526105250159242379995934874150777592826327959444504692420548960963262775915223696104626202052009948369708175768118112674400742868705320895628941088248973647492108408526887150636601584615522069084085489
910 520310722275577521733174081128327446062410254452846251961896046733493282257201738600598030576050288060914779152198626342901000272695338230514147616127229855312432212722899413128204530650696479048108451772852742792968028320643543724000073805721729470250690652944479798334056216451520987029129470227652052593372645420467329651035984939531960880615382739684179601572286467553910778333074746707013390150200326351263141764195763963393868275271486921275802837047924716077669445967302779709316660273172647278280982462786351592598054048085969388404937297804693961196032388752128403034028054346143703865457987536315354724534224162325961399157217231236808963647966019188982253142031535023780649800132481241738782265862696410257158482171581457230813179769288020295964966270688788537285385461849558950482750641026419477314256209141839972796620596
911 4340573854895883836755845066471593363539568133436228783333766520015400997317569620218658155196250967815728205097671166493441386270480583389018144467652777955428602869990026103882736301919606405597231445322198181992026032999591277786227644967720687524559902395812081752850940121160097593714691800625643255537867738779385716431275595485993946905854192560222074101639342701917161729081285552487157201741253979417237017886831685572622232139412085350337929261419820411175090847162692234304723530860682901482147207232980003443723472685067770580436334547769342031410671071372719990813164340539324786819996929105345605369626961512395562880117504870711537835262378291449999868837698187740856568099187970111901516158725788676347498147454192343544755333151334425686664341507079099705780276373941704752733782474284447947116622537279996098821870243
912 36210315554806092716957134238771766705042356199759462633816507302692368911476363307339720196710776809117739359177434939132152059218411012488086346359515386744783871815954988082828116780766577625319678926405351275922032914629569337802059653066148571171498729044738286856236570881440995990559631254588325893484407530214761656052760427746057068520327713696511638839481259726381375082662536928255774096561773421652671564926296970208243589130182833636949390206082268043226591657683164540315366599107367728388223109943046415554972768660199629962848532153705888896072724653430838549289993545455525318556024671990098323150763391213877045334915301996087280615645258003961624468123790276726700506389146223013851227858880120941203941788122552184293691713894315197194718453762849860823213796750865024026542195359537051634733736723654521292137756994
913 302077412090900950846722188786742398735201149748973426204764449782572518317858426330513529124685670355459363043364713695219165463688201031424450345554309144859143087602675902279823836851937339827958951477445199267709151731828257095446695609765293549352997385020836411464056071594674548258757270609036098253621689374680045312233115187094848826457022611909529695108941450160181159528950539166352891161483247059540684410711298069048736236726634463611561253303669902932750165798180756959016696831937431036975829244886057732822817854613086464074017501042048443758362615253897776103268794515930797731097350847349554885490211037898659723660147232097547435882641533178841912363136456795876599157887434007645704533614165001861657752474651077749675561711489088767909751279993471098511294022323324001720997269132307768103848605216681228085883403381
914 2520025735540730921020963326486479995248438623295577095464802468906019507041568107663566784439176518980401687268812492306906190912696219710548443873710998608622521966365380773635131043989296995346886016858359786004881073407395736443205686139630531546473187761999636904751745559181429547412496708396684924096293858398383720052281241084402454705625083794097017334533158742074426812290586707151762037997530209821287818884081370074813329642800063180108203686064533417794949369491169302572002772189961591789300252157304322141670995213826433826988519720357294715635114333694956829826260338162949310745240488496162869340816252447511882106934739817161430900134974473406673093870525178387262794337565938666449794907905907683919128282902896993202389250746041450684649226265429374962541747361921073739730076125293399352644010355339690373329115843516
915 21022892992379256971139152912418393323675223929094587258067513917537916054656719481883282683803330706027076069745886981576149583441838213796853009536606869081889468198501448637840002178221880513391356629568689383597730966023114425415160482858804172698680511997379533345434825622311893521768115071897334615638767419071883025457491398578692305129946609257642001770563227623727702993985880289397121852350078309616055791474472941677885405003615769502380319146238705416403659937313846348772088747214374268488664445797254444771740932913640681338317822027794462488034632807416690964607766277790199526691037655545825313783459420893310516103287170566998401638214806538610988393032734264969980325848273356808718394882221276281701746486673362798917625688224572369966467115824525940297499358082466837219933944220776608912682015366799304853803251631237
916 175380280970969568410804007900938451341056458222022626344482044669216216382808435428588545260652021586406880681240400776565504114012062675955535058895895373925300498518492487645082364603000888220077992069305546708828497130359728330920499492158230388433095744123603123669566165291052371947433543063309211939506056653522405990492137146162380786687414060774935704592326131928163662033623863399163702767253501461725593493289045459322458419731640940728984370356274551188755967954077094712610363160880180589012419148824418928153003574799601143905851729587946865464868167777190192897336726275625039492536442723607585412253259740395922924988098206764558796848228207503389840369426513147499296871752243379294368605853241095113802895991360527555323382849851394094870687775984953128229766621202220282087416253485465026335702046204349551843397584893349
917 1463085882061691841531999209520532187523206358536874647301714998935713777269465144627439176366681404341973440507815888575017201524869921945990623397888266631148975068949281369229845662192956074230316773896840528632421670615053206843817856326811667086433452537810238591483777155893052638227519444950600941797880399137885105336972742918912059407621054096008859452954778844850310025988045310069966207207800914696209985482290670515772480518052218199550287462492149245760008768557864480047219119787177730524378878935219409187233829674540038166877270093571794668449675267911095650857473966096460381413304416753555510995883869941894592332853878714188417725260244421845090724070303465995576569383575446004274352453432138167583899601210569790918048168523342148380073068137822653929441459961467508392219502880045991482147303279654818528156360527593012
918 12205614591864204767699607288151819499155752663468687440593886281288636172128905666432163766523167231315911982563051468766770549827985275750663844094907864542981801364656333070762035209985150263556875951329491406651593539735332276261609731257319447228306270595869761068891580537826640638520017956621438490696783986327456502892164270271051726773875701194571351265461469789901608411469829241997213561955509234344093957539655000388604436779115851534868633597272658715990477246691761606129681204017913793985412567793870062211284516599463712944206464560569441576148947847047814872332202765800353412049706351785948338973069832445702330888207927607861185333385871748193362040798346383981733442853275474410017582813857156841058737032818756113585183486690572405171654018649508317565363999549114078131856205684874176280433346398965859118328093613666520
919 101824024512582850178574111250269093296799881748514094009689138451497521743770500509794886880622246642024090298384496269941986015900091364875221776970505145455586993495624531700281233368473180892857324934183621969903178277983715513967680161106305190650580774143771116478233965748283369488668602738100054702049320304067896620364592076750774945467782081435448101855072556351938013823619706418028850869817518538131668160897657243764162681104270864918790065491296867477141401818215598174774311444330944362953498375886545651849764088235261663914443563489442387678908165405422614305751769893280862495089987164702056567694451710752734377118715265683759434583434385495153655806905447154426131079850468564332301494070597429319102947378640613187801273900633437360430069361416006689636655286780854836081072541430911339556907809525268222948141390618619871
920 849457461014380964644674265876522818979230050086076800168180971240424083379067700866458042102548322622189331481724366652383933892473493633716662672434959366409261636949290848023627587798473417676173137555609334648754567902717134145510304992233857987163071692814104367817439322414094607652882852402397612556382076494277393176324792787548461873350551282993149317305728150975588645957443371931431348334955861440128754268727999434941964378175260162060513363328629706138620138006936740483808133017718533489439336988960513943207834264574840412104586475312586858041570682324022737426828818004289299308595152630526999406046863727197565976937541687162050229952721218520304965537259741814043305732140052723070594605750171378527553877447861102214060406712671549167888104625190012930518653780594939823286171343626638234845213048773516285520868660819347839
921 7086532478325700661709469028158952401670408312934226492177317188841800247921475552201380854252620927051342249346981022213860376615801494025916154940573415987208765744887486272239940421037795203757377960305226049366223534183202010634109105099665537003548782418548039400155699210042939978153318266552816840059579922037395831317282731304999612951234444454448692057249828657350083116759882445912505343685052186360485646411551165038230937005725258453111132793155410956890783718221240740408593492837864808868288954401098315285656375860171794371146552339443699517714085142146939606040823026295539802015956934286111672811506868829342387521521225910724258308252146427672113064818539386503874162060531479756542022643310113261751629628194959683224012613910498986231198728540598331050242105561158116106897351007643957755642112496595861391593839807583243985
922 59118947882693810427672118413816452067696311182877364391711069890243038321701737896278032832683812842537824432694500461953471231895967086566796838636515996262644604938870591672225762924798723706479292591249715015037030621494091583185099517833719057363387805313649532061717561342161693286477516810780989664322933271681924957764339991560570349918197747567396787527063561645766812141297637865675724209145954633445251959574125214942260493516760372410453584250433297236420488256317498840496276817880619815260320045442196048693993950228345496889763972441125601657394290942024612056453739674470023044752870880508732623966846348926823817108746319151142352134574783886149537804637368651818811172056728986600424937957858821865131899082734814737304590414023674821816691406257951347356932904307360645382793376858878409993577371931554164954320890471096513719
923 493196944512518173984828911519978969252857354310395578941956917067998220105126267726557706587003645802666969780045798202839882276122881657542627315571939322711320285795409197500698957129578905461736993902900462104649473334873028837214771950365049046062639339066632146142211830070650938257478180982328096730578265324295547953015499106581433108114872026854163094685749782691373151767323448978922708623132108529313569527324696856533592741079221898821742419134665283707416296216361420529723202372713460579571796837895730253336191347377437586095520644763729193344705019655205510609786024603439884735980147137507220645677174692485793101722277214997778691593330155552422309654825196670807219174471053674139277512726293746336859595290953032958632150917211472535339904146136141499205809299546865988433476844884413190988458646319458868565466223385397444615
924 4114478742303342555118420388572529653113652504232098165020806725002474723611088789681202654640919631342486310491213550457804419025322562328079752341700936028088137886950766728838143602201575685021610132776279111394133417880733760724985711920077922288171368225256046027884138211453779082704563880983898627017636750979918014468060935693066405327539836741316823325215199166040310097570619776687353262747723342751724752912782861291889008950266559272270665081190924851897950300066230449446760212136215348799433274523281812131191550755255791642988019161236329086669926690145747464262813810110499109133715335611973230106315504826407025208668683966944192442322741866973160150027361225501297234171648674981036039462639452311118760861303162944458445702997797210001751483084763464280037196077023611118455499760228789891853763905856349198925742402839761623253
925 34324959328809833383178554631260373429843701212616184056124897922571663878288472344293316719116110039636121720473146413159818668211182449758465609749970675468262790883292791925450751477977313989668498914975292878621610526817648035326495193981152532774362857615614959935678363549844908171499061495389071949199306757480105355300950409636423858072095792253512811745797364363786715194277975918242230807428393944647390214695383909732916227397996395154959233440862813033257558887351188151051101305505280588333038607677310622352020365563354935598279417686999122437165827240974672059883803489479057888697778550688461687956180796096884667077246272076491268316123519308760437805595264108622636393639201648613865464800431720771145571708706785800949504284936483258362255691473245436995088179092612242747041460883731777739595280584650293819700987660381198613476
926 286355811295176822856633918810212155612977240409916888062959225950719090200830020764559634542288654222099928885469288706552276746053027835500298165467085044137262137225803371808523573514034910467928884753874454509878660831284415217202666060667706562842746020435344710163308411183136684168309064587368582261765182858283399640505690197502881425506561607599148531717695682126859549290631146842064132776525454790853724128121050033724319606219882620800624074637980156593115977294937759752047794126330670230397146952015775621086047003211714505132648402332096395093002240591884676340983763290259850090850926547439986979260596394767315630611860344704184525066064325746901869254015026017017389073255145915122025748795728398896736109875242496953243724319315298044190762728227104195624523573081177162500362860506860359524772173723292134655156552502317481945719
927 2388926183765283544061235834173215842048072888645860025209172923751434203960750192578413815299940064232109618757556251118631091008801979826404976165262240752724834087610758095365643505071673382844603880995246742060474203801300652676431636107140532040483233351596333044857399190921728637043254662645988203084218429920429470059526057525962603819266650506489351242387900530423132996719268304623642620291537231501341204549128653350857368173279100639716229461298992424180827087262252412155774957397654711791091537004903676201282265188249625752430326624672385737509714609851293322128099003931260711441718534309900273071229273457565799961030429555530370896598277951122945850247806402585099548446428574390721337462842429288844159819731256098515526178803530028141102190537125579589406887639050653387958945303203693751260645693966734827291054807991319963106713
928 19929675066965187366339296570640387278773616953659487122218650630094305430105377806281182712922229962744764554796537399975874288254975496472742592090723449188038597246270536627473909808449214066777294746892297712292638857766762269915834061606160324085771338028073760768564834935235878853021122044720606806607080234106115535485766995864851661631962789653212208948494338175982125353207599764226950799863703378706232348118699189174628245310860438172591396667630076797128918057575778494311323782031266470901088564025635019541844752809891961120940055989480553374326704560620670096041627833209938130758470536818477398455864269644402086172967174539224575675393349714491192523286730907311022111852946438503462886673349223978555234182654842492938503401799076939557541021605035412209625570279336998481137154170350779492896136795132962657140704731404817966308409
929 166264090851989362161209957114085989958202173940270876115501331895539210405947687461097525431568317129519875479817028621829727452241143877770989435725224962185362178199616495316899511783757046902752590788274106908135560141989877325069370231676273855138871760473989982908181240235031886692962680689050359876046125986839540073328322046061008388844497850307240221265528283475826279202346274140008667830297626412134155532978663335108014843308933073752891238632026114650480634954742582515008334810538597208580060278206354796458210347448249719274192664320356422436852364694085932922358622658373555658032346972995425424614593654152931151657797710890523409162602812535082622048594489244478539284573275912650492458297308828443273040078297455838291026927286921447022604155922324118933790518015657946499820404888092311707068222846484146427475158116220209495920625
930 1387067067422516647550817787604816350978337842404930473853036407074363474561217706958990599036897578022619166283206466881547424913640218869743461010019495234645925597931697090215231752021867497366322146631970491357910649042665449380618702813103835515659152416980192587431626539656242625594465805772615465114852574462444321560662523007229435348716704838059610362622372998052554570949168005725417519575885659430774121858802078311066716353918244771230119034104707074037104933244553236109631986008538857883619874427509637861372621176998142724117529143434920960373068475425859303391177558755752359297081271277788207221230620804178109028510181589194649466728847605356243281671991678791638398065964687612337018704300108286408269508760218282497654352705477495372138669919200859222588358006879916079808465407728457955734045948692042927014581954703566231835551885
931 11571701238597797907944632196722527859518702812374569751372412845425292722828877439529451817465942611724631610782982452658523945783832626189487264379921900910922927162432865960527592826613752321311897607645010862988711154946862172547459375814274290753238694024866961322301106007113323676517858533295851541388663079751443440717522356936033928145815323503024660390844999027758339804145430860161624161252699067455491234218891535761964948793638390402224695924630522393782419919370127025797204957090094937669641966264245675994544786501296641347717272746188657948114798449714118100295224793421316915577920416078913722955678603069548367027073123287536402180874007246891921896584995719711258443608321544523786771105647996902428705771058104638373077190058068593092698499491150350027057412047407046113463040611383589905248331552385856982928021470258484097640159161
932 96537870747721316546049570453287785915248686031686483395347267734802964300084800570928636955382860629376763642405601161436848828310795201917825551346644412406612662003610777414681103932541567837897240505380610285393926340933893747603045549616356698800799836279745888257385962508999188549711455476486051331423262330710399277641992878954807494103851582367486435754470972078933118043135016480480372169017235795535639989532375019289237502280997476810718518853411859729146475791948837533416012789728963587422443504019452098964490350315905289120701459201054642821584769979386192940210110965582073353863513572867188600167641401194275692562417110686051389093803781955400229930023078141597094850839690361528610842009534233336926858428189544242735016626964653302296578791650313382286317553746243937628047069223664945493172535329008280932839642003749768846943565182
933 805376529259945502091595311086979428594165001770035086444195736010798388277773209565481387398567671926040334008175605351531696152680007021809040528564064379734061506165870949843570296710852855997816319119139094382942055597603023036120069420188819376318593219456997449375260602298543382099674363430930942331972684704287966600925157356842752385525565247283565562551027725770127997205812048618447501593184713845355493732220649110188923633921430364559369278385786022030582992762860182454021248637694866348769453284238193974079401364396074125992455456586573649998772549760824670211253177425252724982241128628167375418711734625828465792002593884866864120427060415840008194689845546387069569820255474917319939467154846316923516337984381492735990480594597774968008721318821940715957779847424302411922167009285527873748411432690665145736262999441795936444369098249
934 6718943213599782491055619111588875345638973860589009241120741936571497979295129487586073636339812665406728956533246160996509773079081216782846179109958397263028521934542379858690083760857977207934010805173695158886948126161281694473118106919922820308874232574971124137154218933824974939329577842142756488997734719080289782541486932289001528857178492859028408202441454980597986039335071410193855581856680447337745505913444380189207778571039502751190292397917466538026783805440897786304131224887604842797843456345009464648274487119216965304801360611421349215967381365495530766938995921004805998710751025839792825297529954186125032904312182322762228647904849742174595671089815746350928408452395012516933816466687892787284968000737941027464303293737594903228282987838000660473704631962181372918258563758429711697245640767949874441032924136678694888868436193030
935 56053626952485074152875760523537869992228986611176465545583421258698013907894616734704091454209706344942725942434271838185803453638451718189734001821686792372302064698208525002864334610713026087675628541770108209562199175871045714832070952004224700333932818533180049267555177388528600290854162626311689455420094238164201417447423017339514704885019364662192106442203771775878843217533038770484421751850785858757983514177043527781769329162406331369181832519775808415479174757187046923411929447603785029315778249802176928121655761286202819123001291863976827321952271022509583489044539663239262923245360316238550985943114591887125878130387794632859230016846257431496560559265121936196444308833693794099463259815155393005282372201906105339253195059698057140977654412744780637601046908016659719673481106140844592801756444674160850054687803069538554582319437263129
936 467635219615211146443600580811816004429779887010626018253687528084102507993820357866124644507270947889429731735142906750072905635942917292884604286039530200887911388225588452649937444832739950134846097393698874567372166317836050434308126730505902698253697676246173897149385404635697626948470645158069722957783160912639890296350676955801985480105931270415175748933823665033681311134180370952862078623081050712591683098018631609971367035761577612830669797876565389722471527965920241698342657630197301916154079524567165405964328136364859120237867486285820843686919148674937511476756610154414906362324842557150920178197102662915443542004778804213113342809224342814711438555916805067501243075451090099164730158619279684540859174235723239237004004910432612458576755424407010855724583985472686276054752435327603466657941258349998840141709333502297584876274213216004
937 3901318878127801714196408950702973948749411149312294990096608873117058775852547279622440611544310861620050998259155778198242531780559868569840877439362571538238999383935064719194589834109576307031804138281927955305516174127211880331150270885111639703315140368863873021334967571052897685696026587236464637596044632582732084465928979075094035530500176655254713872656089430409949574211473822478761231599415900643451632174732778979818245688348957063358525581721426661129698558975582351652447809699521821757016992704346228178889594382779293592767543032759989560627123476247108580745826414122306435519501456285822052526272295939458431876241293337552305836666078576462799550709905471195511944489478557626508737098258397472358425976730712253108868872897322683642117679851075462169118712811337320034894861341323618310920326123169730106029580098749183568521091681546426
938 32547409503197661872654009556805321438183507811831592182442391503313509469569763663327473420800824928937696872554048349622210909372233407882418770360975395971660872350948625405107947697498047954287085579362593691680011286813805557377801097287863727129466262433124047848107672224470291294100817976003482280950380730925372819296993695960453126804849244171682801790794821922154136550647645499643716848880835592093052179276807783645005045359937457995746899976129845377754897729903394911802133924208104606361941200508705568310982880393702415059966386527273849443570192235387260444396685657856147617061180963576805024884326072531247062382525324560524590214631310247393596616032041194427890236607062621949028887435695275725641686410459070995269300442685469298322667445098809429511871949447942278879000442936834606956946396530370259843047281309096058813217365961162721
939 271532705824248650678118910065021519223479296787757404004042220511814474289000858942746055186607472503922685724044045609405301762345163420309860943331560415691934777407711978129187894843355984355680775533993829032583494477735950496849402122139011727838511966310824181020590008233057654437775704837075835543818316924057950579651506787282622069281023900089303818114876386329182939108019755761734571099046529485638433495401283308352789843615652870017959953273708784503879997629058648471030770643006888709339082089604136146451052566298130435523227167677024300527739307728350813737997063856007056756614348188153837642920534692117379245902695175229804126824787104371654137873791275278137747225213270647807828041398267827026612162645996916835395725724912379708268742141684352006026933603297499176099522805535440168675394662411954024366506379843892368546761845810894560
940 2265315024477810157588869119802023237587913175337231172671886908546237878493217866684564948856994758300310968469375891112447102022130540097868767686276228586541980102824321605877780670240969304471727194049810896251599947017045846620252625857103804720190944414928995319832960702128122118321435743174244683238003861220450657279841730298509939166260449416351904692929471752682127733079846086737561923661757030027555839647382887181219889536663820300074937209367554070540778232127358847247411790748328075948452272549748970847434540881960414784107326435066418881133993238873931125572390443538453269044617409230227094314557493338226967342285618826868524440328020673093244157715054064078040954327828460365546351461225298814003094305159520474258109334841939444012254610206726731139741448061977079372202494061577884555617677900851982365157890740826756034640083090527380678
941 18898868390502918214028325670033257544046791509466002731891769552324868942559593089631815291274721468188309793512432105234511813845299282806799295998850685577203293298613775045636601434119139628584529218916656051519568240331324292822397351935740682149218583413842255928304594008669369046067560596110831906779208790339706932895228123022127745214964328694034717575260132158463224694537252929299663350209621990821644600153608052530230510682916216609585852568084828334408615670753833345032103619266591152375074817500389184552485907236182185771552477036803424389149555187358759307644346964180067913018846868020414756181643009515569147462408661461865452289172330582188791076421381503189787810954225944165831878616751242800716952774205728553158795788541778898639434087607610286751702593936000040630291483333667376506570889995359774880082818257434262278132110814811209832
942 157668062757113642443177445609095154136927597746674748744442904848950534616665332993565761709920049340628437360044586089388501003321461804387165760959327160115625164950492611077343844001178849244076154934945530415453594497198287590044210999877051624247257665368670350445435561790359915611637323205259688936068160858597704991179650559951585026422740370367466865706329531172182021503309426159094257730194495403964171495613258696094303874756940016582325577255148393861229909299426992586339651772990189019041684595969112417557948581511070007009924483873770860523384872353761090000549511698316288978194357582305196524697567468362050974737977633456287842117120465050250345880885901384779338043955437728158718307472895706179156882224679502755772305658803520085180738159779179983157147425319196271372552587006944300970149870794661276550851887393151227732645522110092714876
943 1315383520292309323580486136864507646007522185814895872760352856245437633064929204993676039389737254521686438116416041812852301773846962810770306417008056624504416929834856322333141699445091890807592741342949003610902107941443758416829376276531419452465714537963106914320920450135607257493235751204644123525334148602623731650308267620659524096398396168669095472443487628689323443870198079151658941661039757129197245838496135033496145805477105777114393804514000081842906625284539781897259684666841578264140358391326169453375643107560616552933195632940369747618787940455282543230089781354174460071944243612366801025373846450973256713081064502596267597255945723082458362369622920357494624103478968104340843114319892223641273810654401940590310202852105731802316042512830601553740097718656058981444712895929468421268613422238110545084988701164789573056549003168251949278
944 10973920105377159309731875644920014793512033846644623091121935533276745638736179114354998974450926099591714220131015096412522249908793488346539740828147132335641719601073205607120217385029544428922033615993145392710571018130812957387176451683462824174817491902160180769698656020114164588806008107525998587907454832202888003688811836391561225540774300945779864181655745398265348962598939658168099353068437426402250515057072737741978265600250095361649075029750215392445834265366930893325379264831378758589225770744849545854337155347646232750520395244184173477256115807334579984768671808643540622059611047117683798856566484200164346519368524195785066893877752402941001802062863891032307163306444884704371973644216097526932416483298602633112951235358590672923392610843409885574104562346780377085408434217377989803455368825622267793085273830670223882991612363371267198338
945 91552861440824386484123122916202360983652514715935314375904895977698318495078728020028976918606242122613583400144128170952578324566005548320556832627108602991541179414571847619694914647367617703427714399969664712718598308987452555462280025142084147807323494708636548857576033971057706979801388066665524253059462129619669918623899416658842301367875946296531907040649157956453198827937515443493516861185550185728600558253889032159192050491518767733653488232551090454763897807305425375314248858993174949291273363840946528194401069204412458264647884918784448213264653281940026624645616372876802965490760827375447375901898688875824586906332505613442027292271609736685030053624101245436155412916553159099447007246651883585822627118469965641500507898988564630984184085147323848062107898800876443573650196801882666264161347367339708281844441584459370671049017697847397974957
946 763805498459056406640417660167100208727291877339593703782936170548119508353285438795060027964794577440280799459255267723304911757048074698325041077212151648206359887450569788035787681425093870064087169862346818550720713499784700795671311546397584140991980218140732503870097578847447191344265444441220369718250337193755535195071299727318491618110557532360574114946701038429696140733135466216716243925577989001619332574877555514696151585135702667690440371765324621395884489596534710371823703104585108694724771940628229906198198089807370389445142615071231894087259556332672070292217916933157910644841607300521994452069540575116835415622858550793710243419604209364112705734457405841182799707844203376179138066562025567633525102032113811594100489265598596138488251110682400320730425390629470591320834686870742111446964193156707048480869180803960327341603626517770971957051
947 6372272893395579125000524802437697918928048691290419394308534496879816787860126175166635270771457804269523817722171923393305672067091512955899397611698624237761866685774775261504013360310177554754968229276724024809456569299705972607121555006318694399760728493943160036124968894578866453524879514521744466824912659211176071999218014883739735473784713173041251806493507423448768704003413772572049016680730622731312642266533367078228621718042161992192569245114793779254183694818102813046529831761404715224103210688709733446878035046474447181478592771111679932810484714519899052507999137262375638405865482171874829951240967095694844394223698787235670398853594830581931467675360612255676215560698545111729957728369844488560035164534427615978555666654119960836520648863081223168858454671137557508609778510959204777197096731036466797871933914556820843517812132504359106536515
948 53162657015365691018857652840706610913964494626418451653545520959200902948598567953925778979842347207188267360569592945821274440820322338151511161617444515721995114097032057720327583684422108392870141732294793340881388505075931797686934655408266338388448057557391036988084721968798725256089797781758476488802835706156553782074091552204384298462442008402219621436172798232523194750470835473095395711494721203270523564083955049573417330332119443182907523214449900660536499307285644366166200914049589699249428917158447660998715816773530462892493634887156021462032855056891671166260459637746277273464891740119114393015436416374694370707765792761550935963232238481325656666007718148427559380938651227402269746233215799812269741861571751388118973114067543137313149282244589525953105024772904242923785975292557289640818380699059133208843615371539747846004157651325286719636195
949 443526645071455106134435648244392023010882904307913974453400109748664729226083724257562989595632581600373060752839095867472548987926739465632415352900402516761480551847061509106562267222100656611260684146236136982785801597228271879992366484633830246976851379283666481505811476268455390528901471893377380467605619056600051929971429853992392804516333936304731164599362039896504983364516037943093204741573014098162289094694094443156483173745688282661847727579088231595762927368298577678705750255484122365890808300454971169233120642899664037106715709688214564033052864261833471045039679782049359410843130174115011866293821828622299912086813970827721374512979586277347939038271944589689531589621582713791980732697792475517619630407321338766389114973217547763430261891165941415851367584989211468400543795300189831042168714552172410145247170666245672952521671012888492394529738
950 3700270519825350049713043926783064495591394745466923504759468341437663474004005739962976805202124254246157112370286451444123786232626855852811073395897187779017155241803922701085624104956908180526011306720087639242910642556528043119525378556664648055993963980433311823012694768481647959464391000321632508376988001547476400178727298409088160509559673361558137186506069136036862272238530260524924628748427892521282852630521303096874217845124621666123464836770414974994531342339469125088124254948162089468484403028305685174083233966667344280117305292502328440240678408437695200340639346412755819540413935552316030750558843597787069707470846133732141815268048433184690127529601068383073403321949365664863852733183112013466032530269937990742059794167065169211588431689178670752179637573827280229037310019996171725205011352355976551247944819114015922930948916639010402149744378
951 30870805232226423886498501495393124015458097688351151005010567388018800387080478580599774371642517287106553943721007912070665118077218836039035998904592595332928871256913665430855086524474815690162850583820257655644123607925362948434380405764576186067089496371878742691134144669284485418546502435925522350528976755153742942710653875946295094742559276973560754877460603896847483034314002848998978166223210996100468955230877989288750202926876805333346262923809364392964061030724731678604240075892484708177448905852833611715285240729889466957850800717926390556764610276178886566077378513066717668136417373334234731994291135763569478215517832221846990631016239107177208158287330631529673520496688628894954530850342408209629655807169567500212083180963167526410447480161382971358804331736137890570204489906481465043698595993988165150689561773633168025357915618227463296146334922
952 257550952315454645250030221831718758376726712009865523004372735196091733218939104648539711881884974871810618262649754822173191415523997171950849196546287460656804307486386217209637529763652989896823266810144513869553551170182559764226625662251324452181446036401053520394498664342640789042526981186003395553670138928229364531457642359189439262871389832249497527558428480345477741998281494639980509755579395860354424349966583249854001650363919319153220363009227468615879384103717181520153451025973457742959769232390241360042887863507139943557176582918839949457927367374177888227995285771357275220912768877481039930283027212406953716621567075968345330063952042231658711515762768227080813746712263678296787971854155501071446027913465501226373214266775132388453310093662141997410119651550707494091509942798002815799864876078924693729695569951388253768021143101683780984944867128
953 2148716313622568814547528958064428169462765579024201660193729326063737825122058934117699185983732857083596830838619363761562249928603319910207483907579767419337063747003645345679427467517045390041907870276680528697010493718978059247669523301637721138973083932857725403150961300377404856868555527953400943808022170366869996848703725347551524599621828221291114824886707895687814524532365777415004926776763028616877410413744730737350612838649682577707742996040792429715552154726186488992609554009435213385758549349123709523040293305234411567036425873494142062162870326253611609038666242616658750837573897595356953744221200132023470073852851662249238757176436699577149102892376935486153119698710315244761111548145397720537543867240590974983994356644013729867282968732971254823178258869997452413824579141068028873099338742206305790909819524397078838883838036250845773556024372767
954 17926508832050037151410161762584059560801307882985637908277477858562772709580819585495735290097572060399011952942617381108964244456111897498876776732073960927045844845689083653058409808203383717183201252897116116463486023093643032997824608713064212127279063812698786251664776509392891087351376627838789619442871489631242971470003251456353002416947340860640733961169822346569500860970954120682622162146665382973289832514450112476495907222813202542481809512295007953165994950612976929747495634004687003692879805171912774508848129935415017591889245722572799435835727276619579469640687102790471063076013295325001074264971929723052443318302426642113447730646056081405623694196558212744294322152345447535980225439318455567897713785045182474759176583137894552087071063226207440152732213831272818364797428153464912409719275289674123779641150115672162846428238539826976101130934629466
955 149559179349376591878122797190762641093776896277605747919151896760571569989332292621533532301114966440185365919371219565834460671808000784169679164971811505110061893347465535570126167168755563628664565285635342888797682572274904546053695287989062273779149127980296093661870194199070519318556047260817205929127936053612366446247836098926381288655741398376148104630971158847492446755963585531625212380587060069569951210681908152487891736628552055719848797993217935316252297524309876246895016631502332643554302723876076832800586402525609678983293823701531717384377514271035928403176808120805852963233882614173404322908583104483394487294432154151018098704805555410967009091588313725902006251489982654848029938586318543990176170592105978941872218802520950927159209363665383852926025991602845505236694657887875096892642000427836885570702018905851115755602872594474202109478383490401
956 1247760237277045440973163931240692380639361822492174867670976267092876683022027488413021501375523090012613593655769195396958171674349027194664482739010084933107780231717499061134080150903981277283567871462618282797392889609330775882115092208022901225665578843722682504159403851516712823336626900362573727790509707321624516787511803129247011335024272782738765271691241577324379724891398961410635821208536273599517274709967586846755380220103621877066369598667179853457141260362074794591210801977562525542377094885576519986234833720828094086998658549577186589693588142162545596312316481375208492155124453880133492477308410934541068681664819368925979365333358385773913807225911219845797721784141071963852034496113133351391411454858219353756176802595441977522631153226345005279309735383622477295769936916906602867643311346119615328601589381359498215064043742446130669836692133714448
957 10409980662002027290845650038142312116086673264330391568631952386751209859694195118715138485883200547753386278033358018986913669956926086147523815125822691641887770831460675172013195981138380912017851451605459354539409730751847943158596489611757384541531722962891972874914744755114120920552078049179053588288044518610004185725239141260523475980671020097461413814572043013338794468788049099796173965676161340632919258873147131412508463971380829955106105290667491055057041337486815244296911920019460707450603881314798839730386024709437246996332332046556811036227343662551495576447182235148998621279698249276939745700807496095233697282495812809613445818185177062424844524166589019646738663161617250799324170222451487840382353112424959042669177173430305503773252859459671961655916144412272250845131703273417168349163549888504475188102231296601114066655544104165396941140994334817799
958 86849918455789750802770169760655987486428410110332017841456307197991109842746556876311725162759150316736111333353722133007749014578482314068935025390262033377491127266131903619274495249554008316858860056591668377773054411235506291884367794074139330168240685006228598038608978016668771631284307879414398070420350988860793292195183644852702383171207841033324356145696922093415293610237103312459751418100122575001367748203543139968755320071843010372847293603645886126386241003226406730415319150295766284635996604493249448340485060068748187337339484287878934457969798685821301689711334706754169970347429800534306945603987348235520738011544473361572909418215897342036424152936141262968093374721478959316988539067587644319183142934103220173240721044100431804049053845290842087946484793279518679656670487271340373542239799238924447759221802545861415232368179665337447508780215751298374
959 724585463521018415973503822006721740793986370123584466971210065667013747600307928425225012820102276374774005495327601301629399618433568961802792275633301961182489483160102799997798797912158945019771409637036090167822270797037614918401314202025767960441162176056199020388148099575383648040045530679599719185227585555619438018970738121070717436310773130230136338409132476740882573676612933203326886232090898404039264236033481792586923209642832314102913105696205119820973095140866199220859828419194693226011495290445647855220145912030739422655108512817533964539869063962830517473693984386578293933568491730698902463476706356695375434218611349341555418448577654936113615668233905169179397756344896645631080361135193493452459833421912480799279081452818229661697002344462732223336252264617251098499735165849353225431480416993682041976585610061216883165367052545573086324602135125326886
960 6045197963846475426253698847143753600125848649607695945100269352646861360994175170528031800923659982386490304686212320411335980968213403509498509839864380317114946600530179252245219874029924110578150156588148893152264958676249727407212314191269337698926263148123569671487300555970950016211036215358209599802187616324779693314886517184911110061904854147258676574983867613749344374489421713719504649443661432619133679501677905246313417402338641757406083901938434378494850458117490439122781716485979571739349037297216051244432140856416867880695372779328299324666554534879645205241461242443619298062203622836537426464978628187978229097843881877061480787614129759735653068542769826526270588177396101913421598221880368758463892879860386572318293675483118954981146571904524371551941890490340958770132803494431009545931065419420009210901541524231608171089043391675931323583698917700911048
961 50435013864067619217341281167557933409659117411912833738135549040096817976099871369297983784835935181798400410084636760558686140973656530397868303089667954375773936636217021212194283632734149460890052781687737552318053256519360025974576624991827267448268530456087043510373667001261513574662803344763554631072119263368023884634882472809382660176941639211084744781227038412343813994236894090273174827973357864605747583484218955940750879292512270802175076426480698158725397946556456776915499094170482464216579385033355071195393438014722820575941841931618525938117669778615483213872983397603415435990706381573991161593552555636709897171280376070404897662118484156260211579132576250325593426329342658898065471902481569041517322168336575227481911253192888809073555355503982565367201848599058751425244865743409699560599680674507269667617848824403514482798753050397098656762759160333435015
962 420779397125487607621150778424452677709901715013952062441095902031653511187911643235705028488979103856775079559945027954687959140355017793568976900455288765420582975878720952720374772475737915323769807497587300618998513438806205385312715094852207162129155266399573198461659717550507149543688936293069590771364665671693064329574688845296887661465326041865898306442688137494486319425512782274969285357595602976760869482451684131238122859782582832372778130614896638670242807053542033456802199264748732863025742809837160161085890413310692384967238923566385563773714333374375786082726478387875644627628488367955575716756429454818653227530542852123049494206874321879360114163639775309376614564747221796998359796193198966720854226747963616802060977240210200271597717757079034355844628093891339218262709854750519251772054540987659895063229983982392200709630930372966632221772142079304880829
963 3510568837837873824362668549407026483353164829748296585490553595351252213124319070204841975242619245645523190973396106265328577824707716666235195766473345972585697121574028100011394369836266655392695525450006138492118588043726645726347100094784671760194048909584545619601056585076295745967586438592444410266221910506989873168452111305820291674887937613976714505791462139419863063804931325274147183175618079820010015342572962623988512860437540958734594802644012841153999684117323894804045599958467937959258400694079855418290817691094206073820017844280349593062765794653164704050948874313928713816301227406591385440692626755997238759915423297661992533814717075454910076617398739881120961976316093892644176328320023131724805387072864650393998212319476325456849048412803923677986607978939391812591065544202795425040241209594747527771606889305051369103534491410962986682829429609505594291
964 29288775976592439542618130620659469467075409597707664030661370269208455648302759777742212528780978368201675485439952889429420489616563347286000398286775317698929470485383029554981782075411697599991235209945454303192480857278370458664497112460441407634855124207200158430890250645144802637226742082836282748105893708005089938255542444447215821282461222738800706760496846288992114456431718345274836730059901572331277993338726940916163218908715374250223797425361005952225314148059722126095578499595511617264460944092317677987317446904801967864790981488730089170603695079330321480475535156257377924707377967761509480609173418189101186547520092409582065131521009029708993222367312687487387853754107884883628794944119027363085049112604147495092136871786141588109864100507477762516130763944434209779830997110835662877194229081623725512118998671988537086725392369218104251039598252194713088396
965 244357488030825776474124591913017260943515031833262471637277868671862584221205466759215454933841458386262224500085901143308324090017617719907272858949996278866636100443462124268135525362243670888684227844983771144586396783630413277319092991232964640279024305563412156007873754749815283621148151850996214331963102236374294989490566849549051370167289245497381728274162283882547836535004617272258174878894014100656737310680584324196419075200887548609483160843571349361189656000077804127432003966683805428849208615323792910293643425470528199982870731817130354203205094523439588708344386140613172926825390915931343641621064422869031334919511684859782859630650819991163807282766558662474818728547047633403045238390471512754809329256908272446360662853822055784394838024166260398816048166869544231414338464857783928550261263769728400951364911679564412416429926248561829126348633574846414276129
966 2038688068748040205078940313003968286890430237860594784388000611108475884455194272533881837043883452640815612058664903454474626517332011358387889633311187224348691896921640909135204965510650533352512780520347076319775478054675018299536213269405868778981041400772217336043445901360851777206070954898227835041314615939994527255815244388898999750561510714596382027115022231759645823482963020462929878763423818285359859404011455582062474972749240568171944765775540895440078891080617611172233111894780708352819759593147558353302509504790283954869194424204238153249294917194916323308345139628716657604746070707603867556619945961976142696428752536094915748330273985118674187839060190146382345658771413400122232481472273702159730810517617167409274350628511168395049312492944402396378990693711017596632595276644692546570993821198190729879681216208098668072164482142908407783244186839550034443231
967 17008914912767230577220515781834664924416972327423042405245235766045194692556310111428356089005549611747177389201767480434833171151045162388800730924694448005730790085304740722075360433135290232058096386450316862415441328670831435862758860567708218601171229731145802474072421963761041098482445211233494018466692467396195875259510262444014269089071714578702863780258403356774787847536851005209909585334928855510215084506354915152407631386003387647595786667434805547726025301749424662762794553721442088274028302872642100078829754123773258627777274225163683598199116822016880404196292965399738809278177249681490271117411576302179996465706261935756374905286858688249228889704461529395354116289178209996850454743441933525054833771230375668107708883996293425370840582392640233258804840262833521880532346723242551436413352969403968285315414494754764491892986964405523568821538185469596460795820
968 141906775732712103077867398242939155074026955363910026643001348433236055676808783652082480477935589350371355712216601684460002964769217444395667276724517443139446383003571641461112509588321678674729043985709088180783783859323637695281861180483924546157124265532551346900379888310911767215967458471875770034676669637158852267207016731100238494788922134609788665617442516428772288324758413332207232398137823685092324710656386154407853485596741962422758997156710345435016757794453491356245298475993607156139318529556588049746841095151361458295262817103722404687100238042845524864828022892900835147896194254273432741433399877800686806746852260593644896739685788202196822954753866297181208775899311127997007323123370911689036299456040550428652610528774840666941603702857216911906121948914621826273002349772948689232353343490543063470773617288211129604698633681832747529767985015967804864043248
969 1183941793855801717585930798422031391518827546782718590525377093837554342109604945134777382936999548521162327752955653613972424922262514120989513479544904233379019670698039937065460930482638628091701263998871011295107141666309999654180951894298312673551893017856281907714451349908461596027902883385049069754554438817587454139901051620943092163463679642090021350081413745868727858858653385141231283087191730174646801327615945897397344357218560245767988670034814109655138433630406926401709572421434176117198832239273296263980890444270151900142240066266199102217260098251876111566265929193451122472325823848718944594037081894614196327545550156402050632137183532259646030953544555782496375590505461251348397421766115788526836264494671583894915405767394737456593678813987812672177106876576185733592408987161246941217120144538231026780152799804203791935898923651630725053820391095477977550925659
970 9877755330058472697446966325846587731394307630904125247615892398662526686849264498326772480846517423815439212819789909277801671162507214056121328237457087476310731183818790138199858404429822852192900335527940661521126615093836359968746253365164871143747244181793353834753541526953369442986217004655599352114352857245255169176233966801291792959230463515496594990798709510224734608877887684179315528177722276498407608541704437864795368973187857047212322160256299912938712503384350042592532103225334390387917439583783944733217953863431173933546099627152536375747824323891277051251674652769024139825325647205699978269619422863491318875396595785453946039256134681933309419217635701096891252138589719093956422378791316545917171061778547172623752731831670511959901052906653894508019033728401413050611684558879979052192909765260536852284255943660905909766019663574038948856861924395742325597714345
971 82411319885488998367601037543282221187866613367028313536821342668661752830189023562671242538780593212177155321475535227490256058111882553439177187757225507155922307716071456367613299601797297973941843177542975258270309494651088663344188163203582483034484881941155572631546328780413138710466809577504007336789397538406481510686377917058286213384654764036393383847496661711091927457555646126432719290271354120254733799834293912422720937022846043018771679938239386790421855587721313597175235570778437224543938963979200914264348140600269411911531497713147093926931651263813442258332695714450347770122385865334847295927117545265991205474390931811485238016967185224856588880720337518400649815425700142023466909777039855713181837245429722630413541930578085837063964330648389816148926776897838436117648677677470124940005534226406293530745607006805316410095003959182593125895209684115428597162585591
972 687568807156630797347094278515341578581030287427054832311694759896646872959631496265586619494970378416924630544677874796411320251183230858597744111455030455941614794993710564779614066061559541545572459980990471566455832969397802681294849376511868804785805140830778666647068714008874280507676422380548879144615039339955429310418386835249203826817859486442030856511684550244094646609474684608270598958301892210228221273410946488487033608322871377670295508704906627056035594373986111953252080678730245891670558050701499652896018755538791235160142940230541409467385443910260331413261624507181696264921793824832695617555903400375484672801805929943575222040437960186247263616796906570858139379217567566856139973250245810153211864295264711806255276218593670172271000316943163720482348636829947579688219132565687120549207690581370311297730304686096348862735316561655933024695980073092478683737926117
973 5736488819219194055160254689873073702639079761750614327793070076666790702091066383783084445824107866733398753667619966630669752073329605979742597212921667762252790227068523188914284487786092452555649948846497579289501658978262089337039992363401708982809200951426448297411600657981339522988749368291857929137679456978963780251811143552518511825555058126470726087062270066667240127705457012428316953178994535161876339184970900924784721443612201592088443587211500368090201973703148159585614636383547903125370945037530105076746473134969631259116531077722371237833801118837518736834394545046304117077464621922935910527979467848469219375115100008847458139101123797580442289574189181425424797466459847084955534421073223441504090495557522232144577245310350444060880517213584830772212754491951635410919864541354613139687206594353840607246299478423272569973751647666534456263832596636339327550737141512
974 47860455224046986909849388352604522751627376604390804461408859823825025144245371499777918066391547601799292459630519375486136190335088748590892984126901492366490906333319144507611606283958382900062265929546373619864460345478987221367915400226629602843247189059656565990303965063111866645542249913485816219785632520363818795004325953047889047208096099139437895776247529307184346570243149998893104951202523637863266762068550600986943302966632482507064771410626485289392996057328717193040770068921446287080135329634618150320630977942329638346939684075637064493542087467719700620957470025311765198564892177390940741202082631208086042570539203392363280769926909842090060747670811769191500916703682773523126335202836871381038281772262529397804131975149045326570234283737081284725828309497791504365992143871182794931313463051501434774278771396190733150914577923210704102368696203551487294853691619805
975 399308160104170140409754604079536206455597127642376138278614137317597110143521357865664430479670920958427510367371993912342652723258541685357796873861834076223052011419190682174135605688231350739275306699535549224319571395964277037188643749897031449168100387342338975071862468762709442730779605240248547048850042768637482231884142436080349704202162229724979960764917558804438212317094918710080164946406727115258313762468575351206992243682119407267045228806275605362901458833953393813154842359789590112158467311697330637487090970214621671356664419410736914098495193276121870331511211296357582286423231825763035040697319671420768903971897266801179592252646183177716026132652216074636460545955138140472648750449116633100137579376920383395859728931093869137940231261729346484522614491358207705446929117395773137228692316523049750263831128875392085469117385647072359965007003728585672359056340812543
976 3331503170152778328008894007437921414443217280841850196842123993375408789597620831236122798703913004024764879581574435903552609965259977773449469846684468784121500721760806732741028170200132110269724490552688959218678625050642666354930725428193067886534254696176338752774085958127346848941185648855320595540851261664021512130897677368967259953926731136379681330672630732143881728439752314399207909848385671222444042678805865506431303133823102416943343964230542857501936829129659234578397500691630450656516491741448770780284442049469228876171513037760052668632554863177302538854610192836116232563120475302665955927906824676351045009692457524656847838993586168589438321556396267938140000950439475868934298482620321700443341367628285797608371528117215690498454471277487879439469136067856027740871817150494639815147789075474139183128781233781441932278829384940218717875478401406447348010696264470728
977 27795402042430912833551477902538858631594661461302518179276301792889053508569882806062352395118297201463992651703206405061083157675448432359086541982333261314553044340868238246427510119513521556300283529649960916848201195409064077971306297463490773432358943137253164795286629824964800839812288178308634058720486102227738885605602031885214426472700646853641748210382912068083534597788648323002508794904041221142733483096860652165002733145905750029535931249948690168823504570975970043786359861748983314988836706131747809039255870929211373427352136941574335859929068381042370991798652945837574982914107681804639087503052022101703736604248834470295646189439789459567828810329411712535643078012293927104526798716967131647565304663248403200968469573440619265999394883807115247829379193027675488051880593385046142255648252006966734962191912696367373043862676091614186819892910393196310286412835342932201
978 231903002714435045399045137488781786212802484716541206887599807972904771831556479916120483975079023344240052357120368866542888335358383139799464720504955416786922392879501630348340509556381231974986670170797776463657733022217787188765878133013600344004476439794649019162435408496034892145910187768035263626035027883278415576644990222070650073284899519410129318364870162187878516309060914136905665967931513410728033475678275329766966106752383533612940185191983637185290780741991415162825687506376140080975226791163226952740912609432143154282096405297362640087703145762916693141851204150227470372781460300933598606775108643277666811794182463486494147798902353423964351764061094688277776424765062570863977368426459220112120233674743105577391562586034636000750156159038458980046546761830332894183520643674791052436024128334441167942070205720483933189704288121209309017718984144951066280713126780685997
979 1934819540278774491496883965843750926576947690023339293384253074363736538058601057163351537793148391316726394515805552127707797789410855540793950880640373018919508057992420409484541014137853995643165182842554101862081696327803226376579259035878208487238457621730712674663183659510693062188493381225983293582076064148418207625201701202243365436864172977724376598069154411525943228960137290645383989522883371056298350906204418347792150681877913570410627508309858693339913074336014902200761991922474448818958699883906900854814485682434616970432333324188201256882938977140416192975795623222259571270006457171867612006247353703969625721163600379987709903522055759237605390879935939304974489314325596099159419749122209902299458590821081295105196764242718373339462140619537023586308253932584861911141720486699920619903791303952365220023110429818985613959633386641367596878204458456038779484127544446886764
980 16142665114541068787209373457596827095357840505300755816543794978116848412581436666176454437062966276759933211669107430232774005482886984580718951139485567506455146730467674040386717369807597954101076728373174743006672777940851659284677910609706264477831434565663299325356640556128360337750082760013274424102807231641828635248245749006717527628736436076898249350255224116864796809597298823986035413487004222307676728835624973100078019873488249429231286437661181972974171252375068999137207243730002277821056027056671657390160297003268410966835012842792130465954279876938499300740549604440759376438982927385913312239221417413296856305684125652731170909342179479681591552727828302702923225162045921127759613444086044010441008562976134185369735862946406249816289154328396874779554645313109709995921791961892620587720150185494629258549884010763047255615093790093919027410545055200789142415541085342833038
981 134682350755201004179987777054146629035920875033658946659876784232969082088594695867002852501739596779525365622749693260153284037437541341275297301616761804558379647273829120120856876722072761609779937204188327579900053708313215321144242566665923869470632940474024670225874072444458109991398650270938173406085560395163762219089268578905887288447222875520442126931294518042481783175400980801099583063151677234472293034192055961702000680082699431030725766945172432441586958562142270898046313895409637790304145705514487931927026410663825994802185046948910974588478455377704706050498160924730621477300750844147768784113965675168830354776852061244143807205210392435918074161919931237100018423621195840041769540133941674541372589523520672714099219308377947543052894847690837224418781310400577872409769600195590817270376054537585119648901095160171112954611057958866961862651730691827589822493663590407081954
982 1123690775207208679089564867109303138037430881371420876539276454301589015735367503524436601941813072221467120297051897702980117406842958126846857756905385019566852078614372878305480771681578107741207745936216789113004049354958413380020084442274569689945678045432220758089935912483085447862016057574966355376522347288585202682858215280227680263752414535999953611765134515144965170754038619310977505027666573110182447738103846691956792592134176688859367561335135311080585993890764524004302799037699682480216073198426286750871301808742739864344333852658988347704905628988252640744616376116375756390349476114807650412451710454900810135410141986913273945087122626373512494880323415419061397783320822638759439006933176242727869242785626514410507157243539797194726344901771479390748591427829140948231775957091097900102035647033062505969031969257414866589050903743266678895994242260253907391086524781453510518
983 9375266433820563248817246039167451043889680162576795938533433532180653599349210381338341748889865255486841646354165660458529643785290432286973136824432418893011240097768186994536353381472854379038929021138007572987297224471510870325590545260861561621747763081734478844459766645400053602227577989830551903083305740859768457413898905755552838802022208024543375350309078098633779734938946022442885447524674106708189124986837194954866831766056009577458535939128887001606494539835001260254020036257465444709985647582732070592963331112595120054160545580414036160184373832728309951152478521711561816457680291507263989153447234302189824548403535622358276907654690010959736524506476391186675564300182246188041481444984765067899639852420153748855362629651667578662710898459541848889787538309484188240781274046124195477890439798473291128400943928801878467464322100323013500958509266388869886666615182337294152910
984 78220591535962568860283812361737312016345470806304861809947386444707790902726680997977679588240587044324855968198439645423695885097390452165708850400941800121592533371490349615823659420502964307410799530509275119175682631068600407072456385197819237805828111792701681982264751354775712920652488111523136245820693529770661948106614315395018534425607845583875720896204166003473009453217316350815750722579663350279638992598390748411383287106460063830168239285227390781452971040376493688742440865638588332832282438954425600489173015404907608106646194983257602824427923934936499489568005554016894728208945418417062970753368903189358368064235245806931858322428537221781487836597009480800650936643021032652794616283041621691328578860148325823998957634962952671377712907048029438276103120127197936823641413195158731781563291117563308696250972155015921257840702368897638059849135731299880188299459516055035702400
985 652618297458731662269784886893115243381848087277485578674193824032093773269798598393792143654888210137794409866051664400919624677624117490478691260094473068698439484145993721314452283692288650961504153217268353939994160423887950976921698295649643363966564101958444021151932386897586963522681191569826819308584016550004155779211620486824512217197016087713630194278722079759734998555365016130107175617062950735876127700795724157971364599924285327009089259094293249170997085903139829891932840650020899448187525544597059907867840799442740504967465889513450824339295267154638233044507693519558288719523141461976923394353993310148894609668305125680992854874681321266749572300112828230689488033345951355705550656526114930121473384695067416242766663294746498255585556851053129527024241205843162576982340497283022011441429823301821785224157769108568693079282440685401779060172568360212761473075345103334956325191
986 5445002297325754422126922222870865810885422004439095377452201284909102322114366297875899296441333425189734535177414473991517833692707343506321821589814929714843697778890865015638368830845238636399780800776241947706481729424857330516651974649818671434674653222460979753362820782596466585450588954100058544796533165043364964845012364026825152974768345479344830822298366342671857050827896836558564831614941325970781364643026252921884717060597219461359045257647933387259733812737712748341747291241827315837302272874484909809735443677767183946219380812600845554030756574467261872691529343049583802458114957394118718386672488989810842558798506027117699199278840121645724194437431196616401593827301733207555848283274621059150408326462981545759992188725281349069887642087274652212825790908899014578855968337616015021822468480174330956769858876625378986388308211588953822623162879894609446010783720115427897831395
987 45429458344342203050826431908795133548400780392058688011741193548864463241934024153314386176220849996699256294903347237048052003530754999675487005415638390562881829319812129099401520871780108662589161947084708522735528904462020921735144426295534854320938820408047786575215747629230834298973761624605219458617604619921387011128371445444322713161021051447420754619297393582258463537235851952483335214095606736474525701197447762547038916814645005474515199340912233817721559627078291768364278210788372361399035437865966415306176284947734821762490978133015165685875311750244387600127356563901241815514007869590928076655195936505321290748031685221380976018058695731810892066685711413276879321092884856209920273688891402025005453399000324211294552213915049176264497668085358157111567657625666542612302002482099341721133028422682228973489878069217448892049516286561284349016237369381584944382004273714424069760584
988 379033607410835892248756890008556757746129708298801055202073849105062867411528888627328556130424157596650008447518098068092980896260399798601744092609630768948809049640796041974564488677813740263953631001515159981327537366229520325247854537942870670356041092603445847965074963798762913746819783333576496388698934534286047855281761743495823476294894984264974127283303199928770226216829897510672350932180922548367863235993309820321765999584625586337175089897021609092308459617745337914568488917237921187292180805543521135747758888544344445208070335215319428556120270732411562011411978379814596375573459989084136434622650330644954601811688622481624408515800180106354763691507940764624932402735140143240938101181997120617650889580858290157750121622502243671546267968172488877908576366725979246497036087492504946992861676616590290969998398528415426387485750653575384322424204149550686512090035002337102925635108
989 3162412706121132631894864543104874499475938003070323867098789987719243957391627209942885297294671917722134527530601967515273814899808313437023304978357912450450292523469575252327194987321741966661401813147596737989066730596884465243020593797348571516948099060017564043397713217517211207736868172412988533484797339027301491024811440938188079277992187110139122808803985187531142844071081806560322214940737466747523598806507223045005643475326364890573799796261162470564558325858333476648532511476967557542624567802765869934236284325810632651531984366632802002616226341111290950460938484717558207796805504338526405855142259224183360389220885530656467081558119189768540646765484889687324013490685309236337960266586564360992734243855324528185404372020779620918417482517579203277016598338590780634232447321873343617819883182828494852667958564907803836957586429016301248713952350924046075831643009199165066690829170
990 26385178686652063516286375890818473910566952241439505664531521883059899089084041716560955734168286868459594016095794841844265408078015438188598388586965706156747673473410818129558581833642465424523800803171135222741134365315678536420384420242031363582268613637533144338247823797434311513244864123730510471257012722659309589486978640287830277564449176259623390156314418968639129634647484388896139810098813584952170322916818842904414824182453603128848365774669143519951233112700727010410441113746623060559615725671977855509387537392623732281813181260140315963198131637256508798588526235954335271114012918701742164739528147783538236482365238386272099976295600684468786859282168387040708327092565048554619908413312490264350647345562233186438987219386433623823911678930921161431132780669352285290949731584098194876573648380084496476166385712589756883137300935985340686028070969769431293537663793277985765044091952
991 220141640079590875625456398122487067434639980114326153736683784973124827402900410701084896230217254148556262792413767579863133787472310813089613825599483731202267650210354613211800519448121574617046369075107169481657313920417138913993644432788260567893453323880605272828107760906465183230886674924783507266363099622777246122053582356645247005013371415796735760877272633131261987843985700181847829444846362218317176856101658314698341634086493819086935709093386994427306283114764948405765968182075476061299372984933876882184885895748303531735741375421767597904563029170047550185008533525833056266830662418691942827851333357857013798475879915838409874547303334858151135970216510358436579219664148363923792475982287578521303821210169755282604426259723533818515226781107201559700320168525615268080258226878074387261436236275431959990751298644702832881099157112669589395031123062442427620810697055222819387444402296
992 1836728728959934086990555238050954600611314201027311926800482021202599743413317732197867313621114181735156088753746543810821313673010732449509870825138986823239784761097594916003358543234322065822517907754126048809270702679768519843479360780076152035941314817007414521061950322866835634448578572846218716385215264379504141823034963311276454117873758043417452484096306395410398384414814257643671851967130993772218427008540398520691470613613594163506935079923276020130954385662413849972054513224193932049585708282284365579979870768876741493339263947672199771204729943038023705194089464790025004068944206404571018722794811314057044249165494154019111123096482094330370227634431578162637672506520394047883924395010495640636939762471870695629546895426736435240322147620498368861423826119762508956956117723247335203030689745908375879740608267850859690755779510393844713013134014381315531973770020701696537533803871702
993 15324577233892026429951236979771104897410702515187367278053801922093851791113181948068094140355513533210464043506627558586436413919554809319499888640146998525056769574683928017034442668053218472539344902090397794823375151421335591019682245383980900262695134922396523636186085048739642391919321661557704653988072205369419074702750353446517755074802948097437930847436377817343645854023335536005328183630037587664027489276995548683427059352634421264135565135870741894393540498593041461196449131768796649724704975636343471950574094016424446929495386279421621174387664026667988226823495967615406386233096015249905678582573016902795187194031180989653167398591365679386414969534502139382527239537464264336208622428497477169978410049352550198545025734824417943617713544918456718286246548853599467274254406566855192460750564016697513411761284308653459116009173861615733752905510785128134169286738341776116045222672008911
994 127859395305369380348258879842033782638602830141277750373233459958437872932492930619326392794422602174138569784290223585992587377146520040373575044154003251924844827764449868940743355410234998988585537322775868932638831333341296849594096741018664222797739040361856988225427800562143004742738083681057220062439690906192897338114802367997614841346566327474042601489916118368879891793497568348609341080634687169825758558625102879025097413895807394837165714184236468021303567333735458685325362368405228370397292116957619838432930016043314000783497549335262185090416312663862836360776986311686900913976085952576349856460091064643651718061626881769593370103338331332964605957193579194571513091706412677862253908319590194566061280739431869066828026328757562760562043683295573778603502169998584741509468064450270883428086505877228594830741697014040740459562967608281699716982687670850915963793845079500909332273636932404
995 1066786348222124414206752137589370616504797712304960362852633723713071573814901834511574033337602925022312060604801047315915782079004870515507406821129592587676504434483520821755939845252280147419040109677994638590841483026458471185174330997263905518042112855246890204381149048837020644975756123205055350854872089532622798338851579866243122881936639467333828065931318737070927249569759863493436469636320698331793864421913507917931761346099464293162340241381585013125549751131769904671830884595850036881493761948132934575891195909693869591234379919567589165383226376550345989810875908042520566233488439886239526974615597790771699916343304500047241451031266411665304056978005064774425879816750159747872605124080050370531583178896021199331027220849348488834528359665225886180522771928503452281171042926006229554440877987676724334217892861465597365548099396659955090783000586048011043879618834257240509122717877251897
996 8900674324202581297512513873826237102758137393030887698071362175425041340639281222138627499149018227883840935208058928016631225705542371665816416089875828529169048516644018262893703731704207599329812932770531378440567111359820324262503935779822399379912019739692142603736079366617071789280366037851200210827380750000115695226039158306351492609482673443840943246111596716383695809929542214669997309933788173908866175201933132391247877697804394572594078685185789373213716037802410346133470027092262138638911356154820947160372022772724675703229931086786822672266088182187844111300504665255491143448311301982663108937485502220197281859306441236059020499483967040214109244917573661318851931356845490197708461473223187952634709620553387041771672328902693660333064408612800307854644015835860452503481797813968763395968162690022214714075812487587008810184236259196556045009160284163841207763925136611791200918563025259800
997 74262408157022958747865153695865996057278774630882475127192803943581192003177511953108741641037715015604804052652810515818603762069210358528422677233901745067017458369142687090588352831996019110352086310903731528875344951605679255541140406139519568434286628892304176007875559821329085209228038219406390092141874497862982402685762147574578095072898640420686010282838005404203855914617158969298584513593520240593940853374060778715411441357612321996287097327048503851714386105692517053857028252673842541669401359528932112839057706416861558814172043571634357158973204753324045462767809839046824245949122205150584034584925355777275742709893430657996632750818677760543212007510614308419334729926207581028631064806088672542919731671796892537221762799695699879633487900896070031214615045745587035285248447564873782207048850692488504990336146537144776180478394406159515558878610127790665713764982745480187905861669541120549
998 619606266462396391472646807300966090638852463630287411575946539441533507518732212450798789811136011780045009577383960335826983620951487464240566538623898146142302937429337170554808444859596752318290625556658098349656225104034656160106246212974113338466726257572094265138279025078129174856228076008289765617966448683888084407687778775033217303493802282437112825479848962996377975330982043447822151267622393345936316255548201978714228829172239655256582489360412263317315826911510347070468414440818185810926247349651846279916306134287555234368382630307065989923628991966594936229385249233824152429424209294026462376240851790063877179567512950043107900690053479542575427169922331109495592631741127035982856434223298305585949917152563733155148996096175928559398008016027199406140422254058588998329958518930604475881847749732834284115838575097773146191969475607489961558805040682640283113383734384605102239092519979068202
999 5169674847773687868101001258476285568184152275230643415255958665473304040487481348886912145226221432699069636589770314014223359726476583690040358777772618016989869458671708286287716475585392290623409819979816012389772870297642730837871319746385126252737415468976690105225254744239648224182986891715469381373730588360496698875213102589348067367232983834401395272681705100122604275113846366656373486304995213544786702233407161523143374692716573713619769380217899974152199692406307564071981263229713651804586605972825145958389292305407727013580701814497144993079887811335866520992295127578856660855320218779241174856186768124934054005979556642128622357674456837830332498881492878903230399665305026792776547146685455344291153293523309040308709589116343048721004655644972191175607793654489884208558771657760457979871748655503140770312968086620288637574529677760803249254200322398772460492994105997471876157057755981536640
1000 43133163178909118465816687024985562551463693860829418359190211702431032701182389813700760044297130823599322149041499541662385984358595747570274048157024969768659854080535760143946539372492806666502474057732127518038434833539302863555266360322510282145797092361042418781309394410586939875395978326489154568747727828301406311301620684361830241692389949438548923939838412341603908915602168253967405500363077328076783763076262366570306086848934073732869373318101784148422585966509115475298272822825661557022690642672102011886108630639702656431064089594113438487551092876683097782927673530854737966596163629384864516425643462029445729903870947905410931114637312806422462492180607104720962155481972368963191436544494680023488744049349400372608315486105205077597814461617575402750753918180497303432238635479432331460184313923479198250346171315018943094725398290717886521124849641089619430466892336858537097883881443326133457
