0 0
1 1
2 6
3 57
4 741
5 12244
6 245755
7 5809875
8 158198200
9 4877852505
10 168055077875
11 6400217406500
12 267058149580823
13 12118701719205803
14 594291742526530761
15 31323687504696772151
16 1766116437541895988303
17 106080070002238888908150
18 6762678693433293430855775
19 456089950304946700613289273
20 32445336399389998905087025058
21 2428134018966901365534019745364
22 190707578063369265969558042934588
23 15685120144068108249639355859891033
24 1348228238571441384374112926449333626
25 120891878911636651858672758426624605520
26 11288972697152821454186543074521177108560
27 1096116181469652472906001318219908030065640
28 110503146739708314159247888243307601427203360
29 11551120148353134903135172067147692925312191029
30 1250432998214405229777435817717644371450630105445
31 140015176706454970453689161850389684438358700992562
32 16199150590619564416850530767336841271451518112756184
33 1934485466599475214328414750652742098628095575777836345
34 238218439805758315091011164295263959917657942490241090703
35 30222272002938892346493828087162286417742941540644715884004
36 3946829094738600828061907210886835528621036628853720743792372
37 530136000787927654181517646298192457922743855359244585770520512
38 73183186011610154540663215490153444411333007025618891221771522197
39 10375406926470177286984390601266304498314796961059221014871503913556
40 1509627212895784749866885135628930399251547847684927142549252272777930
41 225279122684147216411705569683149818052043427431494900651828103849063019
42 34457884329259321090845689089323750690332153230513784794386110373957852543
43 5399025453792908041692607708404446377814994790739965936187668133779933399470
44 866075819967502252216677345000972244790391935821204538590821819987779867920647
45 142159562389233085500278092522318967390910665923336823192968104859125558008258602
46 23864490259179888490979204076674176055042896999359896873703540620946975120477034368
47 4095153874699612116471805821675399162421991562807793104879807679473064356365461508650
48 718001688474575822765482449163884733675194049932098574440365717631483450871084865004335
49 128564674903654038166219731751927467293896104824944368317106875135391148434633522012425801
50 23500149012866761485818789789983793797222908559956214758153349511550233471851215965466647886
51 4383204482420705331855013497330611884980151502329814638459521731033473520005904122081201067138
52 833895266911773888258677228008405422193999230498911863078014135295826895968097979730916916427052
53 161757030139219493610747657434214510555303095212600187687149070600089879988040189654601406150385624
54 31980573374139717280053102950920380029180879362398560728209886795381335387801507643067733828052132899
55 6442082427939560495696257193685060556545015359122146997118187053454666610512357407312425788070249650357
56 1321704704649475713491796239068045964092223286062716165012600867383591545937576390319176990657515091909642
57 276100533704778534891580059539187432070228189551069404010846211993264495831070922337128516522230629344357347
58 58706514880902254686216426465301747039707834860442771918714758298161855104978804307950792285905275822652501085
59 12701587067128222962472349008774612505357576174614052022424612884844875045449373422816139009271547373881572221327
60 2795459922038166503396014748675952981135834278459404899039275411284704661219137377131152239279525625166305400022237
61 625673014417965813369420727876138240727396425453848021983294928851923754108409895451351983943404377000959449282908183
62 142370447452077512404212434446729724455914307354898842575586417251086767863394073868845895601708022328803381622828502372
63 32927128856589526320975295323035160701109799980368580343074331877786282690444744021227821345956094926909281460037190975099
64 7738138668113331548195537788425068997352114205749635738694065052344174353189329258687610882206693505357983952655096830306287
65 1847389122320395664747318518840216081207329054380199905607531488019469025005272691666264383014683630658432104506716140545589060
66 447933425953523311641640563316368006465354001515302394225882409102579300698241508600607340931550831783241708519675205532573671238
67 110280568856618051405270299077513423420079824116410133069760600286329939126702741137955755175388819238151243695882570542084960791710
68 27562288133270729130789376306003209814539452190431104636982756594136132959289407018239785376145903457205059352613769725931679901845386
69 6991422451387415198187743261754008709498775793598875248089982796609426950259236862991082809065803720105663068421169354709941215128954612
70 1799516818015726235453690254343261809997053302791683596823124186225468080872568769820791302164820359785111459277261434186845870325958343624
71 469888858593540562662912101536896218839093389591837241404079465596741787830648895172944305766449143764118136769724911975093626281521814978166
72 124449922029726304673779853205792251662668371301912512336123098185911220549281973674222156552102799894910144357815456084973514148880796460046192
73 33424752624159470184737606654283204610778839683143523389783469684674120226000576473228865658132946743426438257078279512273901293697798248720083264
74 9101900643609534163629615043049673205480309096897336080718293644978019263598377579425534095371405480284073347837651694561436734441336293976457785940
75 2512492637317126472260732492429052782651641083671665754675108752515028561495011393243680621033564535989031195947208494477375528767752528461596573054052
76 702921801943957005728161658835738776061087802960281540066251501369632163006897140424489322009499672860370129105070966455717815719118837278371724124569716
77 199278996910005130081221518696431734348790012239352808257892294636408954850598812090417358432278878501485398015328862074697117132065420803612546691362972730
78 57239146651528181843995954691305455689449377186828130442358463795198157838455777493613879910840963951211594384228638281751626069751382154806322548699161137018
79 16654386071981689441978235678883229293667574298127830300632752618668956165170062888824557312971447372590146465073505726114430695851833824174311789554945621097450
80 4907909832188906024610291694117058320109902548163927924248063721499268582439525159769492198878273382881793950114020773366200361608594572583353058151824309588430028
81 1464628235036939506954074446068328864298206105930567393115202133121688837601742685570499656728450742486929295009634710877194793610516422107847990642445153992790177474
82 442540729247963872035451761584556042321654055713613818904496348363090502233665422438829667284658408048363961219767872085302357653406038443077380668869041618833236584246
83 135365475719923785132933102035213413996564491578104535166777881648363018429531302593269409402176219537005583840237188087860090790046200729103428749805036619522899989535846
84 41910882957042178188878280594160447956702770579756772017187893949872903420093079612744661903908101566188236842254440714356370764501917647458035626026683836535217282169407048
85 13132484352741538287600119850603012167812363862070251308659884366310774172292019939451349601560462638027570800828554946323087824032651103330137465083399465992464698827420177272
86 4163960545812784477504423988638263323566136429846712728443511454526363119789404154033076775814102587738067808592871270883656583160951175720255408158710328504299163338104491389366
87 1335813532739328909336888955385067519037884083184181624005827890498878729976823907213649152964281464609252307969080865017832033688130644367315356514297394012404820932217182201106792
88 433516735654805628570140557584530527588788563877659143673930518455848867178110394989903556679532465460503763717827388608617094877554525375164016469864896432372630561548679365991026648
89 142307998864213477854030736141536176956504883235530433501980481761290125360209857822444469342360428609801920611261722298464055743859558041242440354190261475743059977488165348533273006530
90 47245460454342742625931621339152796042898307623166523978354947650660654411650545802158653566623810379417171733504644245713373963634303210929295135353818697845375032288611854283916845378966
91 15861467281341411897511570407589724081548836579293041476755465788109271546075549837430003279924818357512875344404789055142911464417177032265544913541471455229793756366811589047206478721578262
92 5384253677734064550306751827212763760926709173020710355534128505743971013933278547759771604834962519510130583481885767040439655641251864957337359358034446692963832714994680658568047230559336326
93 1847796327295190890670097371806417867298535240001112998437875445634066903310223378763546871928565066862043574903385676130155178270616106614344935043942782062701107648520869568694538368550594782400
94 641029188160191095169370966988554290670581695783082529151594864786761843429002953386951583415702380925685272238796629396748545154610199452365377222960855030129236745533550500308599009266230076267778
95 224774175495132095227450588695430183582956072910352680319373466863176990125492982565173744955202283478439317659338416084175111643138517242449960399014181513669928376670643865815602623297860442687522630
96 79654583636814094914113206590026925044231250769204078739580459120302910102556739480088009484564025324770194031446916698469118296946945049816404748942079940270567162278087977561084227993762459157492198402
97 28524809771477678064922132477659088860446842705328504262938795526479294428007025664463944223396820702792070970690283100630733643169871148137064598028982682471818617676063235109072024541792218673396632915950
98 10321319972916924593598277334336530423774600366904324698730314136684248798873897354780105955028714456123798319071676589793412770471090308929206398107779294142947489966929843728946418008322945950424711335431538
99 3773132594862664827068964365582375251229391866206369439626065303046243210857408602397504733159021514306089234214327196293298215490158094751667748980749954804256033443926488543111017696913861252623350860997682960
100 1393407073712409066399608094288290463333464551703799494436914710790600693219041994242355939958934870543581332237320528502861798728662738350915857438014009006363233179398065304133516235218505650375293009350904141916
101 519779035784137378614775176230773605043209048037357810156149598776665852253745130984847680098374443714731210922155353503202478320253340266100502763978549606513534251267920138063104593589186413945531716764578584120084
102 195830746992607761457760890622050718100575669653056255266611916264422887136961562824876570257748420147306764784801808175375997654636020010848939663356405919340499961059309062401967130328633157026123207871448641713101842
103 74511241451266446965944573657197409564716859549620806553635873165824752565493665286729936844995197124870376525868953038456765087792217555867958353772368797299615198970853613814903108251008479995534775021670037257896950520
104 28628577590934807622286276747010049892305630026061354255072229645630885308640716132647362231816117674005605024346279901981494397541193785510551079239817483581184906173055661846376326742469078174931483033726449729020557803572
105 11106413950988001210814813594880119658185525339676022778084139805221772057793228281212973424442186483584849920982542717688975461270118600110138841529166295463571583080333269711870873618482512011949664663084596015051138936139298
106 4350146682095461900067954522734600836040548710639227538466303966433713173623795302186492043335750783071231916336664850298403705708045023364239271482359689261804467324493651838934357028542740647911862494763165523620289466328072242
107 1720087389771040239665135807073487952792682459730367794424602798778863875824465552462586823395974437191339373799480514338057685666345270995932884895789104923759500239515144834011461276023188650096626065472186634206646755377277473884
108 686554526799368657105650274262211653177931634565907051576052107220140859845941078993616858708250527352163162817611233450966518866066417631344936537076306737412656172012633868197488364299333807499316428027539537056339438110302325528962
109 276591949676118859429027090865961215966192068631351297308435410840069980691572208499919635402676816753400305957194050386774848239292010642062265961383036684590645967195626906791749935181413199472472786682337479400845167304099623659755024
110 112462252709607444395994320435772899523137365268298366363228497352589815254001532957124092332011378804875759976361635693368754105128775547035645053571714583038348989050871691611104941807005160966303848536686211748128946273148625471358454348
111 46146653127757570834413873333745089971977819371635531051850987825478343244745085819530704535679081322309808481449745408870823898753300154803355400634947849852393310550081087080286712437119859616832937928860399681242963016458091497653796723224
112 19107502801702807740318593449745099836990501764602566827017430839430124502540201473053682931834703953238960732070394219243811892952426453275718641875907815521893273406378721404811593010695644234402401445339282798741801690379974325801134320124874
113 7982936949501102579408289608229774559136601152391428582093795499106534419180978785894056190849898925051675258575049701774083788772928426749942999802668670976943421362017326435396525259887856214184639422674741970940824271388078598663261730525878886
114 3364975349465167034245313725939852054560880664464577670042334942448015595437846504983225212283779063838853438894318060147684117952822716059994343771967591951769426878949180277689166849658108378674418060296784229956840078415851292552172626020194205940
115 1430959963159154982709796669767054306714343668223640216792244251578248904706250087060220169993528807401306307147090150913995578134967667973844956234692479272260702467683153653150397593358237065849582925119254972208855767787074368619250514979768337842384
116 613855381383262472198334498447700274428169370924301416775213470213899393376920667440112565382744867515104534273731531116933147214429706632069218786653219231000950385832769169893398777515628696989020141574999871045790091207126281110072957930706430375055948
117 265622463925346461627218772805526498762905316139841161126030614074534082007732098800290388133986769472183367177620334857566915218913536855650354794013905995429835491036604739976259965074475058879565181535441621735808010545623880396286030121505334165746982476
118 115928817729349690691071478898258848610425899004302141452597461288371841190422071142472369429609693715227678450768734320494521315481126190131873850832955989434970477048625004987751083792183886162622946939704418985888973606189502552501556147680972974696421527194
119 51028659327129500586239633344187759747345698047636691242593860290520947003822398130940366044628427375207717836845039302628966070127233642655075195766168178196275064587094857257709736717002256182092806848504415590021681378139408853847932348398399676898470712166670
120 22651755422705529371576050824368317546380062672382404441437617805979720313673807951842616599175741630588832419122730794901400451689179819027449759411448409917077794318944313805205357286874625383834662452857801333585505152341237008058378923782507124828782601574612588
121 10139670769822298423752740761248097923920659588962386037515154601094919365832198229651433509143215272344784008031322484217553001736976850767144330113361484492694720393326320151452442419787094906375767474576416863389545766969873743769803419433219257358817305868497923298
122 4576673893038739775654961534099020116764223356249134495692200779767401194134541961935731183210514141952221306641442280891338606377532181991547831537577853518814037265868219552356952512407598982437684802246919286114442652855772423067423177426037968004720277158645835674038
123 2082814262516492238603836584645006397482563289064607186392304504947103141329203979582061756659988186905270626436401039667709786905454906902978659271281770553973983517084510469865152015608297522552998948962542734522500216518010805220951689499334668136834304530851199211264494
124 955644574179239449105294850971303905453156219478017025822391891936188160336633562539896784237652440718532155233023769105811910709319143845574798379811429959190666749093742293770500282690913392058825182821302753373318390321032097935776392361637822218222237605107254776828871822
125 442037208361225329810187567790128413330799436865086681710640077531528018049127517434234128410315157620568478824456257031188748868586802785236362602446595237124271653310099157438171328740103851878865338424224170767343474586648433363770611754608321294095843193228563463593947861790
126 206114993262830381941213456429695026109903687044585732779592637339562145170201133129113247623615986817967272810574328213415345882328219501076116357192806739724672196269802383241401404815930438819914171692316059979868342872106557104687327440425225485673055088098018011019102919593200
127 96877042837135671570913559094985855711456312381432065531747510788737671419114047586592342333614339633669929299155519365478698144222595497789465123259365161658362375070778013563405939237678760091286088108874844030022840141024627027213542161091033750008894568083362188215960737333852774
128 45894996220507812905137627758871268023440074398991519121867095100979963390756180371225368309429051431253375556445112382802609157009245160345070053303692579997844383892531824102866838445671103600896633335566557267088999973461068772188601286867058236909420227366007352773100852169575386666
129 21913717164262441407415202586249187655241014987667533763933221949287999763896048503290006615479747669041521443300739696371383305703736308733644436706546007855229469134978864187794896538816408217182731728448616683934158841590085099701585604553940500113464677929418666781738650064437316264024
130 10544998109552633093380455406218983505841277813289622960143138085003421616939089557377903544594611095872036438249872640711005487860837304448896436791659670318986788645309034781204715598426737531590253138447732877779588022029040205674504445878456370803473135579961791733095040395165914403154024
131 5113645321852268587808439076374315028885865660960529121564157210666366414151637734735886860333711474371113960120587136571122600772221689072848626689764614260999412666350792580490166565037564554625280947742150648154659187708687746269133142967799963365398709783713352542056523672558436258142135056
132 2498864124190803216426448626691510311108042134836753405892785623608008823757794248862033347268053670642338868363751906627747559393829900813334521317930410869412322749796158168457086408390264661128976266104805939572229956691030183694427946505076246212495906377282371225197162150038752301321726253968
133 1230431149317068987993427900979824965874769114153930156088442102040345186991345448664220760277714694485724484134600730013406735598568848817233065009045292793572582441213319876695234751124760706896183263616810575625373955380307605628896904087488343478970898205847451392657982402584069967250933375258336
134 610449443219724450295821974088504480683359301234042895523069755995876761531021759990281512377968541656730221332158264077776483718466496309666740990249034140205682155319646772282247273102318226133828750463964287172426760657512239578368121377017427254134179444845270457846765697484689230490940081210864776
135 305137261458525369980511262353691488118130579678983128262326420440173697386335366330298580394508418071792608815994583544460884412243534266576798223039947260663302036419404074455757690357792148664821670181568124716532372516944440734931530225291260685354888601811293459286364143745834874967107138425716994224
136 153663158803770770209060314080685062078567781371156258778275717695310896278208092556083766991378606792467049166718510420515699840328148712026776851775026957636515388626342898897634631821714218921799934128931471883658457810226820318826378205871828474479621699755973756913072032569197740744746007639125981506240
137 77955975213511687939943951863965532457400537245720079266227037655875805542410180124349857117157263238530662239233097158280054678471010653710909636825112733689894497103343196462429025157472265797184634908741931842602343726174495307891602978668147333259440468722753668954737522636661661879137152162185326445669896
138 39839210181942340424615800743147841706765604689902794851885932353139376458432903637752703381568739670987499682868756669868563803329570904882468668457715654411396136645118224282174483209388800148881258801171753959635786271361620602896084720661935910534903804232156408151713360334847930058989098609097695109252510376
139 20508341951947477371859908830489354373451443210426534840813413829426484495798506983198465778954301858152020650675345778095791007415105052629039628039836949289401716704841485419192064088374591003323574633174634063679214731947624207210005143234892886647138970991502445067951735327931068705717754724463541606416547533696
140 10633741393137240809808457955264977351306034680527036444694538117023026631829601851078113555658896437931673545045531311013108580469410726450952319023057491256189610283692433810082038752915327456216313679479868042586459799511831103385585201182400521816723527947212996851198723594684406586045685348839106157936693588489288
141 5553347801891560108363398100641126503343489877915378553423151980888942430372253003581986815779566909456275530802265324812944543860970780676796177427967529329053802613063948992362432227580467624464898867266992788291603997019084357484501567983146057554225562504090697948081494090125594385670552874123098207557302621747841232
142 2920886829050396151495077641183731720960055388227142338891528996833777840720889945785155499973740694960510604608127557576659755807411678495381131771135830387319751370811141993946685349621068027066946454092808101383204640474669051664883994751153480364963963742955652796041355039408244466356362118990381622740399612936270159408
143 1547190601642192174491042055775473498507476260495909588763790405090808487033367580616564392259183556754299896346565230811268238734529028082826463226692792334507663724588955691461610072208391883922053670247825408557427947741861116923009626655878797309846001863971033125241167311681538207307002284062779488393272365739069107420656
144 825316637248608392153981861512152085838180361027973388268097703992255888024018161826682172887624975151731027518368619176907504885128600267457136302542275835497306998986460035560765166309757699934435742706776082933107957649086727957926371425270388779419914493324076403287164134177264783345710234986000573798982894578846441960230760
145 443326646750864736770385449887246103647711408269870290202012016170336372266154961281119738580838717887625347912158588198592904792439871323454338819078620261874352351283079896914436547675604951871936983736592234104708641218212446986074378979612884045275936463000722510496123462835591055691995618646102499213306634361577485495161420760
146 239790836135822419598116794066451324746397914397634693165688017457870733980062351256566376598277756116112825207170485980835044706479657378205871103509106028124785681871322762357676676784797043795445751976773231128925201378449878728786824351632034862603222977209035686244659627814792416348625911649315194728338854345670022846602916714752
147 130594889333793449736608359349853826098480578993560072190714690373283503580621347250690314009620299305963516848271348240553308589004928807628019715968465434036003060613801765896585143857870422623846830864172579898697183373630647164754050701816515251085789363172578407778105472746642644094008375914060507375834780770598633429110931426526912
148 71611745625288577911707836245372783939842761260111057587820620333989534304080149791827557309384792496026238708325307221121486711200924016284920768279708716033658192446427047256529002082687113378176068808634456711668172752924319430692803113398417502231363230350392998646712412834153514109190051415196965603018087825810751734145063695983180032
149 39535453022648890549828395228884465051755677115618842681591348860099367160138564571191250870688392477564029665760574577202921650875958522280049991306450066770740356179381096922821923412027300863712252599815078086830955688768289077426670094808854866185555304223865819891891932059731101316889336899075954744050712254537116731156941029249478329680
150 21974233338894825705744214997871953994364771779178305996482964204464385845354092361560123769937004025291567255956277798511605012108299966762046896177212610164526043734524544907308577989765320229605133599735623553320570738848713902822665051026108152295218418470224140817052573146406869316704790704942998916298874183922872563536554864110745874129208
151 12295486995177233322951226957963045193836119124151586399212267540840409627615215535965434871582325005886263739451103603478220406752413159425077401095421441228851974777131044862158873893028855367312486284418330962169688535147725573190090792094995225753712855535526734874057533894634759144303232700488904460645118894327434147527627908390075413365081528
152 6925696023355234028681370362497898682402472905774603410622953562345777931334859221596297062100555493182834929090336107037259604355864156015046548639957422174012612428053873518639894841037387175424755131187698428268788560187079039066609957469598761977709273066935035194759366349677508532766546675683584057853381023355181394442927029996164308284926438384
153 3926881154940900831658218409974642712527468941656100581600446197292437048324698682465934687478976605086562167005435017357880130060884116233473562630850663028284910698654133377816218855353208420572468516337174464239401087234956220654787955245983002494191497157485769992440434108944882682651536515897456389393074965838322489308255501821924229978792560169896
154 2241196483900622650812442756641072952253894042507455905571681481776325066981901911475550974194896559714604670669534304725827787251914367481026389013986845585388753881824586521691081581655935387747382574116872146866314084045070012930924402767074905544792173540200968903674597225405807615193291443553470621204078939906735332976065377915606788970166936411144984
155 1287482685332473009840949362424038972181578434285642124941259359535926862715766953820153260011819237520296763448954937532608702578138562725072623358617792350503155894687579562870050897354824217635659046117536652621263263923506333099604623623147822407971906524037404543118784540027152017432499466364391845026847396279445573254359348199176389517641376296567571336
156 744412812140970767648797224069021511065320919208639415091504692673753064332429639039827910305530106865257538225384514361196830378218883721965055727599914231814269409678753260556347530601924152022098331903725746578815497638223948092355241890855290927633397307386007914071990534089705238206046026550270066574970647755059685048000430007109621527308654272568989831032
157 433190756916030373590125472538630585042438792778340108597608333116389245921393223645404952399217357879523561426011722994125446727216062443484878790828253524547048609369846328058945701810925355934659170542290854095487001966562206482335071449043887802692252731677322777196523398376542557385219413114695053982327814034244544522954273950278339640319816107986095124169800
158 253699480369065098053210612241672365667773844275112458359899952157734084573763868604199723237856969237548812838840901286550739650008390557809796378767319389717842071356532608344828658929834078753507966676447699057418541245267006836125199225245385939081092854896987801411064674427216019542162418287247692562629647686180393586147346077192397114557322673507903397204732800
159 149526238579522789756649225473711966537888858777636962777424484209870407797492970457412015422414301609265434569644486131001886155678671412546878501100963072724044882333575640937316931460514014515956596532184402105296930962335144742113180787531455565632538786338772663952707595377546035774414037692023865649978814411305328373572525997398555152938421467366248654992608961304
160 88686042745788336261061080213278055414194292858418949229602304833335876951769276184309722468160094443127061059350487451235741627230851320241984347398969614288937587905165580440872800967905287027521432091048028808144239011621233699700265047463692154343395865152857683020238528009206871681584903267497501376073354020048720289227643597388411549035157769510693805946431781675240
161 52931719602731274046535090101573492963955985152800704979639188178978618725750977553437317923265846220263085188222774394884805113430132522977056228912107696474852104082180678877981355719657965708119229789029239510477390602682080146642912818990771915091650799770986378053334229738248910281446884141375367949873037811820336239038230897334497486912776714817657293599250919266349744
162 31789421381204830457700641670674531244447269671271234333588849247752172299705818896727763852720782685859290031825231105718664582524276875782748431560697600594284263161333286455395067042572774279280510372479492331980699464873290819334965770402964993843823809043016994488139509451228558081826086682946097966492408074704566706579614089083337176417316257315066690650344014576107253344
163 19210487302969734757957831713418049989269383061401685106598687417433665802193339441613985545185001166310480963128129522964984665037910211328158022350569951918281850302234634477327802629149830444643435726153093146408555750697578170233788172268922268535300646357090546580110039021063722762013054772271796872117522354458488324855645138925580822057956759740975017429706888104307055585680
164 11680642440090192196385429664177065894674347308927385710184389523941815966989319099271664204572620498687464588416638362969728969475572976791992231292508881139594956405840737108219230986093983374498380264569825723204954106566515819438900683471438582396258292018132694635052457085723893017222889100438216477249166142658908727068237230214063974176129615158055504650146497222111288873729440
165 7145807649748712887632316536218752355904903322599915257494234306060711362513096885573257778914207057878270305287431310287357863613705066117290338565453074036591431214918551649965350741190929421007407092700916517889328260942825148417590080836249049279650997961468004576956185147622376734724612461888764880128256173367734235678346505889322904860339156045534425782385151438812964918932192752
166 4398210487681047477142651606864169698793909369370178298762821441314229396145659447017407125374648481441268745707983915108995182957185505263374351402720383413679112075212679069398851895155851975659618355629321548287764918663239539362208554938957337341649207958880099140233122387490869542244979964626560310360259699664897475539870104411124813940212568251368585184329796551909694092055207955104
167 2723484084645798810760737849151370249546737665054233802234678084313704660931885353607568286497805357462381745187431617078002506974749681007840612827135386497540594320479698095896368999762382909395680058636969146666482740728081287290699379947298849733905467305234729551322471409372711358022745682783357505689902245411942575398604695844015530622358971466407204927173516629596649573410278876287536
168 1696610133888577098033213523106188795537218970547012861765777416623823167753549636406845546802510573551237015146955283922296504277021178958970893496139096251685380106167500771482728560035661414586694094907476737896600718257746104350626525375981590821218497012954904812394437691522459227334560987698328926548352396226271126169818612794063635487416002546785475047829799866058879757688849515533440960
169 1063241898688302021076454097746904789896118751693376999174295395142113006497416678765080656446572218418233582932067467254051392394762249662526646927464960649543126407200843136608948005742462159766669609224958385908083569476443952099661188853123494375616378914313366979014263577400026527922263265690631970199894377300563396517437860476079002319298832091546891176437738361947885739979353262376653930320
170 670285046565644142553872478801462778364358020540252733515857664627366007777028366022803755824446328268069862965095287071063228473528805999869396254980662154890490033790022227531695306023122079107265579258245441492542702630926067090445809297091919914274331269122793907131344700128898604422527595234300491402385956389743023515498631383684934043047743633633296559784783524541755224369813534009065093956624
171 425058980311162467693522807320762906294040881328772307067572282681839130198914245418217875605990034493467338067170593593435354751539660062811981608425053143822275260499072159982626059656346195979403323767643408312365482361598697521818403166418581091040050028512273857374679135845399581676818484734904985065682852624292411055731810823756811000227810427700602949065033338188429221786861239120038983051249120
172 271135291763337699767224157708326036091905296452600801970500349250719141412312816639541476839315995628563995600619618974080271760866329580419053651016033059325349353680124875355230523176576443188614144819997302264025774790571085123222632914580963293761916563517616993818504121694728724736283109891115990884537939271791997183804922991462844338245752340749464993406759881250834375329162708803496470917621871184
173 173962340106704353248893164095865692495109890654058920703757848159503586937894925471018250894595280057623123394380910773615586564953934312933871895623762958307276929468613041864327315944830231685584524884592841303525498134689009912406205661957979518254321455459482144581182317957364302588856261315449177712930877372570060941742393951939428984294268901935980305227497978321588417192053272959804090018528684227840
174 112264407358782289088535730008184897838438130936797149816017338444717332870181870832169676617123648804595032321423868160419379990600285682569449000449152429174448521051405903647725117202775668198395101333842945724731635822343365554035777317870978741261580567543022721976755588037028235310168434817889564350271948172013558072533798490510103850984464314613856094788695633907418051499894302347969037994547366051701568
175 72867199765831139147457743237474654103135884154140074691437924923531299428111761192763854648755978073894058884578520806445726596539185537266687311108314075914450341128030214264566950229619817697013211570687534030399650243588187368550826211447827720711270756211069270393830876988048042860558817350320875870587758451045207148643733347291779812813739124417152488933799856834045484961417666446804679345657977271949148992
176 47567559793932559971544299007033948148952321470962662496641758780727604165412425169286292566160193817479710518494979594680885596028828301315975444847861397337009748634565928994832201951908253071672577475371159409612978893443129505654282966006271543403889244889254609514258117787438919490572232384298142969831707347464919084569072284918742757810174629604892033769951447033180483284013147129553650004220199667059792815920
177 31229446316088804394473756502084711515941623478616436142255327712111462862015410776230543253764285389847028698931629306952216661447682893781306273567096398894674544033990873622756602407267082777820551825780972770091796725201996068874262620019970741824833417074370220943781106152492737615649996043706325690515590709161713214410374586149507803461732155270222074716633663312952714606657645508746340037362501446766413018080640
178 20619507822842369374037601503638305486603899956117667797203437267549405096525662557504019401024298273831442133234775389599083781793799416734676490235939895164656940557938174314042140576627825984365546805585336245177805223779793117503581120202873114971739943158427935036819064348044495456399514953939912601486595317056336173076430261606897232308912857407822267793341558743343504182961569126156550415583888185749447088974358480
179 13691122013721498465716498187569788936571394008527238905785440367720328434399541607800348253521812094085448387682960985141077422198297662781331370373659211755679810050793579750599039911111084768507855805431199757093803682646386854358613978182157352890566780509376526376897224043938707305868094285402743172621605772409062138130544059740975552501641803717822921075842279139362488769313617676407158506646940586431278737809187601248
180 9141823153483053805862932131949155923383750993965535321717063998702937315155163749501502260553807256720119731729658196510856831746366487915177183650259675005286680180799838154341346590060676311801536555112670367514849091220150464893941925243108634114463129897471843516511811648326422855846659251260957238988716706235102774391312243112788306716151222386214892150247171727305754070466125818036595641839451491487992295009083606041360
181 6138271090244378350215868887461402895060901710648472767087070687017071113193251914552365054795032328490613544085946321202706006285632495476263030265264604379411262435349922199432539773057501376303399155717317369318865759800428815901892923491548865275184354225820033136838730181023501589614065954160860685652619332322704407845113344557886556510781829915743238819543511291663164129137783484298306710725706211475727434842975150183136592
182 4144435484037701357209821334650131092074857054988464885454711681791418068531696394934452113794138947981409413681969087035652564123965632399568761091123780492638507417505001791397348458705833885973323498165321850353310920803954372838605535204064420847847898831131162585097787113374296546583157118577689188093297025262199997301892857234464594502996183098997142419568431408813081946675762794467427048033665745934486766712973833668924293920
183 2813698216287832017929231158457366775469472004762896435943005865022866353084028720683986414976835649982161758914473669649367259368561721461587182036465233029503518195550024516229048015477700599575331917014513089035397886912609567101995417212804145731694014455636188023554709311020686351611653620743294530851615841652382034706294566978083031807803548678222676550772539035687011564833075912577680593233446972700339812309379121950011817831088
184 1920743396935721649268956091601402230248759382993491836260349888355450396579166767254617417019754751532214071790752425722344721427467428105599803758491071954195079641130736591040107899040809516646838746981933000391364693453661729573867548438515256634024332677534919779676257240152352210638636473903680695072424066435204818870511516001580560632311625718070203010169559567763966217832570256871237999332619375216590400416442744344997040295950560
185 1318341476659798739682709421140819603026912452363560376661945827361057003908981002876363846905820277581898300072470903016139465074497630388845448755336194380478452580739524616748486068555366885465299793607159248223574978821361750844886041430730954380139008178647225413570224577959167242930378611079435479355213520681425808054572787199093254165337465803848338735166192348694553603910259218098293098864328473725143547750730994066693420816244467488
186 909788384972077475380131438656139794848288364745770669404774658729031072183762728931809170493251351356131406166711431223950214288887339425977127232621866469762683218960479270022787645956899491395243391028686556719298163071064957493785624941893260948859093872579150677996844081365194972942493584427337909318264510908016915598004572422303899622560136386059530554633679117253402563868437175211721558196295483865087001154178503577602287240221771257536
187 631239367635243899638117039812189864787561432163842346583641990910409788666301483581185672534662365181779713859049440484716960228838063042258797467934447691784796580311387679481788590432540678771773468760118872728404265207556114840335230797510814664579081769204909685827383794391074626416496792306832206070194001981714105057972677925040773092869895507040495271626386995851535361429500077197489752689181901565444945993505027217584283285101192762979984
188 440328125542133188682470606178314409894872878104024103570141345333960681935509976541857379587969505173279293718159218517465207315675900897505569877466495447044945158722647815954902306446654319471621870146082636808065698251831996672820788162532923864278334289056076019780980122830011095939521373441589743493591238644766167056820732441060053039890283624865366905909315024414224095183055211880069582381005892501392774339403208007137256993456365532050479072
189 308798384497599323100787985672107738779540981527156345575713511402637172674134161890992907726828429946879529641717603498946454649637333095428718910146600658111042901760717558346912317790239042972281993547955667082011900747877204238783165569006232045312417629957308911756890483283944926397957303038520654005056377892255450091558243370280704632667666951000652127191556413522322441425348875237750960341814593289799774978137853970562851760285147555489419054592
190 217709593882398401268730225120886670710803170347328616891982617102162131238427021307990221913298434985243945596332430981060001176371283340282457718392384935711862056066481811329666110828878278561183773850940020979221845811268114611509874269185448571357591597865195389346798863977256649632845460212780235541622585339379916490328874293270886998295092287621962227158710172292806741153469107254190978700417809848036058024363674770647689912754797693892464056513104
191 154302126923551811854905576691498746569765442010291961823580836575116907202972187290377850764928191422434608404999111625973934583505397064367755369330240780998388810201033129418588825999914114206485836034745126702047139823116144970348310647124053124953537608658212260537013456389296674662720675529625067321327180508102960234521713754461858481438882700020491230414831062910482737176928045961930705125121095342427301093828423934276797781923944001205234696657652528
192 109937542223157074191997901084535105195479840349699474850450305234347642524793590039773737862437280474039841791223034060168937338070836830567503690384739247159398800258505935906829708978483942926183302711572536109389650371138271756210567630183276540920662235500863067275251072865114781926632086373551558536851365512679160445752905911977448428052066294297337905694893045674423345510967454547344893477985586884453769950321719984331766095623512585217184221489676877792
193 78738655760444090455551110126730377754092736677890993188660095025920944489862838418740266705730124806101382365787399723992509991855227087986048520551787413935102126884998656807633381801472463514744432493546249339074999681726706674294388818830744754498049789508416417217571361314799491872275006362917826052960400534120296933983874874162310291441760742495895784349959814921802672656818912603929671730007914789390839130073470456008804439931842666593632844329840499510832
194 56687336140804273433360310622785294394845067382793341850675888247641217429304948198529635674458321845806375381184449071509303059983894634356700117786382226050192935360715575249211427400693009131699652886291231478792173931851847603769221639875483260793058374217348545685893549961004748502907603255771043255776795681566699421479023805785383569462210589282582049771378979835049872505943885542490320862179658440477415277444124813975469920142330010348322446018985484214941376
195 41023104454579834310607738786273305323230134521322149140584379940163811682867744143169866686520166628240038154032156127018981792733766816811818677007586388566948746272208573114052336288854315976671839779034512301215504853556233194706605736916777614694747236132390879495572723746573775177207364273611191829342394695791673639307006382578059602113122221274418569335486434039033580302767306720789178989222903416227618724220827330991553939736833709316908149819996238600413466192
196 29840347620063565727102339173985525047954169196949988035567329753402313227021003751879158914354950419447559543013884721920927041496737865515256058291299090012518386322169482295734801007129003043938608632237006573897576078463893013107693442248221285426960379208966668042350531830859418228828787445598911599681602344187099302537585462952014405187117135528483722367042768733159676720374921897309545560235600830059464029622434384840027222038046569186972225329308388755485152258544
197 21817284418237248144441644247180130096000790281580419926815459650740019719039101647812051264738940091769740941220543626363349866677735819913615354517815536691940699620541946243402617665381252360491441707074416865469392864197109049121767321014617564436823840822873818789993890069993218392827206721339436210341695157867793614702622423297870926950411249042683151851725277458125736417327887756555064162356896473473423742599117810096307776336031282490893997549252125375784829108128064
198 16032736809258039343064089798750976673942911856268124595372826556294043529907328804353808548402147851138255397802389427680525200415765120230732638776136755137567482761936159500813012310334771146020963829006287044981749831744756698435837540457042637630764948565188584889059933400076672031741129479968125702054692912776641603798650320532568370190080212610555748050545423493546444016886368705642459401673152266120084641941437673652375797080656479764849916864679178741239883118160078384
199 11841687541055984292968696749692468424885086522155243446918356667399138346885094190995094591985892170662296052299916016967602693169614880278687833250054242235894866240257943620034129831460831302035293358068019019273368341415286018608789698879664759072032313769680125313137020103918357158280099607886587710672912313353587521420154689030867163846966475110671494775840477746263744144301135838376406957746983860929558767722722660581817953243207428661041646378984224539229275064027148958096
200 8790375306161182394166553045947182330535250885422628027258649581757016631930586100074054951233519722084424116061971270402886777546684740246908112467229453513278911760105407245341071786699464412863727066067629483656488872929753239666617245276029072533440302776988764825216719860415209422020793256201111793860305600992589946839596193371078650035472014787210670463942750845839824863724770421023407935450110805855498864409327706841651699767781225420704030476934049015353198836976840843711648
201 6558101851519007833524337077838605554828218391874672093918943588918733671703541217921441744481538506361968088496888873269229519008869555027968765220740177035888280200377768139285136926357064179662128807085543969609393240237316793237855047234275527351896068825638189966089387338264220028773694799255192191128288231950148392862726654971220953807390564973112290728483867534389600770187145290207973268306334725774992235789525221549941816198508351156645265451772570255001630706854159971613454832
202 4917167002423201190265061906559263079733357610854989604710976968698197167813145978644771721036061907649055751294925416720747293092952570750027640541975133646405001821957248469750729969179145657452380957423393753851407093184205970564191825475057567657045344448376337947168837099697546509438142867623017878199869030928434662126005404748981725229703901817125899195298252513851727160778023596933308882732546157728804007258772876769261587344979679158148785410005052754890859058175655245818284438544
203 3705160895715086531988920556886875341810256101281218110735171102357411905870381167759256398842716548369739284934821037949825021616370593583943895460680240022557549988008629307822925337770186574710250657534448605614563460591392068578081926415720572929972053479472079505907005766147728309544643806902006605336217351795392267777250096528406586207753034410458306719385443626618096326233216523477715615959895227799831886735712545401607831612730161115344423185139180921262962520163946414546839588255040
204 2805716935775638061916715812499627038825863282975958768752084762913692719205308608160125929224962384542205884983770783151878932329437549310638276761773064954533295779119962997763990429758104675356060872987044482687479312935712716302650923703462211652675473938085827919225200914993991015752586593342533446698961736743394588821305854854352403317876762470015701122546855868993549599474160215367171989880694847220295283861295752756829120872547225769799025095743553818106254568753826304245960815641407184
205 2135083011395516160110898973299524028008391496868686385164451050952112431340573198162601770366622954407400851725881178812123587120090258943969871971442133789563796525460839596282866637478843811371799784180436294470338579391139995617581565040606739555641840258103354514990579625752562038348378045312948865013121488144231862674580470171495840686033536138301161350923536202093163763160195135978870719762845479308617896166130362128979097719280958218590098818277532630412154454237038384173983590353058619888
206 1632711192248499138409462283226903739795114937779407810851720853308802573824400921007130416614402113899913441595026585260545420019342512435338988461704958555713521679845372003160112357336711798642206426823617155078496302059349873915869239096830753843535490319758103869984149550793604288614518207844240318147814693927107357589793121239852171742179640686280830693698537094420826543068501192574291142077613684690705283598195799178350748839960860079069325795786146557120852967101435260799603701053997238158992
207 1254634813366507961127793377941360374570592443427371749558085740835910037045212348516669468625634819929720611363375994291744862602706464353721611780137302595830382592132597909490210688762098840086854286760139666306602163657252986044275228807289445839134445601143073671620430662734734006882905627703132264782051650618652923072863232375423842067309492804501417794334841552124747849848420136281376022499180653815399100260749346271572796140243858867723425016950504494370524778823888595468726108017544463790676240
208 968787269843687117240507732111333815949849962775977908784806365698212523264507311939593838771526830635734923214003605412277438584915312755101025611969758386505191915310656470655481193731837033499404933104704172057850980528767699295610899748485771693719671592179383300161228150047544047280527746669321363911469974576648012998065670105280618823642841746650212979151112248339622338441383671089850436324374219746241294099498633014574741703882786490524870046483923297239220124822406117577604192183041477704659274192
209 751679146962278611783942837175924190769651302528527796967596227525570072557367716970517828414414431665489772915265723598626276268399111664832978319249915752530032836095483709931430215006925485783440685803219956752123992690083946412684144003751149814497618291979152842101427794718805575311048417870773356761744944259069390327981015609247344017264203497019038393019608504135302956559857507131057164148608710358471798483810045222380545922723261727652654220795857729676796698110981837898505249193097289319120044937472
210 586029572602636661765113707873492890365572923595349437873932744873175364135732128670507801209301326619833860104951968925035842971105433899721250310934251822107918815697456995474049055355435790173954578231086206204473556450668739277765482617717549172938552706176215389861479331111667211126144082186453016174378115487759826225087497385854318381580046690083178432206058154101632039418807474758467582008929232056055256697245624155445583844282985042835419605489202761578497719984923217010575140865214608204948514566015600
211 459070695600258550744447665125588693423436188712396249625652736611603101611168675147009973662209150332778040165193052185895998218566392766097740096359313206775559400914041712408791606999407918166965679731319354179164982350873402294768156111199867279480594700544898949517348705841137922684053432552727483822075504192723335419230487135455892128856349832687996492732398511153039267811963021055964858791951522106195511340313308148729297352507588511559701199414888446626756502082670705051756880346281382756721108530767799728
212 361328959117551539484099370178651591655500305456006049059117139051630470362769947465708630396824108477933261887027170848738228695334809799329894139706780866084002373135876560008083918792137882734007929265895987979291475289905232640419396203184788778969641007858438879572705232053270610193529314537815785704724115980776906795926339339258616881264816326442041030085115721610423259555418818600200191136191916818738642475587356080662217681076921712565193378707257774644333413078068772825169231821994876816818510173050513034016
213 285745483584016155386659651867710989428072650259045654239617009918749182115724976591042553739544599572121574339443589880296544917290616199145588721244292933892326599097374640314964733426128182083751451696246840995559765144650367654965522261145285174693593836041110063633420044542506828091222899610327223294799765598289522901694960761575770254043561120713403419397828729195465397464007456606416802061248295431079245136577267881784990216384188019783667745380126587825658937380869361536171670883719474552937859842839783892852192
214 227038611488955436410934880575903034484818840800191264663741758654258864989332211609560774698759600378647963082945537940716672528034605065913917350736886278433088043337220591175138611572361864355023807504472333769843641641717526958483199383692284305207266222656530959461687151279723571058610951448379818505188451128955868446523877249470603567409612525954913685872915903967091044539895367018390931227442177581882885401646165937251029294772598573588792397562384408611083510256727742945342146564519125116919501759078341026993657280
215 181240077535871393566909202616130043862555915066183334163148543397075699451673608049866818285133458529966021878230829100363920891583452587260371104176536774617606593972700869245930713047945895406745853117048397286893535159110586824992812069099838009726800430077308152239865386068728037063160025289688774088642561732122396988350813864829639005681266492609584352813000866055367069862197117035423288913494399861744878938686364465311629357873141688890981686097571349516743653873891978546510977507764641658380352267507524612500197521296
216 145356160591480882245955535685239596716737933444992186450403649252364458983731528057651818224970054389533552989120508988834541518826346528205583599018710421973280841191689819398238531656538446854925043246032834394661304049467338601210906574311990062183693067523446132952329058559199129431210977463429896635061011305534842016131001808249877370355331384950514303188645235722370853351787546020599808219419053655565282862440608197094377486980968420553250194983599034674179875165435565364600143698772095676338687461779631444885225711893856
217 117119157091673355737233658648678922510963908828754067211493765551109496006316905057528389768389609195896805726626978536139055083047300355440584317114157476115565940141371641911747553380423850022901968107238445742477928167463752050031825367382595476934501295471386382606234167354391003101012245018285527355789305712507365116356622526830163138340364401636794978231168978525187127204189866857557181547792581794269771465249289114827116219422108750281278731101467002983661923105752347542104761068276511575252444857058088729528049525101849184
218 94804382933422187682383474129556525719608552201115770275121848075969121718055555151556723727082090321778036822902821001812310516202132832013518181594043470110825528433916276782378434786720316813695686507081541878415146262914518631827795285229493387711035915096703643988696282109936174660153545433322385211512799612033110978810983709363806699832366180734967446863770988654828078387187177154092609051568307365861094677895667614476985732445110706570759982739867290554211123972127220739453221687949001609921703983188544799361723318921066970208
219 77094900681327831579095891012606319209192571849610231238874313873209085519429345431172286614114422041832411513405995117178687781164662260543907647596227085552885320811720114205565751136017336742721777467784860546441705402765545878276663815406813161174905283976787276032844627677742055924069861794767653987167693055121052383239503746879642797248376311226566012768224461821244741128447469258672683094531037599640234704804431837497074806461577890877593719674005791574529866826641645909736200347159243032962248673175461305967777109519468165007936
220 62981139218075844201808403733111343002773931944587305410285231585956568205401062242860721704176224740647741778841642507071055590193289662091136604573389318121321916102402669678301167695276376491748378426282750692067643660439300137352525253522829989386065668324493024121075840971055472855590499274621060509774883536678089996167696306115268551429467659247149666018053922660404932089867900160985172213129896397936456799801189636763182357021082687931720299694240459717247222054817999817341197415687667525119457676792606559390447806825886484455861472
221 51686120610808846972330576258755603504813855096201640301230688042963910334902948964717055901306721896132483479544438347258308964852635418391173966073740833555870889943578248762321329106331036422280424783603093754334479835158427835059942696245425378212923278472322347208727776622261320740060950233316010603241549230792953333787500721468079689945092421105142828665794978261669856908314673350582774053159945442382897939952565229617220238335704978369499183758875678573104701764694680263735175171513344273779950934719805277428697017290399625842172012368
222 42609550647625954088265187788967905265079700265116045447011847228488263016022682593896170945584530721788077516202898942230442397516658972794944184884941254904624836132784597250522462500131458409880730906717437142142252415980080956069293702122392112299898270642847841973953511982009068621702168522168312857985582225285602715413559979221300910481688519455392328470042706511162065885046326444627474022429427243366507356419865356677653842760373289859492152890007202895930671650533302697412542164942441134133261529294489825986063644253358162701008972718096
223 35285857226891122571636910428297441907155982064825474485158271314615078816792952356646511048364967624489468057481053622078641940996437759427192735972636432686121802628791630913444273216969954925159348611180032185334157707459064190054766899847470960718296114050876988387079120030953532243323551157215919863786689142335212869731418139533123006729175356689208411340110065685463345025194198030872577795313274955265815122445555671314208912797301428228626840573953057958694835403475381649560237682243373460220260166124432714502622364688338555191996513779182400
224 29352579937816255727422064784224913719735174919852308218696543408585376691431532812963861386672806184240630166169411169238599586603070408256625985467445911015235188761628865498837969173440623717518219072954973397958719882816062959735857225254204888532397437420083049031448953366293708296110482561971018682417589430784230774790806303510670905606268440609978948743178939498454795649143216964302762521399700746976633390441735641168264755453996770501298053841043516147992679136746457673512226125922721671944359047802922128568415184991680626096171530565386183392
225 24526469734049496271486449706220817979905861653721664950380579682924210048377037638341773381192558242331591780144138197664033679016842438720335490055059047945274171748290951774613573810711754116081762354795417083175984088659311907516233058470779394823450206673667009628965213942511773446850930525650151106866836321444689333497789704552275690134940898221875578111471114700614105497141510172701407234512101844849554007364874999291118307656469454972919214227507959782560848694001674512586873958698756292140913115113482024804563473376036102356745405845703983502416
226 20585352285132385822044188237014056781945399501619570605169114576809530684598444586960386543012282696468191035700140073303744077444104941884125542421427372777858705404477745662795734608355425630133851252975670087180660015354779797228598093998003720341526190150216762063259461904633183089233273151222249571400023763317722473202990446609228003283446959462314495355292164509600991329957573406020407567544695865944552656313725812439480681700852695840726118937260907887881964662227891188206493908841098414378036793146203648531571984664648910311204470558957665307306640
227 17354315421545541898962927560319758658774766070688591688507962672379132402154326458465980866404740856230533455687454769603805271867094370651433589335805277713870189317196049172122408915450753473462752097382809573464585642654531550458271416683663991378634376376353462111620689818031882454892922597892107971942449967348753098284871881755743825948546736594414073448392024774552489175634389530795237990735308031403729355954782029682087282969874099386252966864856592441737063380805139697606619257206591582878220370034071515060750686426904012609120922779658843271702208576
228 14695152174055306348875877828495832985569924815061411178550403779485739301766003951038508673673777542221301234143022736500138345620302235391213510587184469540454531717841550990769106764127657952143732180955892541195100501403238600019466394160670840331306042869812398872033150181803184361154708085407432883914048923579832160240236071347930569178778778068707709388664371950464084805558035272124110504661207449686304204211654831530425105776864472372544864022851703934183926603057331868926025452473173611081511735226559111127543409298530751280868492122771170865701417025952
229 12498263556433700622339695445912235703195028084907584043730591552860578613324676085083448587988884756985971085686202320498541430682026339746405805052068635243951077165591986290497825928817157832221377753128790105441249732466278855992053794487173715877105660944272069045381309865096570283315463791465682387851521227501320569462424716508866964309494530113820263173829303016450641483317950909063618084857562937494250660808741533646586859765073082406125052056888827278950641269104420404164671714071681912605266439238316019541109881907428050966979879816435255761536748236439776
230 10676426259425207851648158825878035256298461727795593215329582016493921187271654544086061687141647590067045393133625197560016855930516220445942280922996498514461943003782054923744067259850275007429893939901953768575930554786492103378016930391030016909065821054153128877145959086523117313751237598457455840835121390129000731126903416985526086192190619113170491250135257184103351274808647334943979055053097479115069615195991820564949292949577117484589853174646628077648343507378998144674022503839164831193845690087845968138969942711979047233149720753515347315927630904692197616
231 9159979140599096881944926041335190380869695439826358392106816803498657800887150013930164677699212104825059954331402217522297627548250588863159637451275710010023791837554532728379551305926520801755751094273239710108234030682808718683843432411690301559564041103035454588084312908793476137242519407073619443209915379681140849175462758340426401519349710561699828797405440380283523896214378626001414993119568753248525398595111342849950940759683190163323854441456128854593449567458502996411011604343728333012555837707953033854853130389874644207506993140103973641095157023546667202016
232 7893092791873454054159571182601868330371813986895429895985020000055420365430579104569656253421078470334594784067330176629300548084061947901197630156889012340441175472434092948593742218884566879588208293167688753715974243740338629931624123681458677448880824741446079023472409579391275163408944981207841512527765348344960347064111595924561477541594914807900379854288998655969361440679480246030632770161616149551471988974185426583187643889265362759166233831706507695061682747867771274039304366324054121585193820189042444438341614441510775886141501675034207647399427760347944687432864
233 6830868693732079780414183597326850830143222438100706671807265749790524082351460550522197508583105609887587366713566943164645185585497171186309488865516644379289769324853159368300110123881238441444576516964460454037580912803139899137632854608979817338185946020744609399629015567679917098586361040639749828548270981009196640317966205765903850637641352725759897427396491951597266127980010084816904132894376658553357922841513495989265435100806807700879356421867704402923959086265240714001294018763816513179188528528864363385715191938330562924373871390865998021414071054747907828752747824
234 5937075914706725903074918739714104595778039675768902239437570121055213622403813489694523798308230078373831777637817391480401245455406116994034325873670282325062648119068022413448147826164968575977350770069973522092097383649941956604463418570406745885037110873455056759117181363276350491089808866127494988178400554127026873302291892656140621371122270147763952423172481455592671286080008762477071000125885445749224121266685693547124901539139105714501599949518092350398859122358671164713493468329486448452748890337056198651486380431574447270504388625918268226467093984819252794416986600880
235 5182379388309098545753804623732167161322029387855097464560325951292275971371749470078150814257062249827386695144257250252937379257852599149946044844899701300538480092109321989263994127885921752031743189658327214467497016122018143204345501547791835385003310657930856587190215832980019953088128272240846452450167365292699775144106405313332206309058631812782731325705951743123646688794889982527563350698079454711412720142566935991007457943163478695193491118774145214289863315988964157344840865692802003655148095501705702780930108578697193649291934952144809368082647856346334867046382213803584
236 4542948457451981056795148292760250269542695546578589143411861698729162886821737416301937011119474819097771524727613285813960260969622152838293621901039301149105542327381618684677994046218220782852056599418116891011682393747190447423592680214208441157455450246599351349179928026872045716231226170249646656933559000477906845917830418855438875714725892644438191331762843011258914228290166574800809986971522093280770854447901258454343606534180607437618330723429804596887820698887676410913740309598508608636166007174409117591908059628472166985283961733492826266691185095089678235409721695935398064
237 3999360531257546969416580159132304313077924899065768924678293398561700969635415037328150476674135066527125931160985970200613985100711977812083644478033216299172475724320274728852035414000615130080245377393158704954541298595812724145635638071074367188119745486383081642605663849193901002729452500007337125093374769772301255434685891235023071988816581771868197847433909595248172294695343724712359553034743283152605592002272235019954174442004338523287912731274971337754473288861192068077563827254143590805617876983950880048818475017811432000482740855421683772881285099905169434998239287435699806112
238 3535734500273297731397879180500573655451375386589393552027093546074508388109897957929913079885860016233204282213872866036132994894598178586803955579612484592598900501060624140091499418944501983712535335252162495854617228566242028129170775964850442931505744145219588152938294647002572248065879117519482163628404924058518982056189501763346020633038143335345050072144546704144471963003268089785766148285844676425162109758336075284052639803402590830360028967084148813146947810984961061131504818959424693543527606408932010011004053109368368661325827021240132409125449956299911338963613923680471854698720
239 3139043594441165494510313228007757874554058824605195197842333964395352251501763277176027089100573559176453694986505662936538734630016804015860012100078919346835770536587102531842624957951250397529497543514461875365028472430604999702929672207301750074879978279250003947305483039700796001509353489401328058450368610425091976614562607443835579449714373054225434408334963553025002645242031210977966191404374118955786156881224847736404419767613749149829319628186783701241423367482336520540473816193763923136975515002063464320167471922106513883438952068069784275580106250723333037958821659801052450711679904
240 2798568825060077183516251275073791998995916802262521503130256583970990661660145741065369383054432897599023790872681191044010939454396518351232787200740599464129518075831870391308416875123770524374883269699484164308783193685262772485870957395019335778192400203379665995910131620716065495094293078766204115507482157414127031047141559786203578580672599783519999447326862940846845010300910465534938227833531758191199435128004252349105992291589992958222832080939354722639381080496942627756513205452230012378660571152088581630137375555382139246079194379824767458784208665771521198558047223269183626305902595632
241 2505462907418660330911594583936010720276543807839768472877906519293818573490499828332319050538725753272288579390132627120667548176807831893915223936023189603569751100283768838281183328863278443726042129914214718509522914767323444458749112077548826206253534467426058299003097972733116133535286699089953782736752663450514638445647702483194795369695354183391149293310431618641435771896379828228632315515209551226940869078419258105442147557473637464597538709747697041005379534114976669940327753153493083420310026012832420721885178184934068583570180293935383089134192146370565924058455064240664331866004877961712
242 2252401272246952907056473576718374207765817895498982018034356724551436218780324148375034288281992511556476912006531017525892819145293131241404824844409272292235187570955148870518595496452029328305695447664556056705014600637748477019807680533968073354920455284593070329869670932701244027115925099577279863074152667615869686398908359732498951741348362102093325053467736735507057156056681535273976555112856247076686568530085483941770768870598783149068960474877540337379987731014275132659758812706457488530024568396726004846957502250792921097167411687060143107063722531602623150565519925900875986331084937782790176
243 2033301934409455240550961167971403730089432958090442853311539980821733588068846069936840334165664985951146507698818601054472289245455969759742046689024100160657912020687914292328395156639434898606753028902820879302597492842348584420558191559739550582447082046962936324612652732524368690980498512048330760691970861512949268377334869741585796882933834317793402674882499047330056067381786422313617344537186852393187988373778141997495884141037437059482761466339721007652852198154455539990792881236662008969098450809456468041792846703011624346214513278990321645410078256350718559702517771117083093353672666957357234560
244 1843099966761703779424928281556807234894483795569969520600745714769568882662481263422191688449552894924443442705784425819610328709250864757273794239399213374867763357541719931539525096455596129124108652611088974607142003813081740470424570813048344984578290586349646389688333042891331135139086141934125736766703188561003152392276327938230706505417407366516187601248113580491707125278683433636916891834171113188707251783028489490195833650519512383051611746691475323838660819711904409272642854218716226572159153919844790469370444948912922540472185374044075547236458711224989566564075189420489968241680740511101438754464
245 1677565405110830079628257941330269680060504455818792797013509604727817863300676903477096432511438100292375091155524742956619215214398254129915821614067689933130057157634287721998720873874744337321613969273098846909668656732089245970890678834315355625635706186095602029302139226361173209879005188722393371673147847442474752433247721142511325484185796980051730909884868088922795075746366492740325077117674566331899410557971912846082551961308965415486844411494635829768676921658828423267474167035129682703344811529493775835858930333631833485267511202087669596330087333731340978103628862392592941938418437761545239630751776
246 1533155797961020021399333569618633324293662845618682233140064685874904798125591825761737471159723338906683842000679302108317099342148616913397244511783753577458081515162493358940096061240978739285328846121263363506775221314364542462969065233006312017468324565172219049201689880371709609450451672003889316878150219708162819216433340497569090477293490620319776270284903759612475660097156955174837025364080500131178895579474975360581746799405103351853238816931363257339585435578691226350920066658192794169755464825216868185342580761707344514576810442675219729753889999786662142866659772207086333924793510861428545981861649744
247 1406896472370230471521834827682794251754847108334556965232220894755055826686280149447220215617104907464831869735136968086741151970505351398113139012723627760080184508839665354903601354088643989155958668637479971555864120626452142016244926987629004960928107280596441256404114775632869011790383574480758834346880340906507495940667145423519663870854759221215309894853807050559565160191587832247151968927487178746529358641928135013611943883165324608117087801881113144700132207804933802598945951875856779935074533203450924540700898300315722263345461076084999657212429535499677602594323014152081241816820667181274512530986498437104
248 1296283036634579083327244834671787216944500724433311115506253462545625499699180041041549971460603147775574449154738717113573895094375951266539978934002645900225459780164076598772988847357331417029005361928238585400934174721046574745591307181931934864948341548282706060084441688601469197769909887474637629644353792968067407411724519825337482006335401371278965300656423067385175935545051774817079854307300740638192662495887615991531246864713126879498960992327903814416521885654600810906170382419040862901024001618052910902294974621741727785964969834743075198305400235069105292040905003060007497846311193524093798974891790323963296
249 1199201774592310181489118184899058189974527617291038040107287492018913555868906102769488111811464846424832054556447522554558971108512139997351444071903331367571497353920274044663327346021532752028682749365907763006124910509551808077343972226901189793286249158689660211120935643826762088998429532295334045059996293621674424334820900241844974053208555146416833073654577906971658446690358723348471827218581478823264244183521385701840811053667232566051398332891678183259805209233943886815681360138397895105417723162326442553975208411273702733059792236112330514465648719866764517131141452199095087584190772716164135847215684857814109456
250 1113864476198092451074182205580556940931122485427807125592407334631938178144403379430732849271128662809225404918462013113532299427679120019761822287474274664416263264261741630370622206035530691804824786588485382878918231366765205652975082441942404761965023551497696976555012128658198458818986472491962129241753601428701132733052820509767357794578206972425199335347524883308511798764698208998526227791519734829902396484244279836873707787614510197248142749332189068015240645636114069397536406086249842238014025195627158094238103213812233049725879179238274430308449037682494437975475559522107024362276168803462668427873707882062647347632
251 1038754949202222521758467342922842822430689680251450284909298332370563961746387274020747331515292803428025764906605326752811343742155967375541276882864171185794583033490253167880445570082158737322069036465362644538807272477661084459611863906344733698252771313025231795997490334453047155106329973014123287681093439612799213896912170605900399977463747718870933403815997647933873022598393428455215438661548487661594233239345778479447795174245523981139323789420791633952094380355227024849832682318776952534178070126850919985942164891888805753259907386362836899536015867168998018945311722333332562154762331395834676236506006830182132121772400
252 972585009235377204581473375743335885579194215422495025393650553389117058781586320964733683439777187341665064178946512109388649850509920159793320563696141862615119362989056431338944438204353993861506197901058725245537746315686060587394524951082145209576665617325415506174413471233657874153089703960581603824454806749522460180924942389970300523221276748825965441527771791866648281243017528019575713345703586967343586955987119028093869088861589264011104072613932046567270233809344823236451901674173099887663230529565960168068423270579613200059846165953091164851952155379050127383753978128972695837419425678646654933271736730361993697789908720
253 914258182713544789169697184085258267449429215248511236119202445974221596801407478952863862852993495782033589314333173681537829537724428647545266638229830204839562458712859031621059203404941982688899378473541599575087815918552472507580818308521543869478099512567904894966453796883987592512757246754914337438648952204994739856589104836146626096226458472949767597751945112983994499269555112172620629953658447063717815320659696314072378869962067140736001165782732416989333529154715182434424392576507777047368512196366957512676817034846488203428171829512683903597759862580001135831185806234087427548853860916293197579769462372497917457830827187504
254 862839703774797784369790733129431885044390627941116432131286258424408917494364895799876027755681724074919323365345813966231714895933806045259226107444871762882461163811081019219571897723488946554737814915526521735262875711835963406264412714848951334377800796022863238018676344683633369980452839760569894750702878930702710694561233758730570173834430013944016846667946751619362055691338937164173930152263361796357344397581744026670748413295488236397312765786238701872350414846920860711593441924818214415434573437893520385160377229841334863860911221457201158782454950508856849364821942210785439115156834435061674686672621986439491640266573369890240
255 817531662357218368022785025980636186335956342751025392575378081984207619275998816951643376710542481265027910434405179895021796970086520585585266177703513294423468087310668659379563188741161013465935935118600374637614134124979043250563175748691782141794736974058949528446184532512100989097494715366876727711217941785755607875015466399548442647862986745474841685853862611088754177006578992382424627691431812423856078137274688479151883503264746419643340378465029425352508067382027610539616922334884973033780607912496394975034900846205753716461065235077582929540852571283253961426156580181085254273480764129757360887468655518708923271791760098839276848
256 777652380626864925171428352865474055141449236351721564894806637698136102505251562448118835995392438944861808959071369063251352215274530738537474754953808693974626444186022635261055432150428483982588899480982119471158765206217072248077890828615731454696630942667006186603528621692049332866992819027661578010003754554423136575049053544859381004198395739052223919356342575214061581401168481873857770744605202202769563625892380967676937437654277286054800699308257847235276763918800723095213748203872651483937360500759187970301887176315997738770846394388335941804795946299670889786664039933730253418593820511357837377252545406280028431825225892000186328400
257 742619271042431855456130883090566758277028117736712069372780967638463320408266302709028934491116755628659818071941580925182090166065256052335418531801884964997048621980855826151659327194542046803048831356967160536285840629575136368728557978003031657176161757369913202850443185397508041477370131963334120692092937436543968771789485695918476715014439803015438509344603463631114913354630247218028646773134057569317305366233274639480817318862446166869385122683860460239914392884112919615788349836767527956824717688832212373346882594311148176328811472956293125508399183165682540834921053608087043469450200434300236809777266532497047887837068569631661595385856
258 711934570607452961710061369503665105984893874131324459306141230299608267358580224364313196766266481130155965579975203948571995925715179753833815865683301063306891902525008714905095279699899537948928112830095504394479370166031957836286218111876311435628965700863973939185127662829895331183391942491893231329107464157579961686841529924313455305951072270153104283125882905531188023444700947267904319411519656893729382333932964096008503633121175755524209163938590539621303234109087446434751368404727441800039902776017490730550723668335924913118713913359422883310270440252490719911671808111472056568500082317951579692707214396874237864929728388199776630831418752
259 685173459531513098398629471201749030879694646151018279284817564870595472215027434308115045295568506478360323415634428522353581636008836207409929854651486238165970691024687563294148870271453679830358328194082480178767441821145554094793664035374560512129796882860835091196648744837660907317737883847171599254055959101338366813464969347254282741091562268727733640722886972674914458169674594523284148214105871362504438852967126962033845392742025287682056085612224572711681879622982250833285042463728755475068696120178936327718815033925179810360115233896651819244491082346511918481337196246672882301126901795243093005194482654577016132481737248011485028738601495424
260 661974164275842403643341594544980237153639381575151523892900195854286935284272140270935338623857470310057271694688396648976635020385604612037764477870342271069759389384675211650121892372683309001198002110009394021688764118441576359456317593045549355793561110695863945628174278721555634098426109928942687660110708098425804089657167835291320826707030903126655560841078750686619228231964108489140436791884406906382519577764037757168176790963829063563903236698147725932545541142128854329415214073878833608466615973130422469843360957933954008976739623734103084420303346880176588418575908718626637288436281663159558077824424445497722798328323824423575528841560338933120
261 642029719272397907722074193097835329484790859079784965663257411435627238124392846332476620924933307553695618413331833279162077003617699357340116733483896008731221251784818797181921413063833439545073957902973277092303965843026667091974243304445357375571713404824033998642968190507478901282869858309556397630804430687607834222305744989607579114982965816829836630033245788238842066725751374790251907913191055165891166075911279330678567058522685682869557739809871758255022360110550786740505244613412040662914969796051733683194082462455991820259080526121958098254628806775114865048331240606861491648799092799724734593131562282624588923390170031108355836363187087222795264
262 625081122019887601602058339111588811713163286591367201348189222171959358816095338367137595501938375170556959607136717653947305958552225738945536483700986824345053138336659462159112181872702274050087371399736897512874641931629132537188647846756396247073554630713170175563272717296238860972895078749607411698472203078470035205766109043116006980520275348050803734798954522571108807163382986914822041910609879922853893175043290958096448607208996246445581309585279838290765506306305253617033234804391005943639824666202585281936865689440526013877374049252939852019471535951347593366480545685555155134173051659591356797798585679218118639601670484219320050823434804194950635520
263 610911665585131175809792059764022786111568346003509838965051232441792861595386538266509149025560320071727158332556454393948382199255405380254351013310961209615806543643908449423445150059282030501214817925478061152439400329693055952355257133228236316666939003026782464165324145116569472818730559002016382860445229865353602587338413534977209430556510552519438029814054524248551695338800209675068206948289374617149583230877363936168901992920173734853002707000201550569553510538850544665812554767510919836374496935535568735083370763422436638864348230756793109728318183972428782801338596517315197963971824627148164904589168624542655681613243134641063422296536361825547601136256
264 599342273011948688203494405304564686336892228011404310593512975937521703886233562934612186765499206521948379710391517299607163206062373074221825495417718714371296779272812612197262473912035699013532873643353775301218889374695410375825068601488337044547059742067752779717167209269067119730036208997161181611320103870332187262308916630871596579997027804863691201325187290332117856191944114286273504239105252545750269465584200999979752796741761059449454290465629051716054450893967699018424180916015840596965415143526774452495146303092354563839131113333220878690901937635036431616098721753531658201662027490641592338786205375078692810869251464860019632545480748454139362080099328
265 590227691552988252661669979470247317278571191175493394931528962113601267327649490359330317399811292142511652952253439656217530613301346451363790357039161228985283745157261523872221249726506575209897482754625092053727051168591372081791415163275309626557815121327632840980293449627718544272087948777875326382584942880830363514626476808063529155048986574601300818106636415384231546795359619716804255933599879497875564120697218860579401621912504394917873098363502318373615697197965716096889815726539440750887187328974791403307698314960803371780704223648064987630120824027589997707197166905193490138617720264075315917639448948110585265673230579539068595028162891270216022210079348480
266 583453432432388495341759973472942290342633712252778472713760928888977438183901662607165041964715067708310097115940189769620629928750840857585171326199268003549997363111230886546778242600164345370649872142930239732465610829553276444773822862402333594430088866106675702153014195095161021042951831221355356191576518696030149312092316036103788068386462620439502925398233922769603731699324068791190637672160172504609288448532825256903957243042610981285396435384234537101117741617954749550712937678807720232337688783030502431367881446229329014233036737781829851915308298508901279700357700169760215144483312429046018919152324720659053545901844468728297674719540489729694065399486493103616
267 578933365184229566162064595042801603935677739839408911961121723803790016701686116154126093365003189855994392346075685193817572067356579070022621845065536997759479856001880454599490361641491212340823807931420486866368038575457495353136563093918704630790050704934848675460040949530126435908531536515264013699921837802026399307522647711795646282290548192696544275973217926244584718245182244375088807392543835382417190450144054163424359981630826890468278338135708355757049188190482275244653406220433407801270213749328170696142682001555569935035922270017954405223591501488062706567120866170615448625575353170946315990295705973975397868332780801992691239996352004963462681564980226825069056
268 576607895444316825594501820810144365178276707349137699556929302180370192328195848938227719325102483861291066139427600752985552143791744183388610639788629804370111381685419312608980884035011730386286643394145109913677716530358238326883229430099003206114938956002598245128958047193542910292917462663122568176989466682790018935807791041243565371493998556536980955654491926076074615773109030675751213121709005950331756024932157660431719485057903144335573450261946995958128972648332757648180309316183861835590385820962081034309070183802771459755873875289140437143976458293711769486099769419528255227062352935559866041794005989961008691782711401584437458893188999079686675191091086697335273984
269 576442672185450740058308633029040281492241621477562332414126276522973543857260946838412251104986601841413031518383054885874400132201666549939422030989169877861942807118727087859224853918567813394220810662464815125676173434386318909843873531681857780749848404945967504797720262276705473738541784735199624173100051049152284263446712164769443557715775128534591130196905889764527080166048964795471431952677302499420032196381475164050466616480203156418466321148024710504963599373857444320018541019851121381979089754845407186135856857477982789912793622307035410974232973681631339827750621500860619630825613569064390231386123001853852862162370341714963009542358107081527369633217817187357285010560
270 578427785435427112672398168731185257961154460900647347557729932044232736200191884650572921553971278095049602990587840553040427812587991726191271128755669158330732220421351308015271438002631130104277433993308409867322708089948655612590114217446045524605468930665769640674151593287110696728853066312724206439774336497758703156947452381289820966607060775077983115219527992358835757818605386621087531185285210918412996514544272903401237724490016285017229301118969091173261558997730340615063922052540052196768839618090961885697865824478432539791843323443315343797950441437188036684760400818254114806732753414191071300682961392797125029054506787681300351841936089613637954073687089089898503135506816
271 582577429062292367993982947981445835025415007709540872886220119404277386868972802188104119465540059167034553733473016566592608871270254501501727111930128837510971358753341828111875915604553947444064263207792065515307684185136381664539823393292777375250311537061564913319450236680973584147216519692530632420996721205700709042277419208554592724014564855938303883894015686251865783351831239039423994946671392469483011546644273233289302288007107952576726896940642963186799784455694201166933563473340511081337265024473680225694668357085192735555942714031148304967507128670858341062039206518661151409622714466255881524676867533537828994313182471873648229535201363785918239982321309424610760383153002624
272 588930015741686330849562737083819450448420621540569683140996617682174540104487280632363277129400784906360921020858425810404076743680544361817570548003562407535533964770164624532571781239202199419372052623437280069878079228133318859030022668115766767478988937550411369194260117492539698287918754498297019321832495358336180773411797743722160655429324264257205480705904826357580462492472036438225209499669419341661486072953119838403742415134948006691394124701097759491025160725259495539515182398179190014899262971528108465405039412624856039852182439805363073548113188884945933080385468593977462915716067974179197170796715343817520216136820280443731455450298885870891803825404337831510589875783817571328
273 597548743176334599612377057684135132628629601639156469039143690042733680613543485163400375556630865841281696887541934221124539915629022995692942356422857976130411532616948664295020647582160876253545137753179977436894211216647758064303010583331137503209938198087361113270970445016916358544192374393560043361887715960668582938869549584869872078692479499071305794884927286217462078707265093576989379965538027325895625482232220100830984156632289738852738005169369896992148497552574608271629396538120321296044129622817515233861497872380514375533357076331961052197681724332738413640578493183544709656615887809493192167772308809239649564835361503118495551044060873518699917048017861690818502048418439262418048
274 608522622428016344479059998702545861833780147948536610703334725002285576208925225774227263289534247239988115959891888065928795934048144391581213362990904080726645381334955308113334421547494729993483355496336189778636733556865191784309937451028667982633007225904301640129150146329417056281367132939204753688350217881264826748341863664182884608499553004921968613225803138345977789462013301894378292461926187549388581545563699338769852611479997234760635372130128459165010652667849449216937483423971183256384891175977795818291836503353895663893887055520344176023311690993844875507058667869693848770050243389333665341769915123739996535506552856476471306385925913582501564610053689696484489164363187052034367872
275 621967991245352773674868227692072905767564975145922035668519890919272748735011814351822388899368886959808446177464455954288439947245898343752005103096327250583398206452838381565506257917344977401513927815661777378749315066433239403192076038175098408045283019735545058304857369835471714741066300419513376695008818779888041594501545748795293547947683213924963579298056737927066874233450313577951182058205352160144794793406570608562139465617681765208930552062143717496896427077236299437888553989121872872199256673995113586680037030406101918503190110937071487732061366997986739901968257083487356694445574377718522015368449126462709967519825181651330881148887600962662895511478436498338626313203673684336498455168
276 638030547928375845777547999543801583262855089067032619917211412126590642177869769819327610908328990984694649707055124748956714546710096323010069410329656967826904645572574898627038742128195168437747153574239663896102206600802214593355428698887068858849684623635899681217636886898374714493795850062891514737732820163194584821362780530268844929532375301234263627318080519094476573070575525306986673589682057722774101454704157924414836561123767531813613250258878014881184560781035671167737327340099481189095651020174976104722760613462070384079664662020919685612841857359703409002783516383427381055762814230419962798980217506829826687914667917963246988912909967161737316623636981559269682704475026348874306308284672
277 656887954985444349744480583537366251848543620837547620610477466527018360715345020956800402237296439291784720107272329004688643129078488984414189104057119472790060621459474858137457850163504599967327951681900912617921210079510249621211103014172126091290007387556649853475146798301599222143601680031519555005487780374422856709480820931964430900261166512707952637148573616139574615660997138186082023467116150829878400357180809760104107146541164339777302476445732064295450075217378031282860581143835032042111803864742149237385500222958353078578726157952337039306906058812646461292163463927017379365402834337168607967239328520066193033064670795826822581592456290567164731074102026078800046437212536311297765205974360832
278 678753077069805557922827046740205782773479950147996249118615659681813542575602699426809885225329472609946736632049366072184320822355990144468129774932370652766486364599903951373013255885382279333159462487649971108348054138349929907452612158846808510542665251151713223367092931162892326014094125864266943760956065249596101520776399772098272683790997846381575190659732470262654586949639307268657804766229840715646773404670080685094997412631282711068749564806075041128182079136270883992292111816617434320154229305229921865159504960559529768952490065614521637713896451796223477175048299857578224541913984813107557537044454034735976799312134953705430890554371140267841108614115751412153968039218310942189672913099438064000
279 703877934948546632474523732199694440816253040196874118368305341258240083616414396344403509687274121122930145530023733383147767471753457064047400153472110418990427733019801192965995479468455477876675189314458071797875463232350015633057094753990558983235957330193607653798547847401498905050109289980633756919199754867146723944089060943812713381586292165227937011070817047157555350427943499802425710338173666932700885725615303175348593637500973439307399402806430131633166206428037692655030757012455952996380414871668147685021085051361668434205368088214992873606327772734770224384517277785700011876749045826841455047515159928665187840774107477321570945016502770531359539474094982017243945177544781103131036951447507772326400
280 732558477150074324527448330171618081260515519703816693292782727409078297962039873691179324807308318460992621015631261058977732770813160392376772278354298942665976134282587788294579307570976280335122678668559605666218030171711352175227965157765363772361751644778983698146804607617238265907786477295175566829676597848766222350428023970019081479352859176041433780013401216088601809509315109627395448652738761776435357179762599658663775830612012201543236194802030770713343796910711297259666362049876001781206058154505123254180391988242507076822589960945663924350390340881598656721720440325346401044298031707186217050034933784206750419955542366292263896259094976066341813094083752562599877375239029682998503273854301726751827968
281 765140294154130451774060999529598115493409080673847714296931176358180051103156702665895054803787546380405971180880404764328672093130107394391093696144688895006496283712887750762045741842705815280261099173337189296343223268788607856782068490122946861976012493333567063060727081244011759425477235996882501583864959498637894863076158918095681594037386416251434686492100440893351805002397672082425745408608353110443386383408639191863688816468099466414995585100076791240645250223955550300123733455916804152413564040474238713327877279277907273929413668144872110462810876863343744850269829997132149291880000842774777534965302488368372806736269027336905745203812196100043580176683412593771367978091693418359451253197774869146446372480
282 802025427358827508076113603358857680423249756195344666098815236134734567485140284379045118043284320177407180622356581347832243722628780787831951271135887231817183164573461791149438733737179783156434615656819213825096446625820362647809378004096390099058159229298301662499830097225913528010804771047520386662693744130417083867575778474963905226593342991004901922744287037157964520461169254242003483163024122465303840237686753048086144888324440420058053109342432293141140772808912776407362161310435057327292850963360496517974122144141468646114362066215827940709697926458449630419799155094496378585086760250986612945860369200159292549412555626281120070732202902696127516481867411329584296585827187956906603525388269198378825688982912
283 843680457577429900236487278432402937671527134323835138898652291108813657272501817949438593672828549990262739395890947778100837219114076178975853826022395233498134622673588760409071778567422953893057550326644783273527425530914372308812283080184130402325025684924945429510317568073979630067469922762257487723958634588623060301705751782550209947394751604923606164052491579030693780819760911469430916298905954876453108251142124041323637232012743673422564004275155795735911426525306680307790427814737100915813318844345063963380954911293272564976207561766606124012498305938658300905043381938609925258475486187835896124845806094910255339724985749692604137142777317374934153805379297280677753895959237403132665570611478224411668906128419968
284 890646096689069665972135122459628774857303162812661204903072443484120718594712305111826072593049367951010851535905959490558746228262842862324214389045551387725730614618655768118743554357149973537830418098148878242253998253464309714051433024927352797629938328039694715675616306213442654913324333000874357153289164405174256007756229123288332018423945838944747290366441267853333259489839014141252664793945274348693869154080458202574113338483534145957290182962307985063783946666234082340389519310510956858623201765003377435249875783834233800943869801548997961072286442417206441405100237655691811308017216154914205080653358530850127342163253329720876624506482084118915710586101304279502451449102800299759449131142513269053509838150534541184
285 943548552761356364146622212786311903150254079414342272584571915128624445362225028526654601967983031309217076783506099007118199186198965615023507731294417207506165477524079913398044630137255691636159037725179502206410866258590186417461273881885286762844079965828859709622765684232328898432690707576923425946056831352998275543046189909891132806984603487644418919901261327457449542581548029346298069609692093324929233177963744661085847366607349859527082868590520116537689152338469207237162441428531202557276818779154478553260947914380003759553820177383461448774805823328642301110826052213478720716757619480030998998151240337468836099458126774096004626373677514029052633027130456225023695446109989236091383490213018209428925394059141003108608
286 1003112995277737591516477794126726688492271778554130644202193990848932291495886514486156618252840879670402920912144071944919574913188881372856823733753843777597634810010765850644119907482835308988845783288894545924609608921402244904997349673434547185643440938404929845283837972966409805984682175179215625938996170642024704005574286845797281599200977661501450622347804891246995870717886332424974244137099413460107851122558237454780939697090709605274848251242927048147315493176169616834726218866927417845660867661406494093412384676042115818847684300897333979036392094132496124635272813289027266562753561216172535068232528572052439045433485542814820156493400132164429153208950275612453680565109702749859598102336592415028773045256754642038834304
287 1070179515249367332384160993195524743922277113354005158682641775572751287517835578803408339243753506221186401287803937432235186845962337686696044200488749958367721985938645390073014212865096510260782690295261845430335920627062808194246344175551411462287820308298815108483315665222825437022681331627930394589891214888599846515985842275156922979491869515609860730769932777842776175579440848427745176567526108122241005228307761518046292276167622249331603352073809241037273265822163940989716600620890173092904393465318043950892126290221394236729731030007452872922374967309248091418305114646220188962645850414280743226963672716908263310390982764304221718716448009003685129279485431420909053039499214863832069168918042149284971066018096452273753640576
288 1145722057695979448304021300362346920804088302520239688451073591309051190312940421512287073236525020560085754398594691227265253811161606716820072971035281219309275032959736088642358620636845186071885165515499856244198408958972203064953700904950379053950926282119680160441323740037832548202724730195538607263673280678522967647776129797096114937323203313679347079715106886423631182826623677005403545850007504061417311628723228314900979733174146143803664758250802839692413998276860617102430662934192758569374560209751702653574160262415642962387547221922365756872700438536029902181807743793917931580398473559815071476525371357266351656124644048968265683904791845362987818744274355250423530067872970572797520152931553034163329061326484362668873242761856
289 1230870904612625793228087900235364710930825448966587589468866788407021109101050261222018222485602591899633384745527583936247716372953409702284691787782801030634318492368041151565983375032816500695223732301121970860500914686843833480795774873799485590643020315129626781080983144822406036574028243992060839509910734970206896558542849418596257700529410148780435338106144685709837204320532605246735470264704497074461783374035519430360450737602786452928344199102890900741892605297147055346742808796718537099930709525495562581554015159235872273047651419063377748843997742042856579240668666850152045167811846217036151688269077979180923847611138263926662132308637043392497529630339812383402014052997284685811926923577848492735488246660316783220561054609311104
290 1326939409274961621479413245940411664803233337684148163555116599132566311670388421834733395668816009106855480473661556314417960460302379628395935469812335274970286399010376247260200840888328656079428425057957508430483815696020478505956976808511222575941017414319951972701815877983789945620547676453384723467970793946429983037870244792648508329127513071128403170635602067593271851065161493296770780539353173317708182479835824176465019793772931746977746192396503888195431321698151931701238426424706084876572353095762848128254796169212174539614936965096961255875469565947208610049624295259270315589916883580203813543549284275997258703016578180779659378548416662380827715204068533027595335460925874629939736666840433859837636702075118162581551372265761661824
291 1435455832761131472554156551539119305276367390228419178178612305164551932186858471973985529977571442592405482429703923596371120364479553012324948765521039741745615064311146296929630999408006653779959403058049944805775328557037576482240609581850734983597329913758718756153651011158886017709482802189592845026477056326343796597463233460076423094866014514426424240117188254015272822191751778676018667556967613081778845224644764495543669246330130773920498831769433401734117891846592295516235592965946779263708620477530522655714420124715578773351974642022068586066303821525383452896300591727150920766672986021022384155027729887379954797622973810970308623641172096880010323799381743258908467754989573905884150690300325182164508721634028102620130582741179057938176
292 1558201317337293578416353663054913770651629795143292772443970218127128937966863057523026206964506775079273997818492607676256702317136595534425548753710115158469484793128583365799043393793247015828607316584804415387156234506023780137056289995931082887729759756538993047340508450550732267812581326944892654737695253314402024831343979912900013621692195923286873068741694956258455754408701223129013994959448014319574881275736355427139314757685941183871882726483469379174421719409046661260931741258129903024103290786404645071229420920653022729624779462569916519147951029574618828159112345813872054804697538986768068729045287906290780250632739651862560080808735388456587390690108791236365952140773848621659081096352699122097742550618815463577987040686909133319286784
293 1697255256914423133714623507785483397453993240225413713389246219950655408949579079961762629092423208472754996619972936606656392493857868928461343978443638444224039908547465685769511029695716816842307359737845765847948369276256560991999705697961091225027730893996633470091229175688474539962244273881061222329308186597801445643621108864086135007290705859296967522852517475259213549539446887143250801599669630481282488770341991738207973664905677384554272580530561848245554316089369572028169873810517118156540898580865593177627723658129997158150935663192007725627126792409510629205823014390093787694858248756602742733224238263185369112984860045940888221108520292106779279585682598537038172008244256972590785679489499560477105726315185377746359026980550112553940616960
294 1855049602191212220644254715654587798651320591895221108269629367427407915543985857921172792754864454807260889289657924026495854434459747224234426151234894674290092639458427334795261346762182312073576300053415746322433219552688069810197811196985210733831063058209487027847830280436578194539081739322296081579119370636058349323400730133826202536909603538716749519572013860965672989457593248815963500326300122857710879809736601247691156680381925438147692521314922409777502397114484665672983904556286300006963008252773757523548838365274199694257496733475175510027229177674040496557553351126748488356381776862363395182499091176876738545839974838774006051164593963442518294657111848412697101688181422017767223539507211662167765676029584462773434063317922376294140646516352
295 2034433979937856661262700780555974523792288575948739518765458836894966559237829851258739851425284043656402311415284794768539367241648824020917126581719744736677816581570611971575184732926819364334486455268571637534039709718987406310641641603406619242911253793752271661720149591191083586546883969418191653970925734081201111600475312255121298426301467136703751852144977572833082123143257426780205518005618276349883222272415834200408425223066118296084032020984298675016216620779663567088314691151520114904788997382946359439388615255789575533278639404811053626932552226597882046585138476211853484585187124560081757031664734731174645736191473055131186894512580028997021183931457274853134269896198804237069698522170760745090895209110941669023798291440888543194072256658299136
296 2238753927932571662023699128022826181605209597150224482680735369999334060965537152281667042141796580597093469625780554218550587385526915396165000602687027573909352697498768609879102359895671517353015583524208683135654996873830019907168586988689278616507150292937179268687428992083263651705327347635975183381989178174835507682151438739586082692946670563495694891520313901417222758355274735738369784272460936154893660698953388033998852202504223647375565056028043565256927153968230787441502294446780655086650849304163314365170679961470370639417246468480773317432784070676657117153609857505826727645062203305274562677941010458692736249140764470859454484839249426925238822939970859070008675821569477771748229709438021750159116601993337569412490643787927829940100643584472604928
297 2471945069168721640938417126701509875936375064510590741636980027497161283080830686475239707878126699053013588183307926945213649215932002389966596337356830962434832454431798726388896281720708991900741615474392316833564877379556066693960869896242931213289002703667602416587056042700780474317585051627229348590650106701307377041379425547102722185061640181477400593858789006162740119822431980706354159585117172802828958201653688439182478571489520017008969471472700016404669248184645346824284083990338963053511835674458490909659954173264551093408075141875958114856298549108023964086255078445172471110585138366359689618629785763612119881021374659969147848020470073590078018887465789545033614704399005216284805076900629143170971055999871763437051241329359263441739777709270505287808
298 2738646696069407769544885722697309600807477334231137623282085834739742038048196891902446123972818820565322760878733080392042212590299191952840724279373227416015477585089314689410762910216016567202352746183322924899441434041656036196661550081991683685739434921969653996784885246229587144810374979915395108896808608240527493609845412106662534549489265788552076782321953316058929151019291274418496719756106888110909411918622130252124693593224226751570908143198663794704864911544178852606925393471327929310289790005014906345959429681345878909989032851239512796024480079465783196233025754346999077131693161478148995906225259568828689145642654251245756068887799052382293918839592044983420726051783520176117418595231195440437133103593193225980537817119693492173695588959711764790154880
299 3044339039060768796550242562477340016567125070832091015205144109464786148988058540536766293875970789420815562465469707619309558022363241556978435204336000904519246573052378613736089885723286368069897054473734982088402546978078696883689143644937917960347947783931041893926690586004975869907259105612177548088530917864818383181181143323810967758296530444574848437286175201817407037357055625647147785186948246367511516799897196825734634221972758020841790076610354892751290818959097773623387682463709346616388393366633166883687750448394743684644892247102986190514330557850690709906779061556382001318505369112453249443017951023607078492215775709813634924109892138536200634917396448844166318349167472718436034266611359699630118856940277530719122923642869326731568485879341021720241047808
300 3395509493742552689734064740299327035110420735508386811998078925802838352653311777471033892749398607151920828365458727970008552885955352880870148631869804197410516972430820338874263193920110455635011378476316033665478333801799986878578410257715664463119404657634147591418151215101195506791797405291352926665891621731422907324156999054743147975085975460247955089363699858502769439772754637149218386985869880273524297665533734388049929226462959518744350578565733806362293584385846069256626507274404663511962807253448324809360473759515659926976299319150937015942525344335031869281238631549152698928971356209057003058425037043963486149585315510227395396578160480325358833122177768416573075216220692109667896385509925336697304824672131630078831731336590346027018978105340130173408534762112
301 3799854327406639634320793055928950068553227664357288135829845588004067935107563563034122217606862823669688542854937281869055746697087778529055812702300439549133407569030036745774000219897008389741987459579450119110123198066585265757812910233210385377700110165581110646842922686335068456183839429421712459520562206668280686996095144886592540123978692793641514099925050813429303829293371385884390356817326137169946386309680240452120797032417984825799191048694694324114261791576640507841855344542703874784830003086467110683911229506528699489741632591357105020038983903273770529376319412539252690487491299528748265948428210436868795314607580727270445936196936737380445446880588267815089233606758306157573448080643445849203701493490013727470332395717960029133345580295082905663202335468813568
302 4266523942648435430737577521012954472480126035517777275507639514095632572656093552176897832304650577613537797979747974413661258444186681075826842460030908243274235726938045810875492351122801696358433733820898307125243631508169945819017504278533064751249009457800740778880841410443526020465584976106915869465217715232327045631123625281197516346069700831389436642186789760541626390429939657248905230380242686157059303108628139617144520814086981753861464953121238711497560281863068716601579513361206004730829671727651242539333210811480960568558609430816824682935274776057723796647180858716835249704813496502904094127042404833373103191245480841027132753869163552555140524613499361386849939413339123364805237342768315852235740062286086829555278983710827746065928929681108129524924688171568528384
303 4806421724430163898813741616039672638771488989111483588479069933138606422450192058265882710536536563216174209303985769686833759249717996503061717234842550426188135731961381528139022865912970315169960643652673795924162187938223421963671036259579264822994092415585333416180786764348770691161993032892764666157888229095700199430711844972516686915423251975605250078530450585302441190295607438701890480642408490348493870540188973363734207978544119140413328208351740512890554584785492842322040230654086006031027211609358540917856651886078013895572522632915512169479247023967840407186425979673780906277585538631503255309278877946307194196801415614728502500646116339535685316637679933636835460019550208338928173108428652201753460830024997603331484324203962753689598676089153194914708843306829070656768
304 5432568940478719848021701909663187245644721035165371156283834335021385684186125605457484138112113259627511465522751656732791234224775090971620911710196978002481720299998419090080632423711806823943368306330666457212738656773548628889936647086654834474414692368802070036618780096610186846602244154185338878200852416129382512803498194467925532833198323209208214019960496413325523348511382605526124821982417801497843101710671498811952924016704298400601619244444944912739716210616676374631455744143976255199914903574485543566074865964800062345911684583691202414473327646368716670302608499526873037924397679323672371219038846536434832031286823872436368455541161753910213529370681617725218711283083102205558522100442547072741019907343314035194960981704433790396568038427191711464715647817908801560085632
305 6160551235073204152270843636519685162150898880099561380147188851387579477283382356994936897935805120055655616574426250486603540628724681347014864519098837881812442124385954109314115007069859453440890638673791945312968428255140989523946279499630329614979956194089105780382371834346928003846028552238971006794286100312111655482004139872701433576061386816463020927809179814673303935206090547910537672561947877904929922731149525751988541433436629763098694809425970497793644196339934094404306675050592289774138473117388958759464927943294099284159182810602494452131166815206924560244622577631737179141611939926245876794336097447906038241200579258155197760332941704291156791179257656869391632244939573480108514804177224698655383626980737717909622486184836770364174457401348540590940947098723804935390307968
306 7009066121444263106315368892492100645504234001007226124727527295329731253228321098789773478641660750765145846132665460211020530351967851925188369355552807237502685592808128807740478729644584841547248229519314066530947091559323666379536946933138943294801794297408183447356172405286856889553005325747223640104220727342233792545527213183418241705988318262260171686541465907300314110013625721442681615798235219827284765625044372781928797617601932407254605359440023639114041957622695797784402026787579727659253093843186091741014739396104408901319970669679981047177864762401850594793703070838400828176466635994500651502444267862915034869276021750617859469675446317256206755122977492796811174340378431683521843821036130728501337254923387035901513646037239469694685918037793703883497440673106865624810866045952
307 8000595753705164486425638942903663968410112379692505961966266563315135317172458655817309494891109994608904920036656965730926411171314694072833177311509464316496995960028627321303661700155664173017460224766287582247336833967201124080593320839747224796159168688746437613755311585086710338192440468470729347999161985527160302034642868736384751142772149076625731791775541302803613008046988296241198148593410933930188298091760288693012194015850434913282652044693523761564822489330190220902761955709334412493295196700628654841141023572871541344817736890243407948569483610619419697646012552906793628083296115190792457591593195467993448132061606994219270382258920421289104714723850818260673038448254295511928898776629614699943160667398355011527309941579449729202449671065425485808095228925157031783019190746244864
308 9162235421949511425436662321947904907280743083336753047082552828442670506343842032006259259904423741077648717876203730982198620458241030321700285695245681186310878242622426164776370514253311393072106553848729765390409165126406923791048853127991374096647833528899648911961160791147280691224241834781290570810983067903929578705190682898118207648547746998854634415390326267352841228693013242731599204964846899633543496455675664357980867977795122080779145067950799087729668140923498673168905057221393262921603829309584541820464150666052316050011067128824270766287148297322519756320823146521016533212117644906962379270036571871843135415772121249606173937347191240704835338254758619198694361070423765311255461595573445824065268501845287537246320006377399745051931230541513978149271969076133076806490269440739827456
309 10526716019240109325643020627286631855124182923454483923500770714851847830813781555065925195791392760603795663179679432337337763712288255527668783114969976642421740315019135813872035213988410754030877301278099269028965232184797870453315217652901965659900848085791779243468461232288023155083066181620364099749363958280617009001943108213018927270167679122368777914673989414758456772255489734601471948013075495535322260099538413464687079475431132654983232304940514639585189692039952645851266432813306117501188250318360345570349815891066145563254903100200552776302585071621419759119181647325701725886839184217263869066376885498736982069920741348960153440655635191613133626367885253789083526256044318490318736668322817827276145602098257146323339432359068943184413560349089277185440069222642574303821057090237469463808
310 12133668634291503682649199118707829231460211204423808395052024270163888815060623838582620562947090346792232863359561240833115148487550960182186125887910871188971372673204825631582066133707388886035856696049932922680177833861930253128545102618838652471113101458775447724082160055399085719524245005174445764905915760995775057644414384736357179986579584258173247058921987397135955397863370096731749520294990816224564793193126970124988273439697955003867021518426090129316725109649088653619551766432901954683147803791345280251004913982125051355472904666542345410468045210220907623277942222317251475505665967047066535840692826898663333800116062037462831744715793836348606772236293974473242589890283451558272859807410517214453782581032810667317193490011966202120243192878235885113577750969405341018691731452162825094201728
311 14031192019157827585275022289914661374976130299965154011912748484098930069475340661493440928765557894600363342819000764135074904112814444948559017186864713115701422607817152758554161215403591490660115612629902113763574370942415912363354898728838421099343921581511206801753015419042852829264806647676061345236364467925974684883405835167199034574706766493088591507363263138217426807685549288816264181197502498178045774645924147102969684276355534234637435694187262526456240796259332445249217984138388681339475749155180534880510827645423730353964561447196197450052530879204234457099358093248109239897274227049609205870449795348167799165309141978622321055224622494876790613166513877217644379480008604782440929188384073507684499444897274235169673410184510520344192746992439760092850739621520628880796155786495931274557570944
312 16277799730494770066829977445568353132559575862605983700954076077039294161685670839604724435131120963412072771551763902182485464414264679117481785302222375602562399587389806016098980929269272528633240561366507153303211840597199982639381742496928157741445168156644731516591188868163954426455100098285485858640012557059674179991383413347081901837888853128469965206795736575027601856123190620304805332925959714494472254068987017396133272870899830534621948875964806870323822046310091327144033615576822463166295366149718839696640802907447828305728231824791937299599820405622634052516341601363242306840736577434448051427231950099170273630764305805626443582188178941963308801843640847441848275884768911892389953898458229943025144068108279509292258795736263298112494582167520875912869071287686224725310809092914220473781283285760
313 18944844234713145816828451835699083268403393563932398721619858442886236695608399113948480341203117015968225346039579208805877255113586703320213435982620589855716159994256998475408809455308924025557736781707453054835659566482801304778713955080319014972995227804506291712177167658121082551617657878783484978939182066287983647533042653912352311542159312693295464391266283905126458595823555696675111350662763165278766207884778407725126830199180191552949563417393667390226307365127432365036059289441960636640911702010882795224901443570308447309499873238156254294722570420400111884780871280371963205188502919728487233689798427897947921471923450125250882215541523901932207528985593925145869255783527596373058325824819806712225003781351878634995509845550492656622570533615695550162380233019283474170163004305840088034910430924868992
314 22119541484848891719483743518763967761105425358318245520849132917535280103644574491029701878463190429666388558440212770619379651660539530183524363752225770171719153347984920445752308887060461743868054308201010002669852264200679667091069560066863233454687614740158389110036245562819851156803902833314935328561295649784435144571455716964328379802477970041695184114331788509631846903607075322273765070675984942123513474665282034759922694397710830511894835478322960239551034564655859359948117257011561644509707204358552643629038844495252225693959130500280243406970185589414531984089279263259884838050422646508380669457968485713949437320017317859019776140429257746568565421713848397149429806070640776488535613377272983884410992123102124043353198630834294760951867694399306644030387959576438603597121917898739098906686982552389760128
315 25908753089056074596080071134405643727858930062821967116844978993750012844370697692011152682537125964639154250416848792088778539578652267239449469114574235260697796768170641338919603597970629361780629867035952320845403804083102839652325081349391370998413300317129776167921848976523339521366993171018662448415589845319397745187302432632470846920496433273029521491844165049687501331054855962784784315570064244419103770074792216466704184036760689487111556282441438888581600966494370149321014544546662248725532765490810093648566807700933221080563589971824198726839545870584938664014570349878264390367654429426701932748077057292417532846306700051686592816506618186609333799881472019875298515052904829209298286648386253371514109367895280703005222327736316485029988984841770735522760412264113515236577428463114488978452051244450782391936
316 30443726371791295045722016270238545215150716927854275772692445285640257142963450784149716801523688607553168167893723054048098091804912343881943531571444551150625127053895324836262302477712624574391204003569574612392649250756989531132261595351577374405311598942781778950026545230092042419847515428842160394729961190855337716460004237549219723745167309887995146076555573009101054973689765839689435934501026985152328619569213930785845499449556521463004621009084415884948864953299199033457771933834666285905542432610504765239555391916201738569259233702265556616496262009039066203592905318806555899643487436359045637432596912000589497825088227089335231348696563633241976201472250607793233908042144100667774675464546894769457310208948612079827307035881119232089234015942088147243417846321375391129190214037120458247983383705376117540001408
317 35886048218072241281231837689880225737291421298195856155652607243738832023753587538281112130628986402274696549444361761794347473095765639358358938185806082285357746685830435566484710504814797387618225285821355621042961202927812170941851367467096271116832062349528561565902316859510640006775453593685679569853326339476737917638273924241950650920346012225715484268347934454485960056971579747947155017220994987580091886753497776804633554640590236366609478418852971859050272778908352827663274674025876327254134016709811153979393372680378525800067403842220405612854484554067023461896324086258134733583543052906842481259228010274572664791884850419830027405219880563182360469651720704963010684284398843390305405196122820119327914679265161298738863871967551663284639432875157961772317667467181327946732332714035072736236356984109060789684025728
318 42435140302807422773030542227478703492961834307878873058338801108364878389304225269262340868442111205388039956212068122859473559189890916891195506291378333434926847417774053568404021944399204051980561846630796959491475554289438565759426429136582090176103254832677772605442794097169412537080420394016707604079592014424222583901221146684148133422188653469761363460525495172579458557119518305591332856139759752125505768014758370949396275403619997180414127180230545923326914161318313211984387280571190964235579607614560566663764910123070401572849780745950278495484311009524026255786307646496924571640082826961728366250339678028952138728454370962816280378291252524674741303991530344897567155959458692189820359974545271664480233862555562161817627852201615077760738857313695462642921256269897170582132786031930307625700747099652012794797634224896
319 50337716009788849771623972096806357182598161397335926084913062330787724549350034883738634292582419247952736495352405183069334730377610899547663672145964997323783948779156076247713532720483783512949185879981162313896072572598482071879676497758089697799005389281532658022885276996687498609514425644781995272357983660522453604009189836023950863627745875416159813489816310536781989999085340340911388971409570254441940700860335508718542996316353952050808324482763508791013461063502583693426062742316130543077984461650649608573037988953492684939825654951698811532302267746998057431980410337649296763940631329384639250973995190729383468854866631596656995578735645056539603617426510452543071566059488009764735029757431762628059414651627667731091063590280908939552054001546811552317111942874725801949057905327234936421886203487538525343404252402244224
320 59899739433443221569341996373319030622251069644422866317577201852327048878284351163461692397437240528207204111485006872082128423202909980777542467923998634349087011131504995336409955272218609224342203533928018621779975226300429787675783567720502040789519192402028821679563061128787793754675292779439164545628436009759290820302703143328691596639640923818652199372173586484729314414974343502686928956774279293892159427243165701946923664823113896607162980730957589033911512061635376790543525903900010376108609933121697985359104543101612404004126528815340444383729243110963134945169445129763474915818379430979618548584157632740290768740703507991597917240253635358713896151012072939998500319719696028223953342599303534565768389181827358647850761131427948247063126378895634884888672548820426046121964159578991783466007137555582069116827179207630674816
321 71501582747418820723635774762094413924693187102105751649721339742140249083889471743311925501816908748749325778189770609182287761640753029958393918292662738254045550957191836481462175763188795786219695133001249919325258972507920960878396327566697201289978270307072033267460148996798406103363299130049553261669044785287251972447380372673685658831217519762826078418846794552733803949955396486337123468958193499097017725861456534130802349541319689309533462435122103401637287466584940297704039418728315652152571361014663008757823043195333619962522472377754477690159190566209319941535935302475336554606181499137902759344699267659417415819582267973195641804463405631070375665140382564784868218407627026547414104427363655040058647853038587147470328800672389407251031350303285289339606991601473360345799218450761935532774246132818037640171473620450041868544
322 85617281017265064193229971300906372507570346153422762621897399877425605848209974640493647169311131415735004828604017769268631050479129892178240537644572730136214758335783265657064812316572029215712640615108739144516766684745683058261828318456698172867441350427329073612711830508669197786439780364431176256971948499028296478055855194448289815909619062471795778461349645991559965470601391234069275718900905350516640798033299391863080556592795594579095430038658127688695691565247511294752115757354221184458604915959233394969574401221707451603208466245479591319629214000876304554552648153053466924676663959233457339922372725498209897385901534228426152811269621809234238778172239941107725188379548459028873175935900616254173507084351745823054128480673322515740407186726288410002202744383634237056992109216180015000420165791232602995378051731654695546728192
323 102839047897779764441707926650935855270797582608086817300971803413691574646231792758596874795898272337443637608591426032948584474903086204549503401960994511225799957466636850822272045394597023988128211858600778461461177464047773274694355715034649769000321134395102375826112953692215080206771463062201864537864121514665004172853225187511838256136930433742431267210785388760269439690621540986693406796820867681077512597632067463040564860915138400261926154221161090704038451238983435890511010362338370548840938027940466479116144769173603994860843710911469939274746121918020650830738594678765239708002272961532258981443181861117154220042209596461641328429622728377722422608255902380209327987258533823401197929354950185575819930675392358092062759439119066017216548328383570623556706242836672874419993154301892283757503164851746960623106963592511453527349977088
324 123908561011722431974645335980087399265435635805219424795503558748777168665633209997251024102339468100776241792939702402513662397307537817467697211006829889867964291417177815222960326065882355985307030254369078559354238602586143713520849185182339101809374200813711836881695864897051524257161190559841443639894226454489603193788725856700775649157999457786247466804426894270908392802246826539476098769625729710907115280106569528026305402729236414248520041560466156366336860504636483651245850330245306747957434899387342287851476318684124999180442440727646104874558327558232875171324193189031843935673907106502839103263149917584726569879410492399983787096281231357297796156518110124456088269002982278856611916322865211414381701457572933061010384371076693674005913228856896528288749770578191967210858541790565659296112106116876714426637693141983308517339704871936
325 149756977926661480565848993221269857657736587466585570915512279032230149278078562241048919082550467117737009952180536416936836235999874559010197998179172655770832099393045464425020015062244816560423585640917797541764718553189463097082480707766413259009487442267991583156177609038028714782045266829754563857857684433798142736660429864821679831560200967036693446456759041481133287522325441758053126717459427892717244617403513768280945221922396158066760257664347400014053336408986957006244955124446213687827325200186565470298788758752092701012467629846854017682979490890420014052071440995096480334671495588765635827439443459425327933452131738117014643821398798693074525883858748365951687160106361167856742931884956410548283267052599514167298638182414065329709473798124356465213272830481064031178872362759605772021366454489279239591627234978032033532665302797714944
326 181556236795354058193044024232424049631951823155049975308424379853129732910995983562398334820878507448863961497227258664497260671948968680004161573754425524337242279983439689555645021366860318276235061275685108710737148061876147484953145988116919919324979856819345634798092166688229053769522265892443373955974584374665781642207388294968122868953739555163653350441202293374773887149804862412039457137120310537546185161071509209721371269993755950686957956698584953146237251722846825770595953397250257239037839875016044263688228365996592012640945550198030893436987009248460680049651224506332408512414623233759344749067443104086941526360321165573275662405921131454505871673312833641004472816805574231164549953631914039545089133306236032073995359824896709517452842124592511566170632413381378852759106999759570032080903711888303926032497020101717649812808047114843346688
327 220784975552985564639920775202982099458038990977966987636404554360864464818672158402827060503404731336975363840610247169906567510170578729047597043896826031378204928101503475042162027403554261615701848819043810781270596251579437050325642066549837841763370292164200258501983679176226586690781605344442280979294112486301061839230423464038218071542792336061828955937500522145978815796111240813126727025613865274966877815545693489824965631746986252325700875341753772962298834750103325531922565033798158456282412917982567773601791384577138692731873878453095786095195479161826782000520389583381086876522862704165445623749887474950652330719231843383192901197502001227877521271030606093121772369167437462183241437220185818923660525200056152107151774310776946703854025977474292840287497503476068752307173313948328318076852696873841910930997912787245752095438617386675299671040
328 269313431017324575938087415376643723112411071651310085224095723453905827901849494137997769699726102478241881329524641664651837371728828172379131478316469047791259624037627507948000118977467705973752484455224329627239133612067133191078658551223691619788570650937634282273607180727256888826737400143669411612605532714057469525978272381673023304585873139118304986774174809541522449812050721822214235207736399638746148690194208576736045962872065056411981594405578305033609011595008877788268607319612621490325274917023720546371652379125716538241723853989119481038765080870665720728409073151401919630154048604624761206192870443713105346772547455847129997680710689143230500136502281650859551317173956697099426780610653796151649277611921628693249767613448145776565963560758761436602475130594557950518268912838076919334098167034834401931992691309948546707850416841527367749330432
329 329513035847672464586602464564106767609357149123963619027112887084001446917292015872110307376103113160000627146699014044320039172555658400894531541686398507622818038156648556373986821671830959050733691689150489276086132548363898789120716344159519016228314208167495767880357238075771708498322061609931238277632619965967551059032293412675437379878975779190943211782248257220620521600447805580852959753405041126649045211034120121090330896235836341532203432865388938654188030340071775510809807364296860261385744198491672997982118129751227988040582844628009159773007658299269273256226230126522054392241198232811862043463603450351455612294517591794449005678688095629366691701137610017208693072101610663042411691603379471538392766502091055504127615809349415785833658348114479511179204440175907104555067407509349550361938842499151192132434283692999048953333053498290686861885965056
330 404398226383827462699808978794030263667680778888112141171278359122704937975937475185068484838252312387633796574700616856206737849033232350047430429261411188568384397008782460159398221508445888441711659013534676917703676902054943158845689350774511107231232182923001093231179708680367730045714476177468789514355575895742887365291402359728692592287265276462305410515418911597130313504482501456983410945455568646204975542615191079355522386386961506891354974009722801107792817704537113965765966760285905423795368128633044762327287247389593554338341508645942162054467208927588799867821691476353203843995457463433828700300124017101462253190601908816003971151897875205486709169648468492416942628348494406627927200109144962683765033233397701885014789543192803017415549104436520487140860698149579656709922590899968396039343393376537470786965557872844540965168957081939996432409292674816
331 497810354730915766389834868219410483409506381447674484136089485842982211060017876658557944588895722525966932279523949775714263849254453002973890115332511167166593173358107646056416632986015153130413898457411041198386524289880922193149842483882475599356207176692663360137941008633048658768282462035554715988785300024364398062476352431223886855914361129248719559445825930639011795571527588541801630244670469452208133738751514822571126283073343692419977398342151207778179716341558012894294914865941507337636325122726385760743623322576669821467937800521647019057629024426326401830055240653227762323029830112015093174111705922937937198401190791055993653913609325607060892981188082057375554045105945710854888288523946850780636918802225704033669899006966375209700095897603748605055099840569621160694967140745676133041374966277243243139392406382288952669963089779260875002000126825475584
332 614656761721818495941044530951931646884154815914989814575249988623569099909637263885690051972304871493362630548890097180575260707239709802430478577312979639005283466489313777256557033399059342211400791655737842730577184570372688396323612874148181545941709683805259520836322732124397858517095960029580922004490711178610305608918545566571476780986619435914844327795273769560102821245852833109691431011674377980153938637298543983357255363121558418864402501382731661926752984424846206749348295647741082997916517605343958397961478617682506419704720439274280873796469517016227592875492577196549352119234816373228316276397391053368657923079330963390655295583316710220390741518308550683997512980401479577672324702101455044578582955554568403670304536035999788678678503476493349674984833197180539112849202614574994704973292889965832327211393735104831595566926336808154261276842419417496787712
333 761222280178436205049986341329146740170189650624444262006256023429590727025741039094812216648661363134347525565701149634479346507626356337625869948858363731352304778902260946307342198431274535315825668059958781539049678229312884630302797057463600273807374837511010542409408327410729392068944553901993851510359114953792864572334288585642191827536703935038202774517584213248857640166427916950024681724272969388822037396800508210712692393100375585949816943502673118298195121592271938463219786802326052945080876299671697088211738620695961647062796711753789161067424470835652141623149389535534981683418725463997126196892781568771962438402512643416274522645044747449393154246738623884522196927749069225567488441293834419371209164027810125014753503141167132414313411536953378197700573340644808174457602005615914931613158523156471990999667048783346138443529989643578291696135803426148620488704
334 945576060579790604305972522363922652546766536480698352431597171140317758384483386503797221298618491204681257519138383313406965967872148737291050051612249616411482080944686206096958811271736474017500446123016668966282419417531679266412706816960133689062562092899962802620232709372498462129221615309061851067010624573331644370198898940149653115196818681238398488210777354542038221409471210286269932755244591303763765855662350102083226311858181340105692909034146473231962478958330124812578020212159705719503127837734549841756687671813121542360972821998781050867766965278324857406871445993946747760028999580000576991530426471105774316742194642125072265971331739914609623617505061409582615170358784231144651232169597931882715161644028926770413902734600146387957287097632649253372379088934260009501620382979928799473354619671798967588381409876401373476140537594228770787995126030634920905120256
335 1178104131972714328531773764689107109078682977206793343916918205098478475230950731249861129103487320245078748545651174153094780017681592427056181145488756302467293507092669574384731660907852047145908936587050965053739414085387222316085370981190020694175651726833538097554135906271644045767195700275631521949561016545396517958617800437454292811464038604922981784825629699432197938257298539995703141019720133841169293601085971467120432791894622992401464762470454819055415298900189501401247606546004644514519569244547269204835817624839935262027843620964696256004121332149653261671387433729937238529663153034290264204377571302662614681236822586743237517057465672557977898350498037233234340973039222814108869504127550167600134147061990008762922538772787317727018022392939841447420432622179297401413356485173170342209849355618780768620434421391894905211775518016177923746774302381158867428058691072
336 1472208192327497668982620535441322172706054198093872227036535183187469072263595860821682501998255367287365255517205730145610118183818983252208101916490665817162013797848913463266999338373340034008338224910237896530394354451228912452396398749117486072808006955409031744062950219650604089414643700619183263537276927538556538824315585662175901809939910490826129016979813535364198757095747717489627750795716835276119812712882253979007199359714962487242360477703470398802090665859838105382670253957535809708545334530744105858017510056446468722192897626127341422727921313026806748423760066366475025893402964870485494759951293724252713975151914109032164288457681729933969324738080340207569032082162808597457474511598026377844912334592052398512465567245020233171262348530270134029653177067398523401698436618552513105481613957248279817654450730398924117685109154560447925307102863629823141634758995060480
337 1845224665830162557906240481193721732712943393687910852695238803157912611034005653709501211886805452096745943328549890584075914078645589174420019945762433062311159166048539085032359856423857842491327471655230946175601399185799567560485878494792971245167556245069049974566142698472939395844625568799623231639262911076124638520465270699277100990475785553516525496630392341760784294859882359945950619593636968174650365608229210489397818200950038639084577320576865592672904057189460758999320754460111436145607950388680771792599402621843607884004930451314654523874770132385999631903789338159012279632093779537754960963697846513902806484693932939368766034528296360798695177700488893512858648310831942499083919184738384008412171150059744744987788866843870824578298120916688797008365478456823340298522783824324034862038062507295290510409082216355547329234098674544050441153881950670942340382710018025578752
338 2319636298339887431185256495334689816112509936083564338154114728837099807028661105790261927387148549663090078419505943037011741816661928682918140357256157405675641439406611727004658742257759033012853225751447276652752552705530798921814127988868699030405776447409505958207145674351873087962881051883910289836930776257107990319770852952136763928803268137056980024958061672231216168420653269031734762088937567120698468224296310912853550274965604530530028831698806632036655402528022960325118137426157420032371502258990146801963191532270414814958815672093352714110438490886386023280584712420766188266267422077730875024854911617194566948974826329594633705111654863208646139967575470398326486030182256472148601351796184864736152833512262871243882450807532212819279591395111625284858699409480677905049864247357671039746539344528501956753175264636741257211471570905947039767507790000146093585284272744946497024
339 2924673164527973848169824933294541620919264576123875326254530302450866653107314495051559055332855257770582237451100910765482677157119474077481238338081707957582965380705600416265216282618045820265052224429813655893236899937584720449417388358409269269295982034495880850319228995257350726230678508411723526894356735871938374031578465169492553510405308638484848838841208069453598515869784319416361114583245954671255167461410867403606295964444454721291078599969283957198785034810461770222472927743852023203141696196334237355059437434405431090747587745004079123219698307336240910420063409593765989903230746896775268806356136136932164790531325006627458910316958236069808728600941530001691836195242338096995423700784031993951777952119401912673633472820160654330870859813088746500636527355939890650773603525908062180337684830733673286450436945202077536667234913574391505107827549164827450468625602057929641938432
340 3698433228087585509174559553410472129952018909855837365726386760600781885422738995598641929838619108808036622847094975941851308654673602024560744247290102851534434006904499403007506349959262605471200893773018443528462429747094914270415572272430102067390712828918581021456977522239725901947341779923262633581535653905998701241547733667697269315304732703435948620629736292247813316218531359786071200927870233681789046139401096192800633167647355372161783333759750633088018616497621479989893750228635850430518509265917516744192219244963740462333722067734920149215056381532939775652623730932013400871248912395320940023243961107518063866868741001984076159652859693100159646316696367850138212406726006654412662266831689935065815882039806693762258148203805313965609953472401326906663064297976678100083991952255960819929670254626934234821183224983757283131722650344676076644116120421797429906961536541224283088709120
341 4690697680738240340280880595527719968177999950847866103739631375347214173872051446099659546968208191968200633966043466265501991479673442456109428701539924200438818913044800753540683953497373952597910081069448044887625703074911748142508180650737720038419369888744801918333055906450098766086439170668265211612240978296622582528507430307800353314993981949263237682603638474668663185901111077942753367129820792197742195523222980719062798805578622562441496968437172884252439204851232106309534635353860724899697236088440760442823499202317799978095351053786176762059736614956522810396149059331319806334082721532833331251637660054701739563203927418885357218500829273216790931597161114810504727821175409493145146972849295455429926383465284901523211376549456697137906538111329225336958174142177070802837426207784058660933825373597205488258938110721533234671328068910728574811043025679848634075955375368652600204430724608
342 5966677517785168307829576314890626936093452757263182439375418854333133989500871044139011595399016383475106053115826642694317625868841301268808629331123795611564857050748118116166343573637120190491858496296697788081681684265245325194670273728125678581903125951389391771713454108088749702799471989196328754737242783304376233766423322638189714847156325258722811589611997119735430168940167618847356219075687770356163830972533366400497075950631245855986141772802777192181464491216564562486335971511134403258638216200040146851333618990057607779072577761793956846462977737705799191650463690913250052033091789757311253012067137416014302684528172146697868827760793403672601407203633475272791736932194134079725124109885353123946959995548401198274094693687006648125193954408717598882728728016958162016879937184299916388630227579025151859921719973576585704186085444401983176875176770162647727282916353781795339410011470988032
343 7612011154112530261204306861176819646390061720657960251553746780590465994203093970810704685948410035307476188266746296786680071898346440434582349922377701151143908085246664065110696515883512260806568247272397822410637542092613272835547913273144583143290462207176558120097437812048626972925549318759574913559512402956778731538988673396391832622650040540517639716188700910392867746587870981341548024440387767805083728164075455515062426826691609034026291472359951749217938505710741298990679539007208822442104731032553909747353068734198488247822459520765105830671055347145373218805266512831842232444628157988379706665915794470560304447522054703589815175807422994806523641460091462033640339884348649708267049991594757119498547209423196359811281882530799563003411878102766055888905546466042921767994611014531942631858577529208611290855019817909601887128049424247711610918075519095694539354028055326102388538524888717790464
344 9739446580934226000748346695384492802252590331230745667908641509578417317017017385213521743408620989748142242826790678231060004833954562625371652724746380920562716221437081896779999607532502336988673126523693172813359916632890311184509200672669653957995604604626150941703858671382148208342784885132372627268428135598887728679611067550038476462753939724294557139534152070952879966719313771111046935277461924805954609945923711477369439026679718877041723145937027108606337432128245291070535801838373439296103362034428331966689382789877916453279396221344233281868748623298829079929421798301934921468869610778193244747458075616153383275769058263693429672697766469107247000813436214310365860694024546102958611370525733161819921299129568021769577878903816447621182015988257421277407127354827852565623682332590532150879334618617521587365695465190983592719978300037481350733447295416516350703573112786256927388916438399104426496
345 12497797004177322369268915671696631131736667233610740501225904090302074947615384598954360472388331615951698886760735378551940464653595449597206274029923949890439847652205123976420105992121288253315440663545133846219124026331502876051077622979691704317588260439311689977135022071353485587613754355722783266097214292893316849054546063437023210903592934791201621947183147344834788060385505044737964171062359475291324328105045780930445472995031746946807413178306888014323633188616649452442843685512579212508406538068655619676008386536524823237156516259997860134365582794887529484850183235047245674033637598895530438017240045479647489214445709825439124816529881507994856518504495448554055132002623801880444866081703423225188799297535632086350744514034319388654484839145830891587957101579838218442925053337688397901675882476049861034613310012607933184448745940892475215338421357252935090308109947073697611030127331015336741492480
346 16083971885345478184824867367863824073293467431749038656395589915856378382261241046278117805230084119455356426579926271358267342181626536693154601888296776263382713713298025791520546949678102181648210811090035152678852630837560250732817794143229623830940459437168282054051559411498461631407617867796662295585758759448779443652643224232958454682148443044747332015644393126433223220399939216812779716550483186193983473821080330777354902311448908200435052290486872420844871814571497399845946233371951928478913971934126284769652776289636888030445432759924460073091963002318611520271121971482733333575887513829160119048075300981729736962786025392975488073762837418513748750140887046275032049472181116421966310973632518059971545461392285649821916565854462200347553828132421371057797591392604974626047675319536090015974674674846449529900017592804009841184762079510889845673461387332241662950712568307588716386776963214962984558895360
347 20759177768887635880302390746460806812147896323590401943240088450179760902188791773065962324713987343428324860459250458555352369189435160825868877047660243573485894151127463680616072910805766568897296563733856043725320530800824098003356004703036415181429974040167509512686434980822174942993301234119994496696893682728679617660385707184125962877605205798944409879229477560816357255073929128223402596356506686164990519103497191803772111101712923209217153134299719900255539602034814963632318922883389780856003781870798073419921514524820631202559627123118473072709730861577660484668436765887281962304250373122334345779602052228779878032356928762118281340850458566449600459173507158142822823231804503705658586310373806227955634620427467112826827448778960868475756997005585798302201420312670878743713173746964905367120004107904427363429382992189499753174743221443758703840371958800516390249659875042161223313968148358357530557260411648
348 26870785777005592676897844912001727654677739214324285010945601236511564113634971786728266527462607479498259769481766291747951669573880634297306150143859059749234165813167749293283061311792978637179029030573040345510342939641000746902094959920656938649144187969616816531411109776117703644974108572111805399018886802264218803824631750670799370074367697899302027248987837585840607142043075988914150329809844073161548971877182591618864216251199798679018280174321658763696555020639609962728413157574597901437915397974661993489429735375316281640995060794951155504190609189904909471826334427312081972000065717097649959939189166988704380155465414852506381236691995044829566812816119499623425975954510450719318654607799782302049652525450872633762594637475042737990312477265337446920062508735860713957734454255722566257937334743243254115169392653386351634977792838308601966790358419240136664994976931982699970021417787016155693261577220518144
349 34881917807131649988929091761297419302044578277218825280026114939156730998397559036638902084579777106394448463605376304365639161920107842031650913665600456907991168166949932151487479583475095105789665353351544008189662972228083376970328541130546753163233075967891976649188662673332419422224040905682136369403605052176292981451090984123096716039430414565391210263003102050564619847325565380162448863431489519370443057174578784737591942002598300183660895088532169793377889384867295486071355549952494516326576685351050166860970172011149960735114664618780824404292915175248381134378004039459943832795155796215045756113060547342283416055265027461978458373587016432903333910167316284278573663948157110070495652327361927156518471860628835717593696080169334367291658308971874607397287725998287008018967082126871831962515694052940557335733533381769026901195675463066801698994771929153036036795985241279531621265604982986416559001548513501414656
350 45411570873831702697864874583705552861514626650576080934408277127374792070420903789682931639422032360783344342502626554831569790504442773430043762417701009515693762713689195000166756960659490496580214746625783488705692501986191863729876592637715076677180475758188025700066496376576187655272950302639458812460681932453956862645080810675326032684543344715997789850219566155370497849597781491862089463235369404385900193786907580510880447259168566529088126945695095325472054323893120595484735562747125418854315950165709146111451360036651556122356506208574899873504232692377817957001387445217170503983030037271887218335279377276601706634386112522280107692836962242100303772582864555425438339742732800550273869601473793817442882253078821496746987188366226448678972035483399106010249679772815092127977648709985005830994408815629070799849337633450554618081729944733489658177694997398429238466527163916213993719879679366357868534320563465439356416
351 59289162196956098885173285104692169132780030720909011057505471986984759338182101686286678057823118156175524797488844158189129477373116104962104972096324881572082683683500052616055803712956102627647875178362324066202785473218723507690791624899611385609935275087133116593091751387882012975083022391991069816189824124323507810692626774459303758735714802018777955192319703048236510369659593389886588328420867155756183889915115282622765836751077290061918146076988105534096542468717007115564777868570279951293886583180201456651615504620915893099238321496419663463037781491538169268544758784128309480066901951421269619402097736609856175065055534091528023082513571841226121916579961641583455484957834055530257370928711948325528442140780515584392360986980536130270467501504407328629819770152441578048418729536532091692165605822695572556603811671085079047725475800203845445795839386232934606658285051814097720898472214332499078735759448273071110809344
352 77628853799521770481783592452123149432443027963268932972197716588934284605927137973696856927007299304419454930478713589789687843453886437668245574029542927522914398293481343012374645634656271223119654336604516020985293572064790589998027303165458265906810664877223651744021976263294127007111040069868145665542713591825809541939081457890254460851326653523320289238437158891602660912630911088299375878201019233682687513653997232474694467821169999637896341634467512702361420675358573876703900300084330967331239029603676215452509535090684774495483066394495587900745894970814504426067124325782833245287450200147248117238049175791543558586032846823563383647150775029629390462037744993669009411128033813289976229784121595105289242558563833769458467398010225726400472276267003869732539503295825449857977468204866633296558448704838488875261668361521620146006957812569201140835562959987278714768469255087259382691675852800956625395003876268118279266461440
353 101931069527795956157728268958000713629460100902440504125874907474117491634911561770791981267818900307938334777477602160657199039040334981924288853847050749919275889574162207843165513370927206842334966519933347571355646306190475841223194596868308444863765174768258010339567872800804366490298412437063137742330856878407157997960838780730195381673044118809584761676214666103345979602892999832328846868470605740425113594606976756695557740267963532825601820952273067174214189757853541185173592014474827831124436428378498933479935444017076221234000371192251541184578483439607572635839527535757563052651761426227782134445441346117725570772479639437384387391160625269752524148304606558915703587087472939617561514331827787509426577913218785134605178072378216283988457454208290645791653798741227399817539208603120663361059089873360909665603193222954248914263141199499914353822820073745568927838722854203892427016774085843164572112625347374326591129589331968
354 134221482199481586555926265863405255161614454447384431747651033279933365332563834388846807193092313094900011924618591273648539394084839088163561852098679795857032791702191107489018310091456037401172308142215758757807566012521022836498930957742943145823830451709495747625343346099018582121299971610815777488755820800314931066426460969612891410729630180727683068077374084713568696920615929338637035826170675940690110675579944914276115359557352903908547481394790099045747800461612382220909233466722424441456849906539927689095637483774635868266842220088585388044275468628484661797862261320421683443948112009699848675781924976076386593659168108229571489183938511943008588958012410185544546731147982054609096853404627488081917068734943500990984051499922241590359770848040290499798587533921578617710670010525147911977916401060808190941514794132660643364606552609356354203161768416942817167957803291122512045188189048049978875585295772508658272354379032959488
355 177241752811973664676694416726426343267762137317987241245904769657433468183535823665131316173371469540877838605709561811098807193515923708832718933833944497026654782482386601114157971351543038313644906588999074728701348321739826585392956087978460435791226692987808673279932485309140149375163569299569677506274485244601085700453011600514126756800981389223135452432849207552761101902142184936386061915201167385179186033065370449980657131899338636193891152011249380915966301142332208807838680393237656865292653056639504668242188340457008057977128037279151291445003017614414303284923865271883716704516520394514428660031824188452833534832968758023394920912497559391735723481430138519119651612999418322344710578021450304247216264320433386719539403610110029783271677503683824083614526194064458874935727914556445503107250022306503388055653731061280227296563490956056487222521463551609834907032204295904750048826442978429672247035071193081346255784506649966906368
356 234711913037506774814435078238574684627272235585746851154501304408288546297106417903878062255438811685898083857839747296792035180766335905781657851998889904216467319022377158515063128398509072720789406720287011238066914827694009689966698731046889469665227688286551211163072471234803999726866454052348591813675070608358899405101363520774956476061047465887497676351537382943845762612719552021044620192184898701291244312632801953000435500345654940687395305991961036350485554208913194351343541885825675019813822430868583511370590429927378369730112339511971262227427931318028876818027859447134432976813724691747310797838027440181979255365969832077834993008453185012951800538022773403625369144455419057986472549704549157425036015848233889292296730621608928074972168835290084851387526103249570203033283386638700941111490286083339917870935681023487484797397351285892131989291854507769389367468083166831267957991503081756234400679417620819153481701120718906720300032
357 311692157453962153049630381287502292830279336942496487019834377984484546035383064626280510619259411490327550251073969751699845275630317842816211411913839628096536757803607571578324356547696793390269276020339588488893866762550438726233845700033536629139036859666577328652235020997881910738673174467735358720155419007218042501970296935135454466546962084534684585724924250679803349320976277863918921503778904746984516317752843370555665487296669994503440274924102613196231690039936097885286701527692102452198773904159888104718788579502436613747910573752375164909240644035279915621075788760983224916395162327047252187327815900642139113159185544945295100791949971140690577474903090811312006115758465696311162410546841180123378655556373290337265424497866455675663454260249024989247775931794308483853730696642397012087814371809036969018957702456188910885617326299321422481150486622316309690156582866056379021601981318360143877802117920755913678833943689211577994191872
358 415082893052820958239208445439704560868706717207772915522512790420533077373252660472318919573720311036381866054394687497436615720722989263115149052343296029197591028848870846399422735792857403709564023254697898827774515339134797265216306488897301735432701829078733204642115891386666322691497658389021723287382276391438556860318587102468478258637639315792488753139649914048356436021716177418371258341104363852781689611491111868480702925330201708050345007787581982046862005271768387978741179744239045170510650830485687246237654701003225423601048183997007746704501647575319459811603747741794654090738389394177447163505863781000853859078507658669905529873648493908261008380592876942257709629767957263692319593903180619683994122102595480458802823406702794550552764978966104367289661949780557040815116358387521284057644363064711480565212359715928589947545517074220558191999152012889542317900423097770739566743211988305808184095238911309667973239594980519134536720820224
359 554317520291145138964516089819615821995200863518364558254495042723198051439916374532786535013109984920122135456184425628877159958757479958738132100169384712059589180985624674728223998546832163891098172017323629649852557679059620663723079736326514974596384098222969161040387013219220636027693544934770959359039894026286398955894312013752805626675424443961566022921864095709593162689208015326817903881603535938964234518393534276784838518972114871952212860495176677581709053312957196323616901943859386468264905175826965054990870783161014132081448294931226912417954832278925085356051450593219363059855473893317281115261956191578071726512026003675697572864450204273830634107739679828591279542732574984029296020058580121164904772280314012742745898176566202181966362768535266911918829292159301897789653157451402947382084101245048849381698681336938564102893042925748923761686899925061129287222440517976673090947103485181084793892967790085004281937577971806057747326375321088
360 742324506067112604905750334672024593017672656092692666662416919911266331317073138888555713227554903511079720656234731237331712004833483548993655283590719599061736023441863333488377009827510280301417652288450916592161084492243413667018034601924580830879228726761788274444433455514989031301013408926880910413152759494844160569379290134062618683593729057496121480847169158863062647846040289838553798818658285742735093351296794763915470165712352694200627998979094678414411478185497669825608032062588934814140825500905182941146177385869155932584983220725696837683502022300775720410228912276584774859994365210654932401097296471765811153174267468702874522558036745060825462796206354728473136909469288606285181805381738630073530069734020558987773368184118766882372334020547239639156851086375236949091016922510037236197838216767935070788404567154733882754958168240547322165032899878346530876245569721119083941944296482650709545530919551419449410850092636800513552396245875282944
361 996866594041564945522282518241384627309218300248833580749483075192930919764396630793211164635534155750143019684746663583602662346253404010268095588846081267106754975525178915338974810856042325435291855872100628219137199741336655821705641916466791823215031092395552977407715760094153265353745862490618035716012386594221915664937969809742226348806515637868358717466028276509311367257221346466838602590021597077719358060170792528662062984656999988933110525597646576886222688197438254795370848960538839248478027011236115640078328869675868552645383874770312194375197471256801584429146846803730825933841479040238960544303636707425947872803714752207797249356819368524478096398433664284909871664568068747764452129384431830831174968774398120744583737631400597207283438903017872099703351249052603126207951856790217381755034299437010747809787892368742074896191070608042625669262097836794730081916794374319034297809935039819395595378802896903488209614284534706946362687879690948710400
362 1342409411802046052293412541929858438643739215166500838090977923160408330128275189800627384423243731985268179689692907339577200184082473138190668898610020165084480775549264040844585722894392715292496896298285438352506451666697040667813027310185991806225418972240173167103182195818327469955114750140693943524279096317474564125609631593772005630611263463368987535763732524039850831854166931401175832995933302165811577286272022309254835946199835542625251163033580388181969380727134113888403003984697756328142131520653142244940084879062475486211043496364984122310621313801420264322572857477891338441757753566849408055674700262423448613511709057624617383528345056563107351110261801879428607672009181027326558085535834007015749933100896495722485295765878518433425031458332697821564341543890543199511071836417776966545688555299945416467335256853608537589938516394216828286692068722779637792041312048634349581315266158777263251434351677105609888132135533773436854425676715227112318976
363 1812734927664089996345325236796257025547972684322706431833679045188035835041841034052951507849852754509060646286007819509669673228473373064305096289412042283276930490102263927874602587753326834488094180248288188021642626520972998050890614602980338395208004860542719897059666200763192101618430047933750654217404246956097730976994407850062107867285796613688437817746150895007378264070640054442662303380125367501142484639852210352473398475081132094051261372999770343720711789863130014036215600113464226015376312299704341396339945897161474292140293377131939685817294151714483866712034136895002671119552024851177817836636106597690136922585589218899453597534699258440608708495387432382829457299979805933063001425198810707979503734806799407140486517440835450251777594824942717975831827814241887801690647076391896072106863619301281902705315754630653758342835201723834544961199370781078997434722734938768590653572700621578684311624889871123793148191867860323587938263954538907734593113600
364 2454605323043120365515720422045219276107082213886980739375645906884059691456978138625019528083413308941799183391071693986365317692642140631051631942328500316065244777783078092031996174947004321170884009586683429939127072680044806395927654293842159735951422537996429371726218753538130226664140481345816533503490946604152209045174300838777418467061251967959174168813583050880510989127837761852205709041177320010381164272244738955444978830907643915733563556334943508954713554080308821008130003812306546372933058427475458887618894403208364390401060807187673323522567219076737041992829309225254114690261530854565248638505096913334287458730205439251205358147060941182506469990504128536758349948945968433675844919302832492464183100132035055403142208535717031689142903701095003154791561621938972037984526733631526966550367444998852591061931263586054192807603299286711735143037763245338502999429402464890937666174119924741370595133940670514134423466424675532035522942878578983804617254408192
365 3332911633315213567537874120064689438612091834748151281455585660274067261933484104007764793319733211072528498408851440637108246710035992545725825022519684165529879239475276753574277339355496858453771337994685640073685571305143991889337825901959971429656368621459236333792321950768839826299198453892681806851332873410272162159944821538425162071416112718541523335336188863174856827577062757050547540673140174785289670185812721551538929451734427345049582074612529635293154289351602280162738904664497360796766291548325303867708594195628512742832086389323947843594954121285951322732797042165902905845934565429800998171638735374032765674325573023302875987968047348880525042598455578489066547483509215389807837384793416569335732114732293588601815283263473554055346292074750565917365141981971619433859656460606586864821830258997134413949431575057256841647927699803152376736812776791396697858805732881421806861218769845843887329468290928203318088661232316403837598009294934089456710123682165248
366 4537925978767312098553663968486567911244082727939558807456425829410773314380098088619579375859404947466195770502755327395626631762166467794827916249089941080684721486780176014942078393383276596297514537403280845874465005229633812341725394557643147182652835660966985328645357338855010745419638841982990044330632349414588838711609138791865171767896958036207467282875048916899644505399810732000093764730175010241645339507182932710300126949972692516094630839404350375474836232482420409628132184781555044822118328225565237483622831360932030198850518738845226477834300229731027282729275900527657958746501597381448892247355319652694153575173605954904662432422274027055674715870733824085501757423755063655578638833537417297458873733353060330842498641206031084385728764623064418513813271769211304952286851932650842038071009016304799295773264283622333347064439163243681540069060499789999407768341532465733021961964001392848722211283182917350869469959451013825706905225701545761921080540838346559488
367 6195541020742144589634797376189227290649692668434339971970613444749734569971629527369337784842561902735244742537690651144531937988465617151781858651080181794219990267084606546340933226311307290857313178432963547366853873505550259694695799172045620060108904005774527745647233886553776849257846969563889328994178052430534804351682876573884020937240033241422876314892994595624838101528076214464577642426209269113718011406288511757016832974310001816399148370044547905226891045858459425081465792739116457634182386466368887965115572116991855256039382537560965558651995376254381048772726254987803923142204665376539649847209070708982017573299195734628423919428304856413813593474757368779973983565835401162613496224211244046174634710234694460601441756358476894715740927453166885975677448145808035194015547566431771216299468702192048530566019963507407327427340600489220448085396826222377424865724948231594377147296608357415978443259014784034831253782645023977644933601229494695157552315249271817367040
368 8481761277569250864537002872078255332721818051353066538620972758418391920727992861551333710832153385118064225103059677773077782933765962738304035632466653086134763395883207632259349647106127879366631211879268809275712008750808865905373770361603817279059295662267562708448928652341160253203215846018031411645317782405429343769992839184454478059521782954260709177218309542784499207328807092498052315360756363297205880638495184926909713415108279835103457278564645661348730058061992877031774467435513815971915785838714660003791043617382002218728064942107930190150684167168248685879056209831262335994935627858361067535197977100770641909177129983768496202532876887027944900035913562079301964504804823393148568254571746531081325162066100306430234420934558494990171994275703908771094967145117352629826939590583401886819890113777773257126248262594757011508748274186336690341758530724581587269569244055028556843875754167049971770919136134849338514376970615190013169172037734500466959691919720477146184704
369 11643260318047026644825461226081732633437795647079624320826950824367012322463610840133751615989694536967754332076033993519811778851857016557938775000597762477294319864683291316371667132918473671298197699216864649765397661371199977541904655284998394167010322217887291861903455270004769584849024945729365222308357076998668128381589509383235954574978772321236888231832920343422264453928706192871145313498115637610797822823403159360253147095132330160703557257066869463669215657979627783053101017194741597196447570398967669621496952574371879126739692964704224988549788537022844524925385395209398903412111464731489322010536046009999995509194424987379902526141633532706849978977776842513349270261294399491161021425035245193113795010202454691901563536974945407447308586950900091524069341673867758147073998694597806444358576219049399243937210829230714336138729324214990827129326894563447838246875215012465283988280329749858402613333480560054804510663807275109583684896272354814226000765705553748537704434176
