0 1
1 1
2 1
3 3
4 9
5 21
6 81
7 351
8 1233
9 5769
10 31041
11 142011
12 776601
13 4874013
14 27027729
15 168369111
16 1191911841
17 7678566801
18 53474964993
19 418199988339
20 3044269834281
21 23364756531621
22 199008751634001
23 1605461415071823
24 13428028220072049
25 123280859122040601
26 1086557708165134401
27 9814776051211966251
28 96357939154884468153
29 917795566527726075309
30 8887393720111842671121
31 92718800784861329964231
32 946268677655646580001601
33 9762563248006594509753633
34 107673616876820158951981569
35 1169387073206455621713777891
36 12786837338334303088320601161
37 148455594603127703367817378101
38 1706079176114126591490569528913
39 19684372473812156733669334761279
40 239695563675647413124774689106961
41 2901179078413684895850063154211241
42 35183549935465621939067772162708801
43 447939310584930467339929786804895643
44 5687468726200045389245143843310396889
45 72254745204101002097961368775155448381
46 959174580162263327431022346648848821521
47 12732234843396357283168470102301370381751
48 168946993974662723818960949394187449781473
49 2332844846820728790503347363433990391132849
50 32279061198488961120515589044046813529011201
51 446199196436412634476969915059806065493620051
52 6394953555829271050260505691816481562882385001
53 91999023854221995941867847836628631041820090053
54 1321724009232975216560396933741454147542236950609
55 19624081086016348962405964223720224380511622823471
56 292861181933055676909753472298507258574717290280881
57 4363771130370619343915776028222186033004807098156601
58 67003837956934805231915613830337142255597907150676033
59 1035202905427616873095560593249202139103613268819268619
60 15968027713555876267975346161825522744046063158711157241
61 253161614081105086788956619121219006328862654472104314061
62 4042004247946182842318708390413298835448087218350627459601
63 64433085060614506887801467574437425853430298084596224145063
64 1053282349661410975885466021861918864573967826452635674867329
65 17350643477380420196114498252008339769100655490842365591978561
66 285392277329536768849368603361668031319370695522762658035440641
67 4803973557376989855398017837149299960341692671004569703216282051
68 81528519014353207962616329107530178419304791251509510350945478793
69 1381775734527722726840339686023289729110357680053216180360413039189
70 23922019665740559128367839377927805143033579692406657227851208422481
71 417704766505066553587804708967298566908275721437197592222917870992671
72 7285130167107848505984292948503048520586753391301682008614170675762001
73 129574494698373586770200687848469988411774412778884513757389548131484873
74 2325030747449003392427702238180591256081671604652795058481045878068963649
75 41679303910165601021754852745994059364291313424464481269014795868535293051
76 760817749486139007596368670305002495049639304347273532622526787998276338201
77 14013493009945458344434271427934372654715167450868205365964488292991369137501
78 257920779492234555523743669697491608054547933610834349752239073715659904071953
79 4827392182905985435147533903549336593322681595520559186683134962433307591307159
80 91178536110189899753551514442480940891677543427770440651756311823846124216588321
81 1721237862501112290663611506930627903796420483848243531085907257706816717951331281
82 33002739207731897910419631201930329028527397222821467060792621814274649909621721601
83 638610576051613212073508790128888738431049640670072733869758044948260606956201349683
84 12353355468234183462330048706298742251669487453741218206440442840900855189332962048169
85 242448453224540975693775717446156996238562500891252486554286602130023714359215605050341
86 4802127966233059309898628478966422588636256935275571806384359043060604448026493241786961
87 95105156439024940419531284522010228448340210222123876895463996210045855882050445813902351
88 1909104483465040520560361202454156874305264841890474981294636353346883286717701602800553713
89 38674196192945342597144260837421088212904447938360252730973289187018870940808533861921527129
90 783537781423388675962913281213805197420304974398034456576247307504098014209027625476404740161
91 16075464693978363245651406512871601760605476357940739056746284497812633140817817463908839981291
92 332817131514200719116262902771350314224292904973111208923417522939497186146039709793046147167801
93 6892595437590810714277772893093327427027086150633455679379759981363805761104018990281506631795693
94 144434271359269686644071207017222752090767541869174419048900970144648694913941265211485541511721489
95 3053921635056412373158441503044367199039536117144112607457416955681733096202620408222294960052637831
96 64604798892742352051658953438367781122391415442300871824318673589260518542861509991436149181988176321
97 1381845353689281894245588361435439280190191397289171573550295521308456616158005848720184287768888156001
98 29819963619334593913096995637784586637646351720135148174193762212616755207996807090086194955779051638273
99 643953181893743392516167007022908713987099146914647235736167073352127244476438321068678229079758655745699
100 14050616803387156330486865289669540610392336083414189842321134221086773334441411065351906189013511545267401
101 309268256634799636070147122103736948323091218112752156766839380125992649893609801257205236251226122764170101
102 6813195393761607900483433893035114959592792601950689237702126820982477819105636844050855349956788545795730001
103 151562649702256092417159120107210722327854638933283672993294451566618416710521053639306192909173984485140495103
104 3400734953907461068970124784929071101410250976425857831985708979170297196492785625647504404964555630245511576209
105 76383684011881804898948668647121222548568245328521640946250891485534599594752367499120266913701674532809371346921
106 1731447818760518334094326260217862310368740902479979350033026302593007710073642273240343893481881585110543577871681
107 39581627855750560031731815116478423669064834270099777020033967240758415507038346286697067920737385749743087421077851
108 905925371918513991195607614912127329814925872786192228632411578469691844110719698461719135255941778300866977237855833
109 20914536365515063859989641877989744188436095741844833597614063531234488941721729808027133168332565375838308563123001469
110 486869459483410656553536569429173747620667324769459408677453925889442556290577142295025016731253070421813933684051463441
111 11348914668786393410988871872225580432101628539475904229980068751741047767178106326851037448449994992249208990765942901111
112 266715403691725323141462399202480356972906357547401322456847784468114157745600427282862333433790618231234956546497790837601
113 6319476523989486605415029030345968387393042539081320691134954991125664017550055460294613341436728789715225780106625584336113
114 149951340572150081614890191445232914336071253334688364625762705113160364558956169132921343289019865411621214767240398940796929
115 3585779170928955694323208817971584872861050951260312200514875864631406944637780873390753922583110609466389924999224940510773011
116 86434116400431125091314239405807230431583838638616426461294135798288862214719007957853134828818625042632999902197086351157214441
117 2086784999632913213833949393285214307674774358123359210568968622007848125431194304191023854304343629633660004897184008221388247301
118 50752979907480699897188539470795564202144957868628316395956863856785303178055156317850336091602320821311504066986664900833599552593
119 1244062390931832812907872928707370187540591434113366700120583702687961334914465780183970715538272258159902700716719639064910102125039
120 30546697355777200161564190309218349495909772970881576734930041092922164712219296199634327677679865505475756489482977482509643870725681
121 755299250434601594693416533952179006302539771334893934869194056967816294094846928418537127065761006833804034566052552266413445481753721
122 18819085166764814038115731458783194129391927394660978420620069419997014877052890056689791916681474195315591248972821711488908128337320001
123 469749431532747842823126308803464469388011995990814814181657336033714010358834140555691737094591648787148708546720535308296270947989822923
124 11803769983554379372792534817289862637963923804642233200828783354892765319546107148404259865843401317335212051244905134618096433847186160249
125 298832456947051323082133671026651139499449600428011476072126082148687236224356786293036966179069245744288609780578381878246923207247990815501
126 7579948645704642886840591457480350415013635538285641095887814790671254396786285964906258891145239801945093592254746679156839122901090246122001
127 193489325886686118008323014829795686962945435461400814008941152630232308179637473552273351778178810549974683399362002549391857955994272270043751
128 4975406301953401389968626018598267221233137941510440454115102719173525462241794767813450884575644880950081017108177269365099123118376621299690753
129 128195051486528076158449280751398843567694797251881822108867419956325436936399659413329595419032663101369522452801339285738675904998499662258939009
130 3323090800527489256711878901620985226699849827590532063024503732186721309598573622708467179980321182902551494743066725381297034474375923385221355521
131 86760654484286030566485737233513926526779573106720618478534776332726743311393471878940038514313885836435410151647199532634009329169551862581035283331
132 2269922381299859167544876988429836232484621970306268048992546938188948934338279671687943048500440138452758377522854007568763659991294001110850766606601
133 59732808504021203394606686955259912772578425189001748482812265475161733819916814755562757524720154033203678824619963822862151980122202468288098446275733
134 1582902858630146756019830289826830406876720610650588926491968798772512439394740607062234073682014733777663739446938198817784819763022854967760753880434769
135 42037459538156236840004627977623371742217653365448898095637140331175960347171560915884755084056858881282723543659242321708290768127864542765343116343277791
136 1122603965375899806248439594998275193798161365034490528149711022776851725149466739844015038706244445341937273481034387877284620088538507194097044009471287761
137 30184700449825394246772523716218881464054751776579303218542258168240180112436904285506632631508034957499843529726819718171813910937638124402184485254253646601
138 813426646564752399049738752195297543765054069281623172536453456818710673300937427270271389357655429633559548595185822656240687502696010285206057428962205448513
139 22037377215961514135982737735232688357713092836623701097734890053437869388976755610761219711137912913268225641027621959864183714896605027296804771472026371857979
140 601040301244512226577573287659743272601211341414967895435812486236621004305741453615349446848725039468030224228247477793835918154502379529579507567619119820958361
141 16430322843394593912085489405380233474269163529635354832995196755928730706741983788294830683748699700137099039890563586684279696956966739679689385135223637849021341
142 451448149086474882956384732298873501655525616124587214502281926410792272445143139544721307781611100608051873193775821074403266229015949978518615573993024218325526801
143 12485477060604098683492557097822253305676979093935074416918119525840418020654698523831247932586783840836953022691746821462586019518462592919759516092863041273553830743
144 346119612718574722662300504963473274234186613726710589655718584851729223751757421328946079796787879951820886126709531012673569545926629208855532170648714231435781181089
145 9642339898707265512500174912461876420324770100964210510686708013502763697942144950833847249635723663672825058932941238576785627733823071166510864070313068935195029067281
146 270339100924120846023824767114990525442860093582328564335937043713050691969212250128430304082047770260348404172736614870715581715279322011331089560089293370726999014981121
147 7597691302176347724784726457191719740980590706176791747347499485024158358793916859662218813380047188840396563475177386409015049002546062362802705612722573650222486618635251
148 214541590208231680154063480428448511473990806613070677727705626870820472844028231794458248485061948458586567978293962248743988191425856815738458870289781659137378200460620073
149 6096039069913404806248395113782182383008855002590210923420351949891951327326209945588587944094093238242726449160351755376032183989042786494257643339592448232673968770389888549
150 173640327665506224833201182947773986111112841255200822535927410593644691455449664534859837216750893846551151466914963480467632044593188553718782907511350642367380243684534443601
151 4968644868819484276276519970523598217554807369057330469750148171156482259519480645141001690857885441895960945781785019739895768122961088385473338658487970724087783023979393075151
152 143043929802358103137802669297690029192705373177725607885221119836209179823458135912722518624589097288093715019263752279007024735474780202480408960300256923194153175673310368710001
153 4128436730381056975509436220314998558414967305667094886729827047781542138108938836316825502423455612854135743487895994082700115422977643887433914253500776866810264528720744918240153
154 119679241799646983304596184654811798705869567480464372291239272916196693565493980719715960825014439449586603498589088413153716098890560715380001878095297024026195746534385510273951809
155 3490080315802808609437502678646984266544393570294035145282819298496957388565814579095283944657582749751650716782481619611117232916147331846223397800689950648326832871748924417818995371
156 102035865069998638614847745257565999855909663156567590091523790929042368225226184601977908687505468228579870913838558998365168988062623691439270931031753494459087847172313105616211447481
157 2995879931785462694919983490210915292563835804834196112093689410042678418638870638404709841436354614119583943509722716828422024259236381789327716343376035535412500998373754744040366189101
158 88474927026427851157263299095632853948769123128475704890360499668830158779392801309606404213989871321037013298946262544343905292841516833367031175277874306814233291693248411585263200815633
159 2619576595952814080637176467954815046374464227390291344700699657454655144974353536546270407116250516199189291187625557057790287210722960123209585890451551490366366428649647309501004367029319
160 77882072242267207902417001709033429026163147316434966072718365016546822378020061714549391043680351132111377120038879649221408380651259343434700475868744316210999216509795113989283083769624641
161 2328684215794591741343195330701933233482849639704856898483489476591586061725772927030936314247582677539292995445231798777330359030539447584291973574937866681565094157186034704718378912519328161
162 69808977327539082458556861145217968828089048137278761937973512652623502596265120028462862001562195974830409136438466148586008157578762900358170906112969833073402693359200949397464251407194585601
163 2101129185550352398969397099720227864688476256444535547046613909014197723859784369667340079202833114202559347181292525159578781541724909095822028717721559088488684258367677112465945642286544472163
164 63592364587822341920877813002235476828036603842490986808401637027891619269790544280846244393224501297305130184908083403673764242102149562006635882937530866681896560573022109525259459206271923891529
165 1929725946507597094203019825136202219540513038648226850934309577257823090673149732881715471418985124096471627220181160487674934310497639414381260545149440444400097359451181888818273827823397586177461
166 58786281707500133010314905343565568238010680538037358754015681955182013498318914776079938014647649194417727561945956891305876762829573679547325357646694829378903893390880524552146762908097291002908241
167 1800581147767954078223158203474795278557933259783865487436136520149133465297881922628458571945066739727605243326578361317930279354007450182909082191305665267796050687485956104449003350567885286391887551
168 55296443836851560723719273795900593208660035717190010249037066620890505184938938817575374870622172349929991693124440492357254808309623010028386387023938453267455549686191620426269190405488113170403461393
169 1704604363422475292461114258114976175694287688892366147451701039555477075893774411775274115809576618148513756171080207034834933266256142163408146621159608586321983182660735617261298770555065709547997070889
170 52826704310850227481373021971171363724511128800675875066738489119629674422631237959042469890473911492494681824699293041573511424685235667756562808196710056869587454301762001334777401899878464760786468418881
171 1641493535743595567073827758127395406609313954955544869521573413137813888385926950187982989923448923105983343168164468386997442067420704745872103707394461819243585396786047256181491242249551956146477914239771
172 51194342380434952318918419241529752834042257071056628775942522633015532484617949100495201536507841212683278235061466086889648952117486757436146925984504283423623636516733631649967446502285312132706752764983001
173 1604933369571161843001061741457621902699363577356535466238854964619563516603047919951852325955126526029936860063117073025649766974959638217492172240666140476071929842440157614908440391181510717676958361901110973
174 50449215019157591536849880512296399621766109621013728603722793445948353579414690249745474174117272681971577219375018994349145653133130128635662490157895746369484056909205779769844893795559178724771555178019736849
175 1591501309355010526240932136520825019432106131973960368017144609744981912431384194072852030826076308866163618651195271141901358409773716500978557256143443685987402763335921559697164968407351644543510226909538032951
176 50461722412796888645623262163905411956627727062480465314990278282410690992994193356606755356159679026477741007573110144772936762797294700223615201984427421182377666465638720933659174879884352997806892346798367160801
177 1604297545002850707980599581942634520307023903389703306309652316417619981238966653048767359918971677631202319364323695170726622879297702662202019898847616409362486619269176737844881903783107057720770791829806262110001
178 51182746334030138621438117498839375525655994126642516690779741199193296517301447066806253824212900851429931367586358781783237740060568519100686035542228174115242057502709805165530964999608925488540201380515735064599553
179 1641029772671608912290444615234843284631169162957152056904863448764824526942576502960058688075379748259637639552184767002999383388752135344345906589263598505887232817169123346901396928765245351037444151658745090832795859
180 52757158151552438169968308495091064370653564772759878802543005554463032369178532002399884309813655340945005939138266342532691041568935537567426664606346352540994781480323632568115024147102602424136643120940032214181647721
181 1701865245034003504552704454307695743807289695533181766579466266992471046156631156494897382525953320774017394602770746291588611026320453222991530729776938122534093874217633555001522716434502181664901931601157015995579245381
182 55166615238675021866975390018658889957090781024677195780539917427750454133945773622933609440021825519073011691212950455249308521831865022741781167407984977444340139057587672197049034655606195718464832392643072075328068331601
183 1793092919067115440062071408463948732455160511768933123293911606402871666439424974845990598373903259760483397338305720310961216813195739501287950352870246522849790230582408776255894160109460124774374130082649613274899907556783
184 58475416770169636162694445963636063175700751111197085040989615094854112329732182273065042820783304561459906741978188196298611495655824754546243872838820947631970320805274911959136609753676989787305597863990785188023662254216369
185 1916045685086834972467489778671918205810861529774127621363329714722067403927954271704485539885198213439686356408500655925453328042778383800307499341800491108137791483152367010178171704677248812019453434189068308108470379115885241
186 62952928650131444552180400522784733058584525350388611138288080796675818929525980415462005508532865175686541201804427375310573148363961356424149329353503682745944650932177561753928808914803271459339148822202461143986063232348778561
187 2075092019711668624910496286131501666934447371086680307398740736210605824195610372431630128971686375135521932193273883209945794713880891160360400993737332490762043389841687282267819550538828490040524771322125379463880281399934035851
188 68718993038401962637274725767898160701447833099690387233658074873673554267617715850857046177258650634994692780793743697609063450697798636502655843100242014214010706756847316630284987782622896669701154119286299272092697007808654488313
189 2281892152662423027313728886546918236109045406317952400411313843361608644554033083336839311835240058751430735271430192504027573054581224082950049665852017484830440854928481677651406193991446708094228270112636023250066736004262313578829
190 76014061797057432607633482925371435465623829395769877082903369682396854789872460836577521054457200340066796029962837810719821550828197048792875817775326915546587366582783314191191570463737100616214154444730395006360660894706718475436561
191 2543713101806071910912168885250594386254615516005651682643564838396014188540024637040854049279815344642726213788266173991861290065386146085603247143505017645971711846221170454384725481737725320025182598868301401867209410445115501150756391
192 85353579321925403572127390178038257174651873311284144293570144213988791899405885231334752675780677076732147596788467859963021916216138768055860549517274732170468410471575770536354256261687326356764726521255862685612131260039794860926460801
193 2872941253543615572159262476017259538570008944912957076677802517206846250753608769030305604784835127947661691607585656054680317828187780941388202538974063379094920317795405468555731528307854280154570198318408908358870287590724574792136025793
194 97132773954069416302920592687863285115621041506018385828717741168809548021292761719216193254897672539028524269745576999497092282491136810289502128688695997268222674491367097826236118979581003739007736581982185655950182201044924585434564850689
195 3292941490925600376850514335733971710248936482027119316468571080828977894318847916550852002941477783646033594588699390612232558869455804563837032823714496519194900899368107098248412181929677877188992626990844196330639600839454923768243110161731
196 111976309112480577471635413803466900054352374868084285527189840306763971560327867648967313031951790673906075388103664759160788982309799557576552734873103314150355736521568295973711735897815805295436383229376253199546702580396565588154748965910921
197 3824390929637013668569260466333601657173388581228106991900781907778664896934137220557410219234140835115576272977779617679939656019121048446841324093355064329741826355581618774892456203297401768200312075392735388969962666304333583243463817559244501
198 130971447777256295419521319997693717333305324025259238039385248480747159352373492974418907756810481017256225427236640487999463219086548574265716835482619203928895339881982970052460147371966123962221695388763211497688618933917367099782866787124001873
199 4498719361018673700278132270815723620853374058129754879312952159486382634034522298490037919881122028043636602015608188083825198263062590117096732811942887075677671198642275922803060117802169425316013259633813343799207299784865804431347004951445386399
200 155187370770576286269244133165292296116799230935679626574187560889781336903033397062893115378144739213267572909886080683908807524728470141019538584738319131796165113261269218891115619440126393895944709654258373139993676277508217651390308344420797214801
201 5367850992305376843966192669073502245982351127140997300541720450423518279127498417444765644099201883700065344913904372106287443644373103396795068636946563448166199640564191426979029484844378127592368186127034190748000709847419428222748406471956071760201
202 186216369305256059595147109955865591804287988263957143448922397261776100167315294816744290023320307411054256745941353533076060413819489226104083727677050623890408581825983683523662046220491589025296101223406330611476134161199024766362898005520060605000001
203 6487133997332194434698997404733063398738570362714421341614085744508677941104277282364330560606753008948144252033136001461141463532844833891779389345222284013078304510460036508940738426728503433988443202605604796841499378380587677848112197405693269120350203
204 226601231787806477298376693992761096497490860682258156647627874534575468495006477388104390562538625451953023785572698684051564377614008311780757973871853064768581486971435270163642821482257072934041093042930768822654016486383868751550133353194723947719152409
205 7938193517457070417252608811485066984296665030669251381154402189939247328623867466339118929008279195958531904148496031195797378234706696143203073304433873501318181677549071572245535479565254757649603236906633732105103684369957882376170465557791473721979193821
206 279230137285889441676364680277421778319543677599386351887455468025292158825604743414815422973582690030169924524174243612300733383178277649497417135721629790928252876304987798376147216485351268367046297969873026336016607688246134569984222561063883988335024683281
207 9848600155684956977986812467591722883408582724211148307116780609620414193369728283514463836429588842866146118988909309039798297049817848655998826372329984716105449071108699257386783567681067458371601657172839393716695723908236911947946354066477076300514830915351
208 348349048127089353710472557406937949227786972962009365702302798793009798780548684783147173207200630316929863575689077071290990099734180785594464278219999218559315352165156209241080907487302660834065982885345514998142527032811980932232607346381821098753151613830433
209 12370881839108345154528030231431610036554059555681188132568585430089988989175786517251440024757776932255926133888535310042511366645858103262355256473850491496766171194352710856124475460480586871645611388276198536921673587657937550977473293935548410100505974377177169
210 440509227807044794901570741822578987224091967742588227339549272091508634803344614458192211922024863109333030218574400792620622935995539620035936236531779587075302253213590084973242730714711951421975878628893872660573870097396812587178597197913439871036486703929315841
211 15729548950104996529254211286413085578831662211045179288013619111116708703281626389590521643986060527719384742555567993451582178413328734299776973407607545289643653059742296108564283760332425735429131867466708525929049381567514655702867733630611567895312311034947020211
212 563883323240995770326391230841147726298542041123278625442127639518404120813660726969001829141003156395979471735156567581435260834491301289854738387763922823511352698681510914143439791414227230018046172481985065696928406050690727539514709387914761619448732035687667378601
213 20268742101505723535863453654048750982806623942184735210794845678715768372836872020912855852837019333002664579472426663836940966007443779573302238120303487312563773089431822595166533621744722241025871175309665777549718763247444948189187719244978753930652855275853823578213
214 730552254492446946810866618503318043380529162744140851140337830260301866578221993269262451208671568522699202014311654976136585814439716105614031249314229802411712570655154945673495331103315738750063749782636355974401872637310136741107883099068874713811375572369921468226129
215 26433481894463516149828431702704513703520672481225427156043399894788198501506505249970303827113877443364235482646218318473118645172222211499772716440369359943706191281955785434159767903346621337432644383856479620571792477239894879447267366418999538851523479223085175919616911
216 958998305984741856034905934325487546422453440061145094204714249572500701335730986932170801616145136954816832784172569121610772491174710509667408692355532811194765391126713943037771979839821291647032977159854202045634352774254836945631794328880472007200861350465119598753197041
217 34885845004613978065931551697619577481014227757899046221162003086860919385228360354356719035746852779148967774328805826213393817713755126454383019910508364835194697172352109620114895156277804199199993517065486573496857318050937587202681885449639013716601142931324272583174627801
218 1273876008361907907040689802466785543792435188297897267879228242955373359547841274430964800020228516304517413316922350849685410954226154623871729784903501004116591294940183684490051536321940639527342901077186399348937914311239290376654997884240985398765209661075772638287458480193
219 46640249871276106148627949931668299414853017623830427094327440533232091536935931342244236741273590365089082505004989905716604614421737009994198165385474336170496162887580513473834892814624526662181884918601249281319716606650138606926712660406260594171409156706178720376906197701739
220 1712160262081556646972332091079422167513434279241446691785043791906146104826508311379942716945899835747219101987010837660796452259711834257179352301952964690132361395290014930957360217365639454740387975410341709273206678685038000895157151235542926387029380922533462142042829278177081
221 63087506344958279608192766773929149667432961651434137058206260537496034567841500913463826781920509751298868075596329701598639552034327964035319293338603643068469729985508064849688043237356739467167768949309182429905035390200547011242394949298273602899537182393164187854732578853875821
222 2330736455086402560554483692451641867217586678522069502384406419263240325093666482773378617142642473301930059468938938917539955905219181389953234094380365867677993169579672629947540531884401225782451013691701922487669656805530286080019164498250663691513450381447573572579911911112426001
223 86332743233331734774311040744990252249761699286665927094742224937762580520091817255696128195942380214731993641155664656231535496671201193715686616732796719494951907945298385172577547516277404154255365863273886862849735726450864685998219318416457718091948937202784293185485201957036374023
224 3209542832346836325057502152655126735685697898802564316298301359107041267835653161477636336861699135962533756591627562863573785159682641381248203552753708673242614360607860643621233816024860148215862935467774272237728417753719145024564223678376790703236436688758770577121876250697012768449
225 119634490236822817029875071557999541286938587664336980099404170814144421986914481308973445020370975962340544087184065439672529662537191190172192153035241744495493729167451667854760778464714470178500855971395668704341803114503567995293681528694993943421716310142827965674633636034584916370401
226 4470804749196742249655151525105508254674928231712299705674412307677378480199542070996058306095866938784833023601429564113741918694765731353442797636368196407041069889610490280552669173285095639552971295480399566591968483727627148169603935176884462935255942745163156342223087814669218167129601
227 167676057774033369378829135987618702764292666385822695189443036418270426949642505332133866035513268002479674546285691135726468894064628045589913948293894282441428010126520204008692408718149234176329601564016721309880458526504245672668694709222344270194828748368546640188870495162612317442761251
228 6305164675903517528645480057056111169866816090741638448249075807525507563722329225445089542470585076822474267307002616321806585641547610483803715783307866258549247303875125668293629865514930983273780514608557317180023641906766290967225144494332923555615718891315906935228925291008887697077073353
229 237696135275330109401797502390416796398822401651243422015133959203675908184929828651917083232768274360570292236822591136592633329607842802412589150251180239501366860510555660628577575598058340903977362883492117285713944485713836971633246413509165187232722291609980226583327058227028943155036702709
230 8992398463773160391409224350575964505128071098987817983246333776674411440079664317053290496678987023306039059647491096715143027226510202318753176218571988514333206125236428552330425619590066155718498519743933170317192445071553512033011134571426204222645120901428537404124633351657343261476487139921
231 341085421943611428625166658955721339822013274598349915052525156559042894821334744621246156698604703019545758718707318898384695892966822846500694886525397304352122061620339297501355910636261481044748518224176647066189037664300934057276759495087941287896925034907037355682632128429095458266525940642431
232 12969881089121900141142667960958565732491447474328912926716592409050343896686656540897600788855583119796645385261091585985551304695031510938681556439370603429059743360546161546697682502161101133273065808224112838456170908190277092360151141444829887685571460388145286794054798732031143208093625955571601
233 494890499559653111837545819357025655491315033811284054284854112168585401793436026620417545086875855672813890669889434441143496419818166273605301776345080611889204926024216840523189852307231926550538838478340979302095148424464972909233283865396703024385568779737503463355902149314051483277141524758217833
234 18932604068143512497599554735867498400910064605499687062364153975124208124255506981866499791586651682097379423968332264812226617610032742064046864562361957295947515088973277906256484957660982545905464739604433813112009768405916264309385795131870457282941748466672314762136264483677235575332467772125467969
235 726076460809247751992980097303250419267808763800860677652806205301367058059405394904685490001570754539650079119173567715916454852192540781462842684749725997455142842592671097755307530340488538534219558735599513991419360024756203893969546328986885593675668911749129641347592000951479225567013142121800297691
236 27940105031594572371939624703746091214735222473083370822776933833451878302680452498761446294328874057987685927056393567634397322977993504167018387365965708845242521724664355158125517508715172179548350286659569965813631571886085064172707826087151584904638096109514445091288651191731170290977025588576198934361
237 1077942326650833775488810930354957552529207405494096015301492913293840460873890869713077524735724576347108348780340100974120485535630409379039057495994559860478491708559122347839110173260593264175465424745121469241005693327678201082771244024100687145816587466071161021799365879456470655298915688230654652495101
238 41688850932633679039960173732720360003016287182403835437778249588209902752252553417521946351503580019258816574073956090460759638328463600367818774539416234350139541180452402187488970960264798201471433783944673485809073338232342197280275909296995172171284101038023480121652881676674606699713094753387188902948113
239 1617678415344757128251586644772222381061371245999144450067333979397896550293246157062660086029418050134112228975616891666446575038225165196412657932304078007474889221581870019236716911556852800161075680053264376977492775782038856327006033547568867470302300550191295269940880540797462998132563200102616265994514679
240 62933193839897483945606129985222917884027746885314313992446853873378129645721906608081935848046903401910329324298922515276368033275954111494912326419466631991212454587841867409020981786965918852989899970405263790344378623647030290317199936126464153698641428795251076511932410496040426812845485378038714209220849761
241 2454205683335765313677721695294062767657041979667998314703407250253098151514928370637140778570292253306596048013181043864105540887796626228592997234000381834315216536698591656883388356067754743689391341817471734936352825304654178726313826093402107229443497464336277896289941703470095867108388600432327869682324611441
242 96020725226876517611749493228919405288246754848258513306598004618627434620476286095141400154511832273063647371962862057851375441098740181189101132038468253786662809112993953569535094520516120705006008676098283299314534976537781628680342806484785401711728561287400796309670472183195355679095844094367652694805053644801
243 3766410456357377576287390206227090422120513008693559933974083416221786711818269323291696062684303332479277874223724620993799711877818935871795377833474601164778155585585107344598456794299942440049082954750074078079779385064879882220560077481252427773723893971484034080638592517133265128257870242312341542804983453405843
244 148088429870600392612419492219689745536960523665049868828422650174605476609805147086979396687288909580426965073686849086466390149325587337870435173176101055313518779242682488319282992461220327897447430201668316922746943629930373516400170934729856745508378205859243192049864904331395722689433770279335814247343764553805289
245 5841349270022562874848270444748779123887687112127993639803231540022263330127085102240103294648604468714916745052108866220590142802952090160934619494000960758832330057170319983364157816771662156738663696624887730305704351458808521844115056616825752783800188061711811206842846541017414751614384558322582677827725005261346181
246 230997366351066594385308456973004244558251954771829006492773938161760672962623225248617693921916257684326148066146366709229936918858968076576862306379112618389270470963448037043459904980022221222872842731584316117914915990637327880989196488446095885097014569677027368547417907215244004118869867643754360106709635849862640721
247 9156287034652152257135831253053705208070862716064384600781807064185232748235579440180865932264818838096659333057252761150559271218712116930027990193702723222135047295919921608046645860617771383602029460986133777051873208566540939714427498724614561936886969036813614553392775691268464210611043202379323884794118325507707408751
248 364088351379763117658666440016879022333734507023185534142505761899017997213417524422494022321703323566152430595913491690446057528211687019288737339888189100850305086229702904437219603123297507351356712995307562045887081011906664344006546568876180952586153996042546687103577817216568619348204277735176092554962345095197624058673
249 14514063024580698423325121280355227026994016248526343155863866117935829780211865810251819481202605604277234956535775330831035073429836635518081014779447111652903457055566675861571399542579538690579655567361236430164883174934386821021880766665130230490088878476178535174844209141593555335653696890120993175251567798714383544064249
250 579933099988420404605976972818927631035785930690934221023342015945502322449255367400300652530419698494422142091487247837400371189727747280181169465220977676066186897673213675001667874727448157170772178842176969430672157550335422930267207667907528659216732990437492861075954893628803757269306836723449001709057962635466331449256001
251 23244432973378674478857962863869646771310758992884233721394325694159372648984496262700553542056451590487410946687102105567667452320905264230905068873260749203997678515472219476218588169152717989792727562800072706787142950541525278344674731580449792957704819244086024133273674015360200311695023125738160763255463944811518429101650251
252 934001887765817500542509323206160142715185278587912266751851924594632691357279075856002225987519953258883904469307004115215118310043154142990488746283567005423689608752281129789823909466018770823666114414717658699633562177674298297467692839817371756210781943624289106354747797650355797623964502980830482510291343314139085819133275001
253 37615930328233384932679764807948970660990716966650883614920281117179545590917579574659819099841626722428073236040058404326463396802702625109009819760440846971962143260378392500995320321726569608189347970540095329128508871551490469482729112250304374508987577054776587555131046729459451052422160539412426738611625595932655482647473850253
254 1519587998978964155006748045156822170212679467316978088756136910074004508199573123299396310727192754325543445553022940246898669486974338651414593390844053173222038134692825217426787627634227257765414486464421530823049594826276976115625811298893461374320416032780725142196127407252764382124850054943974604360726984861335824448452287253009
255 61540417310585928374869482173031085261375915839933396174763645288374290520201041095957811357137199990647940914559629638698852602326967510188269381204518636075759179772331915179980451697739525508435846330983007714178901567487982733307494688571237405171937685293964791694764930379859928649036056945498103071437069288914541757357594805367271
256 2497924224670262270464537848783885914973744653769911127913150253248093458443932670146674294453879362802314244412874212486923886813238016538498835407088272294449747198747040397469447348935969439030859914382864982181832421177878020441703859289023451742119063051131844367640602827046948573314419395083240982931312059137472637368434476086254081
257 101696628798017042309305050236621237186457460280222240761913767742879107753712066159131265458725022365173790370114211751804469030922922843702843491961388063442384396631494670591090143680898324825957117590780302514310509971437239021269756820880788610257755821671057581650203799972507407438424630981825903155599569630885475257363399787962681601
258 4150563764496086441948718021364682398702901715221120241891963518555600429658778961944387590267495684149883119020821364941079379443218769274009462620169078168138732352212756034112364021778577187076968319398814346045568801899606599011036447371359639971329880012531589156832178099524251833115804889540037100431587232287151006557434277222686175233
259 169777927405482496547370364622829021876952014728088847489301304210423685285242178588689773358326420714120131409060858898099054618481778693875713243122564060923923670112334016628721539940326966811457165802469059854594149320519986622418652541389348631184276474680879661797609989149699223935301697299929413714675164625456411699908850648597849270019
260 6965350056946577297739752431534333333150412425573099419681903092325091423603789863474159193841249865199763151520832716577177284202813328955787121062966437236270933821822070894866547120985314828331563677453590434465851046631899172501706342826285405145828035990384289382827528310912589203785712388767499914378149606500485639347445951279840159212041
261 286464313958113038298566423990232046061803813928563336508686726431859224356825965160809219522454409235852892386382943431709462695909165251867584333905152161078733170419829062231993140347554702606094610305769748497174454166551407549904900708813643560815182156034261503203906401532875707645804013650393598257441233828717234420925070179455527199402261
262 11807594467694155254003119367295409470631767533376672527132673230151210507813360204189297239618485318896045009805252828256711309106082667418273485012202349335376193424242815430657036840698142670431577881661320150229933427057037699747234662167494841672980183727878755352789720265231465043895377192423603612935297905312189332376739675193305578662891601
263 488112162061815004028042870140476191458123270018916357043820570489525612236687718648279251232870833600986248837102835653237248357462863728072908397539973260426055190028079667363421262067915941261400565273292741239873759697839566913758917797314543416354992940822337231929301761222056139977169961761122782757941924297028398322233788715611335345900679263
264 20227222179659552021029060881611405557392776872580501622511388142003217325768137674018999331647114356406665651613205935758609484881779804573260674509608388071717243030976821029521140590856520279036955783002663031186176698498230855547506006038827466617885934584519160371697676265246389651018941326355144064285187582498618153330496674501173892547912875729
265 840052121260600139616973644791666275922297660249989628526387155857862065304265363371290285272837787017996862772411520307278589098735311568758825285876841907125557104863003982010900522514209962172442271262511443701950914405922472424397503069652329313656246051178596902026593533720797470578762770550710790117608791744134547878912285802522766830269802516361
266 34988378979105177821418852839819380630332601630773377967312074267305073897382938160004906701524481305742994831416125902607756484186837257984739496777773371206532378199227457510755852016785609212820025817782071620843519142866778573710971392169777786721851552191109309647800544748815845023381573295358860671863225815564241294502388144346691787629481323755841
267 1460805270423306999783757354384607358370949443378972937338139824397111863190778962801604169589329572288848856613631012314232139073503495682353884442960068646381880839452783571881701052266261723682135038961639788689157114620007071581254669757846725908616631081053864924248769744686033851523706747390132965763326098505891834922769098729934439473331859933893051
268 61122987026593650115660459554778329606924373869653736334539208407734191465230313600157382810236814881881022044435842007577772094043882793918743173896505134574253197541033052382259877962270481657093330028567727543289114957557432908106814132770694458423110538127860174099981495696604511806968596237442714701496137705757815694378877460996706385292753774250883993
269 2564751433255443754305107893360893929991004016161273570163521994679016059266363836577468486744522599195626760201248147094578395076517209626274762605326856484628884051964953002021905624875381534489643097445781644444367970744532640528569083070871313765091920206714877935257997275742871118300060454960141348937341124164272665763791763517868583940907919376923842589
270 107877124988612491982715743085656007609669491288238190568744698215115604500416000822870716280778470124643318531191135086852201765163531220358530999867204125339591437529795026266117497884854721718182122326268317290623082677930082444964380735253557477969082088102050108054200305709648423542347127287809607116747046217651026829016061629156302194452348365731141675281
271 4547239672730109299883134920549206086960586765441189060546327404868849930620093677602301429788278334995661949618566340097225788955570738542676847719970372049467601174935025620789652434284559804472870682301142368759711502045326434560762291198389095993239600472328534552935856338154034116082476272013273975886411527786841180711753931621347086958265054989572846086871
272 192210102044030928802387879477765814944402350627961576189411231755532454987139935599975670604884996918139671993543893263007526956704334966897201227551736461029763047257210636778732487006416226683080056122408985292754115921422779742036162099494043124185015401997656153075763517004259913842097899761446816477631661582886672134648397268223791373914497515799090408324001
273 8144048739204634937832330733807641447868359892466575079392720426588133893921804188255421909093627586745847967564704842785057023470438548281965238289763086948061727090453461612906785491094827473973720657036299189419162786277005016925250594856504271940241994280175973717966976451473864509995589346400468576267289932378379161755080332076593138731386000250573005576637073
274 345803877877451631109954397394109488641213690747067509959320808202529454342047480312291916879452023630183721698440966993044655208155299309506977242583883033853327919936428724110263216651329100314911206041989926924040300082154764741669215290084084984014241766953403635480771924697439821833815947401018140929688664339718057876687080278551342427904315923556294264603330049
275 14723503930975053167386172558089947978112398322419849332079659765979868152290088943061672029466059563100867466159511270852533686623552963503351423465908873791801663380870298776433010709705275688662665564110426844792633679236421535005458212656437498759301763867182079197854034523650089897050423045356762907089492214062806906892656492736227384779456559100359854988055252851
276 628377576430044295733052293350495731074993316219776281564321143909395757059298034528107712879670898224400511822160021174706580405121097576549432128599557475328252799646538631308959297463700525852582517071795570767526549625208749560323090535094034389456536032878441698846665710142205780725218080296632070128829788618773676745137959514707520388189391677981035825187658703401
277 26874891907328623096978591055563405918943112443922200287476770486481381341620701790231064204030079491755344988733829415946795910704108315168129004840716279744795841922821478791277937441299579239754343055658831024302185325860755393453016531052476084676137486144641777631837254794677888257911848488033908966692199412003374269585687352656754410666126970275903770508580409422501
278 1152516214438233387849986255466656108741592188989564521423630918915174261320502581665182014200769265209942864511560785095164701320447979480926352031656381498875616610717117560847134472219687316189392450763029184162388615370843654587690307805062435739822275937318446096466173902196774561067210791151649146739498058161533087915343061535326810431825139826616615404055380600387153
279 49541359865010224425069411157214930375902527497809656859565744926802103929428807028536644552212706453878128677888815375674619631997203219460691922526593904444003051700298471403424854132709410009993361760393718906686538095809668623229930217550513647934312289685155727557852513577407472911593354282474098339080164760538818839351436771924894125444737435381224260158456226714484559
280 2134011725981232889072922890608823820260968214873303355556839017399271003548213679282438446345193731993406196694062092535340004058029252360531113795982229994009858142918178009412524237954787375003819717843403970813612636340221578450232798399042663727584887990035861284238413669962213841971752146711360145613660535554344533936956519218688079725530877503920872508344969942342507121
281 92168578397896025147913849167663999035154150018738083769170886403052684297905875358966457395709288730194142772337190624169606471211425409410497734508978752686173027772139401862790669207756760515719157971451243837579411269110527874840599644130520143722501084213352870340175918909574242552542259151478191488903248839133309361883556486358418510659710800759210867873151302444586899481
282 3990082772576900482912375119017334721011165013546401885479803697243842221465364412364229650763805032521325307148629184382248679116751374716577738198901387154340333135551623131884258192369333140101996861279229047415676228647415255150571509161004933963194192036641405514592011687179994211236707374096540248807730612198327575642054601701409088300651652216553935657140487220340232001601
283 173093439962781757078828930816641751886130808296536706386514841113996875084632912786063217016049646743142819145579497521067661280683105390269784257620125256339669512096673884953751503856382594310154678942626246502627968757519253574703918919897943693064475886143063125400212387722325743476762290983798140907525418770595697133874363097628689901911169447382251714963412595391445181283883
284 7528699007585271940033241577491234858885642904691948219668966601396019398163309201683740315938025143145016577234721332473547275322182121613683966457843683593212394166480030990015623650650618624027637800012264212204490464500154041154232814119378234282982397412873902295768291772219807744624949824826666690870938095626468584068353472047948637563620049612771834236448125438284147281264569
285 328219631605135917552666654643152461055994997373443360559451749356278106421777577752221605807126563216948974163384346139643638113293723610334469940979945971961853648937035085345817223087758661760305329534746461211097220313350212928115966148407666786772825999781816946314557455094250302490141594895713799568045862859230452493571565919993599882463594641561644750872143364311469273713940141
286 14338402662192691335513080314942135858719422620895124375483962989123185175771965538656178391086184970606928755806588875494860142171784273898770807752752884220094703958041819333502463945223365845224225043150914853133805011546958597264651163524947229303411504224201346316207748117339295979499281427124335324623153258151246178509362515042059760543153649712681098560010758835295042246831430161
287 628002658770468207167622601296252689206488175782335823760701430668912726320063298567897851543194614388357229966208724685413698553682849006630150913731591533902836952467829145329675947709755289889716982122150570789921822772954514491746167842395467105709306717347553122444281210470975825243878941648745937297513317432664700465920854021670353208353823893649713307172897463309835887142706449351
288 27568926460183234591725606947715492997604669550189313745201619921330932257632410435625751699403757176361962927245122624519642802169058270390104112609247516804475708164517543020685045253199161764499099040993209599919203860533366692057360901235993572297596410431438651709835786239517229154239681333878726033441853832644018702043262127866585018760730599262312637748260169092723856812130341102913
289 1212723936906382329619894773459572674535917265702896714125204064750296926146239993998790832793023462106848266167194532717422802713520059213766903998220789914900623558520422161850664705109581689067352644207675227700546990894958776507564367473554031757600377703587025132822303414626314077635732286974267786625493209538393422832913130171183076586215638669913681520324509451382870868766229032490529
290 53482641231689992148595459124549276502570341112418271997375905542185240963217748460402064812436197606878597230714679105733775760733650947733607624849928616464701548786322777585930253184887933977168276500198511535687320143933508926684581409331813549899997394401858566620104717124546573964334264358282689639772121646093941772012437652102849914823921108986166619502939111117587131427427972224872961
291 2364034367859646883281118577412584744631817696113784656982723671148930673475390067070196314739465086557774710163128406266725039010522424589128233302630962999847810650054538058149543895855509681459837767125839408104915795695234971388011998541920434844161552552660731966421441961858485549381161956950658718502533891359989149190258236588601340337160752633160588789184623882778773570852071860060011491
292 104705807403389251679904038509665922748717875748781238362008694695426488270956583160628154694142715053754699892012675022290035360004480221638917261712483423918311432753592964296727138360053108421853727411811551873754076357320806120861368969635145174868057426958369782925295627122173130561060609654709117231827905844305010102059797291734741173447898499987176172289369976484979246186034139911935753801
293 4649232798142551264530357391240867045725124900753186646523034140425990783397495105337912405936471298105442863780300387994700429301064268552459024360460617822156931436225012021328392611986350634329796518186679474084177043627638926639103620483378006136970636024073095905768833650629144613458471720706705821302544626356199430353500649466218104135866122972759726164693112126368592977837443795803840995893
294 206906557174742500010529738400351967457444919709464146759336940549243903483257967683595628309786146243642415966496914314550627866885320826699914152800355288237136219412291070124370770165800336941307676522404995873908352860129162138711858167735922729664056426219514680024921722139393734276313164109577263141505334235551431078475234339040594378021991475255447060612172793041389344605657303855098184119889
295 9226474218517499418220823423699993884877500172460977581739489919002672456119999954306426129972627906404179774064252766084658853848391256079119524911237102391408319659672296200573039922777495202616631463230675697382831998432458043001951903950046598383148259299267404520775737633697631547067196200985530039725624799475673611290110292643654668541170864061150776893963081307410471569563010184149067888045631
296 412454434801420970590938719966020392760617582814784855434682240918148853100184750440263569096842783591089239349729705416865027087129695267633890707693986486107078983123467588810384531160353685718039883485561386484703506992257582150411408908473421070642611521667127012428106680152763343872320448537878125921295320243348850205849221620848750840244839709488601827157796696027358540537404510594216197461845521
297 18479535007299936071510395477084754191144707971845194150459983889678126505258270488571833833107369073585945001544240263363425852423555909855070394530221010254973813662204723832070440182038039107433026197421965626194380878738736020102730864115174193824908018659155148872204271457364624220879985938586164743437541105691699811978306684105873451929125135328794239159812724984401476111503400283221389634810553001
298 829597336505610344926139424301398616598495503133234655316342021649041067467679706471558367771261033581390197299080829435397955011943328014282626068526897155688462011583315627416847525873253197359866331392957127534513907524932987496490326644171670750884237790176351215102640918310990808786651338359626081595796668477197118327714482730994842672720538136672681337461895128881470852734926751592134245808678065473
299 37334289543040174768047761773613999498269715287738583070418328436350723459952631228937525814256428438094334415186258137060454042385444137371487757043690865095081594491908938042668740840751516505520704259166053199749682497381682553300802483497520276029179213126847094577064650751911463321550244956653067494385960281935030454646605691505834384539430321464670874651889849507478865841538450366243833018366777747099
300 1683897817763479078611767019572819767437645484995089072264703812974451151331475048301665064011789227632749205942781154083268424345029122817277970050475443320833758339421674240927809101940704877056018204501858034424921407554760539416494327937887771294216133491694889169388209646146014210650398752056557518464157747881276867101537687858707370698328338129530895172269523271067619190328714422401836092259256671242201
301 76098778902316727018486473379408275676322692116046237654140583154893434903182344718800450653093903939883449903670331554438464988916345645698429528397338118186088800778445086020219032172771516680236028130450112374270818912541249517851676627920086637648532263270513593164095100018641889758813023802915017037607118910285858381097526788828944758441360608989070411142601516331735554680651644040216277941297679144170301
302 3447385124638844508573199361536752430370077982598840288912915640957363763336904944691859031680449391899801847594989441330997465016321951250343773989442623236271956783397822191273206330092633457128755622733144716311667148426107184080914140887746167563083415208624806233473033062916247027694800143388687011780659332369019108435686020731805789682351918637248850392208254926857077140171573712112034399499817709707210001
303 156517064554974619712540044974745214929986927859622427135919021647960922321670649785409816680480113762171970166205681909808263774828159273586545807517761371986702257353506854040092909314706588191274922448361043761605872937968949738119081539097620353749918381870673621509200066316881230804237347502833878555209526930272848881699664922464023200901794511287866283341852459313445796779432372137283738858050767638965765303
304 7120011926790369042266163278030878888967571192630549449915707223819639576572274285623963854142490887685146937051463041130254441050607283928867038233044583214722944061385902895406255667316336993532952912553329026681631428348968528118654603053553068218416511664702290477582886288622725995074181903612375427598486549934890605902409951261045442266836938397441743325356746812765239463387141711681314468154436195405413328609
305 324665550527523614415960702867904218755216194325774926142262192743684330545061262551080482980292045274359694722721130461011092938634054857500532747948583494754205427293726100577963837144808989996576890833748755135581915804174553468179817948505628054789156053361550442255250907779964072210097612711431113456738578973109978722130320692909140341487636867911707850652443524635424328998871139481745027074881645071955940940721
306 14836927776064770354162673672926280547063604145469966370184673879942621048210363910654278685594408193302944768533311957138433310140700982704445060020995417905361238729110881607175378388804403847091587700245784732711678454612655573186581058253636987254481588420410408628588281056681191792378984473174188333095765915948008527033323252303773371529102023954522669642109003552178118606387840684050693293993348820556861699834881
307 679347640903409913068863692411548207254407023553679146530817629079029582729700722987938825192713082740957708403546357585825080293393878791785605738311046369335453607978257198835441219819438135453522083028847982792908339662421888302500615161241744844079294622087075178901399058373840208912652381537317186990862515621371348775905244003497144498292993484587760574197654183587557917724309776635267772606846878937744087658912851
308 31179078788560033298533044041228206325556926750905627258187212539806222962793845849561541557327308399904856150045414795354129173134554260215100653146096877033535019858805474539330520008877084273711948361732873537739744674138187790210249072879757455567082192586977846825244179837039225080473642314874578847343798101513268969890271830536767606458324576129949419480189503774888590232536262361829359106075378380287429091512125033
309 1434099621582140458906738815858445589733703080329963767357369235931660698797373015785387516952392169525858101683481260214535829246798676380816607748491339612492872309128613995787405598940666294439304114946173294724025212628492448168440607617110656422401843267267304445110037683432585996200660898160333130871547040049893163252053185275372362524764095553173794970159448443654642773178144926082926714212910469456862043981099132869
310 66088973301641468705496634150050311570550128325980715500988344630641064146348450223993501388193281680148285125865795204372680370929680908752636277075030244674886663087635308123354017371596232521821907800967693513090697714980508401694029153742809996723116471040538423371513988866987706358835613353829884451165914376767047168952507067576202598716304871468360144337698592404049704918836154988014631168751741631719842354655152988241
311 3052732930457807058371976922859300195495648141795230750562741433818679161752370944153493567164576153307034455738716078451344713865488633494757127841939650095717206215362611714245824529021932135100689441371359649693180840050677516825933787844894776665493919698947146370761653975456975076817405810695665792238228334520723081794741645714693171621359216018956215036345051159000627763293484726627648939939712236679452675030601609899311
312 141314277447191968701570666159772039501721962116407037561486709469990087132807103396022704076544705217295014039043144375734744011549349023369286280873989702136155025538452287048109598322891569581993999163331926994036451589563634444745292768210533162349255629096187967923820387035192590970523123002333382939564078465730922950925189238113342642633865668300441788109417475611744737525398437050282613457206410597015522335248369009799601
313 6554059534852066960133320071007453871815342013842967824053387765670353823381289925530560130775715213205443416372052984646424665763598146961455089518018324403429757718257881504873396611923617203639417356906829163956253032269552325677920329614182872764386693047101712264508565754776743714381060357951154731005095082272191043848724855019167433201274359956618363313484987293761495705209908227847318305023525404606055265692147173764800313
314 304671746591639673052507098449755273763138356948998022001008465226667286043470826847784127925799564040557200225992110341890944043011756139525457166050476794150789247885709091071263636818089421789032345443468327114393521148258515908831310315395227182809860915167484238247608646382003101816061642207247093337821521318227924319596015008933243801056729959503806498902797303277126800557398452691397003183776063589774685698480577990091915329
315 14193321562656560740980275309964470860071376237673714487619045245356233029630018562815687529976766282206745770011230425877853054986104876854305651422907932699496377467855876766733571179188518663446566571214056775942284056273751636407288174160662847444819402653999030101736523924974801327581015217122576635404058281087194493782425463709188785404398315571407826317872565641350623094028607642867272818984936509885654251851360781011216300811
316 662455350154874503767766963533311733321326854826881661964739629147810929700273405097043390065002758020357154083370991137255716745663597592811828555650100399442733713380742936413761230064553496275421337342868529382855271478055172169210387976299490792570307211942829390184278762729942522117011695222071291079118012868629610640859800873655039603342445258880530141654672658867300163296340630459245526368861834279470580581461637738087615259641
317 30989481005886687559414323543221951683704118905530144771945122257810272582467359509525475483799091362617420864578625654569080286787053803721175834864314560489212295447924225861647343638937174541155701002785705810349586366575707845734279016770740404569463862707714210465351243423594531276887787560531446961925872244885037197413447134862870127560529345427889429042439116227072501890779782611360903223281931204005642795008218370871836867108301
318 1452762888580319690104890461892982926678774019385781472425720122575634847626565578983898526736631723383831558138143599875605376510855151527970681549199847994863163419157983113338882635800609466095925167574440201170040064851629956767925149998792659158811913065364105053816502318036170329863333243890134193683621198377951484028586570685539729139089917412846954206956369761652447118465813467412661356046640991272271400511462730526327396151947793
319 68232236916292598916918406987832005515868448947064414288443263178449863426992326453196454505629299748383954832666439732457805158774219770468959870930063868861087378130217155561464497193687989211636048499759645174138148561468459642457347520337639127994654301872472964560732907273790756214390814192446252762205191603613028014291099657555209651393628454179557675666597301811429507379716727061487365887186127057648582746606284584351987540015318439
320 3211867169115449958319026215859353228214181678961853360244100355255239534737646209818479738533176725755020362177251383383254447611026531727552478911235861514007761052958546475418694330614752849015552669624347213987620888759641414929434079539595087248330207462668417902586893742650067198004441759907877295473889523869240971394306003912314481131388846313075517136589706130118118244184199434723160110663351792254388999157829972562332863013215588481
321 151509902835394483924226244565895050383583433577862426065461610467776044780457460512494841347808543048776545816918950058685051281839120399702799651453556344829639482880605462685051833793140967148087593775623202949425310708814027401799233391416349734179850293175036261796175450367782334470453499296212775786697941454290528461032423139492210031649687615816492602582695931399599920097174438188207631335904464181327853563367945504689833462204046297921
322 7160325278876970244670085010355998656973590509420319061774353604158146016001109233784834648166050213202776386228415639376750797191126975222274357593389716954240534964416511681958684985528771218967342495670933955236895930942854201875017970680498640961790740181515459181474659685531568812812677933144291859520415222977420766089014179963563345422803202429140657047055570773469638918141676641944189855267663435542990273294765498009325993572577556352001
323 339145339612988108836441272734010467031647837210275406083325054524050214805553696773042537382432262940693191061593473128636697011162051347645553682816550834765110732920317792474185768386530855198912897533382710687425366234916910131811183300052126049123697643937848470428661170713327814532947787120742304874292584189149906051347271356348212744125417135041252259319240775794738576873508898613799465213653031386541146004246387121997175380344567212925123
324 16097084293911026803859516065054491077226626429909434891447725312835565528241812334835581006602607591271746615296065792932234140630121607639134934231895132035116594789400569544495686793875950284402911175760849556645354231815828644083342251407700996502233207235900669914801685061664897293466934434922648263345598683084090609169485472402375009295882827305651381883535113816941527866500233516816522369935732733029725883715892927282767994450338606474496649
325 765439445378943716849073252568830462526826820421764665344257378695193862394789895868886096606476094503368700986872219284987958568275941818600591005095315790730297059885517350084835987899432915891773238032715429840096987196847406578707722919063244770435557748711856504174487770471914636691939305494339079945876092598117128621916997433949206234483083567920079423171994706402086179927862977449559879103407246589474743964559691824954751873807725033824105301
326 36477443706626591577326339271460132640959344078663764925918385620077681481419594166070265282976593382158361719772664939730432153843639948725677393805678118691496457236394980897616597399001131968337301348297914865225988051733598043458425324414552117743160919655367300440312509046585333507011341289308503783208885207715602235828784671257416008190889507887763942329488048397588058324708350001482643566101071451592257418211704255771257319424090652554839557201
327 1741963524646499881446242066363983462273120414327568391674804882515005849198639611041900072932522867677399915610390835700900639353605024278092023675674967357812099675173385324136934613210158064600825740420159925391801268912620642884088536861060472697154769226299043277913551041329981201749833044669363087284675065680475002277335770472289048243089675060921527852890033357302542935780408091108193188660791954516091714797910559901380526331437466008527759518751
328 83339339280932657984991148936706448428557913124928525246703329966180061968208032090456895743376087493925510178212943155919186998648956974024552226000845821281243226853089305877880620595265505764495636461183690177205820298070947878987489215479040491715126096354480370335922296349177025302383946888976897687674958288824957147630931530926142331251455349568337834521871013049177733888450457213186175420842211255447278370907902827825206985583088570064245032815953
329 3995764041478874364202704993836434434967293321626089296141005698033231866939348023966489268934313587290702754794149893931646418091302403314545806776022658119656387244199869377032646391222530916160481229874224846961884394774809739628164355810886242432375593694910555546362080766649733555930392368215049779459527150127569590553683060231311553705773500407578347233013441131980882517563369244972208593746578730867426440018622454484827182037733355600486116579966409
330 191974531913131969570829578859306617815784263472542649578552550179992543065662945730720009939228721284094282448142645756087236212017527783212012265665459735635875687391510226475297534371957107983364788530094522715841942925673528554535926545561643972127741050443292913752569200738650664999158375884575359254523382837838988036305540723436967327714066515581742260894082720785212895803498767172639551968509960126607915567290746794562602539515813187512733701767424321
331 9240126597643990647001318618917525723704316891446032635613133084608161870954008989791625180797570540499586922496721884194233368655334786453057647442577290552140452826831416165636796512399933068834656039120807765255077852687236339776207630670121070157638981331649226721123652915368800302078983489620797141205393604255564585554595777036088240231684573818216180954933618607534439464072564906808262617409348836130518928296761756811545324964271739239387816914595441531
332 445697432848381437448862785095671259055181766412663766453095185480778078696738993647651248026492643680263048828661714798347971616768296300500896121587532236962207631510783148218912761825636985041044020778282387798901710293939704199360600215893225331046025080626729209050253735056519196616355741869750684551569544212689990961733396446102249251513324023337999049216991793453806236857519387535122607312348143608779508971530892460189218418945886171480486330944326296601
333 21542162693846279837526466865102594104067346047937320613939392029860518621268571425887934580268215283031951935619953342226286533427798459453235348020096233505459858670338624956042309409028747495548967361927429678088204502282055104114422640160753404716107744595941074087147588342628318074703867984577506063749653131028492064247421877626037462828667521553646819583389530145982421782495605909670828252235844681841976566492245639208262736691417628973629818285570119779933
334 1043093598822975309807404248098148568013921804298644904676784933331800462426459989301290848068524423958504283739167537971203950838486991110557476618681671167787899761393512670564183984633915747853633200422967452973628591583972155884412833456526658437064042964697752983467694160054141404271347966663094354806853148443106690384821312603627808949882787264600354921237030668920559911172502091746765110182543814609087627203269038425265467683441444032323389305095583753681169
335 50614453475085655545744820932008897342649348228247934337122937652874899931235164340780357956071089239364721100560580781273062049998690442244868145053890181627198556953285835981768099180404912498088631279425091188743074613896533936345697510668602966206665044482163829072455015080510319490335666288900504992001520994866912865130733132132012175201697711788299285173249291920439797186939523412178171740676529043064762174034877959632430718675440795796726040005385443114237591
336 2460967037289545906566581198468338151646744697531954737830801511873968328464975621183381358142281697257809823177077160242972262275235060070467371235022457748553102143577474582313342098956631469775062589405485197870032276374235679535708446718255301419891960587322010608683398674737192828868951455083277658464950209825644889933774767019709343891101306698425841928358703819954412970430372868645247144883345190494363520198852242530644948327078159301656166407977826145290940961
337 119871582520803646778488003364395940967293782989387425208249713607701428379187312016936679216735390858027052000857775234281688968655330779474816939433831364394759099286031260781017891409350188048180015629014701704581666545066141545885216980584895975095820636693701086427807053330431349293651878582681178235524340598581733959649261713684055519289907841201841791862798875913652636572007208315661127947030476962893266838198815207678525990775247099579976866589536733459643323601
338 5851047378411702595534265567137627404870164781570357526069354189918032097392807440652178171298576967609773151659533458259393051014107046935745726740175924410405706100220493040668583297804959240031751912660876627188337491225798472226181237508612147044608916953498075779960033320926775845823340043807463159489840565889352011504132435731256058141728543142414546450600162698648891751643543323323419870487315213567202417328516116332777921127832759289234859828479341228170994227713
339 286169958727914718628907263559872152906344266298645193893424631201434268519524320547166415151853315975457858870467684472895391557737031799322402114636643996717095358866556312813652128421559023436230031221482073575772233963909487785420587569398200510578822579612999016172651242765541462210970124486523288124598459166289258844300681047878268583401513983933308497142226680014376255561485595299228941155569632482018173549098979654028421405271997572703682150695601606133680915331379
340 14021295627126638173801619665059087860820800508788635149105093315799079335063564906071804993163827871269913531232753286367359876964202143173105876668843909391797382473258590235624244161887722270372792582025244624290148750030678118396040519638776751129008142773250656901243639027473026326976189676247298052707448453632981499408832386725224718094677734244522744692365447479952522659255215538524312303582215743844254474403595623780249286480281360736776591478257899599406532220181161
341 688413016462859479335081068933342022546155993232588043603858857245751458880558550515641861017037809157972366991510579685345002936850180372987158340741520956935159067584672618103085155066887324276432518035317884674017927988716210027185689954881412819490631910833438871299437079597493210316574363125495501815506472078039694345375136929109797979510309616839223368588540200126223785953690018984781686575950167259600005095688363192296232475674285196413986535308786769558395326906381541
342 33866958031377291957170589206064919430507710227897511823607510598740040551034208274754116033722911263352556524433533917472836700140881647186426459511714025936315194974573211525717912924262440501472942337853949495049050733764382223868848612750908780015999321791164544806356622165834370339056450596093005526981451827817616364753596097620116257539081840914067010527258301480993006855752329937977385124152693357224787046378224064280351410202909683775678895086956836984697360650426462801
343 1669058496658140089062263077784585863935151107163845720182541703273860270764817274750660157946474845266592412363859687680207080271460063988320380008385628427026509533770936521984688515571932387116888758838802028069014778259842125747451886094064331050183186948293202653943192292827793646643673643019405399029829505387403184788810446702289273331176588563978798542040301517488016104423414076471759734592517857835829432360274352900780583698106282535620038546464349604066685961232393820943
344 82424035805850334171943282950079205160734526049305818763176808811343980906207618601538544306411112086351698894669999748249287994781607322821951976327410485801262279115858542661185195715848216848688081719489801807639361838904185859196496431941383343253351253880520582890594958352091332176039745883818780734999631718973927569667386259308443235115612968476920735017687598233494823539506975443500560260070928178390467630115093485536282430489553981786159143057396890393883808179312386869489
345 4078454147844119766782415444552091178605200271259389033854274199377878845603835921356326203357444857871846548325631533738704235917804514637642782787033571834078964764555700917003693177475422096498483494047553010627466956017231173217929681947646612114901143230663607553682225520943220357221988464618024688874595095786830117679673697009701200694666957541609515441149949106578821688463435889485328185829095522784057540806374507278103506023151273389846063332157607999892294786044431585685081
346 202162316531232185536691797516026741510428933669464599105118323543919615779972350088764673748445079494111034047668499267625680522534684908771505482182239953553585116232490447346146526205552357799530841393036577701858140839895294656925519523591201421150641770254100898523660286833745770340893176418161057445734760795163840088415697511637392159638704488314613326410492933202056572961434218485153773487269114890740294573323734709542743179314404884717232238026546619010526584665104930255200321
347 10041119470675586575641561483266981461547309308175100184865533991354050616553975782554420707604739529241913331104426369216143188459615151034027912896385229643650263374292524684811823338806354003027427156248534219479768763549887960669211298604434131105303180945971842878173980465322888092194757642569608913782640799089081574079611595285286261135389424535404641465471861534334333658872381877175815651731935811545210415580162444078008776906852463690531049144788013425328436767029624550866102251
348 499708481369136294015071924587080152547244864276119866367477402917060940577441724172437657335106284055051553616176399572952451161223060787458695699873209931186838930936379088182109233612860481752828352418585843781434706436890697079560284772602781674844564239505905892988369340960807810620981136681538889109444277189447479162936595005664031818938493680896126284360817051168400823219169421640563288298744802468044726879875098536901671917058440649422229104930294745108397133369096169591388297273
349 24912021176414610090683826625432405350380601178465986995905145680786618063703782831491304600502340303445923581076433697134359128340421471631070611706271777762503563226706995547913379152090541000192974635676110820747016361699286898671258320363381900487311461848310113995111490937856612053905877548232995542026591051770252152879662563720948959448269892871815573128386301692915944347750119909033792359527414040214279738376156007122445167278348716908336325240063958270343545391188507127488358259949
350 1244426063128905950875502751891173837818224411274948254648193979998718773545417249574290808380513165608934781470371225091173381653137600795015828688798050688443115350561282703567678947296799847375880057616373088845003892232360279497868308958469115991488593394098482375235097766412252016627143582753597137338755881382737387487996650034309535946863586281545780088392874828760889435885118643655790954893674482224003175131418045165284767140169394137050713305972857764803332847620470468079278208848401
351 62283817062368904264816538340203014471464184582602989931435558746317712665079923857237550651863745762933482055686318432927315290996534475983095508428310643782915490764439988325012321833107707693483863305546633906747253283498558927766157093931898897573752115249744887203764412764774926083979989428403572442057374340073746967240701729976171022630200589403007605723066677628981049992106663497050596620585352103695666563508161331447823991808857919463975998473208360879794042688655567583667358720745351
352 3122725618584903753905324639274574011765721039357149492378382705630953741791089644705944320823576252041265193990926198125883334207617312265860120156543798541906478233165394391386170950667430669567190797298356848235518213318255954429530241750573365372439965203314642391503211074480459716906317046228827074780024085050049223948507247683094750690850156928705550764545323840603704813113208894321851987988528166944019932423018926806440212791953997791653093554215065634391498593996163668195612170955480001
353 156874054570287491796475440640932884021882983501199556250672045322432655650874481664108722277852738889356375314218231800590536984216074165691655786314920557200430266025712994982580040247081645412551923675916484721213439106410833206950155550187349584352838656230970336816550010310247020875223160982601260587257990741650018922865469352722106535997739969186249772245661794683669116395591387555282136047011797794684060226259981243067703762494162982212542823933773588191372878583200530940326593430593120353
354 7896012027471998060125519228641198650188136702997116673171128832904886360563045500469017816075834332408419121625577415002407025782281462013447171281583087911090377486451968184295311101941712972574082842569919027438000143100807771335461771413789379001276981488703271041207500882810120236366240727398315557947539096741853522084326103512641213123935944406046362828971034890150338464214796967044801069734465308791492804741530075643448521688695612623128344490220751677671061446904786736616497918635527454209
355 398118050777078740955642696801670516308456169223145231539758588493960127842261189682213232034831569939989000293119696985209040235034556037379859506283609241304807710459265982120694005439245184303029379254567187496644827115776708348758419841048938262672119913225307613568231763172037327380413431458245004476608908812766104645137688788487527448953953254530949397468083792659670499320467606819292069192756922106450111600186821207229830392596851084663682221212043783482501508749853391041676586025574219339171
356 20112480488625107835018711322147706051338490705818893465561714524164071963487657300410756360692585266165404686030924887365421823041468596439850242172479675664682879241910618061581527663289995563298429627606991822411537719618426117466184467833093160528293353841771349841304071558860780440769708072141745422477320605315923982681641222345074655827789935182166958275580401530556368356754437280891598106220729550964395960234278664023548162225238313059313938904969370611492331160300664114312519582448211654100681
357 1018010480520536222673681831437822391462115207230594498620928976426683610211445347649685227956356528195941413277071398595369621741406199765699303748738950325868284785979710357192822944726683681037211019271593358510025995804698512258841843139107794878709678274384090744029108033128403775912735211200740865635887311651551372103698774184272671170430814589218306292600939790947756143464220477976013557299262455276033256623468849623842572333242589836370274115579067967635561076820127611887905526539606171317034101
358 51615629789881027568208223453355731650136426666138568265471927505301064177940104466741529313727170415009023438530239927839556963292417995668380408121335416021778906323668742556876065484011232644477820887493046351833610363602991929719246937577699456558234742286014885967642819278188971787344239042092014974577066750483621143663537917690729509712886641614065727115614645167650599243101089563853481215145125199628990840114412330493096176589161587888446974973860136497993642826856494786156666197701884855570954833
359 2622111311119101559530609642691765451247503569814028066525052413980614445543443633403038656748403722942544734741398626082464658478930353432259880459217272844022238970715297194535364790018452405607396917873432243206962600157155560298602419033454003931037295123387444023785350988929949876800357548910239930439713504033490601674273375980725340972439407097506095996484443443181937813446458700685485068778791686190184580933816631264686692597947969426747124250662375516870382519100243172579982543952078023519562590719
360 133458854288579457969997545982743574846741474233504494218284086322290845397138822604035883524155257439741327051937168916356559183927937959719465796854644646625265936234399631721671355292181292459871831536697153865632523632968617752829473782957866017332562566303779554627894373622658659964656912362851857463695222572114176047185847231691817585138548559733021257334142427255369452883755002971118699479994600963176530788695280122620181774010952100376727494133115348853327963234176684107637376625875342373527419319441
361 6804262848332803460885228345094438333310373256565253056847875997107400379754117923885711132030254761875507516247585377190340901119840039719900949742456033813279971789505347919772334058445792999432185403036298464376608327025019294749744947995499743782918820659348343417086052337135801373761026366162823872778035329404617372654261487714041699420432018121934875829756179168722532899062139818203542611725350581763227306965081929715547931636394195719079614539754799389854026362177110070270524916016866941107517621936361
362 347573848841371242137483257509316276377435937189596340582443687718028053722580052520944614963052802595488621243239750822867447917041628771776395014222332812622410148423665371321588342169243867632169488849867552791553467843448955911156115325583182094660525694894780568748230266858472087362735493422537605232723202313597055966242829430169107012198657364513827111532874449044647171134563912559289182150217118119039615445123891328874230501665712302419135882155837121562328938544444712778765056328028926877709871911777601
363 17788243844981511968572702561626212124499305272972430654016244656487640311911475668061561945666710155335764723044492859150175315191112417223835624278781004522905413227407478043973044394462079528873140177728525014260142921247053861086417408230083028971714466984605300326630722800614751088864030114824744042303342278482621810164583717362119212673274460247544511062473275127630838012889435210831023067594871561188875011973400488313124825092964954683850638270459617140412933829913122145333032708550670418935020083414966363
364 911909207693001883549657018477105975751482213425186073842168237932382694613881095574187318961234367394348705403074696934224111767744812676657139826135958583790773386199147226789576373678589954412258895249116361024132736742296739306971402044526722360509945014546933715392240516214281866409305460786816777868573852774225772281170468771913482766714564233578518804347413754972783996147048980161685743503976290108367522511026956544514416329704980637345226466481478785763571121978158448039301629822663087682109480711584419929
365 46837537002801066849659594799698084206054847466160929747681617583490865489085828595271641183259327279941451207514829452661345739942289305549015765845361237781215071117714900070253687201185120672386077795959815846477675549832894181759851232244483738892194526132384079825233402136757915713822271677693555632478756020874431971212768007039017930502547559121519522705409180456140104012499247874445683959376464541413309990506136965611324240975798878580590488847496549332037218429732727236923086052557781253887670276158582395261
366 2410183614247044746994228857137356627067032546033278066440279882644438757329644485853930761284538438517851152311206150719353638116233485057907816807524205498694428272511072432992512365449417006878471481808971649241080264066716470165701268089693314968074178609707044281221391233426433745380297312733309049092900811140075565669679360695770176526273792347610283262465608513913173242404989609985455408720031100160967244081292125842893088502827122757876986289460761282607299607071990135465869811710599853113594438558671013383441
367 124232134669955166370392909955493943927707541437503885671015534788031442930798020043609614701315837578728894707107954914162352729169263010532535126181026912707303844934855150459812020125172249016812137298138426318454972565470137874184010867218018155108597733103031919320470801794492348278999413819244162404555681803248896484711242283935692339331672428311364610335236612040727387287689262869785053883416223695737784576329383250624573965988115486100825789946721512272762765792134177209036174539720161736566599966819233671698551
368 6415543779960200067750369002640540010653406762787172291239105771837691477155784688617687001719075196475024503802914876654539635209697447110487430826061639093955674627608555957696427792362760027973054879007052810449029307770124150156530748084761562930585950872257126289605471843608089102791034590110397942070367148039144347721952666525430658800294865664632109939171208549270378438454613235861078214674781693827456409121094712745468868662339372454802901432920153011650666019710693565127018939291386455321266246800992338167946593
369 331925301985709075417802941532183376635818554299857574832397545602265012287068250370106159897763698548941929730345172768207564584635727005091285537583050736925630379399863954467933177820499223308951899326199527870352365451564583744855481211206381909258812217184851698734241686265248525018872468458620184876361179097373189944806168404653367619732728164963486526234726432004327903864702890002056743894767301957167048525764084060583237829500159263642637161742332728795462121752425393300605532229678160217430876740780864721681954289
370 17201655333088261027186196970208617010467081021181385217870939045538630710745992988131942959418843915039695999797948586472141766383988289731325295391957057267275834090793714545706727014657889261799905647315012714505990000061885545956050684892475503227765515590711762087099612803542953482520760869801423486115786322524147341396715180624848901762259190550220309692877176454238781278434603273615908780831623150048792291714683694429395385818958337352245972830187540323338463614197909584870045745327358362749282619435098243468971591681
371 893115847611054376277144076900721544664976706344514018140746050074538648086825276525104749304124180489774791504009916696116438161563980743726174226074152642765044090998189859450000013505945515880961088278147932925111961389916935766827193720904971690140665388179977214406934683611355358686580713457574054516983013044308525135874912741341896747766517199742442279687922279686123549480642948365728917430379567808311415829017744825568260024288152858606486105466776031004003895285298902031661941526780351107761763295174582173538719933971
372 46456502051189339158878953861023533655463789655085963315383957134897456884732684004829577318470147080303033485588491782587968828694510226732606939970099527300546326271217514889263187332925873899500788308785557123688381166926187346423139099583205016374097818441144569899656290957242020388027204458772366832495082067740726308859417649648109669908478112404280237735928819600920214912988408658948058151865087107468632166960653563821829316879775014978831289297836789712757089348240732640405783350694701404154498213502163882518820585185001
373 2420491357881366420042900370113455184504046575550371300004187996687774958536208668282895289033783633482761557809702972098781198290881502069132273607604876914871818740809839646771339996079890486699029366506025091878089073055467135314909606222963534167844472156146456279064448053199812116417682453621806424998306984011943349189702873158044756299921393518621285619069293696403322896712304875657226860811999061292002553931087579599411545304525853069637002491537679604817345129670922630267490536754814083763908491086978942660158527896263173
374 126345673909000827454754303904549973836037554441089758401141546920830459612471736737800329883476838421521952527740102973185113691836853214145601304520750001014378276631354671784615541870110866488277666131628719672834924387674781474576783698160853786005002638758447374641313077012377036266332875930140951933556801941988017062943162265495680981433012254086083606579446637536531082128448397819092308527781746372102061368702273780615961033234652791118438588541685654562808909623877857080572774895244748482072499718872223266731697151054343249
375 6607120623054016018796686125425054965840547138904891812823834335153295489946450620779536024964699296417955729834305883627771941232378418863797734644229574258495191884118740433866608701187936127216436636783831509541611473936211768675297534368217119980224396506934997164783164978129553364436903952337803669800285740555954818601449643226706276153005525890707985331216988829504102902920157382559664316829265128038191185924047367240888794396597026930695361108168513493071848387882156541882460363883856983764433309498851089205872206425532352751
376 346081033565915656429813463033837144592533079359844466638411200870613733424649716347455600311952853892375264212645147720481835001528509084059599108110813561569267770282698750893547043151392576886755305289253850645443603969965477496591369807138852787020411616406475490303572004439403202692016868072796154775812840248231009542457277603642483347216980966877343293405685429750070139166820916193485731545712133474241549374759080406058358023356347919947284960546328078068704502824229055436898008143746532231652599184447647797293105743876442366001
377 18160821054735032327550170313575383455473828255553500401199369316707708538783164596377302113882187071326970570623999666939582865550524812278589383045536563704596604775303707472524338446837024751733906229848903324515167942632109665411917871247819236613725783681347555314728715863184565316244952374222670377407321914068541415417443157038533501729271708793015131821107661322400952719278045008685501233962938371940632202361779683472908863709442391467647125944924005371424760759791006903797659268373256068203875059545431128406462404042538840475001
378 954733383613887911024018021964827774973303066289599724652603533993357650829672432993118092724678241737165031186096527282943511079122630443059645864334367173994807044732903401453983855057629346656918232367230587465057677596038000298672693963011332428050494437332397273417071917843005013831904961426011016178937426209356248861810132983710601558970111014852653468491778261882266547414016194301283037473144928801610309189467342084603377247015864152947575953750027130041345413438862461028720180769637751230779825547626570725517259409274600907634753
379 50273357152958264446211015385064823902276822073543595287426030125261038346242804910803625870779831638523994433073305948337927889806944345976056876364773964578984879916639171596289798786389979908480869767917639827544643904939938336427922439699140687695181272244953593494617903982484597816660460763007899848660922038623764494719226935168386333437473200680675336838562386113845761799520997677370160697126398221681876544388884854430355745723435580832955366541365056223300149292908448235119307729302381073434665124926523067726568586546130896716973259
380 2652028903096408465755703514848501408500368405620649169764050077175440779029396531317008681309769715850968452321808746233436448374306230002631329070234433154026903673236198911525071573357155819891383744068531227904236633702301233222670100510404220163450764494002167062993283195974031794152544827798896103456788674091911144750252968498822772858176396745785609151794088162483651050268732281711672438477124875262640727119142165868126225378465571467271017923663067913744354225262087679286979569834991791916458213905524077385493185514488330260846566521
381 140152730811168545411434779038222997560155476012648801514232011042898809651518820330985876395517930090837476243743430605522960913989547466412081526451669993552759014255668946788927826378756934325420747569597080434621843361083694036237511485063296316451282973358614022380519980803723613886223497372373002653547356796763398105828148320812823609381051785104864761683979993438767679208835344584982455495359457521270557456586228772892704616493690326774780906782741975182298920668727059316643260004278220724173368689274702793274488885638216352978403693581
382 7418729379416466071933865586487908202131793775820290527227772652578191941420552115317134829967021954716341390264096665805888160800238949876825596086543644585298189928586688210499764894672298225475281072568712974666535387918287966384272122304704885080959627568982995288531300119387843685782325006640656742742675649548712021651277823994491796964458421779653040029171042255001357072543485388314634321225319392056372643553208977997319609482332693719770058874641574815191694535296012194797216633052676952536044185476136712538727088845787047579661792131601
383 393400319993873946994950466544568500198092412266660811993027148984846193802916982076257212325153525939097991878084785210112695730093516276919794491626603514688681804338729550191681731824219470564107053951790884946304943530218614052078123890789955896109910793555046393970699723027840379070332004334147593432050612854233643850892595365250155804289167556954782167199586221599196898230755319133194864362063027987531629349927398082776146703514968896209328549520411805117372497188390777213582797185977052331641205553713921983378176294995447610403792776730983
384 20898585754052699151960327248510822381234199485773256366334255756627199438678029509421476844247799805809165791195211143381755015212248247897805794300664633591418642144028630479092556297994631503979114947869261335014088358316929553717843479224460586770831317493760429552375056034497427432308147010896552119661950196361499367122185663590091126798393330028507125990135963141651540972558619243983637998066123820094541808593232184929616188324240825845320423897276259226138798384547171917594391595371906413602550085006738588856195547197180329349262123569792769
385 1111985953043591197283417806784460457485161373683215024786777235316607044647281470213343130557157652729850926740116435976785338600424991084182299861940811530040394031321130038973713978887238876121079652852695015945170780930235377345785513050822017445397725663319227512627250427193106373987686250387551220588312743326789673815418917794107988689955222338005639029160379489669211128345674102274193536889316297448609379241250782996951405794109874756599342522708561950446011697079602277430810636251695211176983640531353117175351865957924772990985281215948615041
386 59272289260937915521016894780733467526771143603186349469835910941236268336470528100367209400707854927566098045996171081439846275337450437464004717504017875141615111984758906739311941211779845404318666509085459446406893632437755278805015349065209097126286937382497286397255497479629028015745569771147931433582675347696691580731380216592691022796065753958200634627947206490894480562780540482925722284176714355125285462334517315554576934441762876372186475283806243218998361681411294780686891372226542627886819469592419343197981449410051747713082005327857141761
387 3165011118170709536493841127181926781601985529183949978070769658933604376918412493495492883224373384068866226275516499099402459086029662557556923808525789073162339521008853682237256732656762033210654938911936386442850564561916656256813734796612296897139529030130234722175712574766291718731059297060484541936545094028979112528759391682716133376305298529494644628022052688971729984494716946331334165176783375259375143637374752317944838681307192005245254670658031126815485189608966513454389426360445554753361787602443841033117201718383020492306926189034760542851
388 169275696755728449769085359940258198841650361852729976810769126624998997920418613076905116412113697864159457364567589938183549909894715680694877241784968097053656480707821901164208598326790279825929775641353223258364352161482337794924945245354506906925542584068083079013459635889726908077759606752453660975859879317671474166423668169602155699859196321825453014082057861614737826759028205692254913092776630520727541433453899217968539739017028502895568239397908432408341604522754113920623743890911179590793531977457035190921529642245101459431670204789870772597513
389 9069365563021122092742898212636072748791498200732779467803450169917272106251487230515643811184802362367774475559168654842865107229464923568539969603318276156818015235891280301512332442922804746356803463979589471893037872433805919439170829999590044095020283953674345615279756115440903238810051381308942453316900078826415895162724795972294268918825245673173027507276098599461489450143903042446449668395615351228919905315755681252381593907054374967437600622113118689200259601156748493009444604778959914423766796253576354088157632159860831689037211796799587750862229
390 486770823650762653854831327220458645749542378091524717557980856332084047923301321698777375662005925966649891739775424896913877062002093952705721593871732672547356243820799584268945965616273211942907374703835972150485359282893010681592581450321877239374083679529290932702704406450066844930326293205241995336883524210808291307353437301428005711671336563326858730503900555051342639469900521186127377886857883745876929084792001798104431985754111478703114378573871072721715070239217282301707349504213728384458168122665630168898603121918846880633906195360194066004449361
391 26167586778462325768322771283757029992016318774769189499519765056610682022430009111596052586543775028938281168518324494418740233892129409870925547945069242676557580932004460209891032417773626564334713637253533472676941225701378477549656024623054120089048149108498174849834665767280536069407236233619986901984585815494747637095488135311771046937310010547466335496892898740623218337082069606758120243192000500045452239954083052156111595792027505652989771977630559353391219892386243905199535535194348784103744904422672438983603865146923189291012592964031488976773146591
392 1409155141483553233690687319728631763455231879404510730544867881467295505504719296892926577354114287266400210946535952671407240435313235604837585512755073173829736724253065793387506606639072122336283673859501132041646286393132443132828815891260539944138691249204299137723844675810863870955551971369420621608278678835734907490459392273126924114368971723249621300081425174172505744589525844549417230176839385408943448601553666886331780850678749144437549490843660028269538806472778821604209743317937946134583943665130530673886761193204101413552297019858000625105754446801
393 76017492824083246715328394505462769314779091254248687240091709693198481698804959476307932499821086572026762417685394877471191005482498179923948945648663283360508122927154659673457392648576499863249582809465848255490838274400709976321886959944995308177483244978017778974932754461225509327116523583523271730883090201674743332751135434337600215553658069457483912641875271048001894781420118527789532693651320942906992123285793366485394280171182923708221296523618027086472251052178090114551498616527784523077256288162336997921313458895949600502072367395105665509739716905993
394 4107291241566875305280061247395935781764845096420090944778108635254413711346282443172349409772408892430142606114944393189644636477968386546999255159874250533140262810988033781768430282801110313858398226910196200922209695741052272713711695489274220832615884904036812603641062023905395774035717708790083973903020442593533585313133655607927800622527889054357957693951207679433452418918935433866518504878838149977909182401652012049447322281507772334585213608309471478832510022793633281173971145026428380806963781283901562257979390507970348449918308389061940731315503588129089
395 222303691659163225116413467208816735298699859767173341483806541137413384374708027812666886500438173361334084069498464376735684559962740414071260671125895290915284356667781247361476728268008315880653234854663070488514803973426466032287191205723838746862939115313328899687076619315811179280535296059573911864972107630876398130950846873963446984339648208625775819041159244498652586922650296255587381259921002265469530650763424900062832932762306647357584251869523477576144437894651651576013016219862575836178210786280043192863953267186079819527183083537914473523940733639689531
396 12052906099871238911422971504093987523757769831665896536659279320689893091159723871110470421447593876565859119133876469157577140743203932155635435082427362080311163527820860932341650746165968989598185807491833034490553964618408959647262458781963458558524656531242235841555861196116337195859679861363300691342307435717516703007010054519924168530955453558293997143496207677699187471755063342735472354372876080610084714797731446526184744755803505064068064629840197033043820869145127816103662745910081681162691606912984550179357966875162716145664705621238209196804732875719380121
397 654515402105761874163330151821766262507414839813696522118851032047185285819945223632129365098047792830488765567633478451881791178627018955837258927189957630474111072422569105076559515581915644283328836460784722782742594572433805457526045867214237081196301373220680463303090782975398344170526643870308235889252765066198040117687376464711990741906767859440965739631344112894679814839054943908136296887520739500154639026064139171300734896029249253639887177241607725752025038634525245657336229250944009006987966275340866918572494230131884620681886503838306978389175804130871481501
398 35603323375226130821164924158654262852286617193530551883471044977342218270136543692117115925604933903312542790301626060047252232219489364932808291556234208105847795352877794565269038920052039000512585194432075360423131956842755383325459949701470374153012685569859743440907780258852705461222041607988042068005247749931538343080731915214253418043911542033916433802730071259016850310122753318841539679522221347659150491693883694559978825921457001898020422582153132682452844408928500693225494535207979281364236840407999017355100315270989865208189393433000917190034946421093742029073
399 1940034804591481106259462959634528855531156797215732200054857133322269466031919873670798105336853451963977678768168911445759385932490169869116140847190251980967493499729740747040843906718752135170963531892986645808137601690339081461350812012004388607151259565445320459821783184412410680430226617782557731104237876437913482518406362589689391590946058936965717746457991861581554665972253291851102584504562879340536195938024238634376325605806945623051159042484683305085574804659073566404500830365476345395156486882301035852994735229347949992520086869822365399540363569182010117427799
400 105878389689790678247144617729234654874233648189310367305572638724479387224810861276900205541637039049031254628439500556561491588680818034093984533002809903615517280022578559771408648100158120278652149419538522193153227104981972255727401947817359665575286310235635819393279205702471618531398198717675246206789355474480294649287397119938882945387224608551909959131394699677482498622043856494350962802836631353444093182555061667315275628565043785599572522562806473369958654989898951627280808707873886863722859507338981384256143963962751491526045027452353190181698259616772663122749601
401 5788168800375881157305066513450455006099177752276786447907551417108297423138603234538791907268184490017713083960579019740102947850911320677370187865377789517308825418341874572388347259740463544760460746450897749716685087417085731434470809920172031380396110927185250872562160935015363410142436039352566760260426896363553814204972210788133728465195506717164972794047114072616571808117635286181460695654583158439844511656898899319087896245629581288523631966674446449489432622654887662266069736527067380169455059236455624554130154281212733978753072219359299573711275708423333890962800401
402 316969751456849450601322925238828883433296728025680231336706635602000319774658550971334808003299478185039732758374872415639908451422334567683599179754694207264494782774992290397739709897428306026183011262085955737341956398547474397835141056645675963967458145224614652627976183714766036551150785531674826829380182277004876410157352770174312139652943360206466099325909008670297940230067063299098315250186469004661850340115986776273050523417063659225929542381217648585215631289970287713548002927149473181552555555157541775374485685068623912778975006138866709659985592205217756726381760001
403 17384777926230486365397529592426913718469509283438890061729627143265526499188619010530201741726273446966976041372079241134465475529947563299702093868873656289893111356974701282668356600939117611185466801990534810318028472175851365965603789848699688774034761927829580010463370701364595887049603215218359865856237863474177334464584343298562120701964324707991455331224997386079831683100780817901462220993057116442556559554357037670830112399359251985448219324550746768769290732971661087934468928253835783387404953857216018880233404963792089849760485521513105673330108438948204597439862940403
404 955102852599925489135762135170481327436572900218791955341440402023312358832181174625221723470615769936776601921489643913149583645064686980957736749187267824831026682080868433257014942762452654643648670491514675650919312744268242372738481821776089804586487108797403332870768815139463560510585096206570290428606957635748076558555312324240954934434427585929020037803621759834400164029006402991015183681209456282648006515041920120758983831568825198214007739717611118264754312198799391701011362664057913775120141280518445930396643179445942270811630703491035792411999040857778834936759304704809
405 52561582026792498240438350239154689496978479783535841779733321157656188421983889175370184484103810412199465571778019371648314358438037822614659886403408541097977951255242913217493812590582550015378557100094253301159037917904579644033073467536371884850056282649107364156536827238107951503476546790189612196173653194519466014649094231541861063015609441947864178601253519279462948408766685112843810086194568847869653184090005959139326885650147793684106048393888418919720881673781441874919188815239117941410054816326828137462667406536838738758182109402972202525573573278973692243072426413987621
406 2897058946316624677346782142152046312112959588739807033679934914338761634219225731678321793465356671804936085461077624806069555464648058129711916485228516183250288831483443537087690319636240973557544635241785558965394856535317380143325165562580614962057624029280583245468553541395383130542532624864217653447571292416164361479744384482052595252271012250669426099896287591589845008397716442537881058685078574240200757458373904462840549876433308603543143694276881605225752231402604629082756994856131728819257253366444513146646457126712500479975992750432946552795845916059678928476182800722726481
407 159944620999322372855940150028234290982508641571715768250472980219032012796994776275303529783738707722509112739411619773445255594222634538408592570154090964620216006166040640017538657358066330976612695524161543676246057451075344473492713731517223061530213699328837613269409069814777376385298039994110570508623413336462220590002994389956992815121323940204978190915945813561160263979687239286350507711386349470796012468726716829919240261301295235945872436336043677781499303786251188606480055357707174490862262084122092577481766495123008788069532429325463961899100848204304252757127515273334470351
408 8845325558270568367102454020246633492842226597962745335617166434952455900022456591391823554306020547855173202751155096783356016811240880422900221519226125112732288627484890105902651237451108060617796227857936147666367801081463894012805839654162386057923213956832636681223867476294211498722769584698622469028750214505247823782648623398397198589946659346553950791344279846338176784941111820702887373974349295030473243914127481530019893499903016959894924085038953796914017233325244206901876653565449501365342540043599827668087854086083315657949060551291396651629929243968475106386901400773476939633
409 489919345947823995788599709417446835897071844065740142120372438570389857831930204690967227289989288041095639810075861161580042119048838821210342225390332608438542250828299590100536154954966739165689428177567878927223976097910126771092809532314048984197364029763049168090749994346245952624093567139151149129918648747963837033663082132950122955801061869643716171235722212155381479499432313402773264454983757019061250224421864561011470243780912510429855193381880805634281529771116158493868172191395259862175925005061909902747611938719454295360842512717184769422696918681174519253427912557586545468569
410 27180198141346746999005044424928959440730253880421093821613299593680699897292042511303417849362034923111636300861171675995936733638168309514529001592143800056543227631767833271107246985610211521895003155685452995269756075073755009751768935338056095707867184464164839369583580292477776304791548097036370271044924879030087511328642761973853428000726630419528836845761432012733317050317801307594655187269446665909733442905786555403294931127650651123189480389650161404388633351190424503634407969842706881501343323506683742492284950512886176778099858059116007019449453660229833785340810641249456281880641
411 1510452841007738356478415559080086929855443232092793859151255939070858029772057788321798309670938620592945630670202369855596907192715151547630667148151172720210620707574709055129922832993786522206893252605182765597442972638424435396759180186944546613761010932885429684444013917392254102525612779755148372102476048349415095081440990419651079659548881936243160845046283719445182182117092842521261838929028079949569791714865823933172330872126387565127969300209832323608900183207500625559010104006232933765455633863417938844153937202208197379459577821905170311531272288581303424375360306536953804288938411
412 84066761826675559886815352593014053246871019675610665207855215562567252973030616580796685780307033548397971895066085734193449804673634981309785435548676120568189375394651472982971270304455231739017218794807146043623955184897259897593608514477184940940858823588256844999416295464678159579211619778373508511985067548868801273624006960643076298941585817589905772859977833689748515292566431974022584632238340975231581067032194221109215181651647954697662867936990566881041680764938284493360735799978248173140720756466400376556154024995823440690715149639877975806949930055546021663770497851615862581197500601
413 4686544073497202922722337535155084613264606369755075324209278462359707527981286759104827037048479131148737569992490007973937408785091951168024010333149570071742767196737162216446103616871803569164541893153336272638642290889286343208880145873140899739345424903274217425129743113550524976822174042145736159248564287164791579741925743131199624969160627599789562773626452639269906558056980362991640736802948283807058564421154843220659952459358988010689583961277231697808977743388715246542782306149383489831526188412500171860259749265243865526879920314506109676424364817249584236203100645355668793704610202413
414 261699157688009930707663615405986356249747404969736507221950384030900626441875551788788740217416711056761994302311444453122884749068731277906667809593960515451901144314819356201133253187762543041800670183440814935637148743153034572579835209762877173350464001199327390811385375241346914046170342194162762562717478770107866498419598908977348735519360182343180839523321905205184325938373030075039470201610650255706056043455863980393531084336896590542604328207781460553804997317244191689161705563433954567626395024076242973826117087844181898826203844178602269205339532353089849714216908964457580316293214464529
415 14635602228336650511275126232464715208506248091144999265791450851349774674276596436006567668305873921228944024864500915456987319251776187652216401150577700962442056928043117509775526992384126976242442774157156259766548254167256326382930206232100912745300387375966659262501582406382947995218931515140021994958948298410793245865199557053651820481149586445500449694668051865145764967691966701857369035790986666882752250046754496294089361273498967180658396813810302567008073657867921950932967034115314783707573111406214312158150444589680065435006061559904218328629252473110459725829024172629440996174604262224711
416 819830739495891084664199938147459802613498268478764490718187583469371125056741474517806900903605073443893545925274209185459173522618424317830421616489005334988566888999454957917380589407128698194402385436831861261811680251855542953100628068696438896962237840007509955074042746745498644263036653696198951515454778476193634561325461484425059386432637014365345229831428879818108410707461762867451164025905531307773484203245368110035675793315966697297235817200851480567568539749483088459448395053640892171662087542557868839469377965851228601608245170795198921835099371724761527347883746051186896442563683138802241
417 45999573322753925522035246501836944345569890262454075097515701882564055273982136735334295012038426070283284242276321979572593996601844192135637552264790348722604780443509868612481025419742454128930870085906054151750209039269795431563283378682159554104186343007059390704751613928411629885193884530096458280343000313347615706848485017130274545086494978894092085365137722594441130440708181675022265299631968191452866999545465725685174882193237794088572447038992242830576463276598520341676325243524878808726682924499080455840810232011270791614964076829789094677444916237162193182010290909675143562247424228295088801
418 2584866763076769363013953944299956020995565759129559387732890263967912167570091873682265601568394986933710662123571024785727098241845963016540921092657805290079353279865005549268261243842601728951659903004496264845972867786172084881862952114177169089856935141890747706289426117128474384511812372324466353789861679535264741653576382578341363147592476038767946094798594015745007270916169029379623786676366007268937665319656061706813444561029650628851745859124293049734601016854262677013919982585576764968046805706357889614539484155872251102756335587749493656581418601252579862741022772184049532050648374804940155393
419 145486283641647560766491988363031084375343994944589082706857295188180115491710471330983115270472180918645019078174417331066373798275373032160290391376390369210596493433804001444015202261041576596425162098956910673947319605766104354865021028256378647463756764082239777935425521131349361071424679331494120796642722296606672407499972272082535764559119703464733811725795636341320211907690999067753566383375855547401702602850543195494691949390762541767943732212135911221545202906427661894026531930805506115841778636899449775547088879871536503734683118328377436925970249689108862648641247011382232703368153727997003575139
420 8201943554535415584546789131187757190947145715291320703435952354304213884287489863430902212268906199720199987838934001477369631551115568531180122570136301625185042949871009409971166956325574477645635610684715046919782431161556615829721598537407167272379161251024635584747032687781219042424052003701648016932476483176934782536357335142313080140098023296933809826746746646976928679554203353994503155491518028534839734637242501323447591166478816274028699251515315305054368134096445711575901487732239830433850479399517398972418274534789525488762721462451299056923027769298169700932287617513706226482506527920055446359881
421 463086796520785288087742404249094017765746808006911181756669981007377397133272257794036002776275056000314602308344962943269624380151168140182051416456056876573349633140514685970199780647746626738558745341415967734514087704172120113339963911590305383705402607520958416937560240780050141228812793285361236956872334847792824018732729141278826166853421956599316963589403321537783308215381629144220697134798407987722490077590316240488477565016476733939358935540208406197349455080109591612485540023142038929510727347604378813339076696285188274551822658194607192742121073217727173946097475066462742876755607526093423992420021
422 26187971470036906982818855786600250357014071994109152785983176916181385418377517798538470444901166086035126875711145435422425839391202627686764598419629401960391021602105738221300967844445118200518455907678976913101879140395734692140572982127883177828246873632542595951479500887225244165878124592680151676219238491333784639112877826290912800056196967923233549552944587739410023177733304084304406305043317185879291544313623364067859908056291109369347169665290080228390972232994648767714256916028171630332654025924165088125575332435170272864918491641018305589992180623245956267478842771619069129486312549710523596148498001
423 1483361667255907910564570506411679568415065874064195771599821344086576632528661541915399419281019579340725297115151838005894869320025496764073287534475185021294016122162089012015598431639159331047997369773146821578964265425420206173680571621480715329773673419812081403208806822263812181681020051674322341660476875445514371974087194702344539243906291982903088070992425090534625126244692180361675825915977393171435988479435400634194205849875250566245833936088004027954960123672837386777712067029513364384871397897001225224363350822834946950249481112103040998641051140172297381674510925474339144738821387313043414307337676223
424 84147133366995206545955116119300456303707465584145883182255952973789486285200559191697590130862774725732883696768577793157182438923289916795410557680380073830896365735542803545812080475945818683641164765687945557996136005146368679125544169623819768153490271277948284577064935162947442691871476529871015305883929879785620216261991742795462682984243231767620761973482454404958172342539605272379935588660302009427826802269772391458830382070706446434825040083628445784619021952202880147156055874400506165536113293808468469678268575569918765087397136535789592546266115435975904294096586809688337524696957864365876157498265944849
425 4781012192461054547728482539157628558334895305871610653653910699244753323842045131395169341364776714588304959109313933927040101585414263597672014813437752574230946872116411165012583265312866658183027268719727812876644363593402177183921589660223923478005223551021727953666816378288569434330444878476241578739156791777482562810434855643723255198663281822735404341393200154643624649315363159400543815210789325931250523858006749983757640611782629494045978613892734914906996673884259125934243462277885144408958278151359325355176455598482577543956258449335704736722543694576384652778961995585111624036326086280047704173923679420201
426 272082784631975660031464087794542286786729765812239688695941716903645862505506854984550144695804504911787003499259675142589295553054008780483678428525866093411412652085724851130223420646689378113032153301840785061406004993254123329681160595851048825903221173801158796811893805750227524573250258190189127545957089747059172392540947341006209226950577097141871874734228201468983072398608894060574527645269915575424015647852265944265553534759302781531545253896951060752390810959729556223277957940996193406562784179190980110785452273873340017978912754850303692691839959153624372830525830766061025505971940080090470962356172934804801
427 15506921280726457805176637861193889900572966409821851838843382002808232354441068096641398837888509869005725596799210684593697176120115648216292759896558678460495199668505749433099500590816679850786265034129643328336606428725004172685360932506243617850092634788673695719489500317001862023936581083923336448676242594482245712546774552374124727981247814208669610830033226571486660175015404428624961865972217594382332058198794557417886794208660704908556618761037881170057664735406061006865881874001207834676876096023214196546035977880807132437052164324655009423193320158837061845276712872660134534352356161423532349277417222249716251
428 885182601113777202146083068699044839918807092338479572959797046016827351467956761587685492370824123806047574268701633893790145734710141025160027598490512747218252897600225173171218421717757750707595291268785571946223969455092047006795065934880295746346198809166628053947390733160449219267513165368508632104486341332389878852890495663678672295128496104327885131338139121101471271134778593849902682940445217559928664849017938392963369136773144575134508220585354147661470173708300564532556636149273071372955204808311778197303343604155984952837783488775718372442497463289670582955075457793583109169808143907936769833922482356143118553
429 50609943989315120926856333897678415003914392173120156120275321460459530599524367551144131736397272223464593185779402824252839443828648569711235162482163696514714383542178956066326329885424121737132899500100000086628539818002242610246005251790234574973115287648371205124101855096849030700176437351174712825893420235145935988624103867916609445775708164069587821470266748308766941650414945636784261057279393908462120068587906653303158870935244283716713592641776542206525405221464635341673943117613973393582743390260538539324009459368152113278591962914197820034032401038369446463970654185275831886539216025184950881030287223229329330109
430 2897866774186061491450949164867210927427917900613330015953986377760084689663157762911664655158782346291343881465276075043870765345595322970001181392609095766003158985075856620976591832366456342499700594946712070889169519409057708765350496791126637735664324146466325823571007987302194920639219963332506364840235675493220035760762472978434398999868581826551832405194327545552575589705343383585470759192170210848190873938584972929916188929175853633386611476593463979603153342618842308934332245766723746334273317133274943595534767430018911314310613958892753410245404302042760045998918458160148454008044035536482572596555418234944229608721
431 166187501201644541971338892847780012547250262224292656839847747456484226214957141572992007432804708464792939906812666479431338949027575037881271472486153982245354271005389394315871254086641228615529803975299586527809105164789887620108836309798494794064147618473434202935246176533410262398917373578861293729154831061079180987753472208057239077282222258191916802583140851215140980975937950591077018681216099494128231678636924068279868893589717833408449342927973743598714556286589047448255054916223127222503319948122548667652082562088673455564296534133349521574712911355088292483721688157342424602562552342233578503860235738472665309080631
432 9545728420741415903345623254104520665222704563668651190610473073723449032224808179826533942139311169639485995027309391898210073073791014462464484135305551857317370972877415322088129971752293710158370068328832602582676389635145510577000989624082668573831603878346069648585042981632441122062616507872070821751982403240675497759458642049042467662894216305208627755667677315278918277047339825456304120426806172549412943990033664124954302444018540934626979467228420310734067905980629915320686932903620816255193152465108156160570755666788304609485745021021631508481937795796097805651403028314512348134875458289760525285203366819564270058181601
433 549105338839992577119580750159060257664881594314665793521115104721629137569987478371875199415463313790317385972809992356466595614300875388892924449987978310720977548722121311294961716423727533032862623242647046505578927547446418421015140688157533601852643445357204207390918162153402717785720259920678095904085143294674300396127345010849700086246425203754547406943609911676804072475464635102002275715935362070795768144363046943891909351545129080642146943517118665601004395074868117100421876436701448593726210616143836454100380172996869440043607579255181174468894255601741676290282028590068873296800610522898523682183049798820300269365162033
434 31635474563614814020110348690693398284703326644941953011355675352941742556435010552449468141766180860380625553181560133332975134063602951674812041007357997613607966065906239854444575020854489192939405635646286504051438903252383637088093625453824775800315840366523912471646326959786992761077608492088156255704871222255901579241340842361204612926349791932101736830935604976576215409910513920866505082149494069044446273023471515460051065110863388126693047234252175248202154435819068976581219428845734734326307226832155300030428335907055771344078660068103009282148392602039137315125326128549913449753741401451742784300263306094563182324751674369
435 1825487850846183173408626561848523130734684413658682222053256996313199731590185413321811379616469814481372112710703595677628408486236557971490062828682247913744402954030975882011890135572489027793320625616137166846593151396268198275739273597590688019531898504393074012973044774154118593301328627884423449220980908404050122469194327773501363221072756708439517481931516861418421095869200708600266088000995763626875225533518577745149713488995715637643664282674751376881969663463511003923475349233959965766634714824380210222037205882321247550167858835908530045619091107063633429148748286015469702935955807274180120216946250405560719940198354497491
436 105491084770448381807814276384377509175287680604324437380904577616709564613428121455148130277261788824955391410517502052654956994510098822640585269741912673194757754377280258241387712579208009989067455267595473076634838883078677531979187684114851456713292454553379656326304484607095017684067456498309241174953215111005611294254075792371816242503535370925260522438815632086882261938512169169507275720412432768972408293507818210282503279967200634772074585749271584255695589409647862831312121401718826445776206017046175094391647978742400229136000533723494183973601637622116444495991092463534572292638943067892192406176284221924845207793647294707561
437 6105475190505634008861943009061287427852120612084015245514621965055640457866892222832714258044635650804744833826932196940587020921013034637285436967197430500591644598437057709035345811034470430321955128124270171435030741273925758142107024687687258435001194738468304895698746855800296064750046683107748956631939091124059904813166779954597883130115036908767675929794062471944327276582140239401048629600885477903942088435139425832435788288893550826880677924197539141829716199707092484929706198276600876158103634658032749298162686166874597822253959202239910924425865778524859227682660446004311157172933537267229728876564222855819698367506049855532101
438 353919326387930606404754379091184096572993011315300056377765783986602211717208099393864080039129862343569536212822709688590482946620636898061230087841683490002140228235866954460524797121931949873838920568018116845050117063107698112015262301783836228172452880577489482735478913764932819883638792811182717583603873531164537839113700439295359620367549518081165820797169833111718935514732689650426946908606610313259732559787501080771300998774225242698403321030783268481905160118736771084477311438521461073606549119576842963323355597337306536050836438925563957576322532589573063750251968877103784596966465408831316394051767205128114790013378928971487313
439 20545545897960373574711253764719345617778106805066623317707187367290513136115031114637947103888699814172981184534335707579065181437820612144405094228062220615517942962573572063411581311057820309841284263517397236551418088317665049798023660167471094151836908436821675981528115094470561774720254371326561333916698965068304573227109331554015219332999240725401581378721114708333505164117592941709136563449868716891192514386944953438104123804176229941882111480955860124527575146661795604174605220455915155753847038018317033080451128616505164794056154596804691735227517583288393238949923012952402128841816002261804296090629624986875036632964233019766908079
440 1194518526478764692066703379433041814820039562337805242755749728052119171655676801505357910069227332022210927322444512399709018738172048938270923485154718552130280549639247902472145944548387863593007460209508314340421999081950657676878646581165352520550736635138984277936274558021463089696988730692650746213019211284584791190512444114784005383357778767617067844511383034938732642559884682454221569160367330179216985162872424031350522367569205970036152624101507081393829065458740952791428372437477284825186330117334170133629768750155486583252691937921899244105681841209605375256227238891553360052367822415079271023934151524149598278133762511341190352561
441 69557575611571440625209059244686161908859369628001164132684988562904202386951593280424143610427551542306102542191279115847846704707414272167778127252654301480943687035679308826067115756620763301223733357127887764130302610991833624993746712793731158354341735047486852763121381540855886578420657950100704474661943422564326920193714820969075669653553643680175057789692707998798362226585651015330690634026820178288466926411426132793135023290798553849659738114407603221358629793993935655469065849902282705803027358054797156929169135931829617086832258480783833289548142236211538369254897547192920392802410280784936345698973504866696251117118036431473679731641
442 4056215301651802329062180739750827985582523214083128752700587625311955371318712230764771399648990863484431371589233779814489654510902125852668142611265847589716045339493455232010450353354280216222826531850043647544567468468151559887802257731689822267576775448128364860218836834471923693345138816162306665707858210604418146309182009515710188829028726314037097908516737806003831704271963385424571549405839346003855462418054224897922859206253154211772464649879082701784689311252248754689509462827168059528279506615129034255859906132678491793725488496444766217593095654097491362455097958980477029473268387359665441959124745937319928359377497811587044523380801
443 236894155519945573636088136865598204613934274784092802281136836116687128548786545733792145946162920875917829747134763025790571004992874248998313090184593897208054590636274934877686082156615139363499026690807823295408304373520137655580341806625602666278367461842689458284113346233131552063261576180235175419041988912618254814746248641257638086163893679255491196296364541742331475857329805458766348253282960079197188644335472861936829380137577920303159406444993046021232638408600952754700310675085115372223249345746140145043241690450486247574506706420057210677160811506356190318149423818199841077600909068151747108486417429327607923929766754047234550425276043
444 13856684805719303076695773191330616823340052004164488746445653706664707381128230219600522009729540078168706544123440361583494042866932833225082277075017822052985714174344497678874583749997500318322913360416591014838706337421387112431105910651914925859008605234550900150419858580221959279437496926757653715784698482711248851750196772875928468658347618433695848561864934924155043589996159788166607558539538511909148743637251178219629425750615679555389634087674688202382580503851377517709476218481051482864690824217023752254716133520718316250878783910508416471770424350209992672248473892943856811510669656507526993214419623523255934070168180995548369883958973689
445 811681784918215606784594227254400474963537708028603249372629634904523833276548376313184938149488850998648481884753010980855093167925293771438084583570119916169414104089991194173474084651957584607623109563065376137674770845359053729882707588413449447313219721677815241236583313226173574370879540955354076407194745642915462885595824588539996929817665854594280710383839127462660709166657181994096434754272891156099487357569172781841872448746961087777339251001691222981816690512678689575098471480882391447601043539359983758108312790569516224142332567253222373342591594745953763736266601640731844692666775303054842103038584151426587282932846980552227331276775483981
446 47617229032549062045802888309159293742584671719869659124079645714839566691945794082395837134192358757662493283323639489616556112334417387888524784942242182126536840122005192827306690197155976820047760803132875102844447548965467851719446641741500024250593062832556398409011698261968305631030101762646220035701510914998030249183159631128224129994079779001894231274619545284912513709057880144537151522637920143603880019705371900843320621376329606581275574776403417255856961387284054934848785854664199486691470649271882353615752005989776589019913367621728126058936024732171809846796229759640656444805054388988477035797784939837975360892976162245204829804302816059921
447 2797753462423659143677612993592546814670884792986395740631148536876584040624465645766511440405214178071805681095502848053092618800134576798070604316021029324982611532304157647153545327059159864997596375445013693817882494336988168055921036728827055359488030943733873551262841030678620563820990116816237753007490618778699589856044713143813747304616331609537509295347953179681964015015595713301963753665980128602212631169390613242093172750101023527939456252157198784782727713986666950874648530936598487290846658531624586463609263025846740815331825610340333543211212145518349055507950843292207917825327661116037359379063647620498580595799255044431689800673640324115751
448 164616257467288958943467887327484334304351689340984796742057337810712264490303703044315687079763610490864364326603632623218325702944056993659510023065727276052349346151892982099965685791442727847542554744156853211377000159609459837752797386970109164074746141096866475674670563522075036697548277160757537133698649499641612101654199494764324615226925831713162500278890889308892928315898704830009017179147332255264518629749096037375652547877192679909405364010356364380883666767975315861945430002308273811067485900625509668447598717579366634292795530883077252337536957657261183301497533079591789939444761319083656790725041861217205874495857494781284835018674154361535873
449 9700252074609433927987771088566487862019387709275203254293750870081624531952600642808576448224588605865324619271862382255871386534585145422663929356459377699984110801624164876925094237913110021923026942136333889806594688525238189951682304075555938020401510531693280595469717210670800049145112335741238976603140419293487157682077014585977975991321366055516493678409102549884333273636993551054440832496526668532803115855868051412655666902215454375449326866433799090369775326339931020895023890113942206217954632241215582274123632429068067245064566877339864864395829526423059135981523319826191086950325733040360114071446262773410799745479691841357023232309138887257075649
450 572473956548053317997026979975694464726697205588074679273730541359880257471645114220033885708614230953365180982994451273831557843419255537508162128732721468478886385747670083917155043866517235185919533055651728428661294189399082170736310684152575777692137910925649413179092716213736683702864916313561095469565893367866467056405183152890400873809505701977205563456240580549270758822054102473171053809915761497125078300841128686286181551930536539067526830900358649046985020450185961523232325185072601121746341689194564398602054108604191675730691952048518637748417575021730008349516851349740398173350635421853507027888857108931941283751691442538880290017413237363788620801
451 33833188777813787472524713614493904210920956036934052861006415646014293297737508314324018460174851730632509993173258422795094266123265971106412162289162917594856071775737647117215221858027520396781892719112543919787384176438490442388689022721463132378994595719547520823246280075848997848442494316644621473333378024770454192195636191070022189380409869999621688744806144765411086925049387413376492974856634243673321067441645983038036778850517317514762880629192862072204529890919598531429306457151459324647931867910578792908439374995515220134590028966974277472547759869671352094417093410081261555438164659942706361593883565167868388225639698263097481205540526126112111760451
452 2002499347319798403157642856039062615807755691634336553319923154729079992057517808772324608627355109291000141474397728901624192163317321234636056625182593621806631358965361908889163097442493199346060210625681506856035776212635581093082612634855540753619481158126698817673825387981487867822443042855329071774940726120383672843773166301294252416819081110966694080777933507264436524809677228599875259930026721622405713430390067017236504376655143783012203768171932387462750432371608599222074404955776030076581824481265281215441830576474879467520443876723099851701681362257231203741867251168806742652006772180483791512393902595031590196570743157466505346202680263294935614725001
453 118702460337553563383487586778044330639274434445174536072628441472023390238167317632754672278099783317596399015219782609974734921660019401066749922891605330414164578866399403855569053099719764626466128863086397650495497919310017279762021018220726418187717178576142182993058233773584138314018861963207385505436887220946698715226082562384308251344634437470424002602459488333394379252203050125960740921188974534334347175213455831974047186100798878345005683300871843712988740821182917227656030358583195913946817070506955622999267764723656560948573459685717721193992100865586936865807576432516086391085880504196164906161593201965025684771920547101902330226832403526377973542250453
454 7046250861727593431107757847627358181250605708743643463680858083487326028709708570040483396109661724274986615177403484227807056475995466580931278624571447685466514411379337076988089019862002730989939354457694440490481132350149566301500430554576631551581134619727814356677673556984121541769710228262093499899286038060845817292435766501117771660119837779112962503233986465919906893677615419339277936480933975731908875660295120734910305876417322743397794069411885510169299463166316234128995103299087401391558754616405426943759680431305370974826689430847502879362981220740014306310273954707114877436382723615424948680678816471477085384301002604660690191948488371004589529165155409
455 418884271630211972621314902906333053873505256761644567692562893931379375355242936157774307055628768211280657711084989205593641665168162386338651956272874017133461932958913597982951149966080039094899374392156604503516510939793208445067056710264236854022470868562380946597111950500032879413868991307974781059277145653431192741688512694357896312207965697222745200544185347436938451459085453607646823644210089598039112711181177083633804268988067503445253645439187844180533478885576083967339261375313897299001529941082385692273957440450282032024016218005473664580034173545286698130270176564586247184733399503798082478702633611970863988391433181855537112702684116680767637924738311071
456 24939251503558651560748345703646950434028425180101348484215420048807251096853465739555906959542701008127168802285035482948074634432478370064697183527991787120787438989391038452427850448775191817984007613639913767166371516131663477925507738444119693059059208447036071687473151301109308330940745307047724404917374938884390746345940387606084451792469101445488231418134241852466215373586669518127357075734216559155485208695024748294512731501830091803173077644900284599972617670317331295684245452547844677242995532195704208735232699599416017827170835785284183331622982449349580246500141240229434212991343735255599867144502941341886219691727060596695501467659453713124665632547414387281
457 1486895380294799736646985943929371225879904097630232494328719855210757655533543799851555401984375315560701391719292710390533482712072017776276318872554075752901379849062375895185916560289743518443776624876522356280131396856140695494160817069907679207381113019348162994410956860904174845817320223466866883764021242115748680918180513221257999715834133043855845691589121753801528497673818316722640743336798397844011938730693056398373702994740896214603347391166478290249898870288064623552768149485042498717963605940007502191026491195486654387684212358897524080741854326128487748519755781362861628983492031230983968219411743782843951895226499081011695502493131820929156901143733858646601
458 88779026513857933135148041190385928988687411564702867244917286447358768444563329751642458797920965580645900213447715780922603656599795713790160677344170837931377778982236298406049072604021095025508047053206821481976944144621526989778574899035292525690831862260799853217676310449507026652632307060118347458268904179125581798744133050623888728009476520619498163523392994676880006274135554164927377616201027389358578714839160911210989442217702259392566645071529711514719631602211035913674531506009456184651490433422048021375381030125801827605233000061494191989904335819577873345283018416010118852304454620626473972121210967448676240164094042714250785492830880264267686503555799979354433
459 5308714001717705056709141287037914536533440972310995713082109995183009266522574829835131120871965542787711093544519352574852313091124113438551669372854019833034913484095716992729912738635361393680468744633722612432501500700075482900454897601820209001110278545476131873835931716679491916168515944297049351753904983137261871353427531818903000994884014267768857928727398619849173681258067004326091977709826958519956565805960010877742271221939751454347510834615028679996588345705650380088161210196988634199673913295176113134911996452481170854939051954936185468398584300363141116419241580843472076236670646472035059764668543607953513338960718187966199415682760499143538951389524915723591419
460 317886834638051095294111820391758192383458640184333731135854255397298905128095219522228810836831313130589479063557671516293582115788327834402911975398916932759468788113686502430503663875865823327968078379426005394354284010591684771073930183671952347335182619698885652884896104929676936353577207961948739390393978543194181071335171382218202217256967131013232450905975751947514097519243501182393074323458259750083834349649715713056658862182360435480692406100414427812910828655403171672598187131241592799687419081215433238736883028550076629542689542467091492770112684447746092585739341450506969444404332435911946826785844145124974768657265807996406851340793918158512761023627544148129346841
461 19062690492774015097449269237329843239054918717955697121227690115892629274513196663284017561429863985828164850130908381500292118170269194844057437389847147653590573042423058547883704853488879827013737133193514293098966270705980893392922234365983616221697422017444166661265072293238590543790362520635336621729290406923769522058171423690946068249177839694614074697235172648023958622240224407565159584208143182739254144200790150506144969692028015483627213846503197717030813845146241294485838769310078171627003109193946652471934833729311874510111585175450975189518514149393418270708795849806883463919966881034985661300458327812238476116904081986683317700297105977155992089384399151789024330461
462 1144828581697030549423189770566589999856336411306225448037419935694401574333290415078121923053538876989390179347181682288523473632274048690623324444597270593446974326479760804026189000208503616970893939120220731485535234509163987797263387819807977136997143090371112691826912752132291646286485853668267622154662381131011521961266013821207516459224281905317678087063167323973239729469825913344956224377354048006481243489012670057240171005016571708892560361434966179597107338435486460895981305003683487940009853162568993203861372801442468966008486942739218465618122300884401123418573165483473571950668344171894740434996069685314860514776913980926795565789983297425534862121047052780133820643601
463 68849002396578428927353713501244033330070124515045992172813930958721916986325266459361458512703545610168598609261821677171763179817103687517424322789009396766424155756508939464679720339818158401008191208527130212385899351653002193710131186198627731977139007799079176814557854972264744904744066759820034034999552719217594594896373485148804661095047655402777951945919694925258687247313345282173397979936141126098836450946108422055473488790340061978441390397513431844046481447120564770069288396589780405603035743917994395256520193988094889679269591076465298778782262059934259414514509586295348938158791875037292999497498727402322236692938700299617519578054953574661899730455288660537018369533463
464 4146472874943896902362337098981521481223351567798077340586144212888850674580345111915792519007920031362728029041363909930373249009146706079830374525101653362755369272969055701208291490730210486678208646421418998592013378453286551175816554650488719143495547761862491090659124408929758693764765352098842349442625146502653437980271590041184314336003682633118896214132706535373471580296230787406806423999563216773121733420360326356222919375733284742019204195447626442703239747806972455108357116184631361785648762819158347038918212737690280718639198329616481597667929549700082788028750194635086563171423227529706935865633337796407005708955423261743099275577807704724191543602314573623120056801124129
465 250092286738080363896045041889343184330359815481537102793361143837988529691749791563978881492445784052747399038555099079338448136377845134383820411606822489494155757779269028751762526783523459527769295375496679185092518878526004377637504686755476063438865792152469372901218444775014237648783094267360112152173053809640120723962971871278837490304074612916326315014087069079192509141757871403130442019435288058101500234651930260093243336725453418106825731763244280737909003478579399822313812832735962442913845537440180295010864654417178773624174465212168263003340379693297744934287660481780680972477404942666197812996708980431969119819509407612208444265371499457246697042791095016484829013307214161
466 15104953043823842189261882266917755815626289880847860373999694887491829338661289282835807170193362784902724234972885744145918071813716136753143292296563489935817831603803637807651058987302689316129296630527310293809474162991177757692535409420971395514826378114881792562410221233590855598296362938366130655543676548508028330518804515026984931168171556742619697226865720446153006869622085249484862790170457097425186452890784283402782203278129225190575340123930742335409377840509312454612463477280946982755824837645186651015557661709288532170823381435870321127513401241744713556209938248820865167869618339900712535384577034404757014908687963384257684468426508282726298182885824176413951912423847191041
467 913604160315416861962156708245223645581914341107013239305611284378376882013476271583868888114019554380892260847946031386958497399605715877191587148140840757111278799363468317702475742113631999674430328223584593098712853140033840531980224636635371946718876622632864986997335889404580266950183367084664279356266119544168001806463855361051214004636809546513153317867281899596230563604012334572665746806635810539992934867748663401532726602805774695938716697235476916204774398792802173752042366983328716768088055252928608870878745179839395461092751267480465718526177055366255652894159817924297772541485317513312908468108665001508191081982238629971369866493381659819411363766071369134807837020659434704051
468 55339187784829941813747270814287866105923478105830080623402450128689116690591449411320081036263055971507886734416383803230750257734425129712067352762840764565808443118803552892718540345797574309026639926429922910716916996522619965202209269577735583824411728042437554856506296278232728692553657907736106606136470435705670353996733719932494386319590134958589918643862938046748262788051643825064718799960182068320157618933171030463544528027672398451182346095016223778950007553808208321883618943268994335519884948801735525031733133003414674534732846735882947449839117164981097500983709067290373127133963135946216208928078466741074174875343514933355395924412058114704352067612355048812269296554601994849193
469 3356617305230793595330067211542764906145942889304415052523279765959353369631048189910782752925043652788707684633150400500786020361052969113932052743930570870978410447119711417581703388374724140484981194307956751484540352163222465975451978210987559901962805623318542610126634608206915764833813556265284158159140242171426310158864573306170213002710492890398580465758727335876164832185176107611478390768454603453179208016931420873842011747682483339202566382220823545636681990864161501152165186683883643098701938165183149224387953445538679111661207799833956851794658038955738713492002972976583380756046269031286345092439696798107148325258550040343177882605836002354233177726406543749139943468260948680005989
470 203885421661182271461127767417703393322211485447564964974190511796738051956532981992397332742847423682959511802670520721687080531595310758430467899063659990330847216677006099406733508976380039013025042796758986259907221913575530192020855444155358619231182473278251344336145883645397047718263461164412416162624703353159949362663229114214023277308453093873663628511084166042052003698757051447635028488850561930497308468008821048203063239250727582900183371691830122837255024330693896222335448400588670343959885361740989367511305490458847267657831369001656338342542312275405924478536929728816550071431741580663363250574546795309143025291704071410019092618971163279436472233468943497886381706806841590741568081
471 12402302585071246345465438673011177719050923764315689636790792593663680044063606175729682795566312851482442984670074002467841359843994642100861474468576649723572002333354873263548681357400539343951767281779706893469237235457056649121543844737175613361646259685672761561355828772256237433417866273766682395353286881495760865494163242998933760853735706542795639395177791599686771570068980899806650993564073495250309652409447711293282183552390554373494307921416256330431205189416637256615141572065373091722608124626107551150256239998401543975348992774992334444710578908952189246620375919431633498485571235637287802184590883219044123393063675068169549016237121133503716798497260366907574902746337759315349181071
472 755456675444012024543682417292233044992578301169634049813869234384085735479288743976279660810583226269318663131910578161326842687170290414851999990392487123432062723012245389773610360441913222323112054265732092969601934993829613942107348261303491748859152540519698539165088931991021180294679173224212636487042162290984403145362013835785833813263757517690329397100187261942593380470901415841759622357976869061680590931117556350135688324136861891172766427953639964628023497507016068766669948948276695164482256176252701294953017494237298938923790563424235362726494028992584068252345074047257896496451533811093146015297966563416023548155548897498938836888691036974660315351791876956654684188315263968608274966001
473 46081632535784765157609918647456709821240058053988696543156110292940515542040049036670115497538479680075413651007199380841025089827187015743046179567032866893863369156910825361083350207998912455386735368498815846382096253044632881990647763762369577107381790539954311401222352616966529652637265751607065698432465214138679065857749804674933776638260581722932237978656330383083258426748979037268398075771322992954398231071094581218255083168444612300878332155507778232823862466512237525746508153779945176670892290715615529565126363689124552706471597868920459252333760555562625950924846995919922775976584868091526756977026613722182227786804864420803103355197408287952741330518739643858771974191957831689547758189273
474 2814970098468450939260841895029240202665673093980052302094521301583919067459504509405376177704491221650639704636509240875801415723158054832612975523523581377579654322092386410687907755335813724228682491629509058054750124492245272138270040364405248313775079142924512366543279260995805074087776418567661510555425881229356266852622658783644889489799879481641315506788469371762753132074069378804502072294912115248557529989394752813711262254340950219509723541459215501539573008234913004888616554966806880142293491762241882969166733480772259654466986328842609078040638765452592588394403493264548691113871276651529852321500048837673097040028628705440063938524232124069458538895823100118176314461728340625397144527376449
475 172189867646366834866003527216782473356091713372814345538463631388964709133386999486375228690758871717684422616137124685801602199872111506423261077369499979425294980946883827288710897787133641995515051282115175766025443153978832377186621735245170705391494797032521964244434547991246735738515436413782583036223252751192641420849076884794500402091160842462848546995444653873816074220411108613358692924198042112615469377927813121626832855902473659944226302221521202851071697196302929654513552449068338489409544290990450018700223161723763156359058678229683025872046053053647925858706673784807863601411298060166235375243334748288672408583599002622497149046642539995862250561398265497554069818850387152915309608454732651
476 10547469433078306710101876710691660689608290784228369372230061863844521783423704040092651732961547571686663806140408065282158401174463268100970108406886949960578632546625356157336627197118088781325838519499623563578954414526977925757380965746342680991118504937103235176229647239701260887029795820388113425038292795714516233098721445407355840212195530817381041927889917439625011709002943738854338519684111413976298231103584758082916964831277778119486982787034097471971364331531533208576339863272622995016860943545611286500288423946330156198221138938417124426534992242138573158709435974916178476612539381110973484708620876827838000994782714226966315869469339016028421961127692496312356579808169692957816987364769548601
477 647012208696795064076978229176802870512316977333118194875801328151968622936017673616648205511947012786896301024455147427300858496180499465754763874275568699431338474771713923613872570678545571829430949876931621589757957562223633956220237092138369324735663899152335481251665088150852788138276044058536380961620084541671968168476704596389465353855948281616482478012762842395183494870950030286552257065563740671675155761705738369263033360537766622750635475510962722370068821493445363613892542941267658595189419430988501025828886863948938064073206747889731036971523417110969757394684065802030637537458835032021873094599781919025725241745255664526964772369798222268132997605473295433032021279604947508360111365004584667501
478 39743066037539677654072811090801697010959652682057360978075045762279183761089802680997116630206130354030579824863621581587926241181543161222169038013175278027903414488723580677170259335042813254195114373583746509617366876559425482861197075323024868325285340554980512506879018078659406631039682912680699424502182068205463588055101309442750370649458199884491170770422462393752870778763733063166870202890577598425242708958971563260878686958906216060407105847511794872111599813308418147530503653607132049292605269788952158671751956179652810241710197757295721427271323855047838619465751761990225683965096882188885947514349423187465372955468576407970187457708080213408648712072072273183678681789223051352086988583868542542353
479 2444629381595992077397561312388764484205787601230830948062762531090013217512394866046362267655836745984020047607713502914311734659366215067851959575433841190739595106914584536686865280041149763929174251850614916747000447115197554423098601551283634190386251177244140752098295966613985096439155308736092889013783169247889451831962183190992326074071312399432273016580890978132893290501688923184389178721986084653505097189962917914714444170279227293972156103188008223066414495588487178902187450518944810651107001563849599148456514346486606404373319202550030593423808765016095350244169410658728415422483751011777506301988161065195496627771896116441652003591934191901985026380952727587378853017530762063892107009675514240861959
480 150585838709231583538590650621167903322446907365376239083215986227421053062188873452661368698082248687697370922769012968163970897661845733745994205757316601749937714967595747915166356807742300981139343397572632859181161926477045232307196526641468951520513328854961177210442037879809541174155114908466699746748240966078186627622725420989517092423636942854905334147339096898618896643144149757653967060967591276321592110701632186417917088465727348772203155847129055062362112002370724522666251867437470457922866853321838771024290108489963363430702882612878628280497753393577952942845822484823267247274133537613569613787743428809163599428249123577864560214925674758858252424125329396525256509238438753473039925363855228881225921
481 9288311582060354269763011376618294080082290252024004675162230507890650983411956305867518424315075739686408284255412887006859972270122249361947099425746576525925490774214921417210152383120785924385680040171947630350406154185020152251753628084911346676870118829256080612792065874525180313782799010192013111428289942087878374793251618488066682312147066260297115317682871650470278946096501655640980764109569192706253395754548374011359144794057444545381004932307040932058261141078242225002879651904789271231278670483197719092833499873315737494204711550970310898838720534146177008330411467601615956504529208690482226666286962808071202149349584211298370060491167477425774764303736186446916659026216602720344880340566910530219027681
482 573704343204943005099311967180936238193514531624198253963892843685952902642673682978651638780694663652476956875924306439863153270424593984227607526201911830643883209058654199247473608239021443420353431307441919608897869384141831517456758754245276808553247790631383297457246638646362059379654976691181139326930548058040595013756680473624374926293731673041220309385878980681792681857126440240452754347441716417507510234973186862160630014828125442177672406036354379473632039882548162089939918227718767154358863191544793170488473532190143424135916649035721374308527688201062271472704245000488832509247577642289672881669313589540407463569324959575346984649796933703756077655138101931820946243713718948031754546734449638460428121601
483 35485826361230611795853245588493745280276250429027756275494853522623704686686666481990568680481479363905610826352537811004934494126142232587366396177389707413552942922575987587395472103259611987489661083287476266947176812742432952266021815883856721466972098979023292544280549584777165704278125127299917742012536230115539539135064587526675996667974567778408182788773269883851394917396952408354463785696290013102458068364260996225663363638899285436222796463946448763241788810736181676873929083678156793060112160199386537522301940864720229528636934359770728312115687830474962037647965421526884757651777245269694879281447325611514514682213458268114622353998595221146971036169202719881029465858571836430728276922941373612741608098083
484 2197860492534373447922300872133492316887913914841728188681313089142614597530890566225784062971577002017339577850718190383523977198444222617544822825087747202108162748104454983042422207808077299900022288515557916298303831943940234517387776955819727695922396983142814395685950237569486293834796431494061722161187004487826152461252800881259528039029684475573138411437251887343235155242339116851508631554988655490274486120397649756314140426564236720268193030734619419991997332020597441110894329325024527871329174320710714728648497712371863812604459011694964927427162860502909846639017737547988689127645204203666100140553049989107338802263692760163642962656705330970731890814664809341841909187115954249343338489488961546510912566400969
485 136313872212240309635998658063955318591862193001693802414328470943295196554114002783511134964012129913384182740649295155443213043532142407498401089440361079675390028296164164449522822553060598171162884632118870347109576553613544472016289184453246577785032239494622550608861411447206837639135499642544859024896395085112092130017179508561376903308567925145765292577192952959287273978346501304742629920865133585843840168770549488897328940252964777589027026734665255418301906559443646389200328893255296163080109340334520103780079932279526072359705965890073622042280297586641639173356034499802264042479469924797007509034151826443147472375791927210011658258209034116765197676411609174147488154472559460168622662388694722428682115409309941
486 8466256752247514122594589527506977085683909218711669310523990386843983634706942092765977227020234595796587268118644020910741536194702770085056788928120820997932807849941651490714735944072221916114485927323021049250289861576772255686942250245029773374942062753830550242453277620977798715061382592024927549784919149742433843546582240784573300361148917965449302120413830325494563716888107109641869458975212251261514847136597175742909546920848183040887966268681454638101679411991654933218586441995865821766010837825538515921765237530863952751911939937502654386028316858912334227890839437549023192053657660479405183471561097040490064648878579121067238109635839276328805178706770255639020344970113712343917778387279952764283647200353313361
487 526523953447524679532360128098092451099334098086055420664596298628649670418713157457845538710050649741303699163311428676211178201639990483266546977029553714006847849205642735543644074546514122275548739553325177499923486089082924933780415156501297788580810255650423331449588608118481413034861249459490216080398307977567936240188479936506256654440835845702793757080288472691168522159059860342710969002801588236874113970575527199803715586866304420375303745543138598124415370542566677777467488807197397286317010516960261084611502633314035972020908973584122837429884874708053214179173710354985437106330908743325541647601320509972980893730453599619239520837447852839440019162631412465604576759465215288456636093744723078892370848226725716351
488 32789563856384985644799794515991165166058461662112947963692687458429643381239523564264827984262369581900898838585667904656821727770914519774803113627953094773737510526398369505785604762050002618622722600052483648994512283951443857659539771911264604311897810763716677854656125192266290159140729575856292539810926889512068125756914560381830064883319309505052814734835470965001199101902066482151806103933003135601565892795526721331001323823818513909701398487157180581038947218844807792466179731920647403756443449406015148287488381165096825830260836392378527849640870268109569657007426667837184895208456809484130872900822443096190010950577638515539218820706878465663660535611083895021180368136339533440086585073225767372757711287533021172113
489 2044846278568520201964139563265189311441353590944253429625582146834223418071152553562655911848983242680534642630590131338220012253659196047109059343129434929858456892912131496183086890286477974314726990143932374129621399626840831055195487196144060425507128676588069926275132271483366021585768670866132474311495672340699925647663463576280382335512526557501872159463904730800737233802662049731199934246146045921408138403890665119687912606844914302674971910036916964053731669555133552601462559190890135141379515123672196688190527671800100381038644834179509358615586541689779272920632764037987840625912521768377649156018146521350896815144465238111894759004321897520862184086347275769168199472353683954246210125480630221521352170334700061293929
490 127690310337658229528130301651569187102177648085415830573659526081186151569429510744043252505305789891747318981369922979199845888867413405049971697565645896810740572844553068764433959687470236001173473807233026131291362732036877373853083516822361754310123041602959890356753361004012822576920778351883201718009104701643691686516320807784641420298038066089250951999047303546039664013663434643033003889322694650063151703430269871863248170531924870745674455316487166911679220372868905003994084348230019444369780368806933219831202624064795132456332195018505910300183873963021933878925213613468872668183869937005638303606416462457223273447830068622450260095486177916302112836903406495261319560737056938669230194447971387983765592424374711205565761
491 7984397705966064639878609065628212272541445646944299292154064367995513002148231751977538685814412165411021689694881809614020900080056241488290545753959486935545985470074866386045722716722271363449364036005808633266866451089642340107655408264480473593483957478697113071110907518322938607608630992022809457182105296697630335299130618620874943266990177816594955890612974501469976980820417584431427264452709575971554355276166427569984475371957078988649226546824219205934421363480273300156815409913736343858451195280982222900996293635033645569645131202996324968352632798904755919394474717493936745409082206057498236759372482052735311797315738033330802481725061327073971813774675218581286347569885372546248376843843597508170240794030161914255561691
492 499953963866766340030430946591600108712216706092222231925772873074841325155886824613616924517561290521920851360188561508276373648187922218462259133117470236710192129335804583052734597650746007203829530594734498525112478987311277883677137672784779971366244045779020856633644980714505969740928715515705621451784849105146625446870483320438172129367948942285970378736033813684819348061402880129260819444732986764203138373868221548715699369452775011069220718382606071587621723741749854720542692525649993957522948738885276024112755346193419796243732691858244481557676598864048751191369511417393431321597375818311476847205778353624547576552922629670671562550574866651618204683108966295885463458623458195098344070933228422503992359454855649660961939801
493 31346357612755540163599924177164471775359475509382295255265851907559142332086112594073633518729291566251104192327683595439541544713666713303194022057445680821074413792540178510614575107272305858479307945155631087113429556890923818840114228998596353683571287451889247489895267905175891545292834983536834426874680290090616513541991133498589569313605600643598501355049889025908713063170106113716029634996194978769258821674925375034464286421190929886843290238097043956775794347656436974345401636696272251172819531992313747805176035646774109533984813706868754244593695399859183362191091214450295939520111204240637533126015016022340888189892127966933225794337361838248552206919538680169152952384995776983301620604118572560518214052595903385011893956093
494 1968009927581060314953995824699681127753922365849603754362987088751078794081152613426737506995129848759686881157959435808177994984531788423736995637954842993959366465472019469644320894384559558691303251062580549937791488467390211265992579435997922106624666077654746205566272551919514588452411933884621405123137412635881040122357917463703532308381675171125604622358570532204460449623047313723065301191587618888125597020040749380699618694741612181057645084529592357671405302587977607567181920203732504872103307654566237805779233034585995044324829257780845353268334896571001160146837300790909617158965454776723179848532366772805607176499608282379519352551641337088002859468849660998371644273546112200311122914339446209752259140089375856659183915478289
495 123727798195621068298645209419511154803744603400961590562029564143144084805196141653476230537851041665049334863121002082656822586011514741352472509435649779382832978028172539235473410275442543645126354791165409789740734845995153449612490042541348805893102473474769043671837438445091727471097673168010599864733723133401500494704089166289856849038910696473335402600489717584632734115193227546163503790400748681415686322868655161798018474530009343926877797280866240244263975146101220725917590343285583333275157289420164131270247895557223839061115976498321422880788009137119162122795350850405740668083433556319936874170722038571235173065351491357634213039243745511156403664402573530630909185913620367950952034637559762683219566346443830486389176658493431
496 7788852625242733304503734668461539438032397149710214249332188331098581159270213254282301834872724708360431843013009471675487916514844436145382506723142842110560159382718022390436055461256739495219071526620071879521587664392532754870585622459568115172136789394085246732375927299297752487041554611692272722268399294469259956551127181040699964233294888221852476938950839081090090339452179275533144230436020306839862545987038157118975570433103827429156667559202736398994648966978529754062598652564625036912564717447500644882069943892262896843406422472238937898311284345264685269679382885519936606758936226329283032849475173906514252562139673543111815916528558835818074874822437366992393880632616637713677697320962674310906738448627720085223347605741914721
497 490974650044944661832008789548727249924175416413104928020532778361263446682074802902814894552317005175838754904915210151299349245117089129941289675753815893987463813985408242577509721450553802345107845727504848500248153912906177424897083725585777950790624804779878535123007164246576974243877732619044520108101096844830772927392443076729191216587163776236610923820427076147929219930902755740820136978994612496252459126347442945068345952366064450122429688712908252054478078858378791963957103700985029633111368812796603350956987238543816400126038501842592089032752868151376890108930876975704065811628134683110358149261141863965746926536323499032931407355007539917664536931614406135312599982673658105134064595249583507729281402523371280412186182533971430001
498 30991361638843885450267636653971261042904865089990948540647564694415998080180586074184547436899052988110480390682599675551197998567987611050221992921754714309208386893666277234592531035270446121392495818007272346588816182268863444595771229092538754789111101745992145028754997790223028896599107340611673513963340653905901462877886871637174382786867117385271467689672348337370913772135415664600677783358263971449396125949345364190221476145707727840224929252013806867148479120074082915551354134405000748285436942542340103678648336468146179414759860100396802686221566576560895783323458405810924009382211507518650636874834173036238071909222250336586056532085061733363851917050821612318199285220612042249459152557823715726295103141717932821272954898972504092673
499 1958779119502171834714768989506213041192551354026167236535860169771301426486513987788579945378907654655567524127460521972064510263491074623649264701939946993725511195072673127001858874029081011625084013085634782959458892645407075471594936301570404668583999297518455222772191259930212555954306123062119325911725776430814556269021170942296659730312751721623090624941638725941654813328586499434707073681655906036156415433017211480079389011761503639521075090160046282036718066341062068224568896236065085134366679899103434715860251869466566725538909860514367366145654309735642088140588798869308353801859481141374176965317036565941954666554164290298019166768402544951352291884853004567137639105077025576210971305680011383721578309607770420234562827405730849028499
500 123966961604971010189292617209944032101849990683515568059494296658101990453875466658743886871418788074861849795508700074990255396373577957592319631706114704281398243898074592223998179673934602001989073892062044644968125636310417977913370036277087396995955844534927830957909717589533083809506410434359920661815064544564951290271898060395654135434656124443973378416165408002854361824597783106539992753235775100579885013248609478215453494866633251623845097594695172734078629618805908628851837080138246919021808052616684960635373494622082029789659729645402186674962807551089102033990129589085720116123074206163664397773009312045157997404683626446979539757302486229570825048464896158004589359999446412018236291354392012221463465399470580345223653559462699147137001
501 7856311690496520430031067962375773662306613830636257228951061687914893511458931692167788472377732508608426707270817319125014156039086486914622706865683915924428890773867810762254834672973910909289416780484876495118877763112391847404558291694865506716879175730159968015632281666250178793510983691916972462395668557694087366278304672533870662640758001912069204566989416318176897347972383991424409099701122635977204218437610277843675711793220711347759964945972139986087624170077289596058914693614185933616238325216930540828458133443424553793772244824694404456887243668403032599973193001838911260456984845332066998298044135484586556938755635085425200644512525388703851878352644888431395311022542150953258294854531409085932091699258094819252825900853102470269050501
502 498530481125790565026080699833682140481040728014191149981184034215625900846330685633207064789794099999828091501199678073127173977043600680138763514701640637852669445139572429076220482617258704321372962058436389626463330370786864253039089835238251876197170999758533001320066192278768424060064667518977863603282975553613133711668107993579183925084102308178653406114869917166561428086783302099818531056955927098034386284408421753603562659239477373047789275031063733636285499788513337686313423200748489759775091639942340937151451226744799518541269164883543429676373648257181375679190687118600653887822784871246298328109961795253046200910573789805079001919997362899017600995508322532499373906844337057794106606927374260708187458256004585088010814165988680151908050001
503 31676469258699209569653552513369026102160517084899723548080118632321592703976918301240612100725362138403733038771228764333326386675791204170522335528052900994032890581993128522596210666971158977025629024059824741925236864154129606534207480698998286395474057811981952342896275985481518068318545904581366629891095338640787513117631013979206990295170986918086846024537302360700439135696774948960839788481259836444076626886460202743746547525187473422948079010292089066602529006177436969659808152529677866387597860489143841906869155871187674174700270490161484182802869672971192715431776259032837434533008193869820221696817349793234372864183315208473327209961087254608539242334526636062969607125425108573204570355139674118430691933153654483072450131677976441055158075503
504 2015442308979213597275078399421026130476554349003538491401596901200959693708425924163760208106937086957083127184896226747314150871481363669034243555354435775407874384328258552856515494600921507038059102597174049018412585316611745427269603483402707925447767204731754836098141190403649164502602994015768415219571780167744012022587230656816752531062411017727033414416766859198276080882811567087572683917612932156504005007693681019938925829584176413000425787657933268393644157695713523712112121778273311220089472407715406984337518599136548054424954722194446775973573219406747342404262848381368964167484423549288729693942749824464247519241613708088849041153240823054663361637647476834320874012183453477176643570893447656770799438546018144913326507052491468798812023881009
505 128398901640140631318166848775657452928106151389337165305431523783272713069063410700409349617097218966113502259837029014421930280139758659292372459694396757158713810760551544192827322483867410156957961459955500056002384394275531275943715345794322417563944981695516973066750761727378789884817716986086884573015045478715316765534992624325062827746983355368713815705409669299927596838019420049016768129228623922633397340740641496619485302698702564209091580479332962509995653780081306787244800664246424447200192504232778142643476221993664163598859183250151308720090409536381312253587252321192057932577214261828680311449755384462654496004482996309154036975895612286310413425210953338693302151884105029672676197706265951237424818355942252519745124027900613751469325595734521
506 8190693857364263450986389034478341976450000959838014802762783318081764488085268656732169941493716390432631635287890174112540162216862135944773717298294421118159965121689442615764014861441366792989521060663662093370813671058784598731030203333303366270940002176001163483380710925552134768633254020620136319212896631069568554604234438302312825997673902945760177865870643866145403365655562580058529711093478877494379780415882492298957856578809418299817836650178875471741671336432362564305059171646100035000171599955929668784779813774328350994543572028406052262927076798701009282185282945770229841769918459765575323137723707253836667077396420383169785278455191540329275821384194672749440326557447303663724703444496415807860404529182210391551345131542579177528828158972758081
507 523196667070822713962687172438533149097123933760712205510612839481962995021399345058297815919059350220576083124844422994853725134406494994293093972998013394808134106549089350627189419196814839486424763547319546839045781597012583907761231981447197322460607956001106476751538729309396605773983397081469439460270073617333195946735949488038697600260051790305549026251787079397080890313640402317945977632561111431445848180031848803323951573812454017113816638170410563544369562952418039278461069649648279251069634484299447615492545941411690475341752252190753036927454241553707157686746568592661441255487213209315324421830914569899185835669205971211113380764342819055487404620652254428223453262890685170686672435114899095542502785060846226961253667478665724199689264621286987851
508 33462907691635780553587846891043247438179332223484047267296626813890311351185064852962713185388414098225266179867955520412684563062020460966476909527917946269818892546682503600943496383853127975972734112407223442206009478873245928500913854222214258969150181450132421781241912644374606120404890148126170981590695870817917989610614027317638965556126655743306128734948994460939106438332818460532805707041130749791662868768317499629079950098743007244442588877499447431783674575002036645091816721656754499784701419905184817885535222884110282333320284841551070078596888084836041765846527453575914367394710914367368628881774060410717495549651282810354108334634554986210133485551120645843280573911542757692974369547075778757893940535730983572881707275844344977229132991602212474233
509 2143025254818946017935838261055147093524735779435523787807668047085757245844474519006273474636744032752492139638075797204142078582988164746358616442007435871778626869428528585946660108037245793711181820412697377562419295342089572039270128903934496062247373381892288083906844295785880228590511262682966000812787500582571716639258819018708121178213026402841514499157128546049884615683116894330087483977433176521734141593561348686179469659110581546872325325150969898431681577301175609257245636734139695114288898018154606591418284939345023051083984522189700266709043080051073188448359261834373231494287829737749886554941341205879874121335563731018031325512439867347257096937978763780498133320741440500107254089897794648567188289453784363179279953975424867624843998303989892784269
510 137427033852655716812695785812831540521866265579810400191097851177615892794517745969420456332459758337987291105395347939829459494036744388410712511228049755394107479068039660156320282608596052469395005780370207242828165134444827418236907404810699202125531693781010391990505716610775179376780946212832681900933740975963650858978666750039850237072655137925727937315134217239911884585861743002486014812384024881573549997200756557459260276002944441660026121090150370135226408209033812861567481338182994557621866425892431375424556874102048652641151547875657094531114741227076240365825792995976027419808127523696831952956604583373852154021993490119018040416510091276162746284509273495795092890412911686454901518982427483581183218428206914961004563261268978505386896529959408915393041
511 8824063241524387990718564960258748142998839117474034230308629205795401816448648731150011172127438174096284138737317921483758245219306635850698453455580269427576393795261350769925242508893029543752157054020161340605086165755150737997789134822355298687927227296420885762183093819963979182172686379764905407012062482081586981781997962101425749305787573702330565895620543689355094524912678087172197048303191156219991314100768296286172124522135641692244877767800231928951950491133812505560952184113059895156732508019079358250330645382588236843547764289893899376234080919169664322361925854669747638051801133784322054324376332925392006823755969994858841023004294220146451297798724681950252297072110296155974118109707828891342871242098612940645366954997702491144297529819977745101537511
512 567317874899889909724977374173840632186480230596165888570864998956814597655977153129374941397209300549723260649816251430855225344731852250399217484407138131971804342237030185553484333264479655842823251271773224907147178724857114107151977428476724317470215204351370083309145785744722225555145826547572674878832613008905602055139238786566949209559884384546857659520959814075415524218089771918536296247662051289549125954798791377391403712382944298622641580755394497159232486351593188034091737573397205838891562220530351382039849883425294694186544970617751685883277798011279847963888833081325755497778152441739319989407639264589746001585017233935467984764801248049515123330805370310785870821790537104888925606477972092254437811356649355828797515760533177242854891927822783703609881601
513 36522627595837910410864201207956582242003395026773120511368177998258815861271244066600787772571320794034014207136611923624316371688553360079070753222024251735242932305766382551571872512716682055515577403601591286262765679179926201195310535563909577967977323311664680960569137434055053956261098346103412905983929132032227503591445777932993046435352793430330909355154155338988041712186269317144957323641319249105400158822427131018572588243585304459018595693813616136378788118897527714631715015044890437938615718959618956997117513968492487781996306744421668642247889774733690767355622706204525761397018172721588857505350009621857432762667218040754395935017169448814526759239535613562647613926301447455457719820888439476566565615165280930906343410932858561564239404854162857055721984513
514 2354215782361667562501039599409678334489506482266033055307311490675655875362407525195538122198875721849467620951325587908862322028010757106080123744050915498504748220993931730377056368928524249899282140584321088364232277631764798440742613531464462910144191136080388851712531827810513970029010212109634407490144212425653537790523902511645074656096293751789668025235263678610239749247650644981445545242764295577223438755273824760359398126729644408777289210673151333667182296318140185175249171885444750260225349345218926877595963507577588424160877884070793703206386647680161043021649619990341761381530896767976482358128740110473620377063115273010398143673233072135600838833861365675888114953698503394598995686044307944761119754579818561469055846342809404075560851397250237474445158473729
515 151945727671714438738602523576316323910684986646324246885450136145606442614485775216655381419697818509401596435616174397699629851377595022195846588467493912413094060790738525117490912332773048861846602682428028578330614658159538360442790325827064084389325476649858355158834710904550359848860972047826692464890485275839900498893748664231191376131265728037874189403040989373643956006121997884004933212418789303708116068768528732733679511815289162958192666507417083133607922762478935192380626718713966780270830258779103039996627660468926143976657428826500793740280842982890453913835784904540479622546669688910683855805113876676027025567003629551582467302425555760327847588947283019964528104985070908285920677453368945174595790728723834005118042397111718645826024464709417490009705958788611
516 9819850478565967703598465225334503209191403684183436977449720534064697589251596792086549912697052145898145497206748716700292416601054554968726665673869533589249250671450157650344081285174005955777375097189805257964947317593877803078853442194949568468292602730480616052231091081073263692610736315244861122807896365816090842974585360540873780698033503676980769204805897449157168477638949348825446586353512407734398592110653214584660029345774755106305005132616819410594436925715843496532541908351246914607001797224579837146703604783068572584748899787142360700029719745252645736940542671463940493921951350190042470326046314923677908052172642917119678615260820480556021226027244755286132977987416327064220133691240747759016531374719125349225336206705148708477495837323654867381229872479224841
517 635429152483355505762624728372462423816432856281559061094814676066213489908057772537548850505826286470175671088812010447601365872324633148338458749417959818161901042918377575680743040764240040124012611136067291279876032775459055340721795562046315942210009955232483149506319299003439246088119910081259108569238819375809261975428407213985435919809062605277567150230824867403042279442709631746194785779165696314425755206937119406402566487542910460294781839976900054819311460349298416305003256845189334848759286132223057465599054947286736920421260588700115079390094907499778641309513712687697360163449971857312112892175177711880937787052924895566902881314985777069870588137737564069996640645783256619144957247300655140999836494956760109874012236813843319747517036487628932973840286285287969301
518 41170294814921959756937097147873520786117688113894771051220118395901935399059656998635138262601452725860258355411010086870727020584028412409568844848068245820427829828185275398324028705602771831096554501932757331178290766361995422832765856363583855862919146012068496271938972796432147843688459145224081510813003357382171197866311525868268821713099083405397340405658875684588787711107887251257958828722550956443247295104455066495231717213531231040977755869493570156538164231541328915446767807849951680755169215927241933651579409185903102201362116191603384827072295951731430812811313723241770190029470138107393066473017016820498019451613617158301660848517656138364051145136382149871973732268860592964396588212890795383117104779239874755087362643176130726331817234987089655618709564323243302993
519 2670985172077759506586827675283805487226830743160324294234119975741632337986172787500165724182348199710259011380361556911509237940846044560364382272304372558222912655146566195106371061362912610824012269779945744245738972101908034354168190796824247989082487912851160358755738550854338604306999308785689359365504497501126195491518118590877512535330659569122909218067907047953573449033684356562805507333711294822161596653890049851554695536188085297040095960415073509230191939559798512347840686115763982893997892523453069800561684991720365251832625972587050434459231422048861475039910284397313818105291573427101906874610176431270983863271760426220454312087056945754149871602588691084030102035166877478724933711529310489734298306117269958029727750816055185748856067445285805069516356793494531071839
520 173501029384008020386822384900393348430884272691607225397086287118734599391848240472039873791869698706925226778238760069665555641788345069425972309383327525992504712835409030396268691626502733477843810672822548466510171375521871390264497153288479918524705984297462395238333631533536952401129332174851550625336807176132439803489641970813150076088638668497154617020423326050322265938970627174473304105776175423385010477997279105307633475180199219263609835383484838046963523562785883348617526262890155142304141894882564284967142815130181292411725165159903388607851126544104350961972195830783247519167508907490604961032769302848766060410154195200217758730570463224772298527728230890790066966528829153482893529990332039906412341283282571416778925520323320953310831190852423403622686602302882773891281
521 11284540194035146519589006163168499138188325940869528036700371839804748924890068471263690988102749760362091751736562162314337363957005933010520412156979985708009567426866051154895957558694578795254181939654435097004907283401297196104371346468692490938809325110034508169109223609834645012455770686287926668763550153266432802683649796572141539680019819297945788845699640695807144293412767238543971232801418227548288590480787612451040769316768007852602686589442409551893483286371159731049391222245435114744509209889326617338855393766221710514515333082949824885738122357997382898723489543459272186404320909779913845740770601802364771550011637193882669988528515501846462421577135045498238337831248925982714244756885299897902056579104539970319756355660697481375741666569168179662000023821859785385642121
522 734907843013341752044092359951057081737681310877864585830608155667727781932104000060808588983584524025865463114904115160780420106891016325304438857369680599181761063959173764733114005503134863319695586068437336128060509605250221863335617597144317756141036950459670872563213911807292059691308023422506887908066028616271541685245738485212677235751802109764724354204657018127389263105618533118539239279650482220768308355952679918234238883980844076526705484185094124672537083551911772696326389904728213360386418252343232287707027091723103064541010361576233528589433099219474933716535983792379531787489913982650362456210159600562299719787596971865528152219153983245560745636150463233983673581198659372518873285884406097776718153672395316999733598606746368404455827458845998489095371406315398143368264001
523 47920594796346930992485081802231832907697829880632748819272988973053026901737935175317716745168051523758663988178273781227164263558932918096530720061878201223155327776102684489363139917630071265421054024270603262177099737234929408902448792399785893357957125851966138806370905010931068708607243460359484299075914781851602135521895748151498598228970151671587888308313025617425133352399948240742647970494750702715402527973048699955908854060938184145896563534748397649600830878734286179953046067412860586171705456268395180355941121380157467711418609728793878901157841176407182430036418306323853093595323971481610268868604164741918415041053952206907150252102558302781084597834175592755031865932312093612033563489115088334804431313756490004649763740964917381508776099785452772185128465141812003096388827323
524 3128667775009106141719401298384211108627939941693659120006694703470788311890275968241132938643147352601171884762770163466015150648005294665566666361390356179424015292715095846082888929186602249842584248641569311355098817549489471728572452606431648074598535736842047076022203605837448164979107375441081192431537687924507355864974392111125571780112460938926575917917389133416950368319845880966678058352678735332763477460770951624764745122154504935953545618572062859773833128957779119714823146087750119522111186811313897673567496751921281768437191633372593771656979673643840698078941404607965915615093358266856769639173423080398315236823530975960039353140318461399876404462921505824047087523890256380448918667587343272261453289748770529141765167374469293981974505523167780828989106968652464572089001713049
525 204531631968501439972907000727691306473002978550394204596056520980522922405947241392905848366772453330937653782328472731508210841781702100647898744101266063746383998392854584418722248365331717812331799001868958151922337595887523273819425126339026217780561994084215769043716102564449451707501453810425938837412848962270955897789939515460630193592365332724168814636412054265264232700940816119168593661419452688898759919026314788576694379754872785796250236970465477914531965950526304250688462952258326447362729881702481392584253685292821122812030163244062544748648299380939385232963060834877161361040279265040153901488480081933697678044054056309651760525103905877812289867541228256023740799798545254737991180410780603180166616739976051943552757332750525047959902932274831358762553831612199956558448487715101
526 13387487260443542156005553004521668539380675978712463404778055787467410623074053208122809724962503427516946116930171589947101099746844147869003499833123959220236414669598703087442522039705364322929663761078711915576842475309216603662883087915520125480554567315960100554676352071071586453445354129755320069513197005449646703379863459831937894566382054057577996888253325401618918417946166577147471050344525371005905995364412012146447220131918967244332394865379749671319720540690328432355771436097536273703198900901137995508503656176974140490223289699635258630457170407010555271735981736904569147409113903819631138867241485802435453655837996308429808794878517694972888662731722933822933007117777602207408424496266341404084865671154386452222702762472199296701024207983252888986891394592124682008375014884272401
527 877369093329208203191818221553321566186986290877416429394626798150925602951573761837911670731267644848330562094169152231087184951193506269765238415531070818168178237752872420983232299834585575616959304023448077246287380941600734221508165875181619741280940211044891400598207877823082897212425855857809891359482329525802353025492541841319264541644438142342151936621140334594709762629471606606095616864436758133148540296156310303325231585614885505307904017434054908397863739102381032341604183228229731779734203138845470838064167884220036100844153759255477028673532107283757164046235650619394356744517144789212128074724982269454430206304656075319794676164577460810548757755167496767133536226840071901668377314550511186039085191635277368074721153732931894829823283908206035564912233283985502773590752837942753751
528 57573946538261744366561584637270807103116357951003790731830686526993840739724960970434198649697325253090910065863186450350626246714764891973564066077890226220793315360248948931021876991201268416630958650939527014875463207196813960770800449746612365362488286095177671011054398940893599809435243855015500988967998887565235869804659355406036875465835293104147195691463834601034485595795667716471868116997231882401262587370088822326362067042425131473600062206121026317261953764520173623240947490520142339641577651806536717825204457954760636986584539070836102558088337992278916629394062040169013240347604637616872869875134637941639293955472528592467881997244430377951871133617331051793426533412596413605549008506779715948787631685190118918931432591886042939174404296540653837876609680514550555131505790529544181153
529 3782722601680240010528042741463452208197025733083619007891753377724525651073818710449854741478863678980246268778385012382671189857872630101411001915643630623006897115664105675230428289671457123457747478153657589795625343016838189229589996960767580401079679969164971410953077420828988959999325702584211842251432144835962128965471946234401747665929040126949570297829281147553908248899824194807218572701663483517020641233489917674148179752069669281012554927867228650860002112534848201896828484213276195715198891020953590796039397811134877073234156237732544628034578746765407984321561396224286805921818003058852155046518281511384118886414330029390912758024961250110327978870695627725627473361976920893430187575139866809683826013877925075568611812466350330442014596313128669715813061574140796072053903932167645393809
530 248842438797648041660441173839964805503016540610636556734963753622855857662683789276920639316770692096857152228424959260352094992945633253322079274234458082987197097058894407324899008421069223420181884603550986941610646288577222466107478823889496153577741652196535678294839716191349919146196416353940808217651160569346868957221844793016968165321720346540820712019353230283871481468462797579168997510341223271203005728433501261116525264393334569539573841845407973225284118808699099107294976110056579038576318638138159741517418257888401600472216431042898344460896178696406188988403733442028563376946390748423270071854102529157239928669780427739113403346905420984026322604982039484747229743953131083892227992056872247204632789059910517307255126703919023739149615671281972875422578764590699546769234260603634081093121
531 16390849829730093309713312658591580993003749819333569364218333335196118985859371096557556914732409773305955607394486544345157175784364266015950236480492540808511018924611892219115502660444168849391003761567466176102244265690347952647416800919347205030258582424701499299664161547249688497717555735984636820494609008676012049774354188268207526939677961474150569968035068537375910207961694155246386661472855126140044997349385304376758658001078068680792823282575560121796018095767220177855359424027188886803885444875136859318169992134664641392400923650333216418672123501591646044371616907644214805573204302997065916598745600968854648774965613269209333478914326366050392432337273146476070226916842787566480003507102701207766221084636664158608060882491008882595477348292385089400887634890455238688989512751371936150959731
532 1080962471620600039472620381388650935945892701881056466755194486428209372967564170778460176809129014948716663029695380579200310137485458555456048505600079507041342074185961152399214936222682347104104876538351321672285084550919119547530929645588167357306112916146799403484188740091152051510327788214259375585315157529860834004527124017015891372562087724401568138886129661893472308695839217299841909576902009292335164059690452835412280885626045094436156156632249719333326412626449549637679799736169508646932309344902105917047537718122353096112689513635403251086443620203780415071988640647045250596150444903849827911340385566717687226978550513440693910969879170984599995525917143657299410055178007634604537692778715417457085376170301118175882483264895982378891645188696186607522157553700899477247119696381312379330626601
533 71376960692445790624213968461787988772104041292060998651928575174856006315814433171194325418682315366774087310341918971954584328884683287552916866842640612286260624416547160066424585623107369409518125821964676724781759775903675848443164837563779714773789507728450556236350049846417973410957645836871706170606026809085796539468040503285965262330625511859411092718657262391244894851684831831034450354268214853621014658296327091090741735874627914312809449887225238891690287703133475454655652191018272634412433714069827127617786056225532698016710053551805842374533926932508957554784136108152578176076490260207436237049549517233404709156762163106318317449243885355604163920852503441782513834883985913785487807624908670274788211223282542973336997736108388836498744875400483268131397277920456795843181644442823111215488564133
534 4719100775011392129153282052681382328824275325063010593292222302369726721470154263826668933932545501046317635520692945540289972465595877101971702122305183513784411106603796870149940058008014111667433588436989115755629734777995979909334083239050195784333792105747108891651921041538350645069756880109731384442775378873221069325284816711865818771237949555623650110574809156575408489780470979716078866534865123001387613926698626458946919764028320757163699248601220764787681994866503360206609949030471844620974974921084134408440796345962499752680346360145691357187526578549829743312622339972115551585192009600843459284123457145557953497190911599270240081396274612407389240464680327763951083098516259384986291682084922213944146797098516485131604309331728903549741919847796029678289491476918382457538291922170843838437026047569
535 312384801372609816563929440244281989019616147919853064274089187418539534874244203679133561377700463993779951700358651556753440644416982062072983139883211012966905274945560431988319293635580309109131971758535618992764755069829697623766682340825645565355514262525281448710128688623762229850042272617228663382286346145337271365361803908682962853012604481850246776936622805784019283935407620686031682854131868811804406678923914693379661129992684527625771336861585400380877712209431827077182309909538509734728142725285811324730345076753382882674466261110081435487913282648190219041932173218215428866762723939024389179065646677915879527414279915835787422409465224016386209167042269589791823771823391148361399018876148461761414700733441961342587628461152953200194639756744882054284461018726375793470567994145612735868278630477391
536 20704068701597447739995618090092492501322019704648759769143563829123151979239269616357640390241051141127468955391941482654458637563482150483065802828157207537028703064508918591365159160301124675714365337835624112495665705447750850765494444784421872279079438725466320859872974429246913053626532111753106399262722145233058484725986295292450378648249006964965401855729816098338773294113247226494263804565018170342792084407601601347093667652015133367652303075142963899347876006117634429717755584361548818660016330497894723413855643479825819379068361460325492543468510867996674302868212017956325487990055226377686847741751448256327270886409662293679867534483950831258939799715393977872638201259829326857737410779236306472565658765113031663395234511689958559899521063209908946926743349347821677797909131995015747379021206517634161
537 1373953406943864254695990779517005689114971211919717677501621231256665986628020706311293223884737799021169514117305850545788011141797755868244471103420391631949846431994213709075561970194679251337467621158026622946580048450385878049566136154414456015394637662969507266629977852300784344033830015052019678202072989790917932324444660335587092569488443421535603307564162089837902911823561105369877039572102940842220704254027699724714712379184776393691914699604029030409863564854036138002565224568339654982170800138867981106378338403648032248457684483695703946130563632532945851495195794228360181060559715899515557232056994019316526015740875472500413913275679658685201878395367124767463250790590351868096406413533908600543189194301083618939734086255656538941823513998763898417473037925268937031321589723596726926489222795918520601
538 91288295555624892975924929423909179152609126299986864873641260224309737388551478339683664462351017751278840571934937245429244338705626536758835354222284783916240125530124763969137480895911030782837141316360850908872045029709607404493577847678941670382803018874146317211763738556255514486231197427014180316852316573495635423959263402979621656477812416641455833606786177524263741445519807382671748378842587004681506687462055913749569334747239149349272930131147877992838657225519217789282103850450627988948441577043333626326163022535727734134414657351532663685487619603726832978772617075973743502638608072716783543420880208617199962150447892207346779280236874017769677235363477665336423470682060672883254608814693472646254705335809150236099416361486233364460247064462156789866278021867319134417542116614516731916927597563486926913
539 6072817967859337129747098969360170817739548551091241454737831711840963083102651906123104119045332138729851386598399183233198271482621000704219444186093870984609054613085138398526080153261867756344771573609099670753544841327797514695749515912567127103042527343293719211554225289012264177157258083705157137702248320664197630012205060030740290750228840022861750222138264427230925378754601610600223527100503726525736196625324604152533012481420323270064229202358401006297836122648940510341319998706008250992739119555868106588929541557718285907663538693408329412448801220433174019123216278335663914935893503304588779977099324118559686484859517786825222589197857172873464939011939090236608835643854312178044739007400737830409308916529554675980963038195785401070791279352184111010683992108549088780300277804766536244200428287747101844779
540 404494574820254981434999897195260514558677130525994813012012959594111479217469352363684535767589368574486629429362984336201897318403417842889487663698145877200689422655631218183675691394255346417686307292255975846048720451067595203265036810241979911359210346126517375403448462854898309828775353508519927462095778046214161481319316553464956568235626640286599068556209115562605687555174498067967907216298058717834580457616785025724754737622180151465633037622933947302610892386152047880601188949482278082032592085425083003778732868524381973379919800644455951119281904509601877927403083080264005939239121039277909097243450563828004533581430069053440249988705995957725676039857288664555137226400825727592376863616790621633124397858346384663362932838783579876498657515741736901906350475753885986996997509032792603841398233093791542763961
541 26974865879240436331007709855318266198717089431400171703134038160481703643529262637912011914179476595261705966296745818990837754542063077631916105863636355083861540359453745019040830880958119966070264658832245241382346146798345926355165805155674742492977857019635544463059402207038628356191227676615267250485131039927853807978902522624713635902667708627948733998147393945774810272688169634868406990362221432300433916910322779281674405309153606961065012081594835315898230464445775577629050335661642060545365997499657768282271742207773296270542649969381553043417308466370333884728961009213181789817232386684224927245324844083950225517090793574923793827294450547569767932164751097937374552603121405176992463305221472770052018932898957652382459059012966662936298168098097092160385231520455793250566805970854032595582344779922296490061741
542 1801087907009667185415325202764198568893148803147195450290244194457700658741137990492715649252082807603800490047153083208737380785474962223362584530389099824527550755026146076764449886854880166304631832172994623055322936092301111869571429383853035254375821795089462674926510778139081485070912604250239873458819955438766549439744488760005182175674521032906780443893619963717017350422057484155617708197503380099529006399032652636402668671631286847077628931258578105295748075335107256268742274757634892505564172384550966427172148012879593341335368843861690907596210097003717791831385364562194037899189160442086791109755121392079977035203950319818044321035556445030823815215112636919660279797598720164870982516927273022545827525807843060693461001037529713731757262518045163282821606686111986589527489963855349930976295464762360629423798801
543 120407796124954473351748865058152877168817574370240446511298708232562256817845936429277022596096172639751918944583826076238530116282361948951103936255286830229068104644955643135018203468861221353591446229022876372585420844195243512561352052956626868822946197906999140525476475953378073689684079310725470043749468185705775407315157127200106677026861435751023932524082369247215382266725434156641303397974852753460420357342341591449466702346682195220133479489130516001261919162587383039914384100902727436275324888857064654961179757187335924339742212628430353806694288701118199641460372191523366387414762709821233852421674182618855122381018038027805901303223905991747061994974146533717846727597301641660962911220369852679053829714627886664454066893891328572278446616598868741133605505887617943468761093557468862814558768168990104381757971143
544 8059272673580690328185303921737450529048449296567899379773864943091290529330369106342609601010601211484843555061513901080156026304538778074489805388558647949540022601674349524708848976720121676087866756911305644382858185923829239714444779505102637632961287385927857689270636901898088630686899531904658313465026444022712718218354042950789078004997384091208104040582849291852416694380489886716222691103518793608071924707551797470721934231262443645503332925174980118482006534231765810189609672188137955707139810148991343807043447119388263656538067354517237703802668674204705683920501970969018046221365157505308735290284247745589910193413941131889327967438944468844815183038653383163274801806011549913680906816726880617741983313780388517506526062715761495274408615276877431546487941453746880631870075491615635779890016330968801495185868717889
545 540086231700980299562389046216659594191533460555824257831909678032340403516192602393966870664881845915186677911070157456275508411287558819158010374989255623316382295230357691432313229954556883761145672926156533337940810924100839277090888448060218427493544039080994416161162508677957646668753915526591515014212770720990841290323358066746239851241845501043607792923207037614149605870252894246412448750980437247968144182930605125042979038481771527977458298187508883798003622003619768453925927697395424122710751819166270418662278592939917099940275340880509838280462361648326911648577087579724639289338649638814210134783069065994878486576379234003581076046774033879389923607061205428135564171778292696855250174456907913293599067817210765901869358081193738693925649905007274303985727983677738823285574390894775162590839886258052032541940644142881
546 36238589626827482558888892558657824617202567909844711839501750694822398304871155834946018529955475110148835606601282912539474917286682229444181305395956695049630493960366806768102510194402531790673937650906858920282066382811106635881280545108640952496120632794548099599154428099335488934186289749570478873585055098419039134051121143139033867456165723972507183307663147872028566140309009613007426080182564781593913571727788040157980866950226108766842632297124924267852137415327527092127742525933036054429619074867508799321552853003841271948187046540957541134889185075755850741348748234922572305830067497846613622700761030728833045170100607148487474694426597682312558863876996169744802761969826283416497534093072161835579478501610086604179211110782094833803039502794239878675277088369238706702903863408813143609851223473000238179645543928619521
547 2434436359104233503516989780550070978546149625089554530278810741810497721117709090809316357502680077611693732286255974456961503664728286421070112694869353565394255019540602994835714700197009138944140448505004079519289176768164973497708613582442032832936410920225100712195417850997149722767686983458439653211372974046257662694286733704005339809403237307993302702663901611648552201887111385203153812271856652195547876206953976413520706836146991464359269410841443758124542821806674079230249892678957247534203212380902862975983471412320206888224219749224651964655449302458850121105572519736173272319921697416701333983030644632384022621424287069764794797965233303276464212880689083397640485535384683191230524975546490027257061453183240297758596171593111242982608811150734657183963693826760697976328482227448877882631723383079386499102104498310849251
548 163737670491382411731419227101710058698977916021613139022872619002305347316070824106996249884017621942333177330562291340663117396796693178468439807309910416536311624077629691833393248584884877156815429415976766639295367648981969833672227539257002988825013260720233055031720535017773336392151068902461314710386187503118824304144841500634570826260995298340679293352694761879565701790308581286625188581137176001548209754169374364269106912427189839553162919664119222011003900576651761365216675310638469406871241772196739518754496920536941727790586733607279481285174899157071462207892902650471893491752381475844230961257611618020546421179298861855742326132246859809762817577212802818975464352207033136619413252579195521227349946245607042063542702394838595628787831263080017215360949184887921530416444700960864217492337145492681722642143181159311974473
549 11026472342670681273653718104914744934653150862405024581184559400279488173591029012567074980349351019060107543422936452071845960702983411547738451187580305497833349971661342221412729294418210196602072283901213169147366458294908050578901358618842780345252149664682793198475855284362182157348096539074709779940747963584816318970772710883418806799451408053443542532924569315407360573744776066843279200672342064673013366361004206129864819665959167299066843006521098020845289203645569972393060263914221624938476137178181707168185893925556386041891343056538548181715017460725342257031628278557922477598150094360353744047546935145172624709187976458257753790634786074669046212377525666676998561069234280548415048082182134464413312103974240162185886308118436214630251740462670186287547308086097439296852095180933056893406900488865341118419972847026585111349
550 743431519851897539273747127562964698972219357869847684124625328695451348567296044400731519767745657728693390289207618879397628261243817837899523995664415064353825761110490834423727168278088803666224614497528700500684553867350876657311533172123693242199837247836244792663891706592556670551452260886513196327888729951349526655872325119200833299138034158637844647234764696983097587615886010527982509930284959591007983018975521918090396512734453843334481763796991135540130246229827080056972200976163867460098580988397569839218765235264915268777924303050273541052236251004075318891885331986225123801591232605569783475510282434087170598409927589971135798348071155831999857585958597785023933915360786987996500948025294752144754764417058450223455061724249139888434077792783493269397392523254706946871228630273382865638926143735064928146286315372842203973201
551 50184021124724816761575782750924316923128601100595935012081012636441550970654881383508249172246866603216196285252491489192625926224005323076444923812891865337493120651350776283516818578484077461166643526651713387235920815477456667934640638650775745717912591322310615759491907255209215594161467515984707173128998046518078525292407216235809494288645564492605957275080948046517961243199562130024458202004655253258489918290418111209147228720124425896412025356377790221762758025349826424284147311023449704864870034103203067527139110391394469975145588515768312915110797051481803332565147287296213363636222819236735322227246110495391162473499218927312531173980010475389882625025364408974665395064274442590228332564313382386743071033278104801310174049845763090000919727679794691447635998900162613056116706085406333337450127225250311079941419866427092896095551
552 3391756464571074776742335054445337769369765969952438634340061738891140441977416223641960321967117692929381787319573383289565544317263128192618582556209103446455889829563320536482644431251922677541424649162914364297345326001749341395870697368091080329346576547204431094557599851181168518378502123682575505984172668410896663989385077249455878894862394775088671521877871679080718583116553949186880219965757917952415190593992742778864680828489050075878618798482596545438927651190139806558001060290228313142470063405951169424845874264531257259970317101799775339383846838524296774326000097104274620199755608915141937455836344806239955080592915484602324817425851930403844337286034517695439079327095723162787408653869609231827197304142671585951743019725137857933698709674891994645888847714391991591967144150667169224884411320375891937017114191157833710890410001
553 229507940090565415141931071396976176891168228104782351456213104712270059011417642720213253522366494982426933830562649080696112975231092811225434604885532274099800702722841328808128110117369188490230973597815263678981553753864253178470488134735856627330911475151093957272865590194720464979943810176837337195504185660573757895426264506904627728494293760193106396667626023795883816051663515823293816580281788947476675241781435685209894960969698655433747916220865044402240622302484505860046209931592420928866373668189048831162911758100825766089313549723146573397503607053915813165930707591378618474701332188364402721099239767698721066928169211829503220156588390119018265021770513951206038627551909807135899164997659058686158648411119833338316046953278962253280700338505577039519644578447357618896745074505577114574695075789683359962566389584438535733747440553
554 15548481492539564080513508210813129463577712485668295089504014698061872142109644114324407362845756006813790147081597191105680332710666061712248706268313651519561600740271573894009338082111104737976115909969410685413069798203250765805527150926717057662198037451834343281552327231290864780391296738236265110036169613348496336212085321706182890717069084194948030490629735900683770593305789053386039829491414832936150273739441306640469341411160000406868897128407323776336653086088671120831327881505366584037097140798396404412227288039736336092822355317692518700612565071801045171251437307922271525004840165097293280242899478473079845758938646784705217236201030467794632275606513151977176498463292069054458639050249704912533801539745460992567054536712997220054601452731128985372059219058715396229954706307312372803831371112060692318981164452330507204824290956609
555 1054653775491463174832848760160795699163237954572237299983194009148229440227194833221722655521335866648045053273880738042463559620836032541059262895353647001582680920704949580091905251329312640074922054276818181160276378562751182494527265738009836609521473921606478262272407732838856014407865964353877462274359276653047620109328076358003984860704902072280663615276178259247210877154059490034177037778640942092673972894496245969859010689388722359753194309469132566630097406160002282537553648714140293054990510705972408571746859019470061372771848643259275291224926650215781653547313479056982052718642368023558007523087833746002364964159545420478442652952419879570177191135230620062187283719270992008652334729067050928393577622031502613407914949545745681652338405546150390249075858382535274724328192922594007670877869392045059697927418302283826758540632079682971
556 71621460115137611368522395282589060807890733049949666902225037315029904484467777440405691716043362078894854398156978450884097416115140139208543640859508255319048402986896972948727055269116817025166239506397077304536734711263393107278848252525243673814956825186313337304960390750009557381791189279426053529776031241709660960216041624295969872540845404518855087398671151795767607798559040700222326821717882589773327309485034276101345414338741967945967666109898507768987021545504913299325961816380861956053534422464059252689407337282730959672253085776635152213755360711083276727676028142178165875135060975979960912179471085120328131412563732981695797754498652189464723137379010544639507980532656700408727250990897281702626777248998517769939949906270428205668555338626460162590180976917744321806510400980823803089159364345099002385617706107811143340595957626513881
557 4869571879082996295333380758975304550678701251877472165621373892842962410096661758238631315742986750661494217984596239682274934483972473462374249421135734841225367159419899245162128600646961517069836087004757826609301813040822514419548416485491593327216027222073354987126377527781744611314937536764372741184737250528788660388541330196389886290014023405395918336197195056028765537480859426794086497406178671737210578780001832679217374786994494893497571941993830478670951430850747047765457119491306882458220970130033221726214503880584569551195375489710192572848780690567449795672444552620832713061128639121702721329533392152343306935705851357806031732501412633941532350744036838981756631876335323369233574089116951223612307256383652870856281638845167110370117471622398242468700214794056141290445933673291275802895443862104787438176825432807959056605275661016919101
558 331487408918585209835667978990692446215940189879262786072016692973976434212937084048340363949456533964627862856479269765528899640579925063168099494008997382055368986854377144602984449695324451647152596920101133986497614042896361723514686397421233912603140328952226820986792873126112741425315763769445391787855610355764412227286571953659359965771436555974139194678307392518815996505075851014458441681149049310301598592422333239576794113205166699930183824030108433303479077339354173931385521697070842519244342211684040377127642767338306816207654725517961676062878764849193301646047050508735718583602920877073429187169650800619307717416203791716615893810642229977788847027795878027280660901464807380512792421003350087339676148178563760222380278193566238752646102962020804899485500948998170441217092656257274699412404571623323415408714854303690835562570705682195574033
559 22591866941464045648840639567191068079673227366201918957284971640709160927412429119191071783446029728257621978930057114171011681153662171170018714334989320184747526925599877718905045589668445883970970832945351142700341982711826519824424396371782119196334611337809529935392312080573583233030308138950739385163424776466577296628193605034592572170701433352861413488709693397554163105944017054887758951831997265507390366344227896457531556962172202789344610256983224038951259295811554256841690409999141023632419161920048440468511579638834785468101947303410826795011327406018142208268122653266562741570830682577501160458022340882528012929229487384825560010695350322376561586464016629364507578298897705807747674392480170624206294277830797074226336348761852947643667113539156382193489289660894612124611364343503197642341669966266163950873011618848041052679837911748468872119
560 1541518466608790416081819432668286014136475079254326791802235159044071681809583358072501429052629942968092221441121285388345573795263324038500719342274490003329446502026173690068366522960669976211428382763643421934326982110031266862598805563359290893008212254501374564229826243301310925883608254481567413560989037435907393822342782402552918683524455642010767052752011169664158767088048651179352807395762060911121588520559959549424373535271069038958894245547582814606951771509638274889938606035966566413765620606820271027752792059078534889016065860804793514503148697969198217374008372395861944265024198054697257403008737087825756998928470054614398590076000981926687215495245475518231999706429164441785822571418017830195804398303532567857459417700624068348511449096940860969515397688652474315723087887583864528633094310321715671241864754271172245907110632647467908694241
561 105310336954482704503039323575914649377574392119058749343786340727617654647827408148564968959790503335255198410033391892789512317282403065812642584946851030481942154146920395036586618655585036319836077322632102405067540082098308340791636235412102354894295260829706458605935467246699643501664454944868752858831309303204398997452131266776078962368614955124155300554849357323754318313036993052745423391262660457007934011892447156866544002733016452785103638519932726775928042141821068882370862318087023108638014506552392270683790083946662100634660301136947516589226717246360669364652577063650491289676082549413763530154596223713693844858896905013583837988559444654173707889076467133178170088300972466837510362042306729171008025824121132067871381703414599447476847520327933626704456614763039749234321773002361136432692221411286877630785962745498551410414244339401970403984561
562 7202771255284827285542814650004660597287715501485053608964433031372807651603716140233632080447195202764669719310700134880754542068516910760585721880427095859722225213093377979207795741105823995228156274200743617395806977370845727808832804599571172921614776758715948383108784230479696551990466059877633038101772837077944322506165434224443681435516177257259096962167886635099370199676409391016283775698802921388809691502595083107964657937969035681085606396853782390852855662513978954211756321523417167092998818415354810328271387943282998303293568065976492862509985335121020225514165989813873842181568249787961528099646894835368694386705632661830381770948610701931994295892611931414331870886682675723399519749183877132471657436147444340906817209030438321479211307909789302656611051854629691094302227995157325707750751258013464944437051292922799128520312122694300951268889601
563 493215796444637487248651009020527211706263851438947713181956738445105815635892776440048027635018468881630721479710301234689123739386728240267169517551412853089436777264909471331342529833191775435119719648687768971694286550985723606782709420226615124251029952782418323742616861871003607886426243749335170320437518537945699261602042555666132989814473600981697754887927472229154674604730564232144995597049457009569046363441780249769579994885302224422123701921586787345761824087615753538061379909755028159157851214574863500500227173913681635182056844792233401702091713128245772595626273655526019353946927460869022236635047541359249012522871528420767198047290352285741792971664595943753553202329082499258517231710999374672265259742081799400142337340518595838534598002091497830847364665928359098304108823368373302024249991604864625204914654749046527162605966605053278140206580563
564 33814038270864692088237311224381377762667066964261850358052017662707697452136371679094895596326492467176387029604735696464647558001442752681782159250244760003758826002275403983277568192172230777249173600993420762549494373767383072483301164122028272826935416250866520065412234311530251009674069775035477787371816769927636768449441088151218173157018457091995179782245593225608963514759513388079113429132902801569621415330283415365285301723628105984345625551459421135610049926012652874333496442526397661870877469174791092298475512475141250248592384086329249335632960410180239723587889572056923366355197502590680285758730220301714263688947005656148775040655429997534228011322793255684125638161286576841447820844069102324754230678648952712467054736591118348616894014518971664921897664316642713994538923731953451036146664999464500428851377983201261184726135361057873125783345588329
565 2320924400503966469721218332669661266540629945581813892919746366980578056681167565119760557364885279591447492341769970925420398810101754460312087599386021362533076442366241900477087365456986735630036091660503943081474875512286768715077599274233061952973118709999459042050710708584209256556310738700100051641903949272961453382477163748307269226739341253943990756373338972241982181758409140136261733294325192036001140377532305344803519066082811943870820395957234651267899014155401418163100904728500097563244978278239234725455145868881678267490005639211976980954153623841828033971552044649635912221952926994261680226295808031166006529688359956032473559533509683403404240774695645061539753264551409964643944125841923975952744559693419249169290536754444259444553819037730188516080918181820917786550513983490249397669658213458996051165837149127563514062037884304424642784096398373061
566 159489070095552148156376348867150862548858668845116892175482080639897997267214759705505465043539870573411893199066254562371456569603076575503848326062319241128012999885602294034922697922101877895785285954911348403601576227849397453252455783123646237446806323463644882085872999912398218945644897571863245425952523606574737980084584044536877207761019498942771797328960307272784410791301850738351586030250105162705273454551889999736377880236233218778224759250290080306868361877915037440601740226771037370760485846314665237794857537108215468134604239800705072767342698929288625929293820407719557239550680831674784306152420057560704296860226601202594148889283053342777883989125335788498047016718736839178363045182868984709016792229105205446018647753684100009351988818384206887293902142626551828052137831638056085820717160538265157518963941031458729859698055202670702254942325360578641
567 10972880368735372031053786105312071657272160013346414018176936808997192565485905058963262127792788896651748701396364682934801099142884454455610965032698091042730047967153253733847256230096859558152298511816597374059304382014920830202687335057707067604772483086328249333804051410396657189329315670930458687049585808461733700162531349624414936801643951892391910339893278564890274853176246637112171269532661092076654505863023223399400964518435265231512112354351498365263606227717501300123710567582287745660448391713721108643924341671533635885131962746767935717809407108500827487135465026655803080566279290185148432888936757207845908681948589539982410919140483012254248659730041391023724584844316571247304961672907727217142172220954253793365858081968157836713548525721406155612667556214445725336365740251879450192670059160717017749661346106279390044123268882315367949149198411052309551
568 755808580827269299426926615862325104638024203409353292161767780393138263671719562392327059718446502593698260838701867292262566326078359699367886741602858838749570006004212336918755087727283956730014741119688843795652384381169015219782820649343129775676811685736774644026802233430658260221893670556043967460072685017039069242573867694058680391585286825790605311856737968214731680587448424707921559241814090370654212478101445719264435910243863439882423535465739157119460293648497235219862379114861996055852153310722812795206440664204779588844559552493954012399578296379067963805353890299706259302659856527037595374472240062185703056202596443349835890591753477629441544417626917195463185282010684159920768798426349653427848861806885746075272915718277918466178649238947853714570387980960778303231729788861537267391612112340404948481904135678595328103940590789059933160706982769731791793
569 52120220539520411926076868026621463293673251656992319118628824742956127671561836214108595109780723059984438936957183546631364383306166789299835263239929144359472924697161744744629819489727726344335040794614618065265961618017434561424455720339012142422845468995144390789074717093217979060980506802960033336360638627656072884156694666741427206414268182577303919272432378687258587882390957266098479949800041958650863760157264931474363350507604188946722376600577161260428257446602302533190296429587835207533491183031438640618467079635128220394402662605749826927558898542750045676090004515528235985643393922452891929876696034119955886085819734720252497105278696504991115750419376059895990215298380195638347657677840403392874960899943591791198254536678764431078042760132491987008895336426697553838391031294887328042468497966651928518409355128506068031798857457140375618578412519096246597689
570 3598467372671842769386412106974640526350777190690446558481269385916376787296082464030563208715387752146656405238651078153695601217493279393717654274087690584641482587297356125494192255007191960662692701425644356582240663450183727516291380912309474735744473822631743949479873700522134409394700697122316837321290375236020710907085526614555339461211180282583230205843220864631276298230128460407655336892599845629088986819039466548373559875149734429649584992628146620926703681395076982722772562187642576303025127797772391185465662913141427069381971966659172507437816800753349482898375217410470545200020330275971384252117944469638090804822148285326247846884129682201466248585890913307635586240302741490197332830668234578155487885334590783776696659764131631994203217885085190231778148164485840416749107354780310594711890258237106329066959125909154695172086374070408773840006145383914275004481
571 248729864392380094652521521429602541713601167082445999805307413600822909843944888134733998487199141938360813343054827697053213737754487680689704361178142897756289522634643543358354029857597197646908373688774327064826178489794730433748453602113766754881004807857639864246692642069087527947161474868564056803646664306812302038351068035828607150864067256491250251000339046095715202263157276045927854645790163775543369719841681356677408058644541963886716010250231327449481260720412185281580737980510833757097554011064502265054770563534677591119337971627023277348993045665376462183888802458314201624831691597690074692054699563838327163023010252756978522242507535081758242349554828967312210468754827935077300277224286217674409709235161844808369961414673208928129924525553042585478392082029495067503896029776242692527833446653600643270202927450547977459123138184686216895852101867091026307228171
572 17212298043390088564232759758054090199905434383883736103345431002690753783107175720740658448867531076271496154154509356619163379572412592594107087487877881512433942323819876605393021379179280290937634101111994068766938706305929157140566056900852048749244519601707284734366840814398743172924487024027966106788943718450034343644830481220160920022515932639926356856598905337437767800344942137443000123907209820057639997738226698603638447748354477340376447922440080002881066211866063590759026516918463558753022929352306836627147250972379859482885572569920419447461587754374233828380902572127289167872187111538432811109022957788860369407374759312157558755097564886561216685638549155181660145841918630209490312421631002309953423233339802665089665865467510668311100501665875209597263557228826747915285024985323221350510055479859803818156895741125417939768697274760164269474568024457346406457067001
573 1192514923566485999159067590841255381792385474189671867462029787675610409035455261462690969173817755580395237981960815294553991084420327561935017585256206678743357853126183955465302142171588260946901022699144548660805726277097336768691526559432074211140218603759106439561887349889334106894146471112542112977970235755037230774429848499853309452127621947095000340847464958376388182117883658848108125017073030600665652160678344946901023585690759538877086701534704304156993608999674947071809218598148780690236665969638343066494458346359327637467870200544406070446741808682027215136785029080995894876741227223633998564461769036906296483351946255079134020521616928649746511068773552132415134238959677633805821582911844434350473632438241167735964115304350071257201801901549319361578788085527876058110544476344830025310549956503197576167374549772566251239314172082644514710906655180588355594220615373
574 82715220357355416302090911368522066043675449592463842979650366439826924047847456016950567377344259720729781976048238921969927112915880191834069760187559610275753786633766413152425985552178215372907001949437062890119974683378259004812349685373831810723918830407947717785600880943885185916744002828133623114713986342298610097656222503650894274790730849665641217607714589350523620015081259826557238052302673949017658338057108459686061579254791255454531579357109523263689173697679091146221585576138457609581502578420095347451785839168231116192377606429131047361243306483783154954679443367608225362625077138516142119333541879282301054127121694657695386556636916596906500990589466075142795988636167062323001451244834997994444302292517946774748069188731982336705353344698712345007634663323187061402917491611687029957463129097900730011836005239254369151331677450942660219627808154730874773946097029649
575 5743874471424442325255374061312028440972972629320592414842169314086821224819363764919994612526772965768577410069774675332726000981041526721221079049125570595478302284822771468419401503207001861622876733073374136095703649064810970646658806932177872348447939816448677081488323558481260612977953634004979731569811153227951805791128257437924261192036266126802699840456807752644480325084133418715834864805631798185615568874155346083819954320584075561659026053943496716371277612912851138274046925043654959010568250088252518527793770978485911659832408195821096844470254442072977409576815061145417887254123162497729770558713410741954054272951494781944940776225736202916663791330479560312701181276334888375484784187344114919742745110584445722928069351672727176165562930543608400531966813162998762104235992779334465178582921396534749925411275328286886580377135748514110208778352180534801022550488347792551
576 399333424994543146347705632418468367201549798385621792270685100736422036726971372810681148988345323195078025706015941763300270758393970638537873633062936584914723561709119785969742373526939707387147559274926032421594633606820786971153297147872733965735277089987141757458889243389455982593390996424699504119948887464177989822891699754814509045866757889765507562337162617264771399833091635021533921526690585547935314064506043095808502788777819261368041491895472652303387018263255567419324679523362660025823179853367387647624289748194381998406102967885502320395417388397576059765472713909328112991322565207658130996759320281372877208603261356270813124249385403503765499769579190441616316236844976491413096197627398370477116567496825943134183025607873468194605017648149961255821045820791474255083621197196945615032329934540415109939453245480722377801912778244390932289113093722887987786423002451651201
577 27794614407350657025600215477672976640866858703409646587130886465607099281374048805624709064364764142700781816173192672719740130556133490173981778207182679508244377694812555822053228788408364638893946604928481261629330248741700169365003512943685829677497193721099425888049901012004229558219004733102555479713221164033477654166632592963990692856556815299025878834012234610158194348828004889577291164449336197462583755629020364943832097837964683067908900574970146757237241346934570555047913822340419820319216833826102966723655759680712527681321566217213705206439200495826556980755304357261172353092748113484204400920028390699670986335505966626899525151807532180399198627852810354528910347673143507532791176849916749706237069486778769914930743540915906018111418045412363489922349646313431028991729894418987689936944118291765136889859538180721769440722964349996599997029843154569753712917370338671400001
578 1936782782734206912708874295502848253055116258003367176844755542340990306992539234804314758526862812861819021207682945568901892008607246979025249842342164318056649098660230298894178157182261847352980274595330522141308629422729755885723351314466866060428866887597450151274857212320368156802667850901925579226403097561649716212459691208972994748552193935074156776209513204817056519351189914866622440152330675588048289302092297946593561556192723364136409527655199167436664098553746472062703957454449232757399595887157004004472971131922462239649942094914746883659817204827664745008428943559063098017775089415929689105649547877609584832059481160395864482011983410692158243004120353183575773347225596328901910171082108031512577892479740474821520448708050128471088589137441702623522583934662395611858770566616355860969335210272882344100147716087525098202224784640158156104932747059671943159617273704221309953
579 135116876018964313478546788940856559524975183318398548629871860748542158087657853895403342033033958170359511062318235619280121991557546818755237333710629893006626445270021933638519078182657815899211014178138811890937648505099103135487174869912910880036938188060849149114359173218164275087594125504517758400254076760189794390085778909638140648599391150719209521861027269038321906992086248744358314472832801099337763141699244706657304092630328113945946455323746701546530055011459057739812000526573036527329585016064300988813059347893238025000075718502537083749453888739749666133152171868603444749301798521561162325310863417637152371164498763044849666297927511791618975009157397840605266936232446326074117970657005228975853815852076173465730364587087499012181029604901342681207376291443543808527776941558980900147941562359108563999567441803381322429406947805814000420117884182205153197858407129344606750659
580 9436918122811749894979966101129850268110759850718877694772268587101545217790859775283379726931474655694888555226471241857013793563734292907360327192082799782594706373371381490158496730968977942680736972876714207870332568209493965215517980518672698011567504033151425215660915145697523747500282687494085180352040097957961493088799375736153193901360408072321808184209229728143083544159564021100073730149776551614560967968018458079490041619279264878818474939544405955617059718659276308833256936138662614434999329057975572038485143194159853963886513711887710095546809605074056878426683838678341906780027067676411975546009404705970444000177596566336298552652139846348375586203634616707959461709221998844013078797603844519164563964436432870736282859477086438845384415518693732945600753625988998832958086867606239189825534078117812805833740208440090127000635643104376148626119253976828070270211399409792673885321
581 659847312220613115320874132016896350609079901613409643022778074816052910112025385607268361935422544470950952257190558022805647167894219973403619729247428421072378606685449920464801405475916151520758572787480610153364596500950600586759133818942935658424789582226127135016783464187123558164972200377378733196162728321111169191557012877533464290360158175348925136770887954169807003872676161231609221582105464027592937481396653954504539883419919625023107522516713390364197597294978416556930499928491803959024931619883040656820598308716361123283130068026158008566186623330300431547157291664682911483109257595333920171005240572964821222302392559850475508901916408824988956751847331622816375667174521758015852552450397363661718471816982879125299279944614480582006354419654366307976954890564314693207370418548710864420547684391957161601545346224952768605271762820962288131784634371555860022132884254761392982301781
582 46191532193091207471321571069306739779335217176247352560316997709859789342490968991280286560227205768718698990037189597007821155882956346957543496443055489766445358133777441117972960371467946953236886130536697441161533389749246375183227321482195644013272220194971073403573537655244120977182440612889772958913781514969868082762662789847394100055382988144708149813499857074703523222065900263105474032637302778482432360971208135203882873017987887462528144037512876877513895535056451693718778437373073652938548490333231187867045337361779710787808645689011104490457158050851142925096776167946671723102829323391014400554259995048332427257315185730703916057977529332364751155337707255949979227838784284718472126304448019423944937337649611813607117538501359897706769710679308823021238617581209707290897644185094094596273895368164361058175781885128390800866825034424164149703109246091048384636458918701306975819371601
583 3237209900076901940459637268437556569138843774618030094026001442289550492376727875125152874184289908794699704831426628261022179339111197619238179253828317573852584560638323120963147361974780086447186647613014593118851528669243954761088908290027219095040731168972860298677586706851696196004423029127514724013513324318670883278795461300021707392249194094535749012838377215808462079011269197485926605292943045494533307191612905587118804526244317072115964897044937395521777702921941461315213945337172727423218091616655207068104488627321381049844322165254145171618846451529802883910052502746318560765514742041628312635632972121134590302365368043864792581248877401256297168625407123818812807529118529417830742617083807212823288925400113895590115276207802322501762746743001445068712568650180381750665011053771203026722259639611077818848408363447477346525115762665024123798436326024323645721946281937927421308749585183
584 227127362020404255647524155506562589708903308871457602429512738895825199210847613363984951689044771783055183511409726108747115097288627399914926775105856265414237080080651593834193053048385985794349694945841910501816379309020788437451983567860278945612522385155791153972682316806327842222728480450374383169870704020041617256989239272724391341897193023939478141470021285393348997335033526760338325143430819622840982552254385972274236214209923565360206485932100891026436207650691888069581074154074012761544131539832690200171274418364635008346550053026937714426177364867240721110449804508323218524453384499683999430178737129971536219956900977956490235604722526414028000128267717827430145969655436809043157608778818335087426336723733306680078912757095163270860010839458245859563141224747995743044085038289860091589800612239908494493222353609651301450905456518394454260641753476099456286391766706883996628561637689169
585 15954050710866553845823322100615566895858723371302746223345761583167207396227432807763166677422721974270248066047351742581193999683070540761243676096065844977175421054604124526152682816642820820856818789581932361688965975583726200288835756167546394254099341739377982457834171829362604199565988400802181162037163723984862543131358564657646355375953549763544551324771944623331806955798254721140385279983518571218311693356843562181410645756390295585502088742672185107267347248262432109133401006283359145524837613140568579195639934520604496699693335268055926482501106880756631055103999379961462433432719889893269454415688746164067374393109516894060713943696447893262919555488407582675231473630381999795710799395906844404396807041947971940082521435325730170362879307773863879451250295829857627203790587749277216666972366316029564832692447163603084774203635109638858470638358764711210881900336207674955385299734725424841
586 1121914440973139332784453798489622393176453310531806547546388894326969237611812744065520394613743526414891455224655945021676811349097020095397775236373972260908172410351080835572002347561706689554673665080092237954813402230144230904867250384372445525883814738307265974898044894358176092602517072071926311474013855844215583106499039963197062468863968220220737844070875136632134791629208263350232350712264580633970670762299476626964679024102498780103200336169104596913327481674514512952863093291275049742393066433054653521942857429158681118568507559805482082914363808581398488314134336418213735533363176360995166183253337341628488805293213855400028451401562923258464284244672497364134439037878436390103405707096418740593345235515642883229489504398959315629865104105052877572726212249477483248500984964159671018716365149592758190864062680451799245441044184266517700125136145187661141206346063968948479601220943007344961
587 78983445415187922211312209547694343771285596624756187236407650915204805779082483081373201683135181741364038914771024152361275337850611379060233823010412558607562785832799253717871722863078906479715692589464157577082486393155560715147781737282554670871312613593564031468273269918735423684976067455264768605937389900954682394974980155045845658384640708756913239521408871982326104568052051572061813593131783855540087899500625531782295595617406396221235585778552611049685923826408200662085951124049387364527336799603099181042657440788739208329849331237969999965352226258720190092187431819916496277901227916697667010842826212867170820368718438108664446119056492203251403008216128845785462778895458728898188265572563132191913967727778657746227341586658752236513385419979734140689566655505337903921443776940306609016615913031555789188085617721376361895825943733337320565215735654329315750744307608755851363838435959231369851
588 5566889717040486847205310192361638275742560979332217438635329411816227140348187275161362801716357931894792509169871171268925549736832582131194356013887334045546318471037635216472923863497509698079685933467436415215576380606396866542902082815307498459184912383788281193278987364126542741460083889540000649085805042004715669706385961943112354273315894663520495093319111927405247724837447307059373822972422469020357380803774387738068292344192053052313415075660416188617722564978216122426011496067411832960452028642922160189917273397055315192083762183414383703269047973315147653688971346537820267054955081081964280479660272495875394398859316278361456949899648031423616997544229545949576935541221519782626380463375391284105136447631125941639693229952874067698277335466648979122089545915651424224735737732112182152555104423152037559467298977951892668695940756017131135012339660257221057328585756997202354710011786280319026713
589 392802390505565366393756245463845745014954479829248438163556734622135621317491026765840120125017618535153067628691218531170807047745763650178308865499782103731567474938175292099162966138505943838012629477851752898747151040754059028743262756483763306391138872198970976025188570921217170159774466417597798612210531469770789472413168599480357647776527709682029486401446090586806363864408454651972171065414816062319138218436012542394689045587314121997613630306443882440834182829826947355184425324110742901845873266410334151209626172215749055352715557495635357513659202688036324286242322367302800368808455581137611859626649175982998076478643837752813677121857500371622115490298410046164763376099191110445157480701946898112341804557268360945597372610280075613239997207950279990613978061096301632344341704021607592288620833995990083685343717511973113028144987220711314439403830988649589911546167812263583779949027590923476385629
590 27747297008038428841681936402535923212011837730074308276123091291386846416398685557303983805448591381385243393059169555266756017356223703782867209256341984351406002217983206430717112488754349782770907875372152374884878828555105712627304807393025487578594578963285189122495206688416693925824905860334355639443718650647207852688887995656818176207445913654881305556330023541969770811127011579707284196401931782319228860628286654215620687266954906138090576524164126772500659553477431899056736050018383167633327481746550879720075262955461376554646094143804261385514026427323117199293699959422622789286896522426874023058844337130696002636417637944802788630426930558108087022131806745464735658516521203607212495872978881596402290075654306455512005039000979055189393796480371564403912976995570988573265807859311876106231243226040769664773411874191691281133335732274892220431699991623830172498323710567895098320842230223442259622161
591 1962297142576778013113999281350128840415309203657813190376286415191643939958797245548629171029900136294144588254681100282931073806402914320194217867642329438519207134088271820507222884292773944962442566614640981026449826853084080804951207606540534277129943481453550786598876105596031562010618658314379981203251828797705950232355073630507792409727452468174888555435654609434567407669388325255910281417548463991583622263747924137071732959797135262347525449466915356479045428109057316603319991048404669239720011955448430767318226941166153958955674290502136742108540887634070078332748132594780543793554336749220281132545585632172354310184018637838192693290053617958129229838727016258402216528446411543267705970700561106735778256991946882434721799379924246321017750644495558299121251078143597420911182027145616295940655581315605341955254479702253912579659707855788132948569855327610719804755160124665685383597038080497107232656791
592 138928562687962365620952864512138501669679786775318451093626884210584113737154743368529420657422293543316667739703022089916879783284873241500868736178761351188679469970280614422564357547128411501839066339246768699290593923253616923537439498164863961582656156828512740416821878900115246625022377353466556379294942046992082531368102832583313700612924899557201750168755891936148078423549972377852086610217040676761643927650201137544675856265637696461695422201020832724773516639041415589882577257312579611684357561220067845952602776931075692069894062033655229553546368272925455993702583518849594004393374713336094160465761886805683953597522338423866793768910545422539044680150879615255593558140473359844389667916662425009528242088065851660555069654858483811901672377084678688226309261201813013603059690802439967651059854187377387622197755338952158694363535301845616364824291682759836226061788414582854713614023468759604088137632801
593 9846930861484383541317895317540187027702685477071876836277365080510682843135395656673588842637331857331334544156100792730207341087741572931420184973113644100183800277980501014750421938212590278699462146511452464405012919427485562811877827070377477351680698687871028429082464833389840783841233840520368232662747673786231988367334723649025602646664441601817833887773053888612195731654179767793199022973753717220354883853390109421272316951729684616807721611863372194873124275933297468976660932549344335237891910254849317235374775177684258429997032312314739769026109822453319116744987975721961474537778434807871362356109747807396555788006234161447908057473641593648931667287450369264493587874632779908307040023987529686905990275437389359863451296660209027809125258739265238669352150348596225927708714418155604684690397384168713551775800914586147570607045974624326707311704031152172546338395301678393448553323736241495794346662346193
594 698723116545917765713066027031191017228539473276369144197014968852028437829310921489993151107709954104208557118491429133654858387268323062521521532716159247468982579942472853234734058806496640301434699811980856699626383335163770633874828964592071278543810137513028753369337514959510296817040977553733346913951521684193692053136977452080569174835944995269421510604792218458273691598438967678832038776292647292249734981275681365285126602886272801275480615799920809578980896086186522806471763710038093899857040427286753628687042252235709602645140226038832855906682039671719424535926216411915240056527789676642146375623032857495294570503967081086372482193106704499557946577551601788874142113484916230641694827274243709573141362062002294119867147299778895244280332728993297952925662068837374962123104632139787079072433183138499862477219617540940597105172064375645885507704843163041881398116522794403030296577365536628488271014224767489
595 49635197894879157356768744928515881122359886926588090994318335916956597828832172035107533342319453476389158235086963336130156427011098643395270526901795415112871816441214057038667648489922102564532231105280941156875143768049864303014549592677180082834341780131102013463271509782493904998508173221293500099069560498200778827067300255406892153706133837465097280393547705105830945131666528337998206730532363489356124715344637830456296839565607026278335999522731900970218653944055412833017890541980335761478778516506565891822723749603991673528728764424897618224306961892863527894669711640258533931352058885451574625646403931389703021753602430612186059652941695045225556122803257739225734928220001533448949200233575249619779388411646494014737105992666440950116149214178054688451137288853086394499692056239772846164417058341808685633295401353644126879925172466168349485086142994081732113338572997523896940329408220219448951484790277857331
596 3529835972269304832364752487006744182323320015088101521239827476321847235078175058973254037995631651813002726176177666510767336987651602764547106501949350649440832348687862530681909274112397884765283137546823585651538859881306086767616530014160691903238851117385359591153887055847465333231515449476407244569064470844468750475734411634682010897116747432795574311349178140958039282570203283669148537420146139766546151315648304203216571819815429460396689048803603535804226966787160737293439163932895104164606916357877960082321230540652939130442579894566296094791204956442540103325850811899671377877239091099597550223166272098957867733908645770292720204405850843488567475292206841748375703690751464936441906355911487866862963531459483015471276697771284117648695289410396567991360267786557450524129782993048508209874544205828557116237416718595826262759573431277644137650261698724194075165717624469718493462530616320051307547425663292849321
597 251311027561782662909532226992807702711907988028354127436385275730628171858108414037754625283811735576247441251535608265887453218280744327195929072433753742986891434847887585744783301208072236468460056384871474988473046918197082428952308377437801008700444802082255616110988356610789006790490586909581326727194553090493235826359169355691493451677439561655237830402020594650631055797208630001936566128269044722544147170375630429960628167735345490248707625023771521028702432336870625454924456010786603962931910592682306531887320154028480278420462206852457203456418789864827682432256005675893053806723123866230435497946606184023939228326025452065142129839725350393121806490623555868118923979974772458646599726003903792155690353345886736556258564473218875949175386881765999888057858550637667359592225147642459802190540799610403378347909037490964180808195690900169188056392553181202106056565798937820921097234795982919245818214490050339798501
598 17912110060934525400336132897497900396621024075151515960306781015014789158530541210193436278881181115917226611194298206821030671825953774830953925790415383985128038186429143648787196645704235394159802270417093709898531701315555399813165228047090600642153262274089925230504550795339510332119680717124464183977333013076308751842829407832528604446164332537786431361791016643766551304985739411001754499332450362597325594386581906160276519247253112724395996287206054669044142129479115176396686125533893831926219052107916529633114302948123965620024501334404128539083527514888385269690475443819562528988961900016526106198444881819656950804518813493048288387072215747824917381657496298577506120259789958078184112559512780509868634102870649064927897721935850563291902671076887994695233919572032043559316655062428515741644103162326035430902012383933788254208131156432461955043863264191411372767790134332793739229722193635641816143920688395312456273
599 1278084731176909966383546959273827613951140209381694287652052629026772183164849506313998967367549654603070077872446782217164034580439501871390858229625345261939401831662088194277412898959474954642674474073458394729011813912101116212372872142282542574249842544287367611429989153055219719087770085272898708938600763491376719484182868767883814586782225866530403233959315708034632323418243732900589797249549143136092900890980920396533811958352280322662776366844385338572367994634296221354578228284561043389315875833368495546782287533344467152822808179173939232156112444194613857397639170396873642459430580857119449121170143018780209479016308805362171157681187401978304437465827092043798122592080207449177563333058049417907147792615094842486266506486470908268582013162324925147018797680979761225376793962278704237716115631908355897270357205422955339016952403563139084961013191278921041371379976375769114216313927403591878918420167037922277149199
600 91298197425862583385903809732551532340762005337114199443620131166289244599082999631465781253279480961486056029055004734274581552275038681361627043833540803507329887577045117183230280958293366202118003591247190478550034166104132436427947637557257739492766571539755493813618240467753063529455079297458749105273144069612234778957690050315288151964544431730559904559623896753079977772089969416854271657527777500840851505613872491669290742897488505620730345065609391714095636662566028000559428220260344156119452113953356059881884141346654159843589211598137814424652235811355619359996604915513117302135266995988593905356640371348523288943855277786000212350530487363495321766020166051115732930067003651681306878387108395575659743741818415650411196817922418711015103944984669617049119846236493484766031026298103090301972211133954066828248070252761306832874265275385542585136938525891877835045362287501098693088012318077231569494486932049738779804401
601 6528910553325731012266709973093296934886358057946569035577877227962604468174959510574986779883175974022137300092285780265753005006522825355606467972908829807762346811779679344557348755424395566863150939579150669816082327618914743129279530597681619610282649032847674621656953796312773076893268329031991176826726628969237600191270579225326068589916005545811003335987315278522778516783964713730884838717610437818319670128151409565672671760360257218768651410687465439768560317997360022397528421737141787350402579441538556810023164620902407403680394991182981611371272024662241285286753479424263890220768173861928076473077730897333231408087916847187555058664284827131770628733724335759871432551435514584980676932276001710822446840313529689585497638081667111158124923930018214910516190540424809939984436855734911647848862887673931200694431321038564805395276602897212369227901395676285125207789136566707168572250168710726900291619582341325035564320601
602 467406264615719464890173743487235534525667517560985529162908055255016653717419691487403014412621581423889207380896595447775103874713007200179149945575808331263110647309128682200992440120211064211011566290468247809097742424322577249310937225104766471884775870502872435303311042388025003779943161078439265620086161943959682646187613056924229608583586653016674409501716559595811194341402654797683565726905031452693419731415871304555765263942192541570965809294772818528964459183124577442858437541149854033537707404954218050979716049144917262711585024401305468726865419401239998262875438324536899361091435630939201429567031303469476769541368872060786474518500461980508350778910973726753474439255558320758410014833008621808139940857316729890133199877103076632808798870264386222925494634301726707810856339653435659768280159753827067756385239596556260054908313327765166406169258170855212643727408617669049754975052390445958438273931816216098175565480001
603 33499276689687653859076943912343845038478042572539577116263558751480797928154847124150985603411644352251467250805055418317787258650926552194178537658638538121822078632459206169328074551392667542869709501610884257329457203789129901013815248388595731135846706986729489608058017680102018894863849761057609609406120232617805450142637788641096113565659691141996708998982761652653653312239097769754392759963769986811915176165526166535488494625739328852162446114722381959472193994972838640101260686487782890405867721137506347228365162156647085602441848959030763003194893640421325793948367089967013765508235305313604453575410230938107899756006096085591235303365131851067842756368539091352527880003357613506358601229045600357872986546134703149040205030995070011115495436373607823010531153242357542483130413716359729937202430092440676354350193553186102594802483238492805244793883890715588397118809574960141559111604085095424494744518292805675688186357370603
604 2403532981010247965697966264405049192183835335755491816445246459765273995502474199219934636621683821978131440008105347369467722594048751293231460050632381211318400545389353486319713016862980804687594679474480052304586238623420895145401060532530609739386110001804632463317262187464416522445581612809644598744568846908224869745175005670909810968116709200304665785982394131648093391575918992642347974523488664577488865350705256747332062379667074860808495520102736461388098200789922510930538462947600674549326106473892651700607634058531946387582847313128400185820634866224962885800751600641851351498988407026236667781761465013055454900280368439115756846928852509808863371610482875318200417124769758020941854211706827877396686124260987861646713360640468721364181791572513799944817371416559806099557120898969267067576226751495403745793632929678111358342120261749798278548737457929581146558297512883494243993849848828101553662004176400200711548248121457209
605 172638503429230665712277925727378077692846253241677153363926315080305399479231334875229961321871415235535667438619216168594533855011022529684880020028688685157318455623141729088107571617925292923108539261258501523351693202470795400271436129162387815997484099349396807870006783557691779199146240195510166408767390060841668805678457932359397325169561971268813685819421585735157680105046862701816274815051023980025864652569142576322196440690580904811453094854970534243459301808794091110548895716684871311812161595847078316484031975749700552474294652220376667561769742997189385133119140743698084541600822361041865098847229070112280528088481408070118920304260942768653770825499206438286536849594915165141003882534066564043382950263786028688391906354279934467952740045709246434968957623164860293804764730076826375583101080295756267747482213813619059945460386875481805065672455314853099853955544460341974193352823630057204968382629431047898260267302723581421
606 12413944191374893138896174770176065931653492570099089423188955954046418578385575570982483120520554494435266830227802567130280353911232603232481601251248383285633542429496384847483972574187833866438557785339907826836681944611094643828739804195323039887658587766440086900446567604220571523760294219881181869877951845464040136396801158657588739144332926308377251088227702348847855673463457969725466477161011852560835908326975714351720402146828246453968654154096823349873788431451768786976351575773050495123924344253914647720673229531031678573318595098829398084189247777079950256757731442759444254733620167628739204524373635659515669256928229039666868124859947423785864870857690761200327274760421854292634563943651909846817329693952329253410663628780498417929777082405353017119477251640987153467990280510308998889235613084675428221154129942018884670138183811885522697618253506660143411929110939342276902723915188405627223837924503988097908237326013089329681
607 893621241019162104802741546288999251262013041718135054086509665497788823549457691230987118945128494146277596680399466073198231488567326289869931799614598306791298734385595053536880355946662486289051395121068529403267134611115897430987130627237020488638788097728072486926454403394299601147983880924281181107599228187426524131070313487783252734384962020416076868202952862834988335826942638242189504376707660946605578611856043995626074432404167902672187366689363092188592231787061058969439668246251885805143354760777177540714450104410599182652817905511094758211608608781138093077887290786081405254807739835657888713351579553396037099346719709872676800914385143095009442804409027339112146205214758237510546573581726214536764363431758308968945183040395545731679747326636087490887870134094308863748617515699411383874707626985435303541473770949904851979109735377214065561941867707382479174597728087817771578189085264252499842938515697593684783171534782945865351
608 64397313619434228641738478301699206105953964526643142501779893257267487578788870374405326551504953617216188578636969179961348753783531875654215568127007501632429634087713294964764545715027538085711142694060918246756000665594378219057632739250588079500785334170608893087445489680822759045320335166921131813241413522947547660949445636242728683619406976655879040687390627802826859701027590708203691664894706423807279684142194587555135457568908829090326716684331434349371148727737497121255966566463048318884752500500358159632833740128131949805902311367558888907468114412353275899214698260229472219206337438766019630403514015161637531112469897817201360683474338853002149810797688122011308434033907542413307696732677839265382835554363338673764400800211435200292351551220416714622739180154302849057480885356619379031113775205137012344310826264579167100437149364428192204529029175633576435653313113468930242809478434991754889822741690873114676636416703230582928833
609 4645837901111486790910205154283797394578265318477132688666203221833822542443455848298916617078338713115518023875188873394794095046847391494220945399507730843495202268947931101237809528054492753498059524720465941187794492415986523091917029916359727888280513100901921604218653943424050003318199478779390587982918809802524344239007294045777798397270339428320353818304353545859221083126757535183205447860029096682499136667662543823343660192268754152406182344178688672560392012085601478567600373714961971847339775293473082388833613137932559117360569744161141228266015142030371397857196033599258931094177262023157995495350750497119852364397374394280497043371787095285718295590053609687559291148016155400235849327521077079692399263085634163620490276983427059327784162475410379800668535761770457759340101849369217273096852197783111849930569406146300667922954714243651656896731195329599463468563279943372274854486722207218915610551807434704576299071005789926237679969
610 335528762055758677660430922981804128157866358301534435435386310085031085815748254095778979123128956497646016301920059975250049664781648431496940332706404275095722967247370982764445572685137104876717697698988752460394322959143092096658383861524665778257541859622870777483450778797038151919584487036374832079055900229217318287298674409794258354863458996651821967961548115973496022166440462082395197612432328130704039940436823666171801492427424811810642342982982539543414814860344273905299965214591140232689380029275960164744254482198253939676584761253565219540794757932639935397992678967543193017602348706451875765165466814892177301213705974808256281471543002799361054701664192980595291890845295117519740950220774005988649213639689646742169761091716766568488307564603607767226701986053138389357268206622421669203152594656934212562839145523309470019931874651835458140648070435077524792405213254475834192653715701172520537455081891814113428333561532940857692925441
611 24258486798539380275779858227280042204458704640304195443421598856227330046460025709483613739741704175757287911379767740639091498207825904918281481736208421056527007734491982929224826660360717228337550097115679271947781010220798656694378370165725631432004285650662368470538575740325884909665635798195906089380108609869001798853408233817605537032636956754544326792920292438445646132501180134272984614204166817510870369802420690997029072624701365730576114324045267085991302855727547079480678984989948960215186086440154012886745660602397991973071234411188016859776124580977758399197260935660189827730564643833640508263766888307288903734185148314920389761775425143301129687914897353426576262050101608048639417209443264514685718793730126330658907014362262829125093985327476213082428080021575103785720842307752954785471608945613282928350867994551824256161328492043264580201137118891194834873254501777048730093946859516259544557705392634267484651996002616070109925096611
612 1755808730921801622115922421280394169137723971489916319836202201665911329840560454928972826091009325941042010589901412743612798663118317188729370041586734783735623845394075383671568815861550711384599315555680540212050666278583135678282774590292159812673034323487817569578873086993903561646391763534062572136493778211367850140173816797619448777679265165083823398413135902515635936024674981072405487086115611442045123597206927399395444662885188725873884335822884322235975009680152074156411014272293425487437193736070506550028921613241242100604529183757486964046802628167117482094552794618439986035841371972484857009335945106088829078468730558807204442796874193427241195637283778220076799665827202887270542820069823902886839848138376835453651838148855362111183529181537678868589598043791042415269370202586153924641399391581356900515973391359339546197725780037794673622181820930186210864241474569471329291109693093368821581766469541623010117078750570579478155626342601
613 127220749783955755477036178313712375419465007063899290831061075904381755311094936605471798047560866287018812178399473279408814369914249678475243262531157898178829504434138001710746230701160238612145401451533942725232220639036877849565945568697933483608072176975987133135520589704127973785240458170019776281122024662723058111946341736200806063928482214701092915522210746004716950496766089848466606520698160934012468186604629274538349520329257003455850996932135511298784163560038407104113037606894787674977442446843288842873177488650598734271749222128825636637375268051435033805336751226309801237493922828473447665629189282132350471675912233130808092286013892316197919102339978787840035486993390096771662315818024289510234417602854805821046674942696689318599153353428893938483204725092613186624411385241321533533114655416838080872563540755181496289690891532347931207070996094859595211537907677242128960618498912664211771193420151511458072600704081706220276986622346613
614 9227937623176795502217504671427183888675374805101860036603334416411201986220852341672506394194099638047419915859987619786607824471569384863998050824760164308061275618075212349507015301295445471126347345685063715672073953309430818700402157406590898469113071964535878639068890510141825652955761721678003121148606050306738296962595561102278428914944432362908924377847015976042231770981378824301782422447076567524120552640201566026219788289921722565475863742283661730210937377703362059253766642899784079793465793891385707701413132537603819810921261238892477289683547061352726963814584374804843976249581632350526686183830920031941626440977875734363081833754635287376476528301741210309940679652661308965867031518443921631781669937383474079525719594822785763241852912512943560133634593513666642822460299702048689039031501581017334851140961774119265676934150243293330898057008793069604684683248573545912622347743226941346077469283944430612710544704916439140618436046166542929
615 670082739384986333637452617437784502057070198642419544329192791483830240134270677488749156623980371754388693945708261151053080210893367844992335805817258575680042849795188093406579429352897625323484606933163216801764127828575108591563829423249934593082615076707527631112304300739081235992547986464155542147026407281057792468421497075023881798755421613727488542719379933236682316643820597550295904462893442633303948262404139314465476041395974825587340197827972508702031683471138360034392057016734128151606051646661075104014398707172569004120655164479902935791547213856148739109526554318882522800391628898098322137071712610951867292653195620919336304422527737957908372224653884224338886691476035586082528479221964381848136225659402024161242105740965264665373331992918458208051124684431826769166376395291830475503410687383191607781144058760730202753926574785478565745321046918414951102188183254952670483594191732809689882057711283445764504431039213694985765607000247392511
616 48709910065304519159321083910478714584201251516041430755046165663737424863156829689080954817363439090395562360631133366188615474434213188934028944170207792506987852019170038919401463604418015327655709649046895329276702963335290553366160535619276597338326749824610028974416234178914845417037197396045323263661514140171911766120479600081810259598789590707007184373061379732077849993727663785229771192743725992925752060206178199672891638412926711900551235149371662930235919685377241266618516187756274902099838093999155375061354950196525157052475878932545751586430822182758531854342737184885726568090471828157956895155309877436948728902194413973443780032544233615477404604459253274300614686935050070028029935555266116343807754656673405250246677030852662118261599629781203098318694060926653492170410359576267254752942835719335419326069862683324815016704104126315380868847399882298346698931017501258352987302745566143942696802405094695687447299182907506780824558525464551927441
617 3544621799229601727219400553633953058969980242680830087021853375976957185323064530808293277193856145968280123285028843246147123697243558950811050518622348438972921507170783485406639140347184577609161138088376433374485199435080061909826513847532172573377122932869382292599274715041044075782797968036540025679599430238376648187430181968068970269736338347071424095676624912095916934112313217583717024112594212833763582222420139473045996234166872088605427455276114072803347435854518923794315471183910475691056419451811716880664706080742356254221886486674571848010145790905625614825859881735952818530481977427831486689037815622337714489802252857179553701932150265885181772586290893388118541766549260358657096156002561387327975593735028725537770288333516820664805157006184741419344823467644124459031270298700392610299636894671942554332311821190667424066437582295560858288764611048787385444332907103391890837521789660603490685265934602789006710055193451310812712870255197675149801
618 258224308722760127525473291768447584324804764781102511139306816020819284213635589465312162733583323999402299808618259075449193425611907662532738104907199449814838167514527512522632096013361690829556602664389586569654580791497278734522674290400981313235472800367252824104714994905545127601942496279441065240584220098364573947245325418266545773286306941919705449504116794897228238385562495369719782025133430741358861806210886177000568406239617815999236991124149281400201933436097017698785773365648084030528271680901579853813625251513235002788367536160880240460175078455639789185661836434822271024320929155985856977970157771092035820143087618891233541596411112687023332620754941978301047884369229057632215860310853007925112807152555274852549379901513666892562578194218688989469751884529017388269634279610056985095831943669776343306927296522498917045156818714161970298244425555424594680755200093179763266878133429933047943538704377524587613438169129478791442618654053224641590593
619 18831605276083765110089558513337444327568247175356796306622940060597881809084513690890014720323166829801772601291433198403365405520224001882211578690672451979484348069536178372723926577159577443356644626103865056994837080929023578476359883485244863537923492468990004532223471584730849174190728086575899097614301530830755561839580919807061288619862370616045786894058659255016904908093883062660542916445472614199905676875187870781472187482919050623950826260990460586676739524988551376108025706854242241850609135951343519296958635891149456537839735028414170594875766161674564536437673581454859125796626380063583768842060745897065207842923230833449187530685722655670250572728694970988771231700825431059740198467147154766517072504270064737203108811827818848558420086627570117596977709480227553873800126848198218825921452860466687744853322356850350831804531946702974587874971085075077981063345759427997307443338834274015261890476581415558385393300406859259360531731764839661886408539
620 1374798317596974069044053485101577115412062429170966899456136774213575037396940265435356141564615284620799587522992936951470978398911169530043372466185502868521063687265662034447150476603852260131120364712707562632937154243223420621585214143747897224102754853454709245507735219625961932012293828375209993601139626773079835312755497590236101313545340714581442503302386106378013160717286405943570820754525487980053493947404232865079433678893582633143248255857225690225014874331647929522233054684489723433658713945886301318260196629430491902740388635413878234476372957306294398483151764460489722232084262989261096349839964809697379184200856643324630019775214349667919456221433585909466414436160112587181143076176678992997735512082855423461872830451508010459314314458087493469635985168439746212680540329453643808755165149822060936364244551058770648569027697553211416439375562924900301983709344708573738012210599294620595795613477736235670590271234220110600277338544928668709041582681
621 100476123519217855810770193399996391027585635056862488624499306626683599932906006790432857955459223369111414208074508404927362431280249092256857602367470507718459655615991030790382896284611801966698353335252143096334972170404049053356697153313836505617612506178398998080415255964476071003085785050499102011632551616123436024786566486612571038185364218884525999913992329652036266488328460878934628766360233537898757477935018129874357576625534108057330420709483236905994512888436961381962237156952911412669798819642294617614853295655179821272860081663236496918282364567011732692156451351416580895945970454473513287355227114199398886238715023021402238613645871176693734049414765218341842571499382840325272945946275846374497528641090518806373273849054423090486980573835335953848337363412986039482800784158201313548833548491408825970696802410463405032159311583674292377499621202585751248563940036469103284574700647034325735566897443742621904875571782731481180125525597475221658679364221
622 7351020786916989098497452012205179206027912162512736202600463688758080054066625468056906325574284916179389901157302118454191110864676894296945959629850177968859523349348810427856549107022592309207873667277762267340487145069696707238324779492802813864988915576588930543077096285517547620049999912943951772575090927016580942444262012230727308382604774153474474869864457316018644994202635317664496862456196099457146441188419852138156779201299026979290877547716030371988272764799529012211074294809973259369991328343628576417329867286465543577471914862303260459357349852134952570511389533683166441510163059306554535966925455499487445209921017358516008421678262808062853609561416902948438542200951190306946444159767273374578900784235150843924314228579001236162449882327182382631036695067490198831973325623251479525905111328828292941494122976244985482293540201703253568201120988378192275517573324331436626596409018619215681868638190820360911449004094431683520172052889696041841163695050001
623 538383368538559386955591639274510558959321970178948752720326766370042001149083566275648440278605713984378680176963599931203274169184903059310559095163594886969542625319957959177481786500979774011974687981937610825064058217365661603373072765085153091441367210781711833131385917688680855402982638648809314320938485443639944290019826022430504273955255169249131619080450719537802764479183117050240049228740720137608569120300673647069468990878092042022468235351639739929682968153890521565327858463350342812301873494509563096211149937763546206913779909954538695064670121087178839517410556377720847530319494650064524134248809942822816523657712306122374249120092107939492758608564796663510754715141028598456709131049923654567870215152383052421154237464439388372198115613536973785199571598199363450434384194358674844383292712429397194343419951757307853739863316714001801704907204674876032720349112230154545818668899523357956255073891328174223504988351566760044204497393930933474732983504578423
624 39473484088976593820763906202933512060494921068523504269645555080049697076749758633609123495166787524855266354291084053890985780464869107803396421158172621450918969934450178336635596394165760706919386795512154573513443784081957094073413359857116682037299919029948393983280780095458945225524742860427514338440622032001168144510963058983721456997013002172316263741751962413679768246305391678402682303965929377474604484364987809082162276078732312118886350242800650940423992679500543678843986530205545232690324934898816581189672491123919658029074698714948660669880596084991627328124188393759754444194758721581277764064123448057775081334477216017053870125339549064135374865161082807362284802226580875521541927322907491779763909548746805633003636093616122662474446009858172667917153389944911931666256584860366633052437585754141265710944255066626340084131789511257292143740275418404070156046367260002150883211072848453041384741660052163102667375701670805905390390219316106166718801189216401249
625 2897197517044529939839845370851721338762257830069674728502981015012130834255258542591667571374821197259425449208994597207194688511329741119529732119181689007200996391040498929786724774847412566096098690697076791526662502404216691426386648037243196177679470827260048320465588115282976617615202309017214653830552370091551042681602708837703424045351384163883825318351299472930560047032568276691111166577537075433639197789245582167494886504142131648372173578672502890111609006540847046233923540786172269759293193811141112920579493058471972654858436545265065770765969065802158709019567892392158074914153668353122966730278328124394518381581692556174869176069607572224185841289381026662373664959930758009727585987320754550694060747221730166510268641082160011223099162664314978280497930670821861707993550867550625801707101425058797803302667550327816936296710130003800523289062461892403073648054032240496802345818271654710376142538494009960047714998941389311737224316124291221824554869967294390001
626 212866711247082690852520584687910839332897826199859688289430419899328511282397849390094559280031049651167110718224798570376471614493441934250647779232983694925322620265824103009004621510229524430766227003652745013301645207176824716741885026420452901839812683032127663241706096013868510224778431382052847238996561693111129315789334857585600090887900900171045156759727080092673638193913983926284730365786417929100981154706508304524587792946598028037134785365812001462687966586558150456711788341492805966557023856669870720442927968786254993351232601427535156845987316289801906120809684879703288611738756581878287379087314205825292962608089491943900826332905529668626361698629651725431568003864931911407844147096790979832163444656651120610760421252213521476380364251943734754508330853968573607377403386667433815111191259272523703597236448735677879894843403648464503188202872285094055834584207802000769671626689085764313315621356111997907214660456052425728976978299757355276970418436752879360001
627 15656867361059175023226398886585647433001535694259680733788253844968772492560740914789664126764036668750790071834611434655224658221373480362329497557368021837597369607119456377217681710727583401012976310747783221900436525729242537772964862070517354748933406003499436809200311308362180829711334075524317832153889931713568165855703631684966620140969238000089783345720182374444882964560898478101334181792456286866039985662507988607920578308750615144551419317861566681903575102441145864804421518284412378256646654635831858110902290121019821197226708473651198643936770534542776098249398393938207214902938106400553212569175613258429793534722300258616227512872004101011591777692903300105925496875014699459211123212184347138664793055603838824523433042879521513169507365608953791077094594669915366871800292213285878996877396685580293913004176243553233437811406049927880054426585629735686504387725398277842302727958941043016755095795851520811825825403734755236212967151607183893005701383717669868031251
628 1152812687196071265470245386636627976339865258512267151020665308199260149199418229399104369226524106235469797737263408827673554288295319529259988413800419320542002855083297367316366729287886710418863904606731818049698522044389102356012576989984546340880481064644722922688584577733161069196913470769399103889953356297387535520470130055901235964789478225092818988449241928098635562544938012215915849285808913468720292396336977480513998520957545571393926293293976296056490333387736693205711879123938600603318743811896340961664194474557386032174472769363280043801121160800021673705847835293645035934858081242338023900136879958739527047342299791942364728858545115414148982855457535027140913740977757079793308078407555149795185024461627372640136895204909490238258374909677911396129093378828837730982684994828641607418518120224008549304907795082322036568142725496679593046430180047427677717396229160737318217066322202060148811794439827418150474057918227942871696985679023737041587136955620652532203753
629 84970357441002363284795340731009648428704381711664218573113629726079257437711265813845177653094430092680426645702587194704831511324775041792058055373463147099557336520473132871729990476669823332179650384657022083507301132241506895521430257453196399157717763884643183090089810119769970181264769498041000021328283502330053370388415466239376785352445785072842875733532338077069436643227732667094086139196405691559806227948952861436897589520438198699183970839794646743998653304644527784438718809316779906770946229518797956360389739751958007194182416977063813262849702873807261020211386114786093146538663917896404949140041372387683582832053185781804978502398094855613790659861074679826173404670817886788100388062651584204588534338685946019850717325791496852691885081298035133392311417114078507077479532915450710910340743606335851982938342903447901312442101972501468510420440359536922726919935556445352381038104909856273102717597137063266103689900451606888210756053078280921480351218937687417808757509
630 6269620847467709207559501617718979412233506999372569224588279357534884017269114656046739983694410082689267514501236119220734434204665956266676557544504520189212569499767943835349240878394593997733117448845760368132842534033601060226295826353652397733243400336138962715965923180658531744087198265339052835536100653208370041701381618425381411340476986425964308374693153018171291546240357362298858303957398148479087993044467558457428821068416636188178729218426927824896093661670126438132562871589879082266685454570528011892464125165036239617953098984570971092001601305264618333141902744501105201519778051203391730552515238716826553186569778455538318240816994178804404681949890193061268015776264124349570004590354014916142845768818869527772501050459717048812805328585222090054337601446866687405841056560669932345224874963170778911146544009221897748049201228566613224569574883132689920198124120580972396066214622129140407566618108038002187046634280524742255167336543735204865448466204021897328569277521
631 463094704402654869575453640980215547596431912990028673159547321037655703340522576420029828377089117660618884263846607135362933792027452226126532166281196684340392040883626191581805884693305460735416316927355377906686875864563670650843399710174828576233951631822903315289771333798978268634748099327128835734007917153174128742398080055677364187107603522683495688927474251865817605915922943463099831900444896288728878260940921624660711014968263219764449901462030914663201518073228545854760009212033028343343804064910691044771134469597891602587731423300157954049071883695489206972558224436313823591425989905104680461459756659966538936236902917008539189345592667063969222118082047598266397903913519922359264196820915894125480815412227948483879548513309200745527451554043288038998413434675370215062349639461415742116961050464338646744202355966493651178907119061135835561078462330526855769270727850106349485943086121139515577216400778448992675401565536711664022531851570471482335183227607817876264950478831
