0 1
1 0
2 0
3 3
4 3
5 3
6 12
7 21
8 30
9 66
10 129
11 219
12 417
13 804
14 1461
15 2712
16 5124
17 9507
18 17643
19 33015
20 61536
21 114465
22 213510
23 398118
24 741513
25 1382043
26 2576397
27 4800936
28 8947065
29 16676256
30 31079064
31 57920259
32 107949027
33 201186219
34 374946996
35 698794077
36 1302352734
37 2427193722
38 4523575953
39 8430634155
40 15712215321
41 29282943180
42 54574845645
43 101711491608
44 189560321148
45 353284858083
46 658419332907
47 1227100296351
48 2286954870600
49 4262212869321
50 7943513758374
51 14804378370174
52 27591016978137
53 51421558253259
54 95834693363781
55 178607744298192
56 332872419057969
57 620376499149312
58 1156199732043888
59 2154816989217795
60 4015946486665731
61 7484545682797395
62 13948996650450780
63 25996836110447973
64 48450473158840158
65 90297463110192498
66 168287971441536417
67 313639390918056891
68 584531780248634385
69 1089395694573243636
70 2030313867327414309
71 3783909208073317464
72 7052096291793048372
73 13143037893775291299
74 24494765517995243691
75 45651054393374388807
76 85080168074700262704
77 158564464628685993777
78 295517627808809160198
79 550758132032909948310
80 1026451525918967929641
81 1913004409345395410235
82 3565278805444125255165
83 6644633383201029044088
84 12383646611237215274793
85 23079483027569591040288
86 43013383177172678172552
87 80164323010884323996931
88 149402772093593097117795
89 278442921625111131635451
90 518935890657764103626244
91 967144206938543394979629
92 1802472971813876789885982
93 3359280643787169100764714
94 6260713264602799285703601
95 11668132180044429655361547
96 21745974111405936957655689
97 40528113905214334814766492
98 75532510445347623780851133
99 140770432779565434653818200
100 262354774495208439098117676
101 488952305831251310440671075
102 911263604169947614402125675
103 1698327927655572931696478703
104 3165184845149326863018491928
105 5898975657659169706224868953
106 10993959440625888501314305062
107 20489513976073869090369780846
108 38186440949051378209044387705
109 71168319270929043712987302891
110 132636861199150650984096645429
111 247196184046304785611229808544
112 460701141859091916750191717217
113 858611725456543869702481653504
114 1600200277595458226536171079136
115 2982303703172733976786746230787
116 5558138879542365585894191191299
117 10358739712328740265502704428707
118 19305650821846942195862943121068
119 35980067460474038953545516694965
120 67056286597460259750053629981086
121 124973239063001086337642459344290
122 232913441444423203198279009429185
123 434082301236803982448439899372443
124 809002018425807241461367277405313
125 1507742342759076851056204305692868
126 2809989246469488798401524003810197
127 5236995301746910522785625836026136
128 9760222330024141075954238753104740
129 18190190069432607471158810764535331
130 33901175974673339039515688272613739
131 63181842964745762267378404531927959
132 117752413173043584680854836825533952
133 219455941097063601799401901643375169
134 409001469991300888601537115239159046
135 762258709510431642644101625715760902
136 1420626532801622448042307330645886409
137 2647630942775525113846918676363363547
138 4934407071306820041779223553510646253
139 9196286669711687385906145545448305480
140 17139179498038262727446901574538396121
141 31942400711958722852784572235070334880
142 59531260721093785010503008871415251320
143 110948799215208573192843713595030439683
144 206776001351084741751197430300241444323
145 385369783514366096782706456914487198283
146 718216181159991816361237597699578517332
147 1338544185213246041614829888600302850301
148 2494653535756344331962949259343764445150
149 4649302079236319781046662052442499997146
150 8664934634876057905891151718243408548049
151 16148895242145090901779999496274701883499
152 30096801479854050244919985653602201874937
153 56091605384482223962593440808332427519084
154 104538291110917496667933439297156533169581
155 194828695550479647402693396257963138794392
156 363103511703926319290473718682960421351644
157 676718385036678809294274036574430020860387
158 1261204471688117751502354225348319437243563
159 2350515006799896709373775381397200701298495
160 4380670161909933137256597491120490763879656
161 8164283576974286391763660167165449075610345
162 15215828597373976519884986311357051179505830
163 28357839083103775931654778784718523471144798
164 52850689814026635106945759286214870697975833
165 98498175606148564666600718220286024236493323
166 183571692855459892461565054574441594649927717
167 342123762297539797782402332433086206743855216
168 637618289115985491782204487093944279453335185
169 1188333367682365169166899650817269063403118336
170 2214704654574984562514106648116527683634683984
171 4127559521922941037860720109398360521994689539
172 7692559624970036545361419061850167712204044547
173 14336673588694990232903739006199750763108096499
174 26719352154463813346485899334394832329092165116
175 49797031029373922982570156519945335465704298757
176 92807051795458893681281373538544587755028588254
177 172965108258850333720739071541729084742305083602
178 322356201346972102668449541101565091139417979873
179 600777356733348783712293661717198854404503744635
180 1119672681509899784874510876342386108631418995441
181 2086741285550816092879859499647081382049672935060
182 3889073355750862444016740484798677945263184168965
183 7248091400280561798640273113825836271157441155288
184 13508315256933010077279851612767080417306459960468
185 25175535324185597409330073067163114253096012467363
186 46919809525027282805250892408640623066568335933227
187 87444755295826313037090447246941864318487715814631
188 162971361268383105265080666448431207077775753216720
189 303730789843464953680833343674353076277480761016401
190 566065055730943892792104685415178669232943908460294
191 1054979139536093208587346684760472290466271168110454
192 1966171509066488069629846715783531519298713451159657
193 3664366676259319748006160772029067526997545176540539
194 6829304094867599373768200826310484398396358680871901
195 12727818622067063582657740973661078956292499034350872
196 23720918650845022826676223289748281537285134563972489
197 44208830935447820947980825768679734732474210606588192
198 82392286801649011695954048689662971601351707709640808
199 153555042754184080175982718558907816213207111401558275
200 286181535560527543019925195864947020410629743221322851
201 533358395965474578107787341933935935214684866350245275
202 994023524228026818635735497610659383854306200554920100
203 1852568130909609447695511085205500445086195430218888653
204 3452643318806033182018873111007308250730250029269624478
205 6434713891490113637926079603839286402293168630934384778
206 11992418284218941981012612859455787737551754921591050737
207 22350348240637041527069232192477712489742505009399924171
208 41654489915107382440847471003995571696622010902203078505
209 77631744767764208383885309582362934909277275666976230716
210 144682789489675332965093006159796072378504790695176003229
211 269646259234997480287635419171782787468370823401785238744
212 502541493538290105439291347918871592196202650402713930892
213 936589862007316104334570366398259809331717022488241940579
214 1745528639712308545197476623913608171736829492693597656811
215 3253153120327178861515350667670222948325437443901739449487
216 6062922706349127174519061766865002376320588511366465271224
217 11299508625486052810111491638605826891531076989447258241657
218 21058967986467589394657543641616495736507389321152476590118
219 39247736105514970918214728942211502865469154855251872403790
220 73146261981973129348549203858028983540062385823593647128761
221 136323165941375897532521834782878470749584553787051076899115
222 254066374257920810287166021609512979345992018352806694110485
223 473505160203840198332813633183599929966179175823587635496768
224 882474658027967890930379137532235342214932837184740866194113
225 1644673780801730321791877202360774280252908892243160948525568
226 3065189261413250916790318101911574070151446419713923855015872
227 5712613235497154589581455514508280096796244931268146453598211
228 10646634577902345554957087121590602937554971607997629299174915
229 19842202362142098305328041427325325148009310867139400864222531
230 36980042068633562074072407970850165438398045660943840225017164
231 68919945802340598738943669335621974251062960484936728122541909
232 128446552888766893654927793617597949695090893086354930715209502
233 239386679094667579877145017530148446010285030069186451390260994
234 446146516501689376093976025537014368763473911523996635757886721
235 831486175167990057058759406389808217848746590783061427903515227
236 1549646212451992796690194458980253555879601680990620782074298209
237 2888085761957060924972122535591296662170023415562610689347958372
238 5382544287461031096148400754760721315716263187911794973058504053
239 10031482924817009486218984131701481983355068230883657319281398680
240 18695740210688192261135351738475371969865138477571489387325273796
241 34843373073071285549580554002757535917013928041306874306500785955
242 64937821847522314008237506397861981867079132733957846264344981995
243 121025042479586890791643561613288097776674548166672314426320803383
244 225555161698800747440385223621560705527716332290592937345823161248
245 420368627241367689465097742815146651128953730492466476138858107233
246 783443754680128361840028427655010944458977374992483419417820517382
247 1460109239776530604161184098519693061042126371864262231455290001126
248 2721215121500633672556477326965133014428987563341661659871864322825
249 5071546385541018758076562609930165847805919688319111918125325874971
250 9451874104870610570560114905489245030932298803911898612491195878349
251 17615519469372511588229546886384644074219261493936883592106788846824
252 32830158625995567862459234716175141617637020558894219346482766471737
253 61185780940607399574139579432642876710433916970629915183956354106784
254 114032339348724934338828220091796808933091701452440565960276720647256
255 212522815226711637926205924240322233786002763129123223999725020062467
256 396080158048533836648624662538250863917304514041012969551594082382819
257 738177176094708639665109322813641290716579618398334667432424244324587
258 1375745621774843553443727095534607992074587907785704339431599304511988
259 2563986095920445063389601083149360583826501449908743248086381551660445
260 4778517624204570982384929051590284455976240305103747250383654284634206
261 8905754489529101642716110338194108432200004028460860268678452198170170
262 16597712777290436832884913587642190183679508378187090012937596853151505
263 30933265649904149780039700742413043551608229293498331764088559707054123
264 57650529118491454708188031756995368848208241378880912570123916301564633
265 107443667450362765206842772519921939399246766513442182608936706861019148
266 200243464400075214546961874747161070054071454393937177901202385982181517
267 373195051755549578671525970018147176598696178530579915611574134886875416
268 695526054106637874292054287577912994796436478070906463438384255469932860
269 1296256447306863517932939911819396204958650841252717997141991413416477411
270 2415841602573512253947517821873837734754739376844457743976713818077103659
271 4502419764893425876823680684607576719144048811057177134291866584486902239
272 8391189106814016430622500420065765334020001334815331125717840824736334472
273 15638713914534553192465053885687278538284219465348704357647982278967645449
274 29145973209214830822936095939510008695716365898520235760523582032428352166
275 54319540529656880114803597199707304697776369902966229137677104506637355582
276 101235682273260539692198758856769140312629028299012342210621051343540291929
277 188673601900905032161007046675299166399778125994573049492191797440825348427
278 351632223489875672505417838274421080493107235703471736905223110960737415173
279 655339270309657291582014114844728501430994320600508763537086264991358290960
280 1221360076012372388065035254870626000630328698584227912013661657313834336241
281 2276256746481999405581288769693889242109650405694643122729330990196046581760
282 4242274557410971280327331114228074746402633367496169413340589785170121454640
283 7906354785448088444522436878839952748293619463248853149381574757111624463363
284 14735125024894086661266303187921620474622570680332782517569567727699764208643
285 27461948697127000502248296530605844713830470782821290757591337083210128572563
286 51181013053471265835815607167125702958711329172567850205736061354545001962652
287 95386388128153525819614516730890564382579041213566197758444764537644294588581
288 177772234219534527326359406322708098524070453562030070031218775787274680306270
289 331315273379948324833806227824085207400204441079733620648426959850909686194226
290 617474437764408902292649778016756900547941564720432213923761253463842569959969
291 1150791140423012484271727996984881196120152925406522424017417580825666610878779
292 2144736960562857458773146680457136818320766248645723285962698460378395669461457
293 3997160273856084165651096014507407519964590942807019927733982220769923379341364
294 7449533695125121618466280005462051108325049719026587199786234963246923211977701
295 13883744576813693994785720046833461563287348464963757057674330344382110220362072
296 25875225398381946491739008090355684123181121293384816840876277006691880358386164
297 48223826483757311347137848106741837448156270450464578440234981896432649994319267
298 89875060214198393331495008247242222138018315845355849613257972929578980655405483
299 167500736409344232806712032518309274507561679725510300135886803949654621730563975
300 312172215860616166848125576838534786852030491076904035456591749638952571713521776
301 581797396503211346842610601580261453266085438612971584296365668427689513679738225
302 1084299605731244045262746699135189276788770477789502484704026080276653378871430150
303 2020816253313092545807123429650793637344861951020214591073801329193511094011995478
304 3766208442822726586334955234391577997143118266859129343962898334476579635051210153
305 7019107260016458722123195331797145827509429700227636798074976575306539771665500603
306 13081556019955736359544565620749526739544015553288280571296380562887073053701487037
307 24380181348423916118549431323924260730973370353865668603185075566316811958855117496
308 45437503128473292284919017319315698213501659454548578997410005292236431273851619305
309 84682171188340501363552714181564278432133706114413420711299146980897650434956080416
310 157822715233612249719201008153337060625053817176010426520854373679848086311521432904
311 294135224619032126573958060111284155265558795539656163513084389556557380133076290819
312 548181738184053630664616202655976990561959913882896425646981830499250331437944532067
313 1021649883884890379822219227115988172437121365410927705209544951538794590372508830779
314 1904055557741986759544093407449840638233797752029896195748798120208466730771737703236
315 3548600772294147651537942015417771609919677493678585472689743611706217725085571299437
316 6613550423948818791004599696765736127231041589911368588318378466322601496203097791774
317 12325717097174779069636879919115258041932434846001057175564772826948001688518310901482
318 22971519414057222024250705965368572871691467327036813593634003662066654863775024799793
319 42812170685903678397264505055665781253384592096770919358589139061034459352384318175115
320 79789321977428015606175144813011555379181896634774090885283457541878464417939250879561
321 148703880219599681678927262709117273994256298615884531666185468528078429009264325278940
322 277140392277310716870720777876114617754410074906197289741952885711181807066417279804285
323 516508358209594763689246212315149283891955764810519562397803258336817200320235032442968
324 962619998868393808726028000442501105874724660658173157396359663921052487348028008279788
325 1794041175700325959338190334070844959137954885376765026622218321054597908547279847692643
326 3343566250329110250405928971016292810813822179808323713815628096065049509507984945021547
327 6231426246934291676584012972343796128437996161782843186004707087828206971552068969860911
328 11613549774035269554598583974556331005851860817913138265871362050992000697193908512938840
329 21644248525022600305816370887605209438293327357338109407318246339187149225717863348003481
330 40338527265825475335568409804636597823607315842686638965332367602671770140374070257586214
331 75179176587931283999364161728305590841162898296426053762946453755647772231955795796402734
332 140111922162999084916813274391121219156042880368440381984901192773209219909109385840413177
333 261127503960475510923518503805031012626864827896500298880898295581224530330231596613171819
334 486665033724269362921610988989947785150353522785778460169737656848167847026098984002380021
335 907000800213266617672050812163311442618482163891099606124441235167795506753427141523619552
336 1690383312094693150442606323578404480499076647580600502767136121911469097744121931363135009
337 3150378413267501239207439290548247835950137215937935883276349092455972638822418883370275072
338 5871380813907301092223591727038182163805583707611234701649672797959359159082700307941133728
339 10942530750191380543551410697773395605302813650353036209951081163693766452315066102030538755
340 20393665989993884261173728569418139113153225298166843859780128441061684368782322752141363971
341 38007808431715787537844503750532685604569976421000547964729146834939761846030423675964765155
342 70835400682289929168498735843852872420478417372059656594582390326021061202975621982056381420
343 132016398652271581952019921552107289759938093266560188173922775649206114309322590238480473333
344 246039823947418944565553432803705346573648022529561832068110216154025399847413861266374768798
345 458546025994288732071049640335263963835083274645740801851857387132088583456340727212543913058
346 854595221951103477927109404991585833114897554445421366373625714079706926384308497927985333057
347 1592714693793360311623769703402701872835841622034106862577956362541783125926550081727109639451
348 2968352771776226507836918624408493764341091445971329268133528523938048876295572263364741378625
349 5532138437629536941618246839383251263685784109307593367254405666177169655448497757148697377796
350 10310282519009617876489555949591356882193308975409913954988274753802519033228148002330026296149
351 19215340834338297400000311822816838175216583313323901759388860325616665662114864792424250432024
352 35811756147226908224855052340966591966273935641246681861152077324148174628460358063870342565412
353 66742603704255761854323720189740662612853862567476423726116901585555731728144802070860421453859
354 124388626207270654054324655658191177138503612507448129004283482562405728714489396448133172749931
355 231823894648951378728889812681090953037325419431188174587739714534850252599870470639744200446167
356 432051705761718664291860973250312940875887007133617445766090419291517447784304876852325464807744
357 805217584383530626454834940224886472291397844655961832778940866978734633927773066196724983057537
358 1500689268330384762641504378268159331403374102949526356542160010583285391727384478115957584396038
359 2796844385615540755517087298019098154031035124350378693840431268457837735080299108672933978819270
360 5212497138766132634881592118693757570905228658318264192177253869394041636863618307263108927991881
361 9714564943757286922806105253498235565115350967166843261803733901143897812045771741610981681179995
362 18105098100603909189357367147555530027208456340217979343325027706517411017286669067629783617637805
363 33742589516902307094002143503636802739924142315172771919856789314699535927877523989419110401613448
364 62886284348174167862420459264131509435270195216673301705267991018131229364014839214252055445153433
365 117201578649985895430492560706798099516895564237327239735243074137683462415874846417141406298066848
366 218429347200692816712498991217708507736667991182845555494813442081782070199507418385398737502907192
367 407088200245215320299760369010103036042478576832865460610617415136175758291551936028154903838367491
368 758692936195173006591238051130497334593165269544847179816346637549226145539176475279579122732568035
369 1413980977797251456728735024783622857803169243093383846300786963794572356137698730435775335241289611
370 2635245578532897417628016131813931965930604973591980228132639209203099631012354538520240046756392084
371 4911324387118416437401730285205423969710100782226521767581679121850778067629883964358977414954096189
372 9153267320510170807587935359556292543119608511506673306484040013234495136042980155666303420677965022
373 17059004056108863060471983754998088440911423432282613990881957640843794029080043771227023560947141274
374 31792977217464112372677174610614360350041725778962179293626995006396128231969695664303955805809429841
375 59252779178994624795440980689283237979400551313482199213079115046099613640098636131302866067843324907
376 110429791347321213976856931954277503302134821610330041185724987968630995727338767444983936750684748729
377 205808722999713551094888455786120584352259998947216579066605972987819380423247854437895804168113038252
378 383567060536697425481211397853970298290461652887663176705843318126118221343543762831804402371643012973
379 714856434578661067411782193716802808196866117718653300263018282032011208525560065166756212623697259160
380 1332282603577801720696447561075164561253646114560303037462836200995469349795303628480443625128036373916
381 2482983785187893997140081754637075456125031073223292567580366155373824013825934916975856832242965412835
382 4627553088923877199375428335787483880715629426379252468369421001469857639402615112476125470114057190315
383 8624400899657282361464771019012977564476567770060161580757929604456265688788525997917456345498166312063
384 16073352255220964352885016282924203932851660989730039283499028070577737730266330748845026842227062550568
385 29956011521992595951011301290286655574998549268867796688607291074987310648474176086273403252569234121513
386 55829214220964443035405614347325588268428252579048281430881079888356107714839754080025772289063733057702
387 104049270986627336094060663196098200066983235548238399281378164100089320905638746326560852815744920709406
388 193917305552605123947094567066958166791978883354841789347200037325051252851061274585381062573452623073945
389 361404948215498453053311410108934931597263641091986633639843276990119575995580536825458379440643822247051
390 673552761175380461335493399697229531798213347736701831483977769290387538712496775805140937887878584375269
391 1255304677833195833176777100898104032174149997801227199525577881265541297265680599561284125608236453597104
392 2339519522479691192336711331224908826965940921077187100445107712235900025252422210037659263930167920338257
393 4360177806005832576343191530316597422360580964287292594897041020107062641389912537453082077593803673464064
394 8126091839505420075873522833010909518883030957690974193473774663903686533186954336136934454418513034255376
395 15144650406944493652883656826685635999780853720922535494809097800611386608944220966249912246209016795270147
396 28225183824961991381913231417635428266862596613784413279500220860932574533113958578609158478990427815662339
397 52603459343478251609533799916668156823511689486857335859921544852643634132674821587019961842245966918428467
398 98037410564311732568184770396725064822854250649624942344348838254477793959507484485769698580873017304238908
399 182712962039197706713924464649631349623442040490978182182849500837275517558849360221597174017844300751225925
400 340523340069632461542525864399635820093977108951550189762614135395206419956873824982657059544582201506511326
401 634635571762567659247080175589811014562539860900425016795660650158639801835396278439966155287201253419228050
402 1182774457880160779388853569538705063432865982373359563344209152670466354511944359104757677340734155672905825
403 2204344478089058164016431162737612523714797309228010132632051558856085614382565834052728855974480760192439803
404 4108251193376761141757671689507045567402416891929285183019033509332005019888754669372627321836084520450123953
405 7656574567017243479924232398123160757701014839049363873051660967343404083424587746686900353858286987468841428
406 14269608001284417971973525886335998328845406766733394270947815643911660926572285248845086921781729268046160837
407 26594361581414701397246540954857135031052657442521249820004916171907675986238549256962968887289982829396532696
408 49564085282466431837019238149226617304155701959669341439159899073937888236512312497023669948864843791803056980
409 92372909286319685752939815808234612290691922259869524252003346005672871016229168243558930714210031595941539491
410 172155994030563789944679438672806017383849894587433273712018094521395898974944816014447837376079980084131137579
411 320848249877963085455737153120485869296317000466441298029497791743209563684481753505518847222674511459540308519
412 597966977736922142714556600545189706168392767246049870785507829760228176733169258236195639365304606247364926992
413 1114434959828613512548594916563607758319942451008349691921562113324415873658003706279539151493544546499758339729
414 2076979709462502768915806375925065366208893452407673586010055488554044564711448966796095693161568080878379265286
415 3870880642673269197059476177560634484714071754145823198366578977834729094910956741504682611257481899620474046262
416 7214185522159109734705260927251457759673899107170872274131265317807976715884967860343300065738115539119749065449
417 13445124650546618041452680055026653858300579464393893032161431783470110410019314760731587145222819781754886861307
418 25057766578566425632631108587708557312442794726831362627261168716974297694752184985245634978995265480616309000093
419 46700323145043754836746891369462930591464492048343979449654964670398227842407088566275535176209612097975556196440
420 87035697096683608961104931534542892166366230441525658546139260020808559072465032848470296611878071443240216780361
421 162208996832382885858998257297668564103694614622019746427922766171731452156721587804207201548863867885089143780640
422 302309966267514150369238931406057355878088090767051684776887660182926135683942853503033807077492704179015812369960
423 563417057557564977252553726009686032377186782091628660415305440245351812901337952048444696913126918508736462711043
424 1050044048054713634829548497902691724688270625957687899699073738760546169371502715461066301559718522164003894052963
425 1956973946857256085937265292120863792322534898258842954029736719309324576423331275970167722792196634701051331162843
426 3647225119529951017694926470149921889454095244533728935275653040045380015127345132115501813531577390227260719295972
427 6797357263694091922183571963857997063518907122406792634372874256327018523241853278498700718210732956719272401454861
428 12668279104265860179995367840220588440486511817183321496462084414254992252511847106409203886587322860822426394943390
429 23609954462855713233080147250670354108848797550784508302289043534391132297893882502755709327182055031504208552831306
430 44002026253937988999630863142244345299405518918004886205407666303372187867619442338251811481814253901662025757195889
431 82006863566735569539616966662906110620865054369554850694793919546137164625154983657479423141576222484129304942026059
432 152836726955302709238857408414917172947411447021908375601661050149310561518836631165746551123122387578641930600519977
433 284842805717116676237749997841650208845628003775923034217884049059427125121694958180501985568565149283628007872107644
434 530863396417323384856600897830368540708223166884587586302265807697838618997159909152940254993293816736015922698185821
435 989373577283231512573173123075120059550457507950312713107248958145770303553669802650179908362660979471941714499745752
436 1843901994434581541286423116600070686087341519278081815760901105324051678918754677191685865068356427322825738116068684
437 3436492183686551695856225810091176308212011019931844574667698528417567535910234404650506630048237877530873506210626147
438 6404612915536246233575745179316536486863383543782782713989445402854878446571243812601046355136220815946698649709863403
439 11936318898839990857435014529116748545125408101617028161272148718827033483327507844176103950341290097915175864058069455
440 22245795449899645945003691959390277469761441161412561885275244304079736091058211058127623840486003730507796382689947896
441 41459634196508384645730927497339886930351591792760910027243580512644371430771942495930762905894666178347892331819538105
442 77268590893028357218035971084690132565727816097611994511060026669125471880754466028459074756918536472093419923993746470
443 144005977242727295053047046962860964975012139581849680166885759581364680153929099202841946278376547663616809072063590158
444 268384879832252448990239829454880625766066914960132410248616501119297794446244926690634234996060546198660486067522204473
445 500190652511337520644347742708951023463250363252968393781796581126674210088508324776011459266816155614940745839503443883
446 932208584239519405803488883597533918388286781998517434282453859870768250550295622384537298101945798605791173055694214357
447 1737363223736276752774208371962175795686487526878914665028303363228661633889030402456440003090127437201772631258260827776
448 3237935181270289314707251600089028866076238616637819846373693106608684264154555376784474380890575904046594868776771159425
449 6034560933988847532117718250881630621241098962633372149221054686220989015805442243938086275196413299863968387943853802496
450 11246650605197677790440343366768158008300561543270116144305964775906973917472533451307406284466795611469286281718636285824
451 20960456149008545734562098167035244606529277393183575683427044095733026709936199581660829427138523323609070888048949764099
452 39064138950975088330915252919680136470252574281083692131090208154395993757352526313475088252727763223200976051880511171587
453 72804090766568121702236283019984610495154258910894040564008102482116915509770126667397307106128150057608834897036420029059
454 135685459213593758905922577521090344314742091090444767614289234769315995639578725412379795387543720028436047561183269321356
455 252877876066519023898668336280130753725499813933695844007559859232503976911636304352805060145727009698038975716824802836117
456 471290148366223389005377185340084585210962590666377965699584166678854723440946684354996981464111459870865480407934062923294
457 878346526007004665723144917903355618155188863937712268542451870986802710359682860592136367626742619956173623091483870887362
458 1636980154206561737419149926743747879331688305738799800565131448684314641094591773650551548063923649050290550241958279395713
459 3050850599305231904435281482764001634964576077737933697663883948720878811417431826715542492456258028662886991465760468165595
460 5685890177326245901604716236474068489430142669551070503291239561681286942496480408491951595336485888531407860740212080827681
461 10596830639945931113862166016705312127425207586767469904986633907734230865780255729443606239528256835682279511466086919014820
462 19749382437861626827168010464997317032318935819981270997978285753896867300032551209590233716897030921670940485863368323511605
463 36807052969840364531982159174419522500609363828634482507852004438940728127521992435066088502906488587265164068084004565994648
464 68597544889678157873568657224535458882884986588936892222811906162143420724862759623396907221491259094312002602482265323039108
465 127845692203263038355072688619527409979841794048880705216746763423834022624960413252167608372182351859324824060072370293573923
466 238266851112784131951019166142785977481669885534784152740302776740656207007526390557365873880901817621120316264324383991557867
467 444059485781818605571725137816392354130324845301594829408738495227086469182114669427556595545375594904056324071771179960675191
468 827596562391607720636943203674974584069850227448236945058978785498588537056995909184059420661922650482030796251988290841396960
469 1542397115729960116490000702103332516514859884052589403279887115720557158079575080856157042304628103345391745044961442816070561
470 2874575573075415933205176115552509578905834419957373891506102601401816565625919089138826828940754888057560717260274982698096134
471 5357365260250239095116005726577433331115385102302084726683038957897582176796906816691005090926522839503653106016239855222287014
472 9984556607440119444586007832887430880659964754459852936522700305059253651035632059259476217840407149539828341151124183670498697
473 18608283326666367244201536179544959617377468014331974611041008109264703347913389326675956704662671813712510492931949131764787099
474 34680379107417084529549553359277259610723623321238228791090124982957449878304109776748971977442240332223469810980668697431648141
475 64634048929737442863307576857939552252703517584617787600658225898135210831411005954527400630963461780842954834434041248443144232
476 120458898909736544595912185396574431104835921627613711433781250225929320875151173934555270744951477221980486313229888643737505529
477 224500036231987798184560845474406209937006791591328397807051625174801670510063503264802186677278198218650895746171894736032449952
478 418402183021200126774483576048224866695117344345181760609026302869207303004296521128384388570168583561179760249474018481361882648
479 779778879750409760562220132237948160009625109228022894910370053546995265629750042932050200805023015227121219189163684412574399235
480 1453278988446373155115902668661166789820645484002008088331524929071400277159940552726456760836857609883073906427679368620671749091
481 2708485537509973535439353396805841389905997517037553370158603837679022186172830116111609926547363360566613187176101424064757397035
482 5047822176761202817126013793519685869934872844721622054889713998320007983062080244907760528962432406247976844743592477302480594740
483 9407659142100322282473721799503186239396809296727646319884288785534208814541901903087130811473005235897198564026630583164495842013
484 17533115754630242888791781989920710409114801847840306430360100298571275373060392251421960591115095317597038125554934855358768033118
485 32676582284913851340169823370479768018919420382005172595029242293531299322246632986145242178002392536340968659785712287266209817338
486 60899559711214818187590988768989326737109848272188111554682108650133925765872338695406634612421408244032564351865604036759697343377
487 113498906975105546853966334738751457964454253815709030845762409545847751885053515449672516385766694196823678728530408602836001442731
488 211528653829847100874475804850190762021212514961724548630850136426441649851793414408108242919773871805846584707887545464634630894745
489 394227332963491555437248771157158742232542059778288883294896462376843427149410430494328146757038096537944277763484357574913722924876
490 734724053888808195999147775373413116125904821225415975832183691014386682804570976843345695914338179128415313949075583383421727253069
491 1369310015378349498622575189923985402189542366110589621724734100293711632359951220067670424673659794545955068072738219777325619937304
492 2551992014268824164934321503395461628887168545445456271609423487424241913808182511550654864944774084159787901363191292502066788711932
493 4756164175935248752931764829515700977264883009121704199105974560467401962221895442080691952687788621545033843210418042652331970471139
494 8864094222070297248799490399287657183833510107453473064280176861348536859301749102283703226708768005182899047428632701984308830283051
495 16520070264876769743602454909474042070495015743789841879108447323621262600726296636935667821543090257662262751518206579490509196418847
496 30788562792682516002397749398021145002289664771154954476426371005023468487391982963177743679606456122297364281149460707447505107832264
497 57380845458893407748796220595884116553790195093515373669266901589069079065297230270028853359732760137846061423435358813400431598681417
498 106941056253523716979603585324306242765275242324884899306592243559932866867476120180835856824362030910832849677989978551871959187937958
499 199306744631571264986796833518369677772144236638349762735871356575003272329652069070369087863181399277724942521438360674214474511434750
500 371449281008251488233185495306022027433514821918895883743672061342210509525543759880455647942379679691263126791744437114415769307479001
501 692272449768822639171996251278940755729340548893550581663448792022009110127972120422963218415465772423761675825714372770031646871292875
502 1290192683663536434132386751834049789045773258808599869871062861747018927116928327634070482005009970256936503390029454792675070405597125
503 2404540526688290898831943237752115871346317724565287521102079045773650455693559607275437425832149009330725883765262766135922378328034128
504 4481357875994758816347931991588938138534339371245939266092425421839677786077475968544327081078546326602010911242405884446017318941912753
505 8351935926985368118745092247091087505671659147671738875705614007080734567428260951446538527093576237372820421412494248824042530158704128
506 15565557507050240815240921960347435119710612321367601439011851144401685934508939773272850804590023265364998072708282547231809665142806512
507 29009631135034517264284717935114249535313630435105419237289127409920719292741367678905832047825662245171030806435500200569861621968544771
508 54065438915990621620519994676387512052328607878120635864405969431162922995026150533245447629106390957289492070672982947041989212444657155
509 100762111437141344066242760557429817411460444842223440181441522864367980798552969853064000042876460753384486288797830588737418207873076691
510 187791004842244895859096914362772566017401336147539697893308905094130138676777072889781496186353447488897578708104331190447003073778711004
511 349987321590216760720656898391935102174387159781901605486526813387618907661855524489517839073672620360766054920123280031572970711112682469
512 652273655901640792919385180064224554408768494308571926030851381980722850057514434048709839202302002620919513786516771797785225334731912542
513 1215646670428375480496675923152542252460972502751191019710778097263113266087845652718054327761362345087612249910829765369126234556068045554
514 2265608635199025762658646618328347558984133982096895836170358537425969989073412226186607844982380206169910414671199605463845146689406092961
515 4222429602903948141416802158521021222210439465022611614262912683368138539245955528332737362589286214032668956030749920857200822693601830587
516 7869369614189074582906829927978647979593356973276184673395246975157478337509492486486900345873373249295505705763239216964579526361805967249
517 14666195519786151870882769782963690656545758919566872181906322587435388304729729165046723880820513867805236949776838033356114966430024246132
518 27333484328497996295133176258526754323177077314634707024695060637539803922467595750044935968588372509903243817869087795927717434510829737893
519 50941593171065220043853666042462698261957148234463261044880801563012238934996073209505637006208492257789760935158805446821456013596247639640
520 94940179730423675656501975391353770231594424993163877590599769325318403849185260704645808648670033861205471784489319546889800912886320378036
521 176940632715917664541901504166934033201125656937067998664684951237937815616588047954780616554435151390915203238096582934672953216418809591715
522 329765412229113324673462502294322127986997101640457781799327355926974532421576267583297527573060628164284486043572999275137321257207552510635
523 614585951420384351642968428468383438681780376619949414571126663902929743969132049697234953519070729747900901397040957915806723995866513644743
524 1145407849568137345268672940969185538285157347431153410565181517616743190818896193561576803182376183920646511111330706719825583645122942419888
525 2134704086255477319289060447852151922246148652352526755963163585397666788083624996311469385901558068413499969242049704545237547416745599951793
526 3978461940516630374217965733257302238291489782212374999676543577106456019991021145403174246458770257657202673433172578292657719404345140886022
527 7414685489221042410023984556164858853146961824505835231372088129956685592447709726087904656005898809419142206767164698452134470339713968145686
528 13818797747987474367891165899721314619885407781563415499261578886149685956698584715022312813710573014659642114493313812087847112589950768001065
529 25754183569537365490545063099493221334759877128200540498291209617469054016671648151231835553086883787631250134792831546965820270802986190659131
530 47998240037200492720617016767987797894200762601718046192407474007339110794014777329495549521104580215888676755094325642322223681822128095096189
531 89454633281162915824290514467151741753856985946408292690192210665788168664110531474562487962236299259867603098574267078585765019591980399099384
532 166717183989775012295925703765631405758136617331009914185065839518195330714125475928257994621496950622761353502952761719483225832000938971076777
533 310711904101376490457776754069594799440738905136164052762288261540212663096169807916744643184810691270427383768235738646449896877467323256365344
534 579075803944865237930648297471050024702309862975388930832864893537577169088501402340432107071519589050030193063958539882207191936243264453663496
535 1079227355914190274818425408767944241976719714968418673388062412092163161230877830125206090936010440918314253572816825040656869432246081366893827
536 2011363068218319746191755670976728640298936430376910831674927196712801150519387253875440020490442514729596404877524040980006560064648051135989859
537 3748590480052915459983700563389878714405866019303077624173521877325532657784891460896736341705001281879686984069399660626628135873377844496980347
538 6986272547795486284438976789693711440336025164208333644337709113602022141477524951272354614513032604634629744787850135748598744170116088597661828
539 13020361752450445523014243802623897361232834455339066139362490703740425593035686712898674675984360148823418959420422258688618424364060242005631405
540 24266133192609191902965345492793533504450432513248299011883056335717023566390361095588883701099363994462479911628621240568502831984193775496572446
541 45224950835995650756282275861874667825458508005873299944896183676523089990822935949405947544638461808366369145992171647814299064494542041289557930
542 84286036093346987325325007269746359909157011371890498362983655787744366769929996088101971572591542254836626024253438423880154337586722767306452145
543 157084435671174563034221043748126960422508308911635395398632824794895437469101079374868622675889634238224065759139302145585662833539304093796169483
544 292759288179161515303067871333750963898883832929255295233321375824464707441569887223086465309805019663323173197115817089028560027022930217664843273
545 545617396459202477279042893142990043626354867044926790322272343187697807751359875487392380027579646427833051269876132360669023039783098519584199708
546 1016870703472726166381706024387370924893879793779832976518170817572384120158663113611998248055248549142505248547294038797426011540401010800972708157
547 1895148568010210712290909638388623816590531292567598862218134945045778242483372775281257643984663608132474768138641490064511691621469801453967237976
548 3532000757387818144128038317817593947469595893702379233184951974608871665737452401743434784067402547415973921948269887146518760740819097012719837100
549 6582612867805996643273156390979706722151235275041878162739464427326024026213441742579429528233148194843489667590152003538796795362022129415637961571
550 12268058571836628780145885306145578171922829152744674749393869262463358753663560068423202460187139019240913972006076473732331870226431533777539675499
551 22864060844000083212530000259598360014331616833851812448948725186289973750875917273653506812389346661488835737850886135171888152448888824815699186799
552 42611899447418073142349469432537480180785322658977446937167118468268045829516242501391795397088791246019304740621342145788278538534955213062613071512
553 79416075162927959482787125350974214696553810117211471185348726255658122090506922706661402777650208303742046656639571566985274149214249814395232098009
554 148008257694928209120377126129769294739548660618766908532194901814528043343134674527621923214818248288208553870192229972500938606560916288842329658406
555 275843956037182428547425534427381735281904628595699249343696257219332180831683402031797309406084622026266468092056256409865774222165781928030168872942
556 514092181525966306995786910480304379371566058947333662899742435986306547103204170151781517739035246937492608061974971110821596669808531371215865166969
557 958116954610750934356918288869612263590212040803634388496327141429890677132608193734647287383489991802118269672551661028324412489491280237742854142187
558 1785648822722298219999194892151757469435925926590732136527415913087887219627658399830039215601743857880917673948720430257921735155988626021833360761013
559 3327925367300197140986555623592670607550624103432733125226643221046806860937270910285383768818849598693395498134645343590386525165414220135480956261920
560 6202276231132449944057310490201507398321260225843636290715624645336478892335095491489325630969319574099750307152300326675359762633888060848709518688481
561 11559222699299344604054895166656779806629038005615832700297872384600140551218070690979443277774551147742503328998461617449124968101853938914209600971520
562 21542998801199936027014562037434791629280910315914032075977802047740561134029883421835594584231099943822689823402397648220284543598096599320652469757280
563 40149827494597285859186493508039313824244690993444940948124675983749997811035169896303571477139058666121940744859298628246363831499760781866781025822723
564 74827495592495319671351179008009653244131805010292439049018293137550419464689381969241901310462712109349450731854683480593738735805322598609409828737283
565 139456491996095127752394865120314028131974535958034535276951699280772102866779032234748685063156011940817520202061876425254592366599612396571367238009123
566 259905974479886985329954345644431969604708608938369358121325727232022096299884541923659399494573187939183342436639772309993683861098894742171710315477292
567 484388461257372944344007882668460929337104023969246675268380606644673354693952687831385103425961324267231694632203822751774900068514862537999939801689141
568 902757937245658327601192478029403013733027631843350281099235704486989663294289784535631158615429360089684255238389452027538677168313699727714041515716510
569 1682475860685319283591055514962698922547153458658458355463212886183055952193943410306609357099148923907234282548308768957519728751610383954229172462148386
570 3135641244457438116623079162968081710558465530566198381268354706117076016275801473800764667377032896708929366444920237212844428957154971568228991867215809
571 5843915056194413099426656597056290751757548426096249224566061819578045006158670827407658143223320976977982132160088593295460460462096070751371116414365339
572 10891342638250370950199823141944387519399008802071624290955700478127212862740501058327486214520767748699684979805014900168019646716927222614058633800810497
573 20298266371622685300069060630848632651074405393770219434760764596478440911567905479729780216651866438826473079139775611806552933588392137318745609402457924
574 37830011540205924598349030422017504906347050672058967108458950055212575930043917961952754646321829369760419475620041391692934314974680349572858958645553941
575 70504039454957037448948499847850667464544077078273839981326051489594214518265421136935213289884132615859474415035086092196993255125462017415034860047985432
576 131398838569825093349155681740396565417767293259584498285608345279029537252969137576124553939839731932338893652454412927616652055890638429371271688255359204
577 244888873190442867144202773006449080136808445275761399610985195444667265043100891461982817878805220041620152079314537102695455000814679478089848564192021027
578 456400991555313979491048272550001082530440676510582919554963349913449908597897154872788457748457617889198575324419795379286434766191065530334953144335977323
579 850597507264789259538515317771190778783742556289336414411788385750538520356804567601162119567976813686215256281783034162136390933862980818448768209102054935
580 1585264126836117860971123636790538019194167892116620613244743972084540315486107241987110573204392473811075712519726645470222755936307019252718313901678118016
581 2954467101502059799444268454440541266785489921648369371909634021824890041279798706605475946449765327478671438492986031608082060234880215843723173334686049985
582 5506259623296427578059814407754113603136717590516378615144999179076505602350212409408962305153695768537317207338335134094491233036469158299069477961992214790
583 10262052003804781160973185318125727660719221266866240454879231095330126548808534135370294024766873189970544344897515070505159500845390216057224419667026568838
584 19125453308310960559305990681447351461075691031811348570608133160804796672647930255186721864116169172406558660376473165329405681550030863588393939671084718793
585 35644232178200243293485433904709692270485843803360484416043130698034313479698567483413608779577256478018510282391478567612879380659438338485602373557061363163
586 66430388189614586776404989859086875252643507603959205780680823984024693126124169889524490853877876047930143317084023779128357883195608986657275632558141069677
587 123806748114547468454322961903428929635870580699393251492505223466439083144067960655084656446226383565149819298213443275116574927845701577422457451571395226056
588 230739444649148198334779263617558006447328112109474704740634615560542023583163663105325482784958152999205350145387878977955213069824016592879264572242579315545
589 430030609217991958663994233194818632205258634921352322082677087512616102961536172773898955346591781142995780096639950315340286719410843552851091469917002524576
590 801450853561634364026963118905105421112870377019532076560192757911933352393740054739152924685270931838445237991280280140690011502947948285118463824631188202744
591 1493669187509078959031300909757779440454854713347956190782096604593559423143231044055129373040145390836061288427443917074555650712419998063756257541358926149379
592 2783761015163054835023283609342235337070630618112013157030127867131407732027839562376826239079920734265048628717363768020576510870652528722309531951109933723107
593 5188113575847957927104172966057551600409241749170609386710706140867207789209059726594285013135733529780384342691204608442646545379496373577664923425003498331339
594 9669121138375194804198075695330889921773805889214477959056995954647886058638752858759673132256169702288568207973536359666313497516756367768933696049080276779476
595 18020404183864359309267926523357595932985697743550517430147379556042109254722271545890151849495931905083714094125627663728043030128713953935862291902410077948797
596 33584744911408233090580445421530250734213422991062345590279497978643732622349450725673006888903132494424867122199241489055982666267203074668857062177420572942814
597 62592108326533817503174672507522920499534840658705779467450485842587390798265709301952026285671641601290571746119850568054923158817472177975658150324661403281242
598 116653320878126895430978452077595708298491933889357331757892624510713718562432523939622481834159437316541714028496733559239052249203614039783245026031891637127633
599 217407555612351594702719788342186460501132202862544368528731118446644916429480876116641502500868834799816315395094458026407000248005223263789816212564153355956075
600 405183880591953047212243805864755221999736724838661706931082575974407088824278004022497581357883759603688030633454009730571769724457639797716790663538137565799801
601 755143843226333733505179162097542346895212526506733702204760449506548244511575575841365026860362071553313172718944210408288926472068481917066525741633812477182700
602 1407366510063388517613338527124101728398609135094366807790953804846482993800018204191289534362968575952762118904227584487509927216084151708435974379326272545050925
603 2622918151839247659250069944718367394397819309610351928584201532769704260272852216258782278436619854763826210804589613679225236389457071101586346369940685242450328
604 4888349681518248859765607431010994435083456889130553035198482881289348993807578943782877359017706069423765728961422244904092015805662516852785923594842122673998428
605 9110449211708414412605623012383299620279284294413653458571344295828797975207633556356745962106611797282052085674104998366621797453914971978093846732820940309151203
606 16979203667226157390355832846538401803472742223244709244323948894137910756026190205133092797416471361573530718087873839404297506622286185282852885842642996036502187
607 31644252711780903969652655139571385108723112890636368349919397538005957737448927036481724874469589569844827904972140574116573554039273735841210656627169364058497471
608 58975600346906147207469524176721283969560965773877328725633430425492351663071827705551962760789424961690984161994455569216438946401018651775492196825632184985951080
609 109913211348584619378537022716336489379979192443611456458605277107906083931150398320951241153038839046411576316258077087429331466267877207624050854353561173095457641
610 204845969483927331287494988135050644706148531115520561508363469721923957143497179430396415776447607755946060031174498809779052128385698415147682824235069265270950054
611 381772770524645772909903560665214496614831428437152547685263760998401012132712662547052304058815882641019012517157865517428368967588754370474159414711965820228803294
612 711512404570399631045514628814223964754769005767986917061079592322119263926163857509906027517932399780253741465932096779716363366392385993346311977772649339515176217
613 1326050313022181624907999593219375898873214599114548601586170001487891135356655395801095274847275223048091921559455593209053519751549481238789360450477857135328026379
614 2471368624596118943637710275215019388717708884426006244641961284483094171754793383442252187023722870971148959110929189761338626654315744350211838694613754596014436261
615 4605905838307317836774254161657691282982015901729966995825200061449451963533284955971970269577520070311910183508725480100487716753492902330250774627931702614559964912
616 8584056777373862711498252941315818979601659699073612800583710065913125369603251143375256094119345739456185948187092259727648276008141346046618855979365274020544044049
617 15998162651162219542411383766960877145754786352351631534509593919362407884867631293702012655190514352369632825519879829011664155971088579097254372063206537808587352832
618 29815880166084173052734146251933950994700834057541532521985194103710763775467486161617923463923074563305363376046056269313127306231567286088006695947001645652267247568
619 55568050498205761187228905075881407933505813154762370923736324301450139884277239591743691746281111781673921220607333048496072134255991324227863263885097467713899379715
620 103562538451692419814463056376764039370770172211817265527265106059537363538880133472849729711852654838782819697166972535531064602169257061519626380074717081139661438211
621 193010178949944938972665495132565892354872674384441863093220688370669654865282591957703500103621878528698909825305141343470446520863958919783646467915722018096463180915
622 359714330444562222534352210360210116155390113848728975864429661275020074518114310732934575342465213873720673487127140488958662923631932892467236259571014421238161320060
623 670401945799639481977741379490502234267700630484180772446224979453632165134754711151483764478023178390069132578628058095551856730139704077026115399795165664657145634693
624 1249432482649474298895737864888199911332318653637506361725887044565641129730602487024594264788888813976165862054543482125963196292731580836377054803542331718946535177438
625 2328575473983160966498794495968830259798488995183693289319176028390701353284945419223397990816284455597327882515924903592839185063627379513778763582255374982661019137618
626 4339781311382079412432018634440336962601590886636235606657850966751597848689209552677849284250353990767535280251809077879494755254046491744857109781640871976632456041697
627 8088078759330502309119232229104936696598546847548754691835512100448521237881017013751632078617020432696032866415439524257384344132241234253988274192267867133472061574011
628 15073805181279985208615615717011427475994013833099834559793040185620625297735853271421826051065873799488016513963214235035901899323123372795324564939033992081455118986865
629 28093149115426223445911671620332438363798786493008541379766593085875418843803481929455373903816935771790622354718641468674386165085262848029895894283956608011352487111956
630 52357385393417730373269368307647248453594427035654805455273129387220982557446532970710270139667997069878720953964960041446539197481986550791860716860760209411768671833989
631 97578800937257685999116215458681530881576468534954309134652249944082858450654092784975748292865618468342770495854602746554244895451356669177834411677862185656134028794584
632 181858248283536356336851230319678845972972828013979933273952029201709114982064538573341870004316425783714637560010527152577403390707145213267522094529732009690191490130452
633 338930404463789547456659335242620591333756109120944349639771417363372062654404137485472680423320416993350800421905407276917020983153104865643104245112012637925497505632419
634 631666807275562605454007981618665183978485514725807277043728167195620638006366415840399925301917272398379111909469215516579755669507174873176607480145599194893899592016171
635 1177241552126171674464561672577701721897403998767747076865584254800747982952560031560425535314866549749523024589500796974311965841628610512979173763734795223964474062407527
636 2194032765517540316834539678305563495898672326130580125784898506890864170915772444016843576584827800729575425855217018805063028791087925109908486499070833137740966579304784
637 4089033187344228133196563623161559047834128870308001956916083008477726084934871691538043352490579617924712761583624665354802295799609449729438308939507630722422665355353297
638 7620757843722743156590248640894664213526340866611243187512835772879970033792551786219319958435179267173281835352127056277738193324495281268375830230712016394316087542575878
639 14202856140275364107093867675811354701222357845002983564867531293552562546539869118269850688189662669362008112917778112692927279697759056598101289727924515807538987280490230
640 26469955702308048506683558545296031844724744455926989435615780318985740801344484192883980745661401523136146397668652108757334167096587405786416216546447407974806983346550121
641 49332229233476277976454304467980024485303767055760718998154287637625650902722139551541940620966939324655991903725033277590548747070073249591543707238583457157755245974277755
642 91940797654302370297735907495414088588970840590769669692756881518283338542341746906351492685535927332742016242478367615669330586163350419385847576422357004580372207815748445
643 171350664761226515817786583131302184123145073958550637999604222475240560946375199485003434922520131902150455435484323941941333087453112636745096226061699228504793157855398808
644 319347352461655349747149496535242257579056375125832794994067085388117513654541618139629256785420949876118431146659423774712979328663332385519727347777449599978058895778232073
645 595169745424562460640357219021484523345968896898141804072337729942967529281566858858683734842028731874344479874094526621720971087153383643677270077044520613719175519225477408
646 1109221739708242008093716968415391075715404118773793718071150397368689212120692457313694039609589127580795846180547498447544970349512721553912558755229618299233554992791673832
647 2067263797093208057335165458021117848452573244151292103053351653533041753084317311732581809965851977209151139620525769771683908335502718710471740798561967099167731680126370051
648 3852773033366895439256237115085571418490479934845717515270364843361944340929017888308633014491938172832184579242809349636846821596962869641503551029695528940325258237802802275
649 7180438252491621463537388020331744645636692291167098669483816035468011977291095260249715133320705555574572117784451844979481732645501034303241227295384383838025923216177823771
650 13382229643771245635542884394395098190994412023620974978643870996067137236544047195447460563218261487202025536646029154294533457652009190434656449691070285135529118256556933924
651 24940548743871931953311595739651812446465851828158127524454965526152970259331100860373359606694076005698579274374457203205073922442897799359167102780156871956504892969965340749
652 46481863501346796343923759800647046383375928701659423532906413632557006191204386641122505006656192672422295627727812738143519120379400902268890784666310023470582662618498812062
653 86628552432660533250552412983832340956359164772522348468838026620758417900836528227464886696310977134028372237665900201027119493335428473572860133739520878877170017388169613834
654 161450198664276329110487200202787778295756720256996731042202923199217328678829830808584965516393205151124110060789271810642341260664121871650361442079991494746684696298065636081
655 300895789168316718142258479604728917445884506361975001640922164096888347252442990731952480536361783168390996943972710025072898621802324578457033796078921565158432684153562072267
656 560781446466298317893915718556225940314962000679542047047436243959163600954952575414347140625294714570476113656970410628154257101808609999175614197297484201789942736318070913769
657 1045132042459127305225377319164589275202232161450532240174045013556815586991442067840102037174474330023848443839338226060081280883800975614126698523537458686029996825212267822012
658 1947819409964077459652152757978776027539885680536457245096811505847480628748771040035959478783559679529021434671256356135299976749207949349497799911774223381505294877672954038813
659 3630163749362972413333899913647453848484771682575083386239120237724971431613628766279000900659443823240449775642167588019762748054633779347024642503666675986875123086627166780120
660 6765559876740354329010031871141221674091468166926680106761255278395418192587954969799307012182866813311995107160182266200006590706036706189404738074279052044965113562263970246156
661 12609018106632586707966490145077549756711125208536051842051689795937860078834268089907185448533545851899059411173951334605906520953660554237898137809601722189480998195282832362595
662 23499509354721503947968189886019911302165440256261302000769050509112774373675154388744188150511877321620408738100454098665194765117561892278972065320601750150106367455164332702955
663 43796188984942566934998285499443576324439844757041342321052816344299028951439019298142109187060477761556394059581000897265214537235672010847186279543438906285001708141956243441423
664 81623243304840327058897755934676225594573220382649497847207885732112609187941823567863665532661115317253572293102854901082934100096653673560880692972244072853444702727804740529208
665 152121771369004838902802325592735959501069541151433403849515037259450932308967286734096229984196747282114798507404217197078518395449339350397796888934049323303763805093297738638073
666 283510338323832539707797182091066688474389075422557430812673486292348019163284344628522557545378180566783980686147219888874162007156355382939355727564366042158768929519166468962342
667 528380068238353520884490449895095365258108736570505924354297143488685846727109815332113554143361526518544697565455784592122964307446316403621997806481098260719103037702580690549966
668 984745382345368037592897426673303243761317360024806135902842255267038643654011675534402244095951768364889093087668436183358519493794334454815388473283246230630394452982473906464185
669 1835276397316865656716288972946503309184484586292478428340862714144082701143864709419969916732086310065241035146110095849981005515263400603633455655976344357106701241539973313351211
670 3420416602031926219369760322631789404958810796003996201403754144610140241325194155416310579162170889620875127842477449626349898437602349814499449075419639139264010354647715385001109
671 6374652749068030332148452602651699136242762876078414609112280910411256172287229182019517311450026194715542407105482758176425456918985353178945614495269377831155193713595137104393664
672 11880481941018627302297319521491209063796216634955849894134869052843504275718823310279427061646285124911265512543813045726368473464775554989845981463198410902475297438215057044447297
673 22141731747114405960406600489386577278672649022967838498346131486673924999694405776528358799132797793773890896071245394605418168777582604433344328689457328320267328502158203199450624
674 41265689994318496956851958297341674687400937651203082325682974217907693516556093322586910733482876377920518117387693669134694539534538663970181172175265461813732909642943614512631616
675 76907135817374378863743916861815301878789587556070632008087581376438206343712563253425191918421731752654314655019132806313799959928865328939719116564860694521158801957588785645973507
676 143332331058717596744963718329975033714807534624974147503125975836459981342795780583010268315820125133975987343232868990130054466261613142239752102633232679481960787464063395244325379
677 267129401041673087615519593222000057777010347578583394480174898490183061892464060550771000516268754267737541695395949997534138084865229134150295619159029064923159516392894238782220227
678 497850808493796224206751343807445963413379110246795290504437642619497680923601750311046576271533949525700485660453348416475537964651825120969452968853611148486635922265660595720140748
679 927847801669949014441642498797371064557801714121717733013815570128877624951989092060077381218994324927628447690151955386865701363436664547688709276753309186932518284657850781453116885
680 1729236004794968277288201278463371237888832756857467916454340265599426810629381273712390382767800587730841072776339805379468115618032351950139596134230396381701996833836533497799777566
681 3222788430276356949908455309885709128128970087597853787967653193457919853400186524645530111582402436307942529757699850628894729511987827313047955040791229827161904600633515284960199810
682 6006331835286203993233382806277822321802375229963006987009099903844552728256153800825762255239385411090827872828155716789491833602297820956114082871051157387959459454607067629319550465
683 11194039849671108825097986641667936035468873500535410736372120700642833160144297621962933403542787174283351091157175132927896180456394876806532871273742346533065449956116668122718883163
684 20862405140500179674823352571325063419855783763328972100275080281016592720344857195899523738289994483207178680430274684814580368992358358745676736396116036014551163758017213977599482593
685 38881400646358791654523500990158530385262909453217993061302379992550250905113318598376810504008150716479662298914741835183055869799251821614018985009269508178429542121838416865558133988
686 72463520195372118129817460915162338491669529954824225270418742094478750385546211464265610714636512239329715572386267233966744411168436452033617598830496547777625891990188421233714783477
687 135050735616872657154287518629137528751236881244811141571243982937528528546580783051964181929506495688951251613677091288410485518145511528270647808018844655821279383264240063166513231256
688 251694937555949032117858021599613119907025609604465120755151122915179281261920738847094613441530947838390238510421316793959653127543266993112704763046653180356568009629755313763187633220
689 469085498142065386507310404345100135382034199468937796566407349198615532418559373239891445585440484556379385227580118495859886361048576349213557559538142823689445685600320577464331983651
690 874237704992683357970172960232512721635744843203371221280139298011201118058301722395783991373959971623233140068611392361091342915485110934025500983594676791153283835393040766963871677419
691 1629322517660530454323747025031352081356821672016766583545592666756738961844063938937067831698552815138403855599875342742970302298114911913363615272734636332222987864282306708253434577079
692 3036579012086726613845678238066652487502924270423579973244814714352585559099742058656742168454874268807542011282615698230549961381260640961004287951349064803291324921083268440646430528032
693 5659292127064776687756197118764190652410158800033693637085232608386188913274647225844094142576754183677241431488449875313823990127715973763080790902133095176751176427262390741538045560289
694 10547259680046368050727438193858246896480623816083993387722010608656405798806839042655297637672412629092452998288075903542734897022060709503171636720337004173420140020109310866298349291526
695 19656996716306547892264472908058204358989396627354733307456454751714162476106065218625524143037035435515079032135922998234384781165842632386184500574384198583294114783359116188237640875622
696 36634873097500877955533064264350776316219873027455814218712152576872729215930006896157806570767297986546803326601272624175856751548990553675426873280783484113547644065146288412851777556489
697 68276652137639982107715378845925517005661744475707794381878184402841946612350524024123699483784535873824162321465500334804061442615172682184941783441794496633808064125474221011746825431067
698 127247642286559625784508797570100130082629934357771994304247548657984434040668719680000271912895642180369399417873269329507215786112700579343495285164947092383690408475551569576459748057933
699 237152261579062259651107990363152459031289553440139436960384006388602621688458740368473691625197536140009809397677087202034786040759672240369775905007297544724333340670990434815015080727400
700 441982217991982205974254126900929010048274786867262820106018559597128461525510312440844790076551143761482296362073588206446970368605190286924601255332681034625757533047413097850255557020601
701 823725144851661083327780519611229400296164589940578803018761205571081763647516471480845605815238070302590494615693396194968617726943292024955087110827522311776828758474067806579634801194400
702 1535181929588847862281104490700686777390033250260997113899913224736889628712892692586266680690830678722619922808724657801072975849222308746064414825849414945949828780487039111024680043376600
703 2861128583564794480203866871403473807534857610862785574217968903528275013289423629908801050920484110007066811894945422420413886955037879606838218591847458049827101379629278404575446714438403
704 5332304018119777730187208430237162008423351380684521983274252520241520304231973044351337868366198320914838295742025611005319740135867755681703479924330024985157587655051481824314351118021603
705 9937849806886321317030521902339222340593451131467513324973992194452189190370651122110137910438690357082698064168199584408538667683534681919896724401878269823007073996512599157388391248151403
706 18521235557580704757642122516549643763198023964055870047627898905037014230238922011836541063200142687103898499853035851669780328548648320740411380177420643972488378135400434371114731391466612
707 34518147611940037948203747807261129788468078106109435997450656465761575142934841144890554668298737649848413387079112684685739548956251587785521819950410718927961141100554879844057784745531421
708 64331697032599001899295313514278796810248431500511975972372633049118142714046794511220968399614808721096507579583711437911355552006855633545211993156045528396982363090092677316222958489985630
709 119895403705341116172221681063927728099842503392679586115256329764229185404763560546730591589215236782408203079142818992920696537652800595766446133688307460314447497496293980429567152664385466
710 223449846541161230016832924485711117465246737711007894107608299161513910833568083981402255594111449731953443240380157046977915184521555359123011593539539617098330920797958619961740506900979729
711 416444937638958235714718865028547507895992032212543822024726198308868338975708467515065160792955875895242965979131291360711981840542122259758647573007676202289278010068236651910409382370936619
712 776131148754981584231383908220330692195519542390582580370495187601555895189999149155256935560601586242467575216559748339474071453500524047057985974072598583232620502557118593199110840364093017
713 1446480688378465274281882681677464044591259755523606262693320085086097627690703401099463702342935935438327904937700219480407817007065190124427020754691217434527613264950994453084332361067032204
714 2695815501295339981426039276763106568279235852161237728767498680012702644617828803644659184721803563124056802875094093562543762528691556903702963473714246041395447295155704408815560508179842061
715 5024208947560284734120191001424098644865794479332985469878984242817370330187826251110429991403608321851459528524773338580965976889193129044876921395932041791093308802827060188412893029272121112
716 9363651012695680556965839046456490778639573745903804257958944498075663213259936454408821098432416128166443243337873997022189427910388699418157983660005694094676148597680043547665890112473217724
717 17451097516581700501243956876745810483477281302387517444261440538113771147113422865342798652597826817538613651963156277709820715496463370129266874081148432218862490483147156774112571637012743907
718 32523724359262554703604529881018106418074664740386473853898393266565882137676901618674088626808651783092992237537476293452718646164042757263897638268944557592142416891628337339351250724829107243
719 60614677397349596374502047020387578753993385978097886627775226760792871777456710981900551922105900167592321967551098284519286929895208855518371589248961639876170862684668467982348921062248760415
720 112967969947094697878233917650625010204425229885260438960559548375134185218796979577928947879899380620208162923440567117648749076384598965906172211492406936532758334134109938304686635973286992136
721 210539143024882361989047507293679329458649224106419860522254728174831831631827684433951213760325335969487139636052995998006905014876727237697865126299240609309185584808994950322740388147774313865
722 392383175216931151112553648354842065720629382040713520405580408457210446964197817379652869526643036472264105538706290851564765804562353804252979894046125528937698172863000354269787151334520595110
723 731287085058215244747255401306717096333905071696494837287259053582613002620588756113439713166341178332888594309027992204511013033716150701971496528523346338535973175265330169183847059254381571518
724 1362904514132862330714397923187755084709852744015754418854023238107108497516071809415293354447317186241350013217186980198531728078346332415065091907421068166463529929692315020152068223697704513113
725 2540054039783655784052058868252281281871740890137894980070764463478739838408665261554251963027246295658142329833305852753226025492033393827824031589559444753276624448281316082961429677701266298443
726 4733915294958301518293825072172432570873456105227379491932541624226578846270431529894571102526269830656808112760389829366759064593181845933738521175129483768884543974077306590512970855464411012997
727 8822628837356888510437018841735697825003014337274642748494611338547904338818646958140451165868221389380858152411950769962354248828220843178933796897392688268275133763154251650969175526557524552336
728 16442790956707855862593195446492541670618237007688327688706904728984123854044642742803207054949960276355285141911868328222032325304321024662405891666071022528105007107998199899853464559661323447665
729 30644536841582760417474670663009839383238605323370466164504529601663860392855937332486920362528769768325709480193037816322309519083866562463621455191459473834758639030230119671392377126054556486656
730 57112423353653425948785727188216932858247648335194394409988363617307573409311878206908273860133433936468283937428890126209372265568529092000422845883637538639584040319692874624299903705727130143664
731 106440796223776993536565313527694557870102359358259377476109077804259944971445806435317895024983314765534139363164495110875469241481492165987640520881850606223899061643687474323860297384711100486659
732 198374406748525274788989325516724076019818175328370775969622666609251526150013618432778656112569624070511267803743608559842397798733091853378504886456229027728174978734377833338037428762874769946627
733 369711676809485552635346507081374874594561120333953959199587757461174246377949253053503477692969925879916119616030278938470514595438679129379773424107141643646927099693456457210937139880056160377619
734 689034065480816533245042447664458548204868198408732091627914990873954081292286672359457162767919870176518537705523764271096922319883155627342694986752693462318624284624518880182518032034189461837596
735 1284157285726392357612010424214630776264322724393844419536782990701708659742327527657793131105628742388052341116754589950624115716082431187478209646121380545503149220827652380196630318322813771677477
736 2393292316154849015518049945458755400048006085395706297135546263085231398876175286818303564184538520027800699964845426766035659502398468575617529918442805476443930519908021751829441737962982252810334
737 4460394512597298615253177288452131044662610680621902572019291235707093642753035303896675052488298130557356313081416719579326426462047935457645614878700885863399803373781578392376995834065550638323122
738 8312866369776475688089208561096023373455578853803435830629640207812219621980017886870054445805184357721513336431680489431198773610295229020080243817065027499909251036264535532966886789033991953355553
739 15492743318241022734643358397472289573599597109990554722036278997067913818608543747324965138358799917804915436326216769729305752117490634746932833572393443929241042595988600788455212002922938711786555
740 28873926856032918580402890262828682707587429151856262438094152704189194746867649659014990295823694309476984375570466928467285031503634441119869678208496101519440452717333335965586199505119590626755921
741 53812525965362345644670515946116752827954165713266569929983073327625853612807703319625153633239247382641524384865508396760881352334520128180110409659691184019168205826126942564486859872221566486822580
742 100290755920085413848600591138533621548752957043238234096091910318829595068633334561600049048315647136056270693844158705948798608686992032420908910376871515806891333614092744929852495880990382622182245
743 186912536488184169589809261927019669671515244498807021410374368431397179309236283538645019935786730064487223820555559491350653703197895355780517945002359820365212691766092752826611094396349154502450008
744 348350114384271206523820809765369928155377741638606731200323588414274740147659393497520480835504472212411796975152084681633297760201455740320849173981433372422717309244473580520071674013013853962917748
745 649222382144527448069622583180970792801636612768321433488599319370763525353559397182320627980451413620580609056684560799479693586262431837583575905112047919843391310086751815309629161655985001829464483
746 1209959991609079956839050368962029801816182346264742497719722424664955063281268247798255687787811603814042280518351239273531654695856117904925129740119127380939029385385030073789462444845032465336814507
747 2255010334761893576410512798258139586282315571180562691320693189907779283724246428290817130294325020451277671443807493318431547976460485125887677262063427498207181313118450815349677466884074027225567751
748 4202677481195475920619380547801051964687225409485526991786491148020069859784924619837779014235679261313019498613861175716870628735247780638638404977399571257737355243378706261278564951852029032713961200
749 7832557456022715791136531654687141370135772448279754484945658422014935049628729363232546077599114072755146340168914893537465592822816134353413794197756953400554443399533796482646952286387126428724404721
750 14597588460308396520368070049461560128982719161821442558907737991738272900801468648104997468482089134108979354500337373492760236752197589731076825983947235895175987338889148928695984687039348510401107974
751 27205620903894824282226211692864716023044395390278023534267211435798482480156242507618334511189126918048037850341920900643372122957940931646992040916145949668388053069025267712531679542595435608542991574
752 50703293271962971655635806656926140133451712735117286989104186701843287629042430597315972743986469136313476870848665581255768901426389334707233423509416809870051383267626657160472536401756814894716205737
753 94496058652888161216740016805310820520399870220581614665827400677058106331446836541630965149432736538640414934349677701734049611682982103900463901461258517555579345284294103946560490462874860425919529659
754 176112921364572634063418651883904968589533056391415685268629034984453553771915564064485968683000117292784528485375440403664165980556804898841440024209696366560743504491369907084155529090661167251548504381
755 328222801180461549030326071854683388989888194596767546235941595089983416659042855856433886914959524701724959097921437147431472684835972902963140294737946796170897654294249878565573138295931611935697121592
756 611710977139126032680546122270615850551087805258512390233423797121157735653383365481326782363257734317646203900970470252633621519884919214664531999121722348837635690147132190405254609684556193213455710569
757 1140049741232843934870802077922330756319686974432759446039310902074518396969130057674784688412258086195999789357096791463626119461555333911188852071750811448519866203621241911657721196956539694968101223712
758 2124718144774228581961780293486380923289351558223062084747135687344468646946258625244086349157136660301174666650861102905920537516063252620078272955964651837032559166503991547354440611844334530775192588488
759 3959851076191606680003418660298228474942614973998599255447407078707941853906408721688066696246909863254113278353772513663821402075718010264071868953329818883545466236945388118570204440898003110415559720195
760 7380000299890138484615824894065220743901675897296877593565339784931497044813798894712420761483684121842112646425062888054699760460384011997638425168582253229105064847809113853543368031767622195319863391331
761 13754154734212824230501165774524363513769730571966063847806746846964902985652574770444679808955094102745636646377646196772461373008573769857873244036476208740202742347321088495606689867300625787645441156795
762 25633707962787644270511421755419048938597575493961861614148968083088728547371800935508879897695823692507976481438963737763925579235727800650088850896465665390839141058157252851317303189994635118892120317380
763 47773708862458059724358896437614711170302603185852494394844987437883219681813197619646142182146876058034314420714152401928024860616879836643004126402212425078154335601584594411947407285297501704851710491373
764 89036173065096532415862393761187801711611794901750685938265227978777928638770921930980181609012158366271224359847090992245408979642601146216623858511641051298762562643547859898767476887199379067788033961758
765 165937296953459465227396659027444948527404521383636270780712132228044114280886324737506821302099629443795153804163982205537185717349784548166890411201038047471279985818019618452719386457183284424464394913898
766 309258423540833644400473348340289082038312330941193753965247094541693773326325917596445247848540257617898097066306439411321260299200424058095902790407675322705742992622773401688561608313075789539019526388017
767 576366942736123241648060529623852487173147715646445811780042778478027559242638683389385792675576732716711770145847712388057487238128227496745774365942598476602030680553416981384864038974673926742383628273291
768 1074178833596501637330250506706187332755361279797354624122179175162159902085297657601906256581875621048097231558339659004669044390177581141246445599545712619015870638007475836743022198346223780015776813014985
769 2001954104219002570531670551727054578870298272620935886017920458787241222064275410391242000127496393901791522757258977238632825287778853315534153970768738587133099615875796041808707023285451148632835392179036
770 3731054932427372295475852140598612040389741419560273321358048794221323899792191460559399378154226592051926833194802114402805287002163535805771477068596534016939191657536046985963299140209472928859986276998909
771 6953591433216877207466603660717174038655825258952337193724586319707803606048084433365118147899853455196218527869821091416812420172696279229510813867233671873986803571558474496192365735248144268907316716043864
772 12959453745873884919061615315898337775266720076815144851778347696069527272240910664538844148282342636901593096141598023132710896036032839176113275779539887635386102419185862621618486805104497714805822892580972
773 24152618543156001805489171737694173896435944335495964815852494078733498971617485046217042282745022413057373595726004366341126757042523446593427706985329489686203677391794003579508384225732916501385781723577699
774 45013392842806633427888982719845696012403420112352976397026253037856909789761738346312396726444582778646029179335467640591564017560612284281960148587030505308164088106469427068085481431477349308107731871709291
775 83891754080428288185073828667540709338203580342798410952361296126065491606484470339928929171291610689350808467760261709989696705668710801810299975925650168214322395364027014932940941846790842452525200549452207
776 156349609709896293601541343880623231027511413349286305399918778362265988521336925478580056019526677928522929254938274809013076976796281141590583096881638637272933427539409025671466094523989591956682545720185304
777 291389788238316193885208292040160319064721673686345234590997537475836717890622140517517246198860426264461016792944677730787769029478117994436463542642730153197425691858817306875722538818421639881005741335313177
778 543065050479601058440429778042782447079332414714740467448081425854033192710075551537304033712735258332513442196225462860756859146484250399867363470419680657840392877950898351674545364358794167238581342983669798
779 1012113879609289939245053809684652140161866654762599383647837760940831158274086327973044201771315292118082229961040287287796090076873093824639112761064596569659193160569125428688943647930762943108628980144225710
780 1886283244324238520900678685805133097356031675821635087420830373368341311945952749525595940367896570911465280339874320480159397165307447807948503388992787029251470236145577349316111264386027862751646204150165241
781 3515478395763041696221968019933480438594028919965856489765074650930440890076179404137508041506102345909005606928550709062429974604760199007550593800251829002772648869998272404339747357462410364467390233101174635
782 6551820034590911513957129448987436859079628884253654640708587933752934364898438388056640646820048222263252296811671570925818244835379480481467932083445618711750228351705648690406578301254699193793277173533851765
783 12210669767563627076659165506402836151147723911718559902971079053857958300736296636633428467923737934997648137831294532366296436331301823905313442250423979799504639060142380738354912094412782782048215785984347488
784 22757104954852752165325069566203277466929810671616129372266303006649280970964834849045952592442044972724664958616946659553586360145582420927965223651179466807822585670137197951374154166800013875450386485287871393
785 42412565058625486707196457913165588044168697324377093294392066807908084065660150013215874532902189639514421849051961372331041094651720862372369019901516322943073270725254144022593889070564111456830218005889426688
786 79044574361316367937173954432374096497611869059532773003305303969481958967869039923116159936673403444507366262545844969429930403645626334088309346652788262341587187905681286237658625353802459802974865363842469152
787 147315889225874624433149163130983928898401301074381161120104212989429801880763544470254017713999538362681361138396684948090689484082373596872205017606326662765054944916092880091781087854202501429326024819706083331
788 274553584401751084554738536870480693030907393047512441003280413413154054077743994509901641312706107281224626685552569065083812768037536183989312077310875631594274757091855312159562755065894835799816678837374363395
789 511687307485700188366260400167602982523743000226110760013196325321599930981351114279250121122726317614746725473190103973373603978974415186254240117269240418619036320808899170872538631127302215208741274928901770851
790 953634975163324061665707889560554769218946903449254243373508964289889336623641747690012174264724932702790808888380158817645672431221535976870855170088220406914201155557177811147881894689909719496719349388020020844
791 1777295728368577315329923500171996848311669082591791566383350204529351498856873731219717098202843254546464688945037866012897110735334144528838791402020847301697025426832743747626570159887594226896169385900143111029
792 3312357650825677880428704700674805795882898083270123846422939180494151291800927074057467461571022207390704865364608177933017922672257390087601511753828568557554134389259441260244186053269500872522393210686848423582
793 6173262576315650065425828369356470103539738793617886576543466073363819301671852317127503984365197005499077292029748654385954939965921998018214077264093229778296737855930974693687831737339230031012551258850908486114
794 11505149761421382011415598869872460648474746041393261275693516686951873798242473510786655278973726769138471358864862252424646272171924431604730451470155771683387814136429205936567542217002012711701059416551337819201
795 21442222713898415652701712971896878036123440291203632814962334228434327673645254732959057663686793391310585954958686786223700040188696601867534986731641477356050217304207529717300100376810515329268239048611883089947
796 39962010442845365848979198079966288346742656672057292544592732448525785578660811684341569616782384407807817831047932749381564860086462595922177218523921166690940430872000453798363595588828205422305892825164608548289
797 74477459727109511883225994689583670292166894796237076371673282509381406973388232216701535453703564715223231907642519506655503676602235890736368572934388481741103873281288071608066222239834243557409071074818622005892
798 138804127868804758841331133605274304400537215669847974816560285194684389994323996415578708444763944889154989772518579865326603797168325696338973533129312913809254525193910660759966523370265789545213788220654271275733
799 258690159197340856388268727845173169440765185686019852450338482540261746730306431468603417295111098112578443265662378113471298377427713484105505188701076413882075817809912022155057310136750405812131466696148096920600
800 482122538378669392037946711913924180317265870074731081565358330068405967650471128118708023656221792258248138988589936633437809407234421156314610907504241859105387437653776236979255976856253136484358679920603962938276
801 898534921985083668561940112729747093518877517084275006015039185652459137633443117365444148990513626925713108306145676229417620798739398245331531506892180600533151013235508219259155546967050505120000044582566776765475
802 1674605399577106237726746296265266601841173074142334563366054633273244377824362411771254400875846921263448438103132810569831515931022538697648047072995409842179378466665244285724327477377301722556394444671011067527275
803 3120973014713114413840586432007039142792970684366527808062129623478462280775775796127378471844512298038192855068902620470144944152725802166591879795508135419495540779626572996662095407946061132009470484432822956342103
804 5816577780668365419526406770196280423349603235619352826107247180435839693676105148223710918816053178815332179987339649158397806548943996902586474316184677221094993819333097654439562048847212647369470618180523286638528
805 10840393979399684132706645658992080228873122458046356516205411080255572827149192383537474121443593942605677494296738080867892354342011612995530615535170906747633129219328830511612544480979117815038653952193556489220353
806 20203313023539027374228404955013197657252034511145939940391799950690959669476519771919609536977130836720256059503445942278327186800189019495306254921695313006119751558208549501598830704817301211067065405492025358246662
807 37653046365544123632807625265602038927300844218003998418713541491998478750504835216590742293425290373166252599465464889753520606447021010203065677870249344669404733016207842464917516851358939153175477260033595218162246
808 70174228303743176030927562242578279613920211592143067967329774732765197231952412367203164657756072200983285082355679132357197669473055849189657524475762064912304120674194333999755150294296292598291439116614264685823305
809 130784167374360258153612777107617872585676315125580887788505174584838076240381971682961993268687464711144053260866016959192179229873622907675576289240848003930663375348819982504551642408748196231492635333090340760563291
810 243743306470992629052035652904423989367578847779592883044645799060833512491896477332734220148963335830642811059262411628452741049214685938284773322851596037938877574397443509899304192962825013691019067113191126415050029
811 454265991382222157144818339632158828209339482556022086946635123259129104187753714434343714122231552433592666306329449025524334057633853485853745896278882232675789936420026511898569643845713891485893384463033920472519944
812 846618493505302931605656670955012445966368427932764750312150647013643332908899629483229693928293946567024826088927499903100871747254722208880474764001426244467780062466486459412224571071958480180371290462304942754209817
813 1577848412918280818761763629668284414069104971271543399446088044196143870384589061481432354375183954058953259266714734788459094894898780023734794732556214358284412785658816989110137149960433521253428491801878321999359904
814 2940646387064947290196218648564760898697123418939609660285993413973531182947850204784463496741878611359731258185703081865032097067800340481296032421392861056311782594918896524805846081497575195711108645190980083416919736
815 5480501867580856085013188661429798236596228702737903911222445355014461181674549093234152578526760451060805736452485581574334712309564507107937456713397139789715122782318355903042519794713450636252222516577894911679549187
816 10214047106335698541298479550434651478803543616552534109560709487602892792828316277678449641652312313237665514252629785939711996994260847179141840911065782864568361139294806870372931244594751200012507991983529877677628899
817 19035986267530540411887135496128934174894913873371363090418689729523486341671866892031840131877948147316859288809739031534808288197661868623029938175244366033503708924051496444790469489087476787145833927556470127928388107
818 35477491870273108666926701480418328884683599981585074824086025794566869886695514171734297867458229500499276498167195776257812425126355389946842308315435785402649077271006564153918028873227828695902501477290154862967035668
819 66119633189280204290822140131722283321094230831242677152768154257375548265180463004769646792415166440212273040925085134076948416109137931484267831048633133996354160688890984765036822607012082295940025453240744495999922365
820 123227591991871825526483546620109085845778972451356766424024223445946007290196063680865167188049010882162850907354302228681373280702123537353357645574366232096865287461045474099408231074274512657377527235910154879785086686
821 229660067602691151527263651061364072499829772396111990896282300829646616950282606196068060790423699383660680401855889557454810556081189707193884570520673588304812519274065166561162317693957998745085031667780619468686193690
822 428018967170531764399730071456530922463112464889840022354586763601773261745823995210377001167669198704297499524631144959685655804408603501646688063666572990293875001340738120856272785514994245632905108027502852956685960785
823 797701743146147240979180711316858180000449382243910321626659433939611283616412186252972502731816231350786052246694051645729775646514974113706761000389671686584470863723874543154497478737817783605037689735233317596041220843
824 1486681945954220695560971664500950397499938699432246294315506336428551134467260004841176685103087329501768093452261720318094207314758543235288414711951692451498908421546070042837984431819691779840292784738575176002099801913
825 2770738847465815988760161878870543164889276094101766361379266627233870919704731990472307688606094925614660592026155155197151174727984353740228478902951411422380533425568284405406802788364674516739008108821083734872157684268
826 5163844076904257711697704012821117704890624240833497326259244929052704770553968549231225196801543619667018748766237310134340501667529276081348761904120426482133946016739908034870295224578127867554121178026783687660281346797
827 9623889914766919798380619006323968897390440339130236209205763938338358173955748563754755252110805608172323029123022471088623123611804905787214006039975503836630671281378118163384248520037203207074999532242509215666580752536
828 17936106457164367764661104642935598392058268621435535293343563820039970933069944535171678317929090385016304805201487936680076647795757967007899442748829738103772271558082971379604656885131226757292023858705760420283053805340
829 33427638687877140899754216681398951506730141343936027272121298607198085244731850182865353908333721244017361051500199867083098152798345795251945728461191017550174109608302695484215542558865610359954387392786111483263897845731
830 62299308432177900294896073700370858198901462361326735899738590422213159766599095874129619664666138068534330138869267280348967523633760512613587746581117529060066123452437049974368288118977219981179385989513639130263640103339
831 116107627803671003588879387629177653375076268225633341779769281882333072565808929479644654618453409223583244554473731090389197467021034413637286074827606743371382938126685964113182258774370900253055457565630920391112801519359
832 216390543867302426288142037673374507895266692257441423596133177703927328300004480028240716343454572955635327708974330691638491925416071799393123260211179796021905266951594050565828886450967731332918619743989254840904495056552
833 403288469163836127172830258774487082491971079341421631295348948970566807599801767650629575337452987161238318125582132532685394496317353337233886499954532383202103637308905200488933750807899391276456777712530172231695415366569
834 751611352574849137939468421662020042617199884018321656634656794617566025297228556089563539192813214831988051789003325803852986897380456578145744724437352613316252451688963092828480527131012092035623150409422933405033819924646
835 1400782984176756416803894534682143566302999960790645927423056327729348010197241996174285688223176933698894034915926317878768462673628671976325114505070892001381968252543745244525967186483915286034379009641390697927747305094302
836 2610648391668264798322385311005604813778913198814910821309103174641048432996647299126174414235535895182608989292672715476824646162580731988026774004934489150988279164470460845992768438907613459863749342778981214622833551194009
837 4865482449392812212140790575991664941630512850869875791213073558493746508888332967394865031813975539678573144659682692888383606854722101722464008178246546990937036519537350124478210020300649735970618794007250014837935010967947
838 9067831401923081462552474180038095640539512733241813573482242541681790539480058955917722096483506340775255249407461646524688994875608117651439351693459222995082941277168585858056111579752395594073755822931422108621176926250853
839 16899776576927875857519630113054910081876252329686546037409552065604935838470000853296245339190114026323082217285479792955162933363350313615519673708262690448047778770579968396034416896475235973665003851268365752489677579832880
840 31496223925106312493942001841029904906767790882296173411048772741086175365134999755480840434632040645358801651264527871620313753927516618782911698243002331420858888329192018769469046957377185181576860233290115797003482612736721
841 58699718130875556881599424381144191828386329082021614131495500366131546983575176623234006724082559667684567399486912811194380738554340971737229753323380000406107712160697776343637381696634371963798127702084382122867013391489280
842 109399047861659184454158314720308922074015086071081252243724156562946354498985179183122742741652901746653814051343352190059869538644391912583788774448168071750251048472437681531740632386060079884793139255889479380336046130987920
843 203887719636978121935984320243398636794318458717969772476870474786204880594390178449565264045549023682730219005136935804920810800426941768932523869177175066012827713460013737840147773258191635429523719955759826771346493969198083
844 379986874029604792580782593386831212279477445964034614871356975884599521545115708319267284217796702685783921203597674238503953016089964684144213129147315067231150849942107066871059918348094751320918103062012973139947534143665923
845 708184017614582345943257537547757978501522704177278371602529445573438585042071245868635512442755407925745363357627730808683561632023140421895579452491819282481903995359420111466281815506274990975297520829681411280955672536629683
846 1319847176525516711751210498277953888884478080331187689033140869932053226825241781217331304579402478973936020373038538223445994033303965728693151060023344480520387135739461324986725135280849897263868680696960891594995154444223932
847 2459807798614331089493558278438447525722910418223291533647211797585851791460588906175133157232792587031287783983831560938957853081573859781125790447465289682213839685565782525599904890325134151226622989882999811014837756875221701
848 4584359851458078127323330891081721461227478530755126648454800134306167546586802643781039694561058810808523874056714753365008537977643281046812528804940747529659551671644042859998750336843959124152515552372044044857704774485110750
849 8543901381034628262576962385915583127880912771748689715554222744102327227062527987433033608299266247730331935175830368035346520077555178232891981985010780971220713078862426834958925742686508815944121594462926719642690237817782546
850 15923324776877621531057637221230925705049644026418564316495858136859882601444294705958433079997644008824195287127325050852220079322276757576269353327406650017862232135559774411758640413661911269623990564111926152687203508443447649
851 29676404331251855913027629894476090088732079618683944261860258539778385241204702637301552163680820441249766909297469310947245693255206600716706939742228892606840887150491902991754891424193788642081537221228058287260317831898779899
852 55308108474355740700758517052222839472374817933930013408522926772085366922392286599600652988578619184440762714824960415053285253487872135415382885697261235520503026387079183496631668652253315089913902004616838446188388545352127537
853 103078082804988605293931428715915616587523750013185706358010501182665014726725170717475952228571551210913348576206935567609945491454702408144190945679481185574089722793758506731907589893239048898785873696952616904249999070682470484
854 192107295798744173033014318399343886853719988869237539143591276802000170450339278629380608719614012534662649304099343500451682571220322210294311764906167863394612384245234215707172264165820414825030485360636791766030952566378810181
855 358031621221811395135289869556012405270844442671027579369160057118256271217516138428182567685349870087984937448574224745611538331683938616540460421997951569956121463406471766197067270122580360094772191374487307104596118202435192792
856 667265869636777211017084155703759255033415692710584698443191560666251315397691650580610424371064523720724983177195031448441374806048045840973033259036395126678390631787747286392790039802297506791129812465345157817346115414482604244
857 1243587757033009730116127110901790915594575659318297315873965391072251826748709486468752250529906561324712931089493061949796422519709012471855968553754898716862227784523449933514306832299758751266221268547255533115438973113619034787
858 2317682620698443915521996719569828131407108987331380053981445562427020640401257901753299953585956171588667743435215736186631037514760828321477349819748753426730592174742865232105508642667499831550537842670717454429227327720924613163
859 4319480229608775548573249186681105896507356065463134149311020244425774586594332853495131226699149742750842692966800830531955161932904965844396449596857938806765764070106107091283878762074392351923927280066752927881265673964372425895
860 8050243500707804738921630519386478643291083043418026096932916417642530066840461312901387978288869426724981486235280016381344429492032003259964355258122634957352447423676456891826799258973668605722591085708519527227582593305229530256
861 15003291362803136485487620678095963037512410005412166258877253104923591988044235018161287839046737941490984716540927224941237542036314488224396404717368895237544223947905052588143325186976168100374204613720671890515264576468003369745
862 27961732051629463131207368238139280727034478201801568706810313838200915747827233578646681519144187169743512795441329716537103027835029385757585753507942711657841516158223373861994961473199345156145986453920930674159061598361120647430
863 52112462553752877347972259796298716656907727332055646997609063091128505948348617517350845454010795449918457254147169765681136316311125395537478819282310616529898858429252744537475359250120350973313759711046489255841809378276809238198
864 97122336642162286804435121830586605769444957348292145774240822405899281912481322571834708971151009274391411403769951440504848942420068860210668033434417302242531530272967902301905334811048855274436373552208504927387603107680819347433
865 181007532797050676198057226545004447950548391953696851894671763920502029155963023307774753528583570783621949790093940590116158025925157017483425293958245437216056078747638023887890219230646890742874332913971296949864787902764181289723
866 337344920458309308241974005933900597921271573949863792887498953193887547001008875859827289890615957133377321552535449887159566974858533204095861751805177286805752654035396257500316296981007943662815612047110764717390216037594609004317
867 628711930384796168655279371425660415229606445994740230210221420411585392738452843575331416804068984956551555763845304208674113802118739784727865852108429193533347244854299964406032301414154509486124732703736279499553025360637067046616
868 1171734528775948197249451051060673759081251621855830785894236712173091480206341913498655677389819697307417405134127125979022587879894210837178141733983165505181515481097214036069702959106095181714747731445650170349147389068929610915785
869 2183769290150876121975373068862375552845066343705422164556733571754754121209368541078137547061667568707549369791733475640501288804469810449465726989398697365598773443203402808570651850049119012703194567586982464501318037181713437928736
870 4069905081305264627941211183139356798533885681689642855187397832989510299424727071804131797473874523577204037083269388266523630210826029803649324545723984946198815177766302701788748754291582541161568765698191302999977113263624639068584
871 7585108667633109219689564336321378075777640547257135212870107969508784740043752812300098829643333615499456252485650766203591393850508662315183749747673481461743361621057944809997857631609868086305811960035141814047419280470413471815939
872 14136416538085737585615683542908504734312839578373401706540308684773047103671858435534511470828336321622104361860851193125095260263918093663580930715869573558539681950668153235709813181757225124415395662796089207551373392015553785602147
873 26346131782001531469439317092326575129914496623442330272102502183741578001946039650946906863249959892353716473110659357924666150896396183074528904353041528397136127483967061341076059444631972747900101959890663116551304731806427702807899
874 49101457784900859128508010101290709357247418265213735910712826092267932222077298087847203352179960738852085230567611656535440332447922170020080153596061972782366212347140895771069632339461577006817537839996088558693562573217668118255716
875 91510707399158071885355060730016223560185937000333941030333752146587073533092873394450737764664969703718398316150165235910726113239676451010822945743670693457985258199145355478199071884733252380063724828384356181347682749264329475062157
876 170549102745162666293673012006995948949929426870660931846641258697811807538930992347291458354414849380779547735482143309684724565928865000234409658802795278649393640651046539501427250218629170623764030708056345531001596944683612583485854
877 317853476099865243679197042310868077021671681666302139578779736974615604205162886610833068410954731597335803427184978279291045563272631510294650119590981196996492277692469226814636147237013901644216644228044611207082284664336616938253002
878 592385598297339459335262224500916747702229492667303962669780993414376824804441506794185281704949640708490998375635473987023223902991660863327118956821993277370448052289905293249233362891213658784407818713197679751125332912129605363439473
879 1104032906532827458216281260521904594552017773279286758209704769507812247421234483836059656768194188850829641582081903916077397600778255864030347933230379113318628974243044911753515113547101170655699910837366716344130123746180443113897035
880 2057593334832423189253872387454508825617032818278193176946043980431659060036723143668558862001058383642837051863636838753950534290596150394914298292003322704308105807320452592197423555258142875588349843521500549965376977739190293928656041
881 3834750129724441567259659060957259068723721296280105064955386960674789534450047664051114707115907305768310046990543260715020205999571132984895655162469302536419449964190168471945123643931783851941573299661093589218752976475579110018974460
882 7146848849322923941908502842522972852379774616117965339584501269198226276713751115559293677420489872320798971736788972463252398801905900576986698962160439876375336886919303207205668984573087363908673032173193738251143347714120439360665565
883 13319628853820193509670120004886499329230873070952544870422633210493203456823920546564970263423665023249310127327699488725104001673694351761729593838170407989299654308880660983797939650347515990673722562737695388147274280931691321146633688
884 24823879242993518211449097187758276535402036959792860065288794092517572060174063538718314384771386940554240268299329270870164619672407750716416559325578315598558004201451166399633310582142867546498442461720976155803533210358428651203557068
885 46264425790962290037174605715327195092541360808146756084042297900112250890315316885396195417032856557516637183509696188259921816078125452447376656212059635227684014862209076021250317535862129638224461558240557370556963253500789969285553763
886 86223312352422870566184965729986693080233980021004390695310197531591861260787078525091106207303851627264567565492794654435233821099208507732565437726570859195582977788851058972644136486904677610245629246453643534998786096295863932725454827
887 160694950081403425200532257293261522686440090900382970891176579809144577441309269141246049361618012448927288370390782467045727680116431759881815115703305805991256990393204558171544068233333280249740956631616572002409385727371149886336126031
888 299488227454290295312056074439243107964064173324823239143303473509481330112255219797434635612716582121477199920919871031825493128350808117223945084339484711674309034979831786235295020840919669164414341306338244114080275487873519794192787320
889 558158164511558907010610971629203187204766113387836411229234066104256913894616455372707954234628137003270902617398254995131194591648433640421641397519197289261057968346384963153227430301633701995151229045699174719076633776761111592369151801
890 1040243014755769182612207743508987755264086386088985323902763805531690646218544262796446102319482174350052767728570602396268377631997728920067086744629114707234828939525998637667859635001633542744374098940548890726304790958874561251377529894
891 1938707697118640068548375966826717079156278906063455041332674226060134636555309922188750009157631920714484367491330215491744857017050153271738921997647568842257756044465493996373744697524392550237617122859563623068545617422495120633955891854
892 3613182190653316789580208881714326640770577246226964275020376424372905378239159288306873871861516331724297075343524980477138440791995454193003846190205160710040929949504648885833426988429293656223070809996661147225775518752778455411063347257
893 6733911234920624337416832112241289906562836404493920246728667840967977316894792076696212178819962854774455378529236787665943573687988640953205106424092504831745416768082644798837005893434194284456193106818307819404689891629402139165195936939
894 12550034326276544543061960012721441144031673122684285370726690519148381226560721843262462206292858616917908481003227434141178144739139100768421872417035211358518684901479126787958239986007371935169044475396998688610326743896887501067063612501
895 23389580898236494911802586657864421066343404861365178195787819792267097361278199708183083821877407612090799707033802375572593467115125463347433410987650693488641474749993073445458520951295252903838256905386982130287653300155222867300253654272
896 43591314602998367924053082994588290786031914074846938935973823315171029311962575938271720358337296176414165842621512738570424188179091386207048730259928207983877725054241007841969538631597835757206836225841905588501722975043429284795841465089
897 81241417581828001553238963032752614218126933442899795048153894872616172991644741468059106977215872027167891285631195040993958622396508688512314347511033842059433779758678388205844258589619951562713969652032901654332703206734091787997032302592
898 151410160276537486288646723006345877417157148026995329635517354249417465075479340592608358442848094863440290406732602167711739023741885078554614580473985922525358204008657608542219821443505710274228740368193848045195663107199760389897793265408
899 282184104085532590060805971990110749775252890251536146443438824194930553011367068407423519517859983392682787934597140383423011588279159237175760771253770546476991379171380632068128437338299217545849249045719564810700832032330048244285317660675
900 525908356831016594720522861088368592429633690580235531587900508812779071986301292811600840449507599474186461791490725506404887455468685302712703813786872072655292718447415796685661213107159072233991158001818269773698941652532323608276414568451
901 980138837660629053586463030107406224681105134661221520494452571561031467212739314589425915778051884064507333011688532009540104526694340538376547555208829840231367330473388622312320677437676203056677379106399813909285930974131604777969794364675
902 1826691149917226823768880946077738474006863805415829959824769044145823126246840519811696474331631834242555696815479953159809139291531818249903829868970141479662341467987530518516705989452573855694225126243558508341388427071121749510825747346700
903 3404416220410276607930449529342844251295764877156536554588470570584160342205744398246498995680154632665115082189952129679023801657937874158041941310330757697628219623329777908573689628774051072396198600249013317662485252028718720335654991052053
904 6344832733392163768689838619665062925339080281140201116071828285267254743843962342014776743014310284858637081225017725707644115238020895773171583975957247218322321614749943775510651661087079681566230737568212759390343044951113534669564374146078
905 11824906183143844239996481457898278347359671697387690995546135417704724122584483901449866166009205787586304171671457585187071533112616350522883073582867671657309346018712535331060769629444801248648906116298888284414508326164478783202041616186178
906 22038154844374674063787830045926811101246966328857300659311547129457205149201717096189363153049669685581649418241313974224142938086429972997008897513859944750194004888701869056781838515766954465837501917045928237401964082250634944209006589342337
907 41072653044551165369857345904921999877264207172277904007527031985258969380733604122233693382092600540157560661916367151347075283800492660316523649441731686405160969732951700383313793499028193510536194129750566515572993217103975548217699711780571
908 76547371593982698089846790278616834919343222264440976994165438238373141748487055826583291880120217902916473176930739906908289883138341711885172870190334701377089007789089306376496102387362597256482912478647231368816518195597411897823824560339105
909 142661836127106720281210280416397268223084121251012878972100079626744757196092207115151381339269226959661421431654681829580718697397631630876199562731914535627671022455194913546841617934663460653995418229785016081022410442349316730450844328366116
910 265879795260760216390782318131163267854876742767846590994681175582521665338293019481852461485547028580134103417403783283621944548799109611825770511057109594843153931654050014696782998431748041185604000619036715627741390093661243375103943463707829
911 495521910042708310660322688967013772612906409561169521977177490297641090583754186961602337125907682288883522948196003004346814198214134747481289121628113698974420955021317933826271305593835832955052738054978409734190944680453479068575417144725144
912 923507418424028471503953530216205577282158773314208158893477729177875362172030808307056481143715363167867787243160048493088970290407029640109887809823857305857434022386902674466796159397826214917038992744333457977258176007501429259927950129823492
913 1721146804206309120676300484609695380846789001617747931877521255925440358186909866752613865600356448908270097495371398343954803936804358475587199342995186090386895817349052718557145154693070338473850994601443604860482346288485159385239780520946979
914 3207712534334434052657268551510736698685508230301256497809053726818363629938172427637420876978079495774920666339959407356995246531446762718031066707879527187310158682413006520035959071474577837339009208766378834063055180329845596590966031955122411
915 5978234789606519467169129142159353430531984550243880974489486914351989716454264852558590320409225585278524028069439552836262157402667851638360730137351099104882460749573714543436347549668056482090126186999379207994829708352349884370749882344592887
916 11141675202225446829198030595988439573072351555097124770122050682128310791014994452816431917210294932003334320555553747868126569213080927065122328166336657376043148201620872699107783013747267497511679170803710022576276747217805362526469223907433824
917 20764812805228748987169836250520649669128876246000894263549211862583401680829511735728694548144533419328096319575431969939112308807421215219215528289975238937973624248859892259215660228171001009528706797102846524765442288207342152299367319772801057
918 38699517174048307388677223676998709960724829896732537187017672605639370830192306293404465509372210175163668403783750628447898781015424770134297718702028536252621006497581035889524702877175170455799085358100984148749931413264391805411616966806579718
919 72124542780724647876271315464964028679941884562023911497383824652024303203237289651853761261003094971173671365450411872052278488654667551329664703201038508380750451102443653986848051918416972948334122870512114216478761654917807892991024638528881190
920 134418981196410894837780824216525977687328513300026594288031460239774508245725824859039844905436695229157960324176707781869615415076931196987311288070964225194671323849023330764495032602929975976920243261820653790775088519539834349889126597847284361
921 250517532718555817003812495247522107569503002990224205849084478056692620736302743739253241433553325754648965535527959667213311758123205507390204444177049833952534343341766438433069141234455487344317499336123606237024882759333009766123977498267023515
922 466891161060729760632626441642414193609328656676295940341235952012765530346014612694814525216562610668169979631879195283370147224087208161379198553780165359094785696649097400393613296989706406189319867947659948886461167724086433445097051413853667085
923 870148104649962445145968914291992126671314196576375723205330332732089055083192087271934059932872696355643860604409318628978993469318001752341132417993058034678799668196167392687098394798496334120080597733121910258786433282705936494764431207395520168
924 1621700702805629896157406400034558449379823205547048340752583766902166917292100318489693784233532673619590757210993197630618928743687618274511745750524207536536402698221466707986305818501862796153033095741492728969861081560704965793136363702196590713
925 3022374185987819178055285724961801030207809175575936161776291622940463508330144156574137359883220505624100696106630783480729370415949242758649341411864703613820759788168758909167145709470982014720992699584472575629244584732964266128427517943757591968
926 5632818499937706513493192467837777410221751765305063331392282621136730673579720418389939539681838594691032277919858739367666350823903248015672738665843877717857158792757261087228440893866471017081234492783838306405603884581082075612720811565944152472
927 10497920608354596201965411667941452758361221381946208353650033921843231425456021373859020892382436615549804549552838332259523137054966102839207975917416500327466366887421661211187358349372059405540333780008316493315187129263196972992129902672533924611
928 19565043166318053736131268842826855848984648908674016838978908790664621950446453843581432972032098132422106637872730682701711248302813831115156000153010611168928646251927937938688795477785005449703311878761734220202920883462089771377412456503806700515
929 36463498666131173276610846246340188079649904204589206833155756654074813971185615098751251591077613916495203471632306900804710300774523575162174216150542244322500122630199721200374118159384418500947015357113249139419732537205335998215574891201639157931
930 67957260491194961882507081250164546354733568350427831894105858419604508247553679220328314268224923763144617120290821897583279711939421883679798143902791745304899223292464704833936193207500596717568016697138198619365293924994926917191964599219240931764
931 126652389990149123090900887778645113901687515076449882411042584791598374098893040751072613184321218160410937033909013945688413456847863377025266144361823578811685162048248518650002579640855613066677952333423401279974056575381196231324201968730661033309
932 236042885988542642920733426517665678140637227690217502910509854753822816012449886047326367957554059909896547448805934648102544359171434102511788792813450311779185529938847682251124934119008868569518998404763148698233254186997204225970926642335578507102
933 439914667462127528568254670268159317204837932741500998592827430012636340755110923708311310762228831199330398809678400340852383494989699753551183224521825547693883199816241796752933513741510658722223048496177744556329135961981984977546820439993301302394
934 819871837432574897840957333604094658909900477970850645825955184387431463051790045961529150315192485680563209911405442177917623865533289884626981657607296284128938685960987352702941252664077497922256905496447948396251305688125573671519426346185284402321
935 1528000495398202826603157613157091693331812161041503154557484748648899911089139704103508254187854665410252852257823246122225256943047592192162348036047647219466495275777530399456316055021104103630813900710737394490951068249117186349432206273192019923627
936 2847744497784585412307921623961569644946325959266006150335967038686808933354472475228442186474541159008244048686858447144782407428016691452815897709613123862548144875226255789715116596245636079797483046199270628159938476135063141282072667593171923830809
937 5307360010082310105830793624773853621676027393178558087813832591849103322509842613113029637420118616049933678421074773678535279024616561106696842682435012714934960933109217847823940354237868573564253762688614473348692393199439862296630946631727777037772
938 9891361496276918585640266464245128701671463876303067551486286837795803055777261725423554399983682612280692235194544512045211049853759337683183886790577954373334446760441809046192888519301180884456695464820826656821545597946791421344927565451303836808653
939 18434594989630674822564031336129837636510441754101086002494187953856229855840679151108880959407306089305424381255119853479558272137809412041631579919417325960978881386120576415338238308038089123849144603418638541301361026351980845191145568230819608301080
940 34356675019877605140056412210451398501538523933636760265935685729403539823370206990447969871667661937455225416518344174515164109211659095361722107966722364105783764185448229958810059370751694844541905891484481961347438205950300432081038408126002939414396
941 64030759508708360896977211603186784606552915562545962920394546242790948990701992166718633071618709774297302122101977710650797258772937108411273768338456227225787104466773657097388724928655237497911992285946961931812074999790674696115821104479914449840355
942 119334544477600385364669305611576297516084240824849220927877110104359638558224029620045275949840628042213575265867337271089472075186365344536168508096708205108723748625135386343403439852769504869459426096202877555716158078846617231689257809172373274743595
943 222404569537233200784838542242930493020699812625759501725684167292570258028334650591389185564843613854579251515422369794634964402821342630621334831996875297426075041181480076219833617965024589403085143770656323439758472696697518527932373033550382092986783
944 414496848063358283475770177052490846840358559313397390486867806020943105000440627091545084779699743177471157881728302926587356179140153955855156137012243979103436354581801047511999792750990301896821120628497209235194697696069542616279836346990125442507848
945 772500481496159439569778093887219739388611281787945053270499136334022020675112715951680912629221627304111883679330314739855772404699249989463661661302368594429607600457207206542210112309298816505199398917105841902343171932609394311347609774507245266738633
946 1439714190107859041924293720616011218450710719665223558447551638211732794760116667725848469323752468867849638225597424123760665613163277881327666157292994486707832724001647435201710966204372584714454830229074812221618590022701949895144728875158391545698982
947 2683204734297933892351604251773483758971786397605415729908155056274562109761438549000483723662851698400263111870782332903522734150583739748893134568329726424018141787747050577737710344457343490404918192114566439927202683110910577743984237916128767873222526
948 5000706178786412211060938533435142977137620242969250889719652465276628171786776696855526461550516580312598762908773277123090051364681489717284119552236832207306964589118672197364340681385239939920516388865883965634232198908738760678027067239650503673438425
949 9319848749109989336833819695283176632489752401964921565062307379911826556067126700033071869521773986916147677585565549494372048204171323361267118024115815667430462761123614502969473579998357694063880879553108402299087968976844610363461253865125678310535371
950 17369462952003791013888632450603627909405111594781168754786772548735512885351442347034523040510329082116937013197912548204940250655922542607946521729104994939484888124364766236182604613370388165278635455896807722080696018309576343595413967613511981930202949
951 32371581488363027647071448050909056840817972323688921423945729944565397400711772437601102425161878823054733301924232379574210404749967011759798880385815491561405781891720782828275626657526107985040184622494459618983392615035792625629495169332463492950518224
952 60331127735692995657572907136758586738287229529583686119132652084300877068913152537700318033727200783803176334680929028057326549362480981843600234458162938563697170175091626337184047397521181067231827261153784825880656521966326456719878930927840527882124337
953 112439516591704368699238804488569470466502564313927192383492969730507415724967479578803887155258188030153987374274666672672147301330248609667439799645477923382151834548185925045731861237632345563067733628844207992122744576895055487506120833768376473672733184
954 209554261056793451640453148641296640988956481284993956655330159564203607927102796891607194430743824499318187280047363811394778515580149644946836440802924398066369180223348273530558741210210669518188287496327586849072922422002433364394606341765766952524287856
955 390547644263872438613171870051572401203818169873745015012728115817106239133842254504708148531925426850727716284090150895566758163667592590477637144177413213757460690748623152542110883402774212719883769279788941326714891987901412734554243134549288536170660867
956 727866194038985544710888283517280812603325862815526592163207025008628486308744693241119809997699990941189678406914150913583200067658338419479956543113846983903916194393180927679306467115671249409086970166321565303083125718586579197072605635854417957188860419
957 1356528977209365899632247729441170735570195306670508462129197503701239310090053083915941393289931464439144240247056242347767535614398787354320465865522620178103023735063225748270982690746303257963651832655304325850301892984593879290256424661151718814761723987
958 2528171910000983215471763339595887939181649816291743507167381851152558027491579847430065838885707744991327389099326695034467810105401565125753377298054859819375405807309095205897315340954625896123303140494671149830446568948298117493919154064799584423273706588
959 4711770492117939849604428190147730376991627404738323283657002926178443486417813927153425268878807717814896424320069147775217410308376580384193246927396400771087154390488637988935234742301639644350564050993635845739695946104057855085136970972362838294840287845
960 8781357423746037548501171378471242583702213324749848670044595437282161416687973178901249448748602111132329145061237874818520017151572942447154644523964261305396225595678315233748182814540549418241519548959548823290601625057839492955906244955817994739125459806
961 16365873153748987194916461397258906401247162773625079191546740990739835499162712721191446965405725346106311312359217959921923447467777637824414776418128840763522443017605600851440128837404427106611428970443562272781941331902733845437663707150216748008946579570
962 30501184630102806743729745967702097532222044987840049042517749769275165958416154502651722772042148499551000585319425403247575678392907378976994517200318043076783906189071514818245833064309346039663121123424469810001029170214907410693074620067305262893467443105
963 56845256901340919389233260103115825283328684962089595052651536081121650208480074039355471118287954832947988020503139027703135729847626206318458450772210826992972582976106460519490381507930994294387679770303116279872834045388425889560793354934759247110843822523
964 105942876362587880973982644294892544487070173282964832627291759053341156705968212202929812014505130871266921957580792907468906072250959119791702780026597349283539912028923263073810768020144275614221966681633803098218658041096627425873784476385409491137683561233
965 197446430252896301205171882197998837083736308246484979754845008361166654581216675710884980330631576369919923713539069117211633107429681256722686331627551478513891630596137807528548267213072313733211330051907212528221745551741349657953008336587325279818085890548
966 367982200956919059372871662507346312933722363132753764912799616604531605206656897828951393685495440868763887775048486200321040296972559875678061683944183959492809379524457189087019411736865296616374369362816561367840247687906627326635388401391603021150617358117
967 685810830044682702294819595392023946394932882981648262794674893764555075324561534437740829729010833482564653647790864922727758513725437235053170024023976007343429115611226978308451715797298123459040269407717970662496221811196509604256741830547831494563668041816
968 1278150120803371605910335241986020457646141807721103202059209918848055039068211561570395770720905562592324424788408072274362657836014481005221229018906630442885104007399640400894096517436515064658674259563439608247161458466420558578115766840309807334017925713460
969 2382096723674128784028950229508059396447308897119364496797608768661649854688182255057249951777391885198616088113553530875325778726932160632255414070739182321363532145973011968155154752647110954507797367651889292350682201530140440558021932044484616397469777787811
970 4439529213808176890913409015684131235632107546064309285181633449955315080661866858370472440964424385646310049056926125643509054268108472337414924142811110343393819492806692903080509900039005324884918175875043204338170866963729969370792157536128110881160781913259
971 8273979576218291708644414741642192608570532969227618891359263206499480197866501543081659753127141073423283323422150342466597027776151915353078611199531001672049131515005614105762799452348550518860940954565362029079655242362991645105139458057057532883214559053639
972 15420269747240678060731265430166370797912459660585712381752089512484429761931048308253409608459316729019131587762810935092574363956948397249844853411748548636139727952924650010228263710289883382384333057521029906131701846953412966779205254190511382075623892417072
973 28738857388665208733471492477218764504808782298778640237296989862350375003916648883364826931352589885958061734933589312023101526761273814262089625840181879666321186431344728719469793410406899357039087585146159519146214447844602874891581726798895714719106238156849
974 53560796117320083859404736702145342330520381206461496911374779481848815597516153512609806190734013106227911705200040339422892610089729560321325459438774884682468580976361571036758191767452550913621910448842245606385180174933577810207000100970068313368749915317766
975 99821605359042118041598532992644454724257760188218634056631048019302104883309298437370035016111963293285306468488473144700615701960574752070860019674020530590887764835135521067442982898322201060774909621405335324780285715793816710544615863541602459595621592568982
976 186038177525037744242013010424300748238684107084554554768522017606353229895059245087464515810169732951159491673289241080769920282244396194857128897194566169589851324129169707225852363129542899131892172376843813882218929059327625335219361043938289603752940307039529
977 346720565876997995820227220530736775230245250703939045502646356051899676687607705625293934382371772269843226788889362099038598112513584875821105275510890823637257067058254420336126938431900551872757903723370550701374469584128358765840361346848494543859190052992827
978 646185381954124349945022819508670139403018531268594947672539500109805991337535600937404039430707662149699146194354781533140445218395309132033685334532952415409920361563660983538455887126867155055082632587586556675715326731509808897474208937473301922646054830699773
979 1204299914529237582671061850781572384119070852522258611978105552928865681022713336199797586861216861003177621214222504775450206065128497716605072026116650924179474333951170105216012976515495852450759149718117998322372113909492684903132292069288170733904875751818360
980 2244461612160231570131743512373782709809806604634075748486044621084564711085536453075679390008332177812707301580890591072566000402669252344068387852649323395091245535125933366224393791811197508069032860888229650426495522661877761200653376109833654365482445910796841
981 4183017758022604619966811970899793128018862198439860591503663121413982685098143255887891508300455164261804740163954935671987336057855179740169443856248180641321006619816916316839761453191798973234280758650989320453641502856407187893076002922253560133420610402896160
982 7795917501610317367979997523244510280376074756006636427437979780200579728166283264487284268884105747271337603806622449998337954253240672889984659934598133413859429621670426632487800382738286530586558207805343315420757844584885242602472879130118072335135237658351240
983 14529302338091012078375228060365858409805494569908863672896113643454273861422892623714322438909102280709459508549294223216035955461248429922189823492546103599133166227048226731160981758171879054793656790470032266700244412570518526204433007459619035431582575390741763
984 27078355612158825938275663973065237793862081165228445447407103007696221916717322391377996963810467773494873729041159030231997963634813969142698155061290645523096186086498975681680266117747275974496499066423000228061168921139740089883661016226379715831844406599430243
985 50466108116989778042215656542798768634990305433248354729721042348297961101216172184839849770462785015308886540461026380227011826394535987812652134865085045764674474951510255579143667265962135566256173689839030174323442454894395817691079653616733932837250119574483963
986 94054015131262814277341340723896343864406789142974945748409383278660782685484850055982817087190091857437265066108909049875119692778281277579221605342723356562073973632654935772626612540477772730637144061249126974424175692605951396304378675995591039131997845746709252
987 175289081967739292092168332643092057245993032638660282090630692301749448435636817230116807978621495177921886253232386140571113583682723185007316070526595293131362531892151862817667410893719600654126641260518127658607682456025171665955361724674730186627531065544999981
988 326687406318708626218815302271488363150963948938405346279793819346643331739285333784636357290009850223848545874615465281252149062866331148445272475121850430425385956746682629555098412691606007352895162330035218181578009820708359119028600685524931985139281424268451870
989 608849451712497069050839324443177394744184316367330183525021969182625679795739883952584808551580125796160341072942192430877508141201174981182937291150020500111607877644647436872978250313039325544806594513782599104850536898526213307941736713511705102535274961508579626
990 1134716697615714945327344322372453566482163414283311029796914046087874025102650335642935232487444611329925999832639350852590848892249344536204885502729806379505695473321103025325980482994198127507186518295336982080673584266601728305807821887535895662417868158143579569
991 2114778916571840823983790229186918655935055261098527068636295504127804020320506336996844304357474162001471637456485746696347296080848337981540702928095357670781853343561150913991275721069016149565872005285442636625407613728726805662893623944110691617835712430948935179
992 3941327271709332031136308202516450840167608210200517619211361411675681059707725988854598730012214539389952660675312323988979820504451862925089514801545419171116676976495093224610210472008134126200291788826790433939959224424305445586718834084645806925441537315474674057
993 7345477364556476867118341169633811539614098453050450708602103549939303135015676995783404427474548373379730660173230376546752367181199896533704171309734838309633763396458402300588151920990728508721851343712801380181979977224110630504142299747253493912695141789905412764
994 13689814114271999339069711857194567507419264236346031914510990062322715195977196006773937340546970859384145572542687616635794255423744910478326280094020911321979323427141855042561979084197776957419467359569129290058202818410291047492823171579585568766202279082752218301
995 25513795929399995432478636464743920027922088866947584772145074297349758375100373973337733530583614477554003554568624588602733716937100499253594824498657168835329354356627134716392610500222179336020342726049500591878080491683207384252979673833522989542526891029176240472
996 47550228023069426033833659973645354646764384226098936897951384947167667780147404960687946813007259597693195535088315718242990818480700188854707338427861683764230644546002341618157066263194364862185896757187904732424020423355539275765406573075283471280612316398892478764
997 88619670365885424051042795545229057169022176935137032641484355134135813368078992981009758834648172175845632252716378568150373584751934920289686178709924417730168614827427906745843003515787695734444298835895292602598628878586412418243876087814040177579219153647149133667
998 165161058154085410348478704939460817252788443535979786957919578026185088493380114901022959426399015608507642916422252333958574735563236418050470652205895924236156677897309310895020835016454233742505327014043794378232870353636034571002815109314609146206799826734677855083
999 307811742223293688449979684860396881193081596214276597651773732867688091833822329783086799865420794401587229521687199488687547191005336984614592667489480975528848611535316335749492033806037328329063017285607508575504931623702652398299034828540459560048636775931355291375
1000 573670753320949960603108071496084052700148127019687695576226798270095531938059308726116076369365310929124126279836335193138667945261141745483651203619254228719354456017600055987021044353400415532395913793293386383300818259461889653030663091982580092786294236872802692376
