0 0
1 0
2 2
3 18
4 96
5 960
6 11520
7 161280
8 2580480
9 46448640
10 928972800
11 20437401600
12 490497638400
13 12752938598400
14 357082280755200
15 10712468422656000
16 342798989524992000
17 11655165643849728000
18 419585963178590208000
19 15944266600786427904000
20 637770664031457116160000
21 26786367889321198878720000
22 1178600187130132750663680000
23 54215608607986106530529280000
24 2602349213183333113465405440000
25 130117460659166655673270272000000
26 6766107954276666095010054144000000
27 365369829530939969130542923776000000
28 20460710453732638271310403731456000000
29 1186721206316493019736003416424448000000
30 71203272378989581184160204985466880000000
31 4414602887497354033417932709098946560000000
32 282534584799830658138747693382332579840000000
33 18647282596788823437157347763233950269440000000
34 1268015216581639993726699647899908618321920000000
35 88761065160714799560868975352993603282534400000000
36 6390796691571465568382566225415539436342476800000000
37 472918955176288452060309900680749918289343283200000000
38 35941840593397922356583552451736993789990089523200000000
39 2803463566285037943813517091235485515619226982809600000000
40 224277085302803035505081367298838841249538158624768000000000
41 18390720994829848911416672118504784982462129007230976000000000
42 1544820563565707308559000457954401938526818836607401984000000000
43 132854568466650828536074039384078566713306419948236570624000000000
44 11691202025065272911174515465798913870770964955444818214912000000000
45 1052208182255874562005706391921902248369386845990033639342080000000000
46 96803152767540459704524988056815006849983589831083094819471360000000000
47 9099496360148803212225348877340610643898457444121810913030307840000000000
48 873551650574285108373633492224698621814251914635693847650909552640000000000
49 85608061756279940620616082238020464937796687634297997069789136158720000000000
50 8560806175627994062061608223802046493779668763429799706978913615872000000000000
51 873202229914055394330284038827808742365526213869839570111849188818944000000000000
52 90813031911061761010349540038092109206014726242463315291632315637170176000000000000
53 9626181382572546667097051244037763575837560981701111420913025457540038656000000000000
54 1039627589317835040046481534356078466190456586023720033458606749414324174848000000000000
55 114359034824961854405112968779168631280950224462609203680446742435575659233280000000000000
56 12808211900395727693372652503266886703466425139812230812210035152784473834127360000000000000
57 1460136156645112957044482385372425084195172465938594312591944007417430017090519040000000000000
58 169375794170833103017159956703201309766640006048876940260665504860421881982500208640000000000000
59 19986343712158306156024874890977754552463520713767478950758529573529782073935024619520000000000000
60 2398361245458996738722984986917330546295622485652097474091023548823573848872202954342400000000000000
61 292600071945997602124204168403914326648065943249555891839104872956476009562408760429772800000000000000
62 36282408921303702663401316882085376504360176962944930588049004246603025185738686293291827200000000000000
63 4571583524084266535588565927142757439549382297331061254094174535071981173403074472954770227200000000000000
64 585162691082786116555336438674272952262320934058375840524054340489213590195593532538210589081600000000000000
65 76071149840762195152193737027655483794101721427588859268127064263597766725427159229967376580608000000000000000
66 10041391778980609760089573287650523860821427228441729423392772482794905207756385018355693708640256000000000000000
67 1345546498383401707852002820545170197350071248611191742734631512694517297839355592459662956957794304000000000000000
68 182994323780142632267872383594143146839609689811122077011909885726454352506152360574514162146260025344000000000000000
69 25253216681659683252966388935991754263866137193934846627643564230250700645849025759282954376183883497472000000000000000
70 3535450335432355655415294451038845596941259207150878527870098992235098090418863606299613612665743689646080000000000000000
71 502033947631394503068971812047516074765658807415424750957554056897383928839478632094545132998535603929743360000000000000000
72 72292888458920808441931940934842314766254868267821164137887784193223285752884923021614499151789126965883043840000000000000000
73 10554761715002438032522063376486977955873210767101889964131616492210599719921198761155716876161212537018924400640000000000000000
74 1562104733820360828813265379720072737469235193531079714691479240847168758548337416651046097671859455478800811294720000000000000000
75 234315710073054124321989806958010910620385279029661957203721886127075313782250612497656914650778918321820121694208000000000000000000
76 35615987931104226896942450657617658414298562412508617494965726691315447694902093099643851026918395584916658497519616000000000000000000
77 5484862141390050942129137401273119395801978611526327094224721910462578945014922337345153058145432920077165408618020864000000000000000000
78 855638494056847946972145434598606625745108663398107026699056618032162315422327884625843877070687535532037803744411254784000000000000000000
79 135190882060981975621598978666579846867727168816900910218450945649081645836727805770883332577168630614061972991616978255872000000000000000000
80 21630541129757116099455836586652775498836347010704145634952151303853063333876448923341333212346980898249915678658716520939520000000000000000000
81 3504147663020652808111845527037749630811488215734071592862248511224196260087984725581295980400210905516486339942712076392202240000000000000000000
82 574680216735387060530342666434190939453084067380387741229408755840768186654429494995332540785634588504703759750604780528321167360000000000000000000
83 95396915978074252048036882628075695949211955185144365044081853469567518984635296169225201770415341691780824118600393567701313781760000000000000000000
84 16026681884316474344070196281516716919467608471104253327405751382887343189418729756429833897429777404219178451924866119373820715335680000000000000000000
85 2724535920333800638491933367857841876309493440087723065658977735090848342201184058593071762563062158717260336827227240293549521607065600000000000000000000
86 468620178297413709820612539271548802725232871695088367293344170435625914858603658078008343160846691299368777934283085330490517716415283200000000000000000000
87 81539911023749985508786581833249491674190519674945375909041885655798909185397036505573451709987324286090167360565256847505350082656259276800000000000000000000
88 14351024340179997449546438402651910534657531462790386159991371875420608016629878424980927500957769074351869455459485205160941614547501632716800000000000000000000
89 2554482332552039546019266035672040075169040600376688736478464193824868226960118359646605095170482895234632763071788366518647607389455290623590400000000000000000000
90 459806819859367118283467886420967213530427308067803972566123554888476280852821304736388917130686921142233897352921905973356569330101952312246272000000000000000000000
91 83684841214404815527591155328616032862537770068340323007034486989702683115213477462022782917785019647886569318231786887150895618078555320828821504000000000000000000000
92 15398010783450486057076772580465350046706949692574619433294345606105293693199279853012192056872443615211128754554648787235764793726454179032503156736000000000000000000000
93 2864030005721790406616279699966555108687492642818879214592748282735584626935066052660267722578274512429269948347164674425852251633120477300045587152896000000000000000000000
94 538437641075696596443860583593712360433248616849949292343436677154289909863792417900130331844715608336702750289266958792060223307026649732408570384744448000000000000000000000
95 102303151804382353324333510882805348482317237201490365545252968659315082874120559401024763050495965583973522554960722170491442428335063449157628373101445120000000000000000000000
96 19642205146441411838272034089498626908604909542686150184688569982588495911831147404996754505695225392122916330552458656734356946240332182238264647635477463040000000000000000000000
97 3810587798409633896624774613362733620269352451281113135829582576622168206895242596569370374104873726071845768127176979406465247570624443354223341641282627829760000000000000000000000
98 746875208488288243738455824219095789572793080451098174622598185017944968551467548927596593324555250310081770552926687963667188523842390897427774961691395054632960000000000000000000000
99 147881291280681072260214253195380966335413029929317438575274440633553103773190574687664125478261939561396190569479484216806103327720793397690699442414896220817326080000000000000000000000
100 29576258256136214452042850639076193267082605985863487715054888126710620754638114937532825095652387912279238113895896843361220665544158679538139888482979244163465216000000000000000000000000
101 5974404167739515319312655829093391039950686409144424518441087401595545392436899217381630669321782358280406099006971162358966574439920053266704257473561807321019973632000000000000000000000000
102 1218778450218861125139781789135051772149940027465462601761981829925491260057127440345852656541643601089202844197422117121229181185743690866407668524606608693488074620928000000000000000000000000
103 251068360745085391778795048561820665062887645657885295962968256964651199571768252711245647247578581824375785904668956126973211324263200318479979716068961390858543371911168000000000000000000000000
104 52222219034977761489989370100858698333080630296840141560297397448647449510927796563939094627496345019470163468171142874410427955446745666243835780942343969298577021357522944000000000000000000000000
105 10966665997345329912897767721180326649946932362336429727662453464215964397294837278427209871774232454088734328315940003626189870643816589911205513997892233552701174485079818240000000000000000000000000
106 2324933191437209941534326756890229249788749660815323102264440134413784452226505503026568492816137280266811677602979280768752252576489117061175568967553153513172648990836921466880000000000000000000000000
107 497535702967562927488345925974509059454792427414479143884590188764549872776472177647685657462653377977097699007037566084512982051368671051091571759056374851818946884039101193912320000000000000000000000000
108 107467711840993592337482720010493956842235164321527495079071480773142772519717990371900102011933129643053102985520114274254804123095632947035779499956176967992892526952445857885061120000000000000000000000000
109 23427961181336603129571232962287682591607265822092993927237582808545124409298521901074222238601422262185576450843384911787547298834847982453799930990446579022450570875633197018943324160000000000000000000000000
110 5154151459894052688505671251703290170153598480860458663992268217879927370045674818236328892492312897680826819185544680593260405743666556139835984817898247384939125592639303344167531315200000000000000000000000000
111 1144221624096479696848259017878130417774098862751021823406283544369343876150139809648465014133293463285143553859190919091703810075093975463043588629573410919456485881565925342405191951974400000000000000000000000000
112 256305643797611452094010020004701213581398145256228888443007513938733028257631317361256163165857735775872156064458765876541653456821050503721763853024444045958252837470767276698762997242265600000000000000000000000000
113 57925075498260188173246264521062474269395980827907728788119698150153664386224677723643892875483848285347107270567681088098413681241557413841118630783524354386565141268393404533920437376752025600000000000000000000000000
114 13206917213603322903500148310802244133422283628762962163691291178235035480059226520990807575610317409059140457689431288086438319323075090355775047818643552800136852209193696233733859721899461836800000000000000000000000000
115 3037590959128764267805034111484516150687125234615481297648996970994058160413622099827885742390373004083602305268569196259880813444307270781828260998288017144031476008114550133758787736036876222464000000000000000000000000000
116 704721102517873310130767913864407746959413054430791661054567297270621493215960327160069492234566536947395734822308053532292348719079286821384156551602819977415302433882575631032038754760555283611648000000000000000000000000000
117 164904737989182354570599691844271412788502654736805248686768747561325429412534716555456261182888569645690601948420084526556409600264553116203892633075059874715180769528522697661497068613969936365125632000000000000000000000000000
118 38917518165447035678661527275248053418086626517886038690077424424472801341358193107087677639161702436382982059827139948267312665662434535424118661405714130432782661608731356648113308192896904982169649152000000000000000000000000000
119 9262369323376394491521443491509036713504617111256877208238427013024526719243249959486867278120485179859149730238859307687620414427659419430940241414559963043002273462878062882250967349909463385756376498176000000000000000000000000000
120 2222968637610334677965146437962168811241108106701650529977222483125886412618379990276848146748916443166195935257326233845028899462638260663425657939494391130320545631090735091740232163978271212581530359562240000000000000000000000000000
121 537958410301700992067565437986844852320348161821799428254487840916464511853647957646997251513237779246219416332272948590496993669958459080549009221357642653537572042723957892201136183682741633444730347014062080000000000000000000000000000
122 131261852113615042064485966868790143966164951484519060494095033183617340892290101665867329369230018136077537585074599456081266455469864015653958250011264807463167578424645725697077228818588958560514204671431147520000000000000000000000000000
123 32290415619949300347863547849722375415676578065191688881547378163169865859503365009803363024830584461475074245928351466195991548045586547850873729502771142635939224292462848521480998289372883805886494349172062289920000000000000000000000000000
124 8008023073747426486270159866731149103087791360167538842623749784466126733156834522431234030157984946445818412990231163616605903915305463867016684916687243373712927624530786433327287575764475183859850598594671447900160000000000000000000000000000
125 2002005768436856621567539966682787275771947840041884710655937446116531683289208630607808507539496236611454603247557790904151475978826365966754171229171810843428231906132696608331821893941118795964962649648667861975040000000000000000000000000000000
126 504505453646087868635020071604062393494530855690554947085296236421365984188880574913167743899953051626086560018384563307846171946664244223622051149751296332543914440345439545299619117273161936583170587711464301217710080000000000000000000000000000000
127 128144385226106318633295098187431847947610837345400956559665244051026959983975666027944606950588075113025986244669679080192927674452718032800000992036829268466154267847741644506103255787383131892125329278711932509298360320000000000000000000000000000000
128 32804962617883217570123545135982553074588374360422644879274302477062901755897770503153819379350547228934652478635437844529389484659895816396800253961428292727335492569021860993562433481570081764384084295350254722380380241920000000000000000000000000000000
129 8463680355413870133091874645083498693243800584989042378852770039082228653021624789813685399872441185065140339487942963888582487042253120630374465522048499523652557082807640136339107838245081095211093748200365718374138102415360000000000000000000000000000000
130 2200556892407606234603887407721709660243388152097151018501720210161379449785622445351558203966834708116936488266865170611031446630985811363897361035732609876149664841529986435448168037943721084754884374532095086777275906627993600000000000000000000000000000000
131 576545905810792833466218500823087930983767695849453566847450695062281415843833080682108249439310693526637359925918674700090239017318282577341108591361943787551212188480856446087420025941254924205779706127408912735646287536534323200000000000000000000000000000000
132 152208119134049308035081684217295213779714671704255741647726983496442293782771933300076577851978023091032263020442530120823823100572026600418052668119553159913520017758946101767078886848491299990325842417635952962210619909645061324800000000000000000000000000000000
133 40487359689657115937331728001800526865404102673332027278295377610053650146217334257820369708626154142214581963437713012139136944752159075711202009719801140536996324723879663070042983901698685797426674083091163487948024895965586312396800000000000000000000000000000000
134 10850612396828107071204903104482541199928299516452983310583161199494378239186245581095859081911809310113507966201307087253288701193578632290602138604906705663915015025999749702771519685655247793710348654268431814770070672118777131722342400000000000000000000000000000000
135 2929665347143588909225323838210286123980640869442305493857453523863482124580286306895881952116188513730647150874352913558387949322266230718462577423324810529257054057019932419748310315126916904301794136652476589987919081472069825565032448000000000000000000000000000000000
136 796868974423056183309288083993197825722734316488307094329227358490867137885837875475679890975603275734736025037823992487881522215656414755421821059144348463957918703509421618171540405714521397970088005169473632476713990160402992553688825856000000000000000000000000000000000
137 218342098991917394226744935014136204248029202717796143846208296226497595780719577880336290127315297551317670860363773941679537087089857642985578970205551479124469724761581523379002071165778863043804113416435775298619633303950419959710738284544000000000000000000000000000000000
138 60262419321769200806581602063901592372456059950111735701553489758513336435478603494972816075139022124163677157460401607903552236036800709464019795776732208238353644034196500452604571641754966200089935302936273982419018791890315908880163766534144000000000000000000000000000000000
139 16752952571451837824229685373764642679542784666131062525031870152866707529063051771602442868888648150517502249773991646997187521618230597230997503225931553890262313041506627125824070916407880603625002014216284167112487224145507822668685527096492032000000000000000000000000000000000
140 4690826720006514590784311904654099950271979706516697507008923642802678108137654496048684003288821482144900629936717661159212506053104567224679300903260835089273447651621855595230739856594206569015000563980559566791496422760742190347231947587017768960000000000000000000000000000000000
141 1322813135041837114601175957112456185976698277237708696976516467270355226494818567885728888927447657964861977642154380446897926706975487957359562854719555495175112237757363277855068639559566252462230159042517797835201991218529297677919409219539010846720000000000000000000000000000000000
142 375678930351881740546733971819937556817382310735509269941330676704780884324528473279547004455395134862020801650371844046919011184781038579890115850740353760629731875523091170910839493634916815699273365168075054585197365506062320540529112218349079080468480000000000000000000000000000000000
143 107444174080638177796365915940502141249771340870355651203220573537567332916815143357950443274243008570537949272006347397418837198847377033848573133311741175540103316399604074880500095179586209289992182438069465611366446534733823674591326094447836617013985280000000000000000000000000000000000
144 30943922135223795205353383790864616679934146170662427546527525178819391880042761287089727662981986468314929390337828050456625113268044585748389062393781458555549755123085973565584027411720828275517748542164006096073536602003341218282301915200976945700027760640000000000000000000000000000000000
145 8973737419214900609552481299350738837180902389492103988492982301857623645212400773256021022264776075811329523197970134632421282847732929867032828094196622981109428985694932334019367949399040199900147077227561767861325614580968953301867555408283314253008050585600000000000000000000000000000000000
146 2620331326410750977989324539410415740456823497731694364639950832142426104402021025790758138501314614136908220773807279312667014591538015521173585803505413910483953263822920241533655441224519738370842946550448036215507079457642934364145326179218727761878350770995200000000000000000000000000000000000
147 770377409964760787528861414586662227694306108333118143204145544649873274694194181582482892719386496556251016907499340117924102289912176563225034226230591689682282259563938551010894699720008803081027826285831722647359081360547022703058725896690305961992235126672588800000000000000000000000000000000000
148 228031713349569193108542978717652019397514608066602970388427081216362489309481477748414936244938402980650301004619804674905534277814004262714610130964255140145955548830925811099224831117122605711984236580606189903618288082721918720105382865420330564749701597495086284800000000000000000000000000000000000
149 67953450578171619546345807657860301780459353203847685175751270202476021814225480369027651000991644088233789699376701793121849214788573270288953819027348031763494753551615891707568999672902536502171302501020644591278249848651131778591404093895258508295411076053535712870400000000000000000000000000000000000
150 20386035173451485863903742297358090534137805961154305552725381060742806544267644110708295300297493226470136909813010537936554764436571981086686145708204409529048426065484767512270699901870760950651390750306193377383474954595339533577421228168577552488623322816060713861120000000000000000000000000000000000000
151 6156582622382348730898930173802143341309617400268600276923065080344327576368828521433905180689842954393981346763529182456839538859844738288179216003877731677772624671776399788705751370364969807096720006592470399969809436287792539140381210906910420851564243490450335586058240000000000000000000000000000000000000
152 1871601117204234014193274772835851575758123689681654484184611784424675583216123870515907174929712258135770329416112871466879219813392800439606481665178830430042877900220025535766548416590950821357402882004111001590822068631488931898675888115700767938875530021096902018161704960000000000000000000000000000000000000
153 572709941864495608343142080487770582181985849042586272160491206033950728464133904377867595528491950989545720801330538668865041262898196934519583389544722111593120637467327813944563815476830951335365281893257966486791553001235613160994821763404434989295912186455652017557481717760000000000000000000000000000000000000
154 176394662094264647369687760790233339312051641505116571825431291458456824366953242548383219422775520904780082006809805910010432708972644655832031683979774410370681156339936966694925655166863933011292506823123453677931798324380568853586405103128565976703140953428340821407704369070080000000000000000000000000000000000000
155 54682345249222040684603205844972335186736008866586137265883700352121615553755505189998798021060411480481825422111039832103234139781519843307929822033730067214911158465380459675426953101727819233500677115168270640158857480557976344611785581969855452777973695562785654636388354411724800000000000000000000000000000000000000
156 17060891717757276693596200223631368578261634766374874826955714509861944052771717619279624982570848381910329531698644427616209051611834191112074104474523780971052281441198703418733209367739079600852211259932500439729563533934088619518877101574594901266727793015589124246553166576458137600000000000000000000000000000000000000
157 5357119999375784881789206870220249733574153316641710695664094356096650432570319332453802244527246391919843472953374350271489642206115936009191268805000467224910416372536392873482227741470070994667594335618805138075082949655303826528927409894422798997752527006894985013417694305007855206400000000000000000000000000000000000000
158 1692849919802748022645389370989598915809432448058780579829853816526541536692220909055401509270609859846670537453266294685790726937132635778904440942380147643071691573721500148020383966304542434314959810055542423631726212091076009183141061526637604483289798534178815264239991400382482245222400000000000000000000000000000000000000
159 538326274497273871201233819974692455227399518482692224385893513655440208668126249079617679948053935431241230910138681710081451166008178177691612219676886950496797920443437047070482101284844494112157219597662490714888935444962170920238857565470758225686155933868863254028317265321629353980723200000000000000000000000000000000000000
160 172264407839127638784394822391901585672767845914461511803485924369740866773800399705477657583377259337997193891244378147226064373122617016861315910296603824158975334541899855062554272411150238115890310271251997028764459342387894694476434420950642632219569898838036241289061524902921393273831424000000000000000000000000000000000000000
161 55469139324199099688575132810192310586631246384456606800722467647056559101163728705163805741847477506835096432980689763406792728145482679429343723115506431379190057722491753330142475716390376673316679907343143043262155908248902091621411883546106927574701507425847669695077811018740688634173718528000000000000000000000000000000000000000
162 17972001141040508299098343030502308630068523828563940603434079517646325148777048100473073060358582712214571244285743483343800843919136388135107366289424083766857578702087328078966162132110482042154604289979178346016938514272644277685337450268938644534203288405974644981205210770071983117472284803072000000000000000000000000000000000000000
163 5858872371979205705506059827943752613402338768111844636719509922752701998501317680754221817676897964181950225637152375570079075117638462532045001410352251307995570656880468953742968855068017145742400998533212140801521955652882034525420008787673998118150272020347734263872898711043466496295964845801472000000000000000000000000000000000000000
164 1921710138009179471405987623565550857195967115940685040843999254662886255508432199287384756198022532251679674008985979186985936638585415710510760462595538429022547175456793816827693784462309623803507527518893582182899201454145307324337762882357071382753289222674056838550310777222257010785076469422882816000000000000000000000000000000000000000
165 634164345543029225563975915776631782874669148260426063478519754038752464317782625764836969545347435643054292422965373131705359090733187184468550952656527681577440567900741959553138948872562175855157484081234882120356736479867951417031461751177833556308585443482438756721602556483344813559075234909551329280000000000000000000000000000000000000000
166 210542562720285702887240004037841751914390157222461453074868558340865818153503831753925873889055348633494025084424503879726179218123418145243558916281967190283710268543046330571642131025690642383912284714969980863958436511316159870454445301391040740694450367236169667231572048752470478101612977989971041320960000000000000000000000000000000000000000
167 70321215948575424764338161348639145139406312512302125327006098485849183263270279805811241878944486443587004378197784295828543858853221660511348678038177041554759229693377474410928471762580674556226703094799973608562117794779597396731784730664607607391946422656880668855345064283325139685938734648650327801200640000000000000000000000000000000000000000
168 23627928558721342720817622213142752766840521004133514109874049091245325576458814014752577271325347445045233471074455523398390736574682477931813155820827485962399101176974831402071966512227106650892172239852791132476871579045944725301879669503308156083693998012711904735395941599197246934475414841946510141203415040000000000000000000000000000000000000000
169 7986239852847813839636356308042250435192096099397127769137428592840920044843079136986371117707967436425288913223165966908656068962242677540952846667439690255290896197817493013900324681132762048001554217070243402777182593717529317152035328292118156756288571328296623800563828260528669463852690216577920427726754283520000000000000000000000000000000000000000
170 2715321549968256705476361144734365147965312673795023441506725721565912815246646906575366180020708928384598230495876428748943063447162510363923967866929494686798904707257947624726110391585139096320528433803882756944242081863959967831692011619320173297138114251620852092191701608579747617709914673636492945427096456396800000000000000000000000000000000000000000
171 928639970089143793272915511499152880604136934437898016995300196775542182814353242048775233567082453507532594829589738632138527698929578544461997010489887182885225409882218087656329753922117570941620724360927902874930791997474308998438667973807499267621235074054331415529561950134273685256790818383680587336066988087705600000000000000000000000000000000000000000
172 319452149710665464885882935955708590927823105446636917846383267690786510888137515264778680347076364006591212621378870089455653528431775019294926971608521190912517540999483022153777435349208444403917529180159198588976192447131162295462901782989779748061704865474690006942169310846190147728336041523986122043607043902170726400000000000000000000000000000000000000000
173 110530443799890250850515495840675172461026794484536373574848610621012132767295580281613423400088421946280559566997089050951656120837394156676044732176548332055731069185821125665206992630826121763755465096335082711785762586707382154230164016914463792829349883454242742401990581552781791114004270367299198227088037190151071334400000000000000000000000000000000000000000
174 38464594442361807295979392552554960016437324480618658004047316496112222203018861938001471343230770837305634729314986989731176330051413166523263566797438819555394412076665751731492033435527490373786901853524608783701445380174168989672097077886233399904613759442076474355892722380368063307673486087820120983026636942172572824371200000000000000000000000000000000000000000
175 13462608054826632553592787393394236005753063568216530301416560773639277771056601678300514970130769793056972155260245446405911715517994608283142248379103586844388044226833013106022211702434621630825415648733613074295505883060959146385233977260181689966614815804726766024562452833128822157685720130737042344059322929760400488529920000000000000000000000000000000000000000000
176 4738838035298974658864661162474771074025078376012218666098629392321025775411923790761781269486030967156054198651606397134880923862334102115666071429444462569224591567845220613319818519256986814050546308354231802152018070837457619527602359995583954868248415163263821640645983397261345399505373486019438905108881671275660971962531840000000000000000000000000000000000000000000
177 1677548664495837029238090051516068960204877745108325407798914804881643124495821021929670569398054962373243186322668664585747847047266272148945789286023339749505505415017208097115215755816973332173893393157398057961814397076459997312771235438436720023359938967795392860788678122630516271424902214050881372408544111631583984074736271360000000000000000000000000000000000000000000
178 597207324560517982408760058339720549832936477258563845176413670537864952320512283806962722705707566604874574330870044592526233548826792885024700985824308950823959927746126082573016809070842506253906047964033708634405925359219759043346559816083472328316138272535159858440769411656463792627265188202113768577441703740843898330606112604160000000000000000000000000000000000000000000
179 213800222192665437702336100885619956840191258858565856573156094052555652930743397602892654728643308844545097610451475964124391610479991852838842952925102604394977654133113137561140017647361617238898365171124067691117321278600673737518068414157883093537177501567587229321795449373014037760560937376356729150724129939222115602356988312289280000000000000000000000000000000000000000000
180 76968079989359557572840996318823184462468853189083708366336193858920035055067623137041355702311591184036235139762531347084780979772797067021983463053036937582191955487920729522010406353050182206003411461604664368802235660296242545506504629096837913673383900564331402555846361774285053593801937455488422494260686778119961616848515792424140800000000000000000000000000000000000000000000
181 27862444956148159841368440667413992775413724854448302428613702176929052689934479575608970764236796008621117120594036347644690714677752538261958013625199371404753487886627304086967767099804165958573234949100888501506409309027239801473354675733055324749764972004287967725216382962291189400956301358886808942922368613679426105299162716857538969600000000000000000000000000000000000000000000
182 10141929964037930182258112402938693370250595847019182084015387592402175179136150565521665358182193747138086631896229230542667420142701923927352716959572571191330269590732338687656267224328716408920657521472723414548332988485915287736301101966832138208914449809560820251978763398273992941948093694634798455223742175379311102328895228936144184934400000000000000000000000000000000000000000000
183 3711946366837882446706469139475561773511718080009020642749631858819196115563831106980929521094682911452539707274019898378616275772228904157411094407203561056026878670208035959682193804104310205664960652859016769724689873785844995311486203319860562584462688630299260212224227403768281416753002292236336234611889636188827863452375653790628771685990400000000000000000000000000000000000000000000
184 1365996262996340740387980643327006732652312253443319596531864524045464170527489847368982063762843311414534612276839322603330789484180236729927282741850910468617891350636557233163047319910386155684705520252118171258685873553190958274626922821708687031082269415950127758098515684586727561365104843542971734337175386117488653750474240594951387980444467200000000000000000000000000000000000000000000
185 505418617308646073943552838030992491081355533774028250716789873896821743095171243526523363592252025223377806542430549363232392109146687590073094614484836873388619799735526176270327508366842877603341042493283723365713773214680654561611961444032214201500439683901547270496450803297089197705088792110899541704754892863470801887675469020132013552764452864000000000000000000000000000000000000000000000
186 188015725638816339507001655747529206682264258563938509266645833089617688431403702591866691256317753383096544033784164363122449864602567783507191196588359316900566565501615737572561833112465550468442867807501545092045523635861203496919649657179983682958163562411375584624679698826517181546293030665254629514168820145211138302215274475489109041628376465408000000000000000000000000000000000000000000000
187 70317881388917310975618619249575923299166832702913002465725541575517015473344984769358142529862839765278107468635277471807796249361360351031689507524046384520811895497604285852138125584062115875197632560005577864425025839812090107847948971785313897426353172341854468649630207361117425898313593468805231438299138734308965725028512653832926781569012798062592000000000000000000000000000000000000000000000
188 26439523402232908926832600837840547160486729096295288927112803632394397817977714273278661591228427751744568408206864329399731389759871491987915254829041440579825272707099211480403935219607355569074309842562097277023809715769345880550828813391278025432308792800537280212260957967780152137765911144270767020800476164100171112610720757841180469869948812071534592000000000000000000000000000000000000000000000
189 9994139846044039574342723116703726826663983598399619214448639773045082375195575995299334081484345690159446858302194716513098465329231423971431966325377664539173953083283501939592687513011580405110089120488472770715000072560812742848213291461903093613412723678603091920234642111820897508075514412534349933862579990029864680566852446463966217610840650963040075776000000000000000000000000000000000000000000000
190 3797773141496735038250234784347416194132313767391855301490483113757131302574318878213746950964051362260589806154833992274977416825107941109144147203643512524886102171647730737045221254944400553941833865785619652871700027573108842282321050755523175573096834997869174929689164002491941053068695476763052974867780396211348578615403929656307162692119447365955228794880000000000000000000000000000000000000000000000
191 1450749340051752784611589687620712986158543859143688725169364549455224157583389811477651335268267620383545305951146585049041373227191233503693064231791821784506491029569433141551274519388761011605780536730106707396989410532927577751846641388609853068922990969186024823141260648951921482272241672123486236399492111352735157031084301128709336148389628893794897399644160000000000000000000000000000000000000000000000
192 557087746579873069290850440046353786684880841911176470465035986990806076512021687607418112743014766227281397485240288658831887319241433665418136665008059565250492555354662326355689415445284228456619726104360975640443933644644189856709110293226183578466428532167433532086244089197537849192540802095418714777404970759450300299936371633424385080981617495217240601463357440000000000000000000000000000000000000000000000
193 215035870179831004746268269857892561660364004977714117599503890978451145533640371416463391518803699763730619429302751422309108505227193394851400752693110992186690126366899657973296114361879712184255214276283336597211358386832657284689716573185306861288041413416629343385290218430249609788320749608831623904078318713147815915775439450501812641258904353153854872164855971840000000000000000000000000000000000000000000000
194 83433917629774429841552088704862313924221233931353077628607509699639044467052464109587795909295835508327480338569467551855934100028151037202343492044927064968435769030357067293638892372409328327491023139197934599718007054091071026459610030395899062179760068405652185233492604750936848597868450848226670074782387660701352575320870506794703304808454889023695690399964117073920000000000000000000000000000000000000000000000
195 32539227875612027638205314594896302430446281233227700275156928782859227342150461002739240404625375848247717332042092345223814299010978904508913961897521555337689949921839256244519168025239638047721499024287194493890022751095517700319247911854400634250106426678204352241062115852865370953168695830808401329165131187673527504375139497649934288875297406719241319255986005658828800000000000000000000000000000000000000000000000
196 12755377327239914834176483321199350552734942243425258507861516082880817118122980713073782238613147332513105194160500199327735205212303730567494273063828449692374460369360988447851513865893938114706827617520580241604888918429442938525145181446925048626041719257856106078496349414323225413642128765676893321032731425568022781715054683078774241239116583433942597148346514218260889600000000000000000000000000000000000000000000000
197 5025618666932526444665534428552544117777567243909551852097437336655041944540454400951070202013580049010163446499237078535127670853647669843592743587148409178795537385528229448453496463162211617194490081303108615192326233861200517778907201490088469158660437387595305794927561669243350812974998733676695968486896181673800975995731545133037051048211933872973383276448526601994790502400000000000000000000000000000000000000000000000
198 1990144992105280472087551633706807470639916628588182533430585185315396610038019942776623799997377699408024724813697883099910557658044477258062726460510770034803032804669178861587584599412235800409018072196031011616161188609035405040447251790075033786829533205487741094791314421020366921938099498535971603520810887942825186494309691872682672215091925813697459777473616534389937038950400000000000000000000000000000000000000000000000
199 792077706857901627890845550215309373314686818178096648305372903755527850795131937225096272398956324364393840475851757473764401947901701948708965131283286473851607056258333186911858670566069848562789192734020342623232153066396091206098006212449863447158154215784120955726943139566106034931363600417316698201282733401244424224735257365327703541606586473851588991434499380687194941502259200000000000000000000000000000000000000000000000
200 316831082743160651156338220086123749325874727271238659322149161502211140318052774890038508959582529745757536190340702989505760779160680779483586052513314589540642822503333274764743468226427939425115677093608137049292861226558436482439202484979945378863261686313648382290777255826442413972545440166926679280513093360497769689894102946131081416642634589540635596573799752274877976600903680000000000000000000000000000000000000000000000000
201 127366095262750581764847964474621747229001640363037941047503962923888878407857215505795480601752176957794529548516962601781315833222593673352401593110352464995338414646339976455426874227024031648896502191630471093815730213076491465940559398961938042303031197898086649680892456842229850416963266947104525070766263530920103415337429384344694729490339104995335509822667500414500946593563279360000000000000000000000000000000000000000000000000
202 51455902486151235032998577647747185880516662706667328183191601021251106876774315064341374163107879490948989937600852891119651596621927844034370243616582395858116719517121350487992457187717708786154186885418710321901555006082902552239985997180622969090424603950827006471080552564260859568453159846630228128589570466491721779796321471275256670714096998418115545968357670167458382423799564861440000000000000000000000000000000000000000000000000
203 20891096409377401423397422524985357467489765058906935242375790014627949391970371916122597910221799073325289914665946273794578548228502704677954318908332452718395388123951268298124937618213389767178599875479996390692031332469658436209434314855332925450712389204035764627258704341089908984791982897731872620207365609395639042597306517337754208309923381357754911663153214087988103264062623333744640000000000000000000000000000000000000000000000000
204 8523567335025979780746148390194025846735824144034029578889322325968203351923911741778019947370494021916718285183706079708188047677229103508605362114599640709105318354572117465634974548231063025008868749195838527402348783647620641973449200460975833583890654795246591967921551371164682865795129022274604029044605168633420729379701059073803716990448739593964003958566511347899146131737550320167813120000000000000000000000000000000000000000000000000
205 3494662607360651710105920839979550597161687899053952127344622153646963374288803814128988178421902548985854496925319492680357099547663932438528198466985852690733180525374568160910339564774735840253636187170293796234963001295524463209114172189000091769395168466051102706847836062177519974976002899132587651908288119139702499045677434220259523966083983233525241623012269652638649914012395631268803379200000000000000000000000000000000000000000000000000
206 1439800994232588504563639386071574846030615414410228276465984327302548910206987171421143129509823850182172052733231630984307125013637540164673617768398171308582070376454322082295059900687191166184498109114161044048804756533756078842155038941868037808990809408013054315221308457617138229690113194442626112586214705085557429606819102898746923874026601092212399548681055096887123764573107000082746992230400000000000000000000000000000000000000000000000000
207 596077611612291640889346705833631986256674781565834506456917511503255248825692688968353255617067073975419229831557895227503149755645941628174877756116842921752977135852089342070154798884497142800382217173262672236205169204975016640652186121933367652922195094917404486501621701453495227091706862499247210610692887905420775857223108600081226483847012852175933413153956810111269238533266298034257254783385600000000000000000000000000000000000000000000000000
208 247968286430713322609968229626790906282776709131387154686077684785354183511488158610834954336699902773774399609928084414641310298348711717320749146544606655449238488514469166301184396335950811404959002344077271650261350389269606922511309426724280943615633159485640266384674627804654014470150054799686839614048241368655042756604813177633790217280357346505188299872046033006288003229838779982251017989888409600000000000000000000000000000000000000000000000000
209 103650743728038168850966719983998598826200664416919830658780472240278048707802050299329010912740559359437699036949939285320067704709761497840073143255645581977781688199048111513895077668427439167272862979824299549809244462714695693609727340370749434431334660664997631348793994422345378048522722906269098958672164892097807872260811908250924310823189370839168709346515241796628385350072610032580925519773355212800000000000000000000000000000000000000000000000000
210 43533312365776030917406022393279411507004279055106328876687798340916780457276861125718184583351034930963833595518974499834428435978099829092830720167371144430668309043600206835835932620739524450254602451526205810919882674340172191316085482955714762461160557479299005166493477657385058780379543620633021562642309254681079306349541001465388210545739535752450857925536401554583921847030496213683988718304809189376000000000000000000000000000000000000000000000000000
211 18371057818357485047145341449963911655955805761254870785962250899866881352970835395053073894174136740866737777309007238930128799982758127877174563910630622949742026416399287284722763565952079318007442234544058852208190488571552664735388073807311629758609755256264180180260247571416494805320167407907135099435054505475415467279506302618393824850302084087534262044576361456034415019446869402174643239124629477916672000000000000000000000000000000000000000000000000000
212 7789328514983573659989624774784698542125261642772065213247994381543557693659634207502503331129833978127496817579019069306374611192689446219922015098107384130690619200553297808722451751963681630835155507446680953336272767154338329847804543294300131017650536228656012396430344970280593797455750980952625282160463110321576158126510672310198981736528083653114527106900377257358591968245472626522048733388842898636668928000000000000000000000000000000000000000000000000000
213 3318253947383002379155580154058281578945361459820899780843645606537555577499004172396066419061309274682313644288662123524515584368085704089686778431793745639674203779435704866515764446336528374735776246172286086121252198807748128515164735443371855813519128433407461280879326957339532957716149917885818370200357284996991443361893546404144766219760963636226788547539560711634760178472571338898392760423647074819220963328000000000000000000000000000000000000000000000000000
214 1420212689479925018278588305936944515788614704803345106201080319598073787169573785785516427358240369564030239755547388868492670109540681350385941168807723133780559217598481682868747183032034144386912233361738444859895941089716199004490506769763154288186186969498393428216351937741320105902512164855130262445752917978712337758890437860973959942057692436305065498346931984579677356386260533048512101461320948022626572304384000000000000000000000000000000000000000000000000000
215 610691456476367757859792971552886141789104323065438395666464537427171728482916727887772063764043358912533003094885377213451848147102492980665954702587320947525640463567347123633561288703774682086372260345547531289755254668577965571930917910998156343920060396884309174133031333228767645538080230887706012851673754730846305236322888280218802775084807747611178164289180753369261263246092029210860203628368007649729426090885120000000000000000000000000000000000000000000000000000
216 263818709197790871395430563710846813252893067564269386927912680168538186704620026447517531546066731050214257336990482956211198399548276967647692431517722649331076680261093957409698476720030662661312816469276533517174270016825681127074156537551203540573466091454021563225469535954827622872450659743488997551923062043725603862091487737054522798836636946968028966972926085455520865722311756619091607967454979304683112071262371840000000000000000000000000000000000000000000000000000
217 114497319791841238185616864650507516951755591322892913926714103193145573029805091478222608690992961275792987684253869602995660105403952203959098515278691629809687279233314777515809138896493307595009762347666015546453633187302345609150183937297222336608884283691045358439853778604395188326643586328674224937534608926976912076147705677881662894695100434984124571666249921087696055723483302372685757857875461018232470638927869378560000000000000000000000000000000000000000000000000000
218 49920831429242779848928952987621277390965437816781310472047348992211469840995019884505057389272931116245742630334687146906107805956123160926166952661509550597023653745725242996892784558871082111424256383582382778253784069663822685589480196661588938761473547689295776279776247471516302110416603639301962072765089492161933665200399675556405022087063789653078313246484965594235480295438719834490990426033701003949357198572551049052160000000000000000000000000000000000000000000000000000
219 21865324166008337573830881408578119497242861763750213986756738858588623790355818709413215136501543828915635272086592970344875219008781944485661125265741183161496360340627656432639039636785533964803824296009083656875157422512754336288192326137775955177525413887911550010541996392524140324362472394014259387871109197566926945357775057893705399674133939868048301201960414930275140369402159287507053806602761039729818452974777359484846080000000000000000000000000000000000000000000000000000
220 9620742633043668532485587819774372578786859176050094154172965097778994467756560232141814660060679284722879519718100906951745096363864055573690895116926120591058398549876168830361177440185634944513682690243996809025069265905611907966804623500621420278111182110681082004638478412710621742719487853366274130663288046929447855957421025473230375856618933541941252528862582569321061762536950086503103674905214857481120119308902038173332275200000000000000000000000000000000000000000000000000000
221 4252368243805301491358629816340272679823791755814141616144450573218315554748399622606682079746820243847512747715400600872671332592827912563571375641681345301247812159045266623019640428562050645475047749087846589589080615530280463321327643587274667762925142492921038246050207458418094810282013631187893165753173316742815952333180093259167826128625568625538033617757261495639909299041331938234371824308104967006655092734534700872612865638400000000000000000000000000000000000000000000000000000
222 1888051500249553862163231638455081069841763539581478877568136054508932106308289432437366843407588188268295659985637866787466071671215593178225690784906517313754028598616098380620720350281550486590921200595003885777551793295444525714669473752749952486738763266856940981246292111537634095765214052247424565594408952633810282835931961407070514801109752469738886926284224104064119728774351380576061089992798605350954861174133407187440112343449600000000000000000000000000000000000000000000000000000
223 842070969111301022524801310750966157149426538653339579395388680310983719413497086867065612159784331967659864353594488587209867965362154557488658090068306721934296754982779877756841276225571517019550855465371733056788099809768258468742585293726478809085488417018195677635846281745784806711285467302351356255106392874679386144825654787553449601294949601503543569122763950412597399033360715736923246136788177986525868083663499605598290105178521600000000000000000000000000000000000000000000000000000
224 377247794161862858091110987216432838402943089316696131569134128779320706297246694916445394247583380721511619230410330887070020848482245241754918824350601411426564946232285385235064891749056039624758783248486536409441068714776179793996678211589462506470298810824151663580859134222111593406655889351453407602287664007856364992881893344823945421380137421473587518966998249784843634766945600650141614269281103737963588901481247823308033967119977676800000000000000000000000000000000000000000000000000000
225 169761507372838286140999944247394777281324390192513259206110357950694317833761012712400427411412521324680228653684648899181509381817010358789713470957770635141954225804528423355779201287075217831141452461818941384248480921649280907298505195215258127911634464870868248611386610399950217032995150208154033421029448803535364246796852005170775439621061839663114383535149212403179635645125520292563726421176496682083615005666561520488615285203989954560000000000000000000000000000000000000000000000000000000
226 76732201332522905335731974799822439331158624367015993161161881793713831660859977746004993189958459638755463351465461302430042240581288682172950488872912327084163310063646847356812198981757998459675936512742161505680313376585474970098924348237296673816058778121632448372346747900777498098913807894085623106305310859197984639552177106337190498708719951527727701357887444006237195311596735172238804342371776500301793982561285807260854108912203459461120000000000000000000000000000000000000000000000000000000
227 34836419404965399022422316559119387456346015462625260895167494334346079574030429896686266908241140675994980361565319431303239177223905061706519521948302196496210142768895668699992738337718131300692875176784941323578862272969805636424911654099732689912490685267221131561045423546952984136906868783914872890262611130075885026356688406277084486413758857993588376416480899578831686671464917768196417171436786531137014468082823756496427765446140370595348480000000000000000000000000000000000000000000000000000000
228 15885407248664221954224576350958440680093783050957118968196377416461812285757876032888937710157960148253711044873785660674277064814100708138172902008425801602271825102616424927196688681999467873115951080613933243551961196474231370209759714269478106600095752481852835991836713137410560766429532165465182037959750675314603572018649913262350525804674039245076299645915290207947249122188002502297566230175174658198478597445767632962371061043440008991478906880000000000000000000000000000000000000000000000000000000
229 7275516519888213655034855968738965831482952637338360487433940856739510026877107223063133471252345747900199658552193832588818895684858124327283189119859017133840495896998322616656083416355756285887105594921181425546798227985197967556069949135420972822843854636688598884261214616934036831024725731783053373385565809294088435984541660274156540818540709974244945237829202915239840097962105146052285333420229993454903197630161575896765945957895524118097339351040000000000000000000000000000000000000000000000000000000
230 3346737599148578281316033745619924282482158213175645824219612794100174612363469322609041396776079044034091842934009162990856692015034737190550266995135147881566628112619228403661798371523647891508068573663743455751527184873191065075792176602293647498508173132876755486760158723789656942271373836620204551757360272275280680552889163726112008776528726588152674809401433341010326445062568367184051253373305796989255470909874324912512335140631941094324776101478400000000000000000000000000000000000000000000000000000000
231 1546192770806643165968007590476405018506757094487148370789461110874280670911922827045377125310548518343750431435512233301775791710946048582034223351752438321283782188030083522491750847643925325876727681032649476557205559411414272065015985590259665144310775987389061034883193330390821507329374712518534502911900445791179674415434793641463748054756271683726535761943462203546770817618906585639031679058467278209036027560361938109580698834971956785578046558883020800000000000000000000000000000000000000000000000000000000
232 717433445654282429009155521981051928587135291842036844046309955445666231303132191749054986144094512511500200186077676252023967353878966542063879635213131381075674935245958754436172393306781351206801643999149357122543379566896222238167417313880484626960200058148524320185801705301341179400829866608600009351121806847107368928761744249639179097406910061249112593541766462445701659375172655736510699083128817088992716788007939282845444259426987948508213603321721651200000000000000000000000000000000000000000000000000000000
233 334323985674895611918266473243170198721605045998389169325580439237680463787259601355059623543148042830359093286712197133443168786907598408601767910009319223581264519824616779567256335280960109662369566103603600419105214878173639562986016468268305836163453227097212333206583594670424989600786717839607604357622761990752033920802972820331857459391620088542086468590463171499696973268830457573213985772738028763470606023211699705805977024892976384004827539147922289459200000000000000000000000000000000000000000000000000000000
234 156463625295851146377748709477803653001711161527246131244371645563234457052437493434167903818193284044608055658181308258451402992272756055225627381884361396636031795277920652837475964911489331321988956936486484996141240562985263315477455707149567131324496110281495371940681122305758895133168183948936358839367452611671951874935791279915309290995278201437696467300336764261858183489812654144264145341641397461304243618863075462317197247649912947714259288321227631466905600000000000000000000000000000000000000000000000000000000
235 73537903889050038797541893454567716910804245917805681684854673414720194814645621914058914794550843500965786159345214881472159406368195345956044869485649856418934943780622706833613703508399985721334809760148647948186383064603073758274404182360296551722513171832302824812120127483706680712589046456000088654502702727485817381219821901560195366767780754675717339631158279203073346240211947447804148310571456806812994500865645467289082706395459085425701865510976986789445632000000000000000000000000000000000000000000000000000000000
236 34709890635631618312439773710555962381899604073204281755251405851747931952512733543435807783027998132455851067210941424054859239805788203291253178397226732229737293464453917625465668055964793260470030206790161831543972806492650813905518774074059972413026217104846933311320700172309553296342029927232041844925275687373305803935755937536412213114392516206938584305906707783850619425380039195363558002589727612815733404408584660560447037418656688320931280521181137764618338304000000000000000000000000000000000000000000000000000000000
237 16452488161289387080096452738803526169020412330698829551989166373728519745491035699588572889155271114784073405857986235002003279667943608360054006560285471076895477102151156954470726658527312005462794318018536708151843110277516485791215898911104426923774426907697446389566011881674728262466122185507987834494580675814946951065548314392259389016222052682088888960999779489545193607630138578602326493227530888474657633689669129105651895736443270264121426967039859300429092356096000000000000000000000000000000000000000000000000000000000
238 7831384364773748250125911503670478456453716269412642866746843193894775398853732993004160695237909050637218941188401447860953561121941157579385707122695884232602247100623950710328065889459000514600290095376823473080277320492097847236618767881685707215716627208063984481433421655677170652933874160301802209219420401687914748707200997650715469171721697076674311145435895037023512157231945963414707410776304702913937033636282505454290302370546996645721799236310973027004247961501696000000000000000000000000000000000000000000000000000000000
239 3743401726361851663560185698754488702184876376779243290304991046681702640652084370655988812323720526204590653888055892077535802216287873322946368004648632663183874114098248439536815495161402245978938665590121620132372559195222770979103771047445768049112547805454584582125175551413687572102391848624261456006882952006823249882042076877041994264082971202650320727518357827697238811156870170512230142351073647992861902078143037607150764533121464396655020034956645106908030525597810688000000000000000000000000000000000000000000000000000000000
240 1796832828653688798508889135402154577048740660854036779346395702407217267513000497914874629915385852578203513866266828197217185063818179195014256642231343678328259574767159250977671437677473078069890559483258377663538828413706930069969810102773968663574022946618200599420084264678570034609148087339645498883303816963275159943380196900980157246759826177272153949208811757294674629355297681845870468328515351036573712997508658051432366975898302910394409616779189651315854652286949130240000000000000000000000000000000000000000000000000000000000
241 866073423411078000881284563263838506137492998531645727644962728560278722941266239994969571619215980942694093683540611191058683200760362371996871701555507652954221115037770758971237632960542023629687249670930538033825715295406740293725448469537052895842679060269972688920480615575070756681609378097709130461752439776298627092709254906272435792938236217445178203518647267016033171349253482649709565734344399199628529664799173180790400882382982002810105435287569411934241942402309480775680000000000000000000000000000000000000000000000000000000000
242 419179536930961752426541728619697836970546611289316532180161960623174901903572860157565272663700534776263941342833655816472402669168015388046485903552865704029843019678281047342079014352902339436768628840730380408371646202976862302163117059255933601587856665170666781437512617938334246233898938999291219143488180851728535512871279374635858923782106329243466250503025277235760054933038685602459429815422689212620208357762799819502554027073363289360091030679183595376173100122717788695429120000000000000000000000000000000000000000000000000000000000
243 203721254948447411679299280109173148767685653086607834639558712862863002325136410036576722514558459901264275492617156726805587697215655478590592149126692732158503707563644589008250400975510536966269553616594964878468620054646755078851274890798383730371698339272944055778631132318030443669674884353655532503735255893940068259255441776073027436958103676012324597744470284736579386697456801202795282890295426957333421261872720712278241257157654558629004240910083227352820126659640845305978552320000000000000000000000000000000000000000000000000000000000
244 99415972414842336899498048693276496598630598706264623304104651877077145134666568097849440587104528431816966440397172482681126796241239873552208968773826053293349809291058559436026195676049142039539542164898342860692686586667616478479422146709611260421388789565196699219971992571198856510801343564583899861822804876242753310516655586723637389235554593894014403699301498951450740708358918986964098050464168355178709575793887707591781733492935424610954069564120614948176221809904732509317533532160000000000000000000000000000000000000000000000000000000000
245 48713826483272745080754043859705483333328993366069665419011279419767801115986618367946225887681218931590313555794614516513752130158207538040582394699174766113741406552618694123652835881264079599374375660800188001739416427467132074454916851887709517606480506886946382617786276359887439690292658346646110932293174389358949122153161237494582320725421751008067057812657734486210862947095870303612408044727442494037567692139004976719973049411538358059367494086419101324606348686853318929565591430758400000000000000000000000000000000000000000000000000000000000
246 23967202629770190579730989578975097799997864736106275386153549474525758149065416237029543136739159714342434269450950342124766048037838108715966538191993984927960772023888397508837195253581927162892192825113692496855792882313828980631819091128753082662388409388377620247950847969064620327623987906549886578688241799564602968099355328847334501796907501495968992443827605367215744569971168189377304758005901707066483304532390448546226740310476872165208807090518197851706323553931832913346270983933132800000000000000000000000000000000000000000000000000000000000
247 11839798099106474146387108852013698313198945179636500040759853440415724525638315621092594309549144898885162529108769469009634427730692025705687469866845028554412621379800868369365574455269472018468743255606164093446761683863031516432118631017604022835219874237858544402487718896717922441846250025835643969871991448984913866241081532450583243887672305739008682267250837051404577817565757085552388550454915443290842752439000881581836009713375574849613150702715989738742923835642325459193057866062967603200000000000000000000000000000000000000000000000000000000000
248 5872539857156811176608005990598794363346676809099704020216887306446199364716604548061926777536375869847040614437949656628778676154423244750020985053955134162988660204381230711205324929813658121160496654780657390349593795196063632150330840984731595326269057621977838023633908572772089531155740012814479409056507758696517277655576440095489288968285463646548306404556415177496670597512615514433984721025638059872258005209744437264590660817834285125408122748547130910416490222478593427759756701567231931187200000000000000000000000000000000000000000000000000000000000
249 2924524848864091965950786983318199592946645050931652602068009878610207283628869064934839535213115183183826225990098929001131780724902775885510450556869656813168352781781852894180251815047201744337927334080767380394097710007639688810864758810396334472481990695744963335769686469240500586515558526381610745710140863830865604272477067167553665906206160895981056589469094758393341957561282526188124391070767753816384486594452729757766149087281473992453245128776471193387412130794339527024358837380481501731225600000000000000000000000000000000000000000000000000000000000
250 1462262424432045982975393491659099796473322525465826301034004939305103641814434532467419767606557591591913112995049464500565890362451387942755225278434828406584176390890926447090125907523600872168963667040383690197048855003819844405432379405198167236240995347872481667884843234620250293257779263190805372855070431915432802136238533583776832953103080447990528294734547379196670978780641263094062195535383876908192243297226364878883074543640736996226622564388235596693706065397169763512179418690240750865612800000000000000000000000000000000000000000000000000000000000000
251 734055737064887083453647532812868097829607907783844803119070479531162028190846135298644723338491910979140382723514831179284076961950596747263123089774283860105256548227245076439243205576847637828819760854272612478918525211917561891527054461409479952592979664631985797278191303779365647215405190121784297173245356821547266672391743859055970142457746384891245203956742784356728831347881914073219222158762706207912506135207635169199303420907649972105764527322894269540240444829379221283114068182500856934537625600000000000000000000000000000000000000000000000000000000000000
252 369964091480703090060638356537685521306122385523057780772011521683705662208186452190516940562599923133486752892651474914359174788823100760620614037246239065493049300306531518525378575610731209465725159470553396689374936706806451193329635448550377896106861750974520841828208417104800286196564215821379285775315659838059822402885438904964208951798704177985187582794198363315791330999332484692902487968016403928787903092144648125276448924137455585941305321770738711848281184194007127526689490363980431895006963302400000000000000000000000000000000000000000000000000000000000000
253 187201830289235763570683008408068873780897927074667237070637829971955065077342344808401571924675561105544296963681646306665742443144488984874030702846596967139482945955104948373841559259029991989656930692100018724823717973644064303824795536966491215430072045993107545965073459055028944815461493205617918602309723878058270135860032085911889729610144314060504916893864371837790413485662237254608658911816300387966678964625191951389883155613552526486300492815993788195230279202167606528504882124174098538873523431014400000000000000000000000000000000000000000000000000000000000000
254 95098529786931767893906968271298987880696146953930956431884017625753173059289911162667998537735185041616502857550276323786197161117400404316007597046071259306857336545193313773911512103587235930745720791586809512210448730611184666342996132778977537438476599364498633350257317199954703966254438548453902649973339730053601229016896299643239982641953311542736497782083100893597530050716416525341198727202680597087072914029597511306060643051684683455040650350524844403176981834701144116480480119080442057747749902955315200000000000000000000000000000000000000000000000000000000000000
255 48500250191335201625892553818362483819155034946504787780260848989134118260237854692960679254244944371224416457350640925130960552169874206201163874493496342246497241638048590024694871172829490324680317603709272851227328852611704179834928027717278544093623065675894303008631231771976899022789763659711490351486403262327336626798617112818052391147396188886795613868862381455734740325865372427924011350873367104514407186155094730766090927956359188562070731678767670645620260735697583499405044860731025449451352450507210752000000000000000000000000000000000000000000000000000000000000000
256 24832128097963623232456987555001591715407377892610451343493554682436668549241781602795867778173411518066901226163528153667051802710975593574995903740670127230206587718680878092643774040488699046236322613099147699828392372537192540075483150191246614575935009626057883140419190667252172299668358993772283059961038470311596352920891961762842824267466848710039354300857539305336187046843070683097093811647163957511376479311408502152238555113655904543780214619529047370557573496677162751695382968694285030119092454659691905024000000000000000000000000000000000000000000000000000000000000000
257 12763713842353302341482891603270818141719392236801771990555687106772447634310275743837076037981133520286387230248053470984864626593441455097547894522704445396326186087401971339618899856811191309765469823132961917711793679484116965598798339198300759892030594947793751934175464002967616562029536522798953492819973773740160525401338468346101211673477960236960228110640775202942800142077338331111906219186642274160847510366063970106250617328419134935503030314437930348466592777292061654371426845908862505481213521695081639182336000000000000000000000000000000000000000000000000000000000000000
258 6586076342654304008205172067287742161127206394189714347126734547094582979304102283819931235598264896467775810807995591028190147322215790830334713573715493824504312021099417211243352326114574715838982428736608349539285538613804354248979943026323192104287786993061575998034539425531290146007240845764260002295106467249922831107090649666588225223514627482271477705090640004718484873311906578853743609100307413466997315348889008574825318541464273626719563642249972059808761873082703813655656252488973052828306177194662125818085376000000000000000000000000000000000000000000000000000000000000000
259 3411587545494929476250279130855050439463892912190272031811648495394993983279524983018724380039901216370307869998541716152602496312907779650113381631184625801093233626929498115424056504927349702804592898085563125061349909001950655500971610487635413510021073662405896366981891422425208295631750758105886681188865150035460026513472956527292700665780577035816625451236951522444175164375567607846239189513959240175904609350724506441759515004478493738640733966685485526980938650256840575473629938789288041365062599786834981173768224768000000000000000000000000000000000000000000000000000000000000000
260 1774025523657363327650145148044626228521224314338941456542057217605396871305352991169736677620748632512560092399241692399353298082712045418058958448216005416568481486003339020020509382562221845458388307004492825031901952681014340860505237453570415025210958304451066110830583539661108313728510394215061074218209878018439213787005937394192204346205900058624645234643214791670971085475295156080044378547258804891470396862376743349714947802328816744093181662676452474030088098133557099246287568170429781509832551889154190210359476879360000000000000000000000000000000000000000000000000000000000000000
261 926041323349143657033375767279294891288079092084927440314953867590017166821394261390602545718030786171556368232404163432462421599175687708226776309968754827448747335693742968450705897697479803329278696256345254666652819299489485929183733950763756643160120234923456509853564607703098539766282425780261880741905556325625269596817099319768330668719479830602064812483758121252246906618104071473783165601669096153347547162160660028551202752815642340416640827917108191443705987225716805806562110584964345948132592086138487289807646931025920000000000000000000000000000000000000000000000000000000000000000
262 485245653434951276285488902054350523034953444252501978725035826617168995414410592968675733956248131953895536953779781638610308917968060359110830786423627529583143603903521315468169890393479416944542036838324913445326077312932490626892276590200208481015903003099891211163267854436423634837531991108857225508758511514627641268732160043558605270409007431235481961741489255536177379067886533452262378775274606384354114712972185854960830242475396586378319793828564692316501937306275606242638545946521317276821478253136567339859206991857582080000000000000000000000000000000000000000000000000000000000000000
263 255239213706784371326167162480588375116385511676816040809368844800630891587979971901523436060986517407749052437688165141909022490851199748892296993658828080560733535653252211936257362346970173312829111376958904472241516666602490069745337486445309661014364979630542777071878891433558831924541827323258900617606977056694139307353116182911826372235137908829863511876023348412029301389708316595890011235794442958170264339023369759709396707542058604434996211553825028158480019023100968883627875167870212887608097561149834420765942877717088174080000000000000000000000000000000000000000000000000000000000000000
264 134766304837182148060216261789750662061451550165358869547346750054733110758453425164004374240200881191291499687099351194927963875169433467415132812651861226536067306824917167902343887319200251509173770807034301561343520799966114756825538192843123501015584709244926586293952054676919063256158084826680699526096483885934505554282445344577444324540152815862167934270540327961551471133765991162629925932499465881913899571004339233126561461582206943141677999700419614867677450044197311570555518088635472404657075512287112574164417839434622555914240000000000000000000000000000000000000000000000000000000000000000
265 71426141563706538471914618748567850892569321587640200860093777529008548701980315336922318347306467031384494834162656133311820853839799737730020390705486450064115672617206098988242260279176133299862098527728179827512066023982040821117535242206855455538259895899811090735794588978767103525763784958140770748831136459545287943769696032626045492006280992406949005163386373819622279700895975316193860744224716917414366772632299793557077574638569679865089339841222395879869048523424575132394424586976800374468250021512169664307141454900349954634547200000000000000000000000000000000000000000000000000000000000000000
266 37998707311891878467058577174238096674846879084624586857569889645432547909453527759242673360767040460696551251774533062921888694242773460472370847855318791434109537832353644661744882468521702915526636416751391668236419124758445716834528748854047102346354264618699500271442721336704099075706333597730890038378164596478093186085478289357056201747341487960496870746921550872039052800876658868215133915927549400064443123040383490172365269707719069688227528795530314608090333814461873970433833880271657799217109011444474261411399254006986175865579110400000000000000000000000000000000000000000000000000000000000000000
267 20291309704550263101409280211043143624368233431189529381942321070660980583648183823435587574649599606011958368447600655600288562725641027892246032754740234625814493202476846249371767238190589356891223846545243150838247812621010012789638351888061152652953177306385533144950413193799988906427182141188295280493939894519301761369645406516668011733080354570905328978856108165668854195668135835626881511105311379634412627703564783752043054023921983213513500376813188000720238256922640700211667292065065264781936212111349255593687201639730617912219244953600000000000000000000000000000000000000000000000000000000000000000
268 10876142001638941022355374193119124982661373119117587748721084093874285592835426529361474940012185388822409685487913951401754669620943590950243873556540765759436568356527589589663267239670155895293695981748250328849300827564861366855246156612000777821982903036222645765693421471876794053844969627676926270344751783462345744094129937892934054288931070050005256332666873976798505848878120807896008489952446899484045168449110724091095076956822183002443236201971868768386047705710535415313453668546874981923117809691683200998216340078895611200949515295129600000000000000000000000000000000000000000000000000000000000000000
269 5851364396881750270027191315898089240671818738085262208811943242504365648945459472796473517726555739186456410792497705854144012256067651931231203973418931978576873775811843199238837774942543871668008438180558676920923845229895415368122432257256418468226801833487783421943060751869715200968593659690186333445476459502742010322641906586398521207444915686902827906974778199517596146696428994648052567594416431922416300625621569561009151402770334455314461076660865397391693665672268053438638073678218740274637381614125562137040390962445838826110839228779724800000000000000000000000000000000000000000000000000000000000000000
270 3159736774316145145814683310584968189962782118566041592758449350952357450430548115310095699572340099160686461827948761161237766618276532042864850145646223268431511838938395327588972398468973690700724556617501685537298876424143524298786113418918465972842472990083403047849252806009646208523040576232700620060557288131480685574226629556655201452020254470927527069766380227739501919216071657109948386500984873238104802337835647562944941757495980605869808981396867314591514579463024748856864559786238119748304186071627803554001811119720752966099853183541051392000000000000000000000000000000000000000000000000000000000000000000
271 1712577331679350669031558354337052758959827908262794543275079548216177738133357078498071869168208333745092062310748228549390869507105880367232748778940253011489879416704610267553223039970183740359792709686685913561215991021885790169942073473053808557280620360625204451934295020857228245019487992318123736072822050167262531581230833219707119186994977923242719671813378083434810040215110838153592025483533801295052802867106920979116158432562821488381436467917102084508600902068959413880420591404141060903580868850822269526268981626888648107626120425479249854464000000000000000000000000000000000000000000000000000000000000000000
272 931642068433566763953167744759356700874146382094960231541643274229600689544546250702951096827505333557330081897047036330868633011865598919774615335743497638250494402687307985548953333743779954755727234069557136977301499115905869852448487969341271855160657476180111221852256491346332165290601467821059312423615195290990817180189573271520672837725267990244039501466477677388536661877020295955554061863042387904508724759706165012639190187314174889679501438546903533972678890725513921150948801723852737131547992654847314622290326005027424570548609511460711920828416000000000000000000000000000000000000000000000000000000000000000000
273 508676569364727453118429588638608758677283924623848286421737227729361976491322252883811298867817912122302224715787681836654273624478617010196939973315949710484769943867270160109728520224103855296627069801978196789606618517284604939436874431260334432917718981994340727131332044275097362248668401430298384583293896628880986180383507006250287369397996322673245567800696811854141017384853081591732517777221143795861763718799566096900997842273539489765007785446609329549082674336130600948418045741223594473825203989546633783770517998744973815519540793257548708772315136000000000000000000000000000000000000000000000000000000000000000000
274 278754760011870644308899414573957599755151590693868860959112000795690363117244594580328591779564215843021619144251649646486541946214282121587923105377140441345653929239264047740131229082808912702551634251484051840704426947471963506811407188330663269238910002132898718467969960262753354512270283983803514751645055352626780426850161839425157478430101984824938571154781852896069277526899488712269419741917186800132246517902162221101746817565899640391224266424741912592897305536199569319733089066190529771656211786271555313506243863312245650904708354705136692407228694528000000000000000000000000000000000000000000000000000000000000000000
275 153315118006528854369894678015676679865333374881627873527511600437629699714484527019180725478760318713661890529338407305567598070417855166873357707957427242740109661081595226257072175995544901986403398838316228512387434821109579928746273953581864798081400501173094295157383478144514344981748656191091933113404780443944729234767589011683836613136556091653716214135130019092838102639794718791748180858054452740072735584846189221605960749661244802215173346533608051926093518044909763125853198986404791374410916482449355422428434124821735107997589595087825180823975781990400000000000000000000000000000000000000000000000000000000000000000000
276 84629945139603927612181862264653527285664022934658586187186403441571594242395458914587760464275695929941363572194800832673314134870656052114093454792499837992540532917040564893903841149540785896494676158750558138837864021252488120667943222377189368540933076647548050926875679935771918429925258217482747078599438805057490537591709134449477810451378962592851350202591770539246632657166684773044995833646057912520150042835096450326490333813007130822775687286551644663203621960790189245470965840495444838674825898312044193180495636901597779614669456488479499814834631658700800000000000000000000000000000000000000000000000000000000000000000000
277 46884989607340575897148751694618054116257868705800856747701267506630663210287084238681619297208735545187515418995919661301016030718343452871207773955044910247867455236040472951222727996845595386658050591947809208916176667773878418850040545196962910171676924462741620213489126684417642810178593052485441881544089098001849757825806860485010706990063945276439648012235840878742634492070343364266927691839916083536163123730643433480875644932405950475817730756749611143414806566277764841990915075634476440625853547664872483021994582843485169906526878894617642897418385938920243200000000000000000000000000000000000000000000000000000000000000000000
278 26068054221681360198814705942207638088639375000425276351721904733686648744919618836706980329248056963124258572961731331683364913079398959796391522319004970097814305111238502960879836766246151034981876129122981920157394227282276400880622543129511378055452370001284340838699954436536209402459297737181905686138513538489028465351148614429665953086475553573700444294803127528580904777591110910532411796662993342446106696794237749015366858582417708464554658300752783795738632450850437252146948782052768900987974572501669100560228988060977754468028944665407409450964622582039655219200000000000000000000000000000000000000000000000000000000000000000000
279 14545974255698198990938605915751862053460771250237304204260822841397149999665147310882495023720415785423336283712646083079317621498304619566386469454004773314580382252071084652170948915565352277519886880050623911447825978823510231691387379066267348954942422460716662187994574575587204846572288137347503372865290554476877883665940926851753601822253358894124847916500145160948144865895839888077085782537950285084927536811184663950574707088989081323221499331820053358022156907574543986697997420385445046751289811455931358112607775338025586993160151123297334473638259400778127612313600000000000000000000000000000000000000000000000000000000000000000000
280 8145745583190991434925619312821042749938031900132890354386060791182403999812482494094197213283432839837068318879081806524417868039050586957176422894242673056165014061159807405215731392716597275411136652828349390410782548141165729747176932277109715414767756578001330825276961762328834714080481356914601888804562710507051614852926919036982017020461880980709914833240081290130961124901670337323168038221252159647559420614263411812321835969833885541004039625819229880492407868241744632550878555415849226180722294415321560543060354189294328716169684629046507305237425264435751462895616000000000000000000000000000000000000000000000000000000000000000000000
281 4577909017753337186428198053805426025465173927874684379164966164644511047894615161680938833865289255988432395210043975266722841837946429869933149666564382257564737902371811761731241042706727668781058798889532357410859792055335140117913435939735660063099479196836747923805652510428805109313230522586006261508164243304963007547344928498783893565499577111158972136280925685053600152194738729575620437480343713721928394385216037438524871815046643674044270269710407192836733221951860483493593748143707265113565929461410717025199919054383412738487362761524137105543432998612892322147336192000000000000000000000000000000000000000000000000000000000000000000000
282 2581940686012882173145503702346260278362358095321321989849040916859504231012562951188049502300023140377475870898464802050431682796601786446642296411942311593266512176937701833616419948086594405192517162573696249579724922719209019026503177870010912275588106267015925829026388015881846081652662014738507531490604633223999136256702539673314115970941761490693660284862442086370230485837832643480649926738913854539167614433261845115328027703686307032160968432116669656759917537180849312690386873953050897524051184216235644402212754346672244784506872597499613327526496211217671269691097612288000000000000000000000000000000000000000000000000000000000000000000000
283 1461378428283291310000355095527983317553094681951868246254557158942479394753110630372436018301813097453651342928531077960544332462876611128799539769159348361788845892146739237826893690617012433338964714016712077262124306259072304769000798674426176347982868147131014019228935616989124882215406700341995262823682222404783511121293637455095789639553037003732611721232142220885550454984213276210047858534225241669168869769226204335275663680286449780203108132578035025726113326044360710982758970657426807998612970266389374731652418960216490548030889890184781143379996855549201938645161248555008000000000000000000000000000000000000000000000000000000000000000000000
284 830062947264909464080201694259894524370157779348661163872588466279328296219766838051543658395429839353673962783405652281589180838913915121158138588882509869496064466739347887085675616270463062136531957561492459884886605955153069108792453647074068165654269107570415962922035430449822933098351005794253309283851502325917034316894786074494408515266125018120123457659856781462992658431033140887307183647439937268087918028920484062436576970402703475155365419304323894612432369193196883838207095333418426943212167111309164847578573969402966631281545457624955689439838213951946701150451589179244544000000000000000000000000000000000000000000000000000000000000000000000
285 473135879940998394525714965728139878890989934228736863407375425779217128845267097689379885285395008431594158786541221800505833078180931619060138995663030625612756746041428295638835101274163945417823215810050702134385365394437249392011698578832218854422933391315137098865560195356399071866060073302724386291795356325772709560630028062461812853701691260328470370866118365433905815305688890305765094679040764242810113276484675915588848873129540980838558289003464619929086450440122223787778044340048503357630935253446223963119787162559690979830480910846224742980707781952609619655757405832169390080000000000000000000000000000000000000000000000000000000000000000000000
286 270633723326251081668708960396496010725646242378837485869018743545712197699492779878325294383245944822871858825901578869889336520719492886102399505519253517850496858735696985105413677928821776778994879443349001620868429005618106652230691587092029184729917899832258420551100431743860269107386361929158348958906943818341989868680376051728156952317367400907885052135419705028194126354854045254897634156411317146887384794149234623716821555430097441039655341309981762599437449651749912006609041362507743920564894964971240106904518256984143240463035081004040552984964851276892702443093236136000891125760000000000000000000000000000000000000000000000000000000000000000000000
287 155343757189268120877838943267588710156520943125452716888816758795238801479508855650158718975983172328328446966067506271316479162892988916622777316168051519246185196914290069450507451131143699871143060800482326930378478249224793218380416970990824752034972874503716333396331647820975794467639771747336892302412585751728302184622535853691962090630168888121126019925730910686183428527686221976311242005780096042313358871841660674013455572816875931156762165911929531732077096100104449491793589742079445010404249709893491821363193479508898220025782136496319277413369824632936411202335517542064511506186240000000000000000000000000000000000000000000000000000000000000000000000
288 89478004141018437625635231322131097050156063240260764927958453066057549652197100854491422130166307261117185452454883612278291997826361615974719734112797675085802673422631080003492291851538771125778403021077820311898003471553480893787120175290715057172144375714140608036287029144882057613360508526466049966189649392995502058342580651726570164202977279557768587477221004555241654831947263858355275395329335320372494710180796548231750409942520536346295007565271410277676407353660162907273107691437760325992847832898651289105199444197125374734850510621879903790101018988571372852545258104229158627563274240000000000000000000000000000000000000000000000000000000000000000000000
289 51718286393508656947617163704191774094990204552870722128359985872181263698969924293896041991236125596925733191518922727896852774743637014033388006317197056199593945238280764242018544690189409710699916946182980140277046006557911956608955461318033303045499449162773271444973902845741829300522373928297376880457617349151400189722011616697957554909320867584390243561833740632929676492865518510129349178500355815175301942484500404877951736946776870008158514372726875140496963450415574160403856245651025468423866047415420445102805278745938466596743595139446584390678388975394253508771159184244453686731572510720000000000000000000000000000000000000000000000000000000000000000000000
290 29996606108235021029617954948431228975094318640665018834448791805865132945402556090459704354916952846216925251080975182180174609351309468139365043663974292595764488238202843260370755920309857632205951828786128481360686683803588934833194167564459315766389680514408497438084863650530260994302976878412478590665418062507812110038766737684815381847406103198946341265863569567099212365862000735875022523530206372801675126641010234829212007429130584604731938336181587581488238801241033013034236622477594771685842307500943858159627061672644310626111285180879018946593465605728667035087272326861783138304312056217600000000000000000000000000000000000000000000000000000000000000000000000
291 17458024754992782239237649779986975263504893448867040961649196831013507374224287644647547934561666556498250496129127556028861622642462110457110455412433038290734932154634054777535779945620337141943863964353526776151919649973688760072919005522515321776038794059385745508965390644608611898684332543236062539767273312379546648042562241332562552235190352061786770616732597488051741596931684428279263108694580108970574923705067956670601388323754000239953988111657683972426154982322281213585925714281960157121160222965549325448902949893478988784396767975271589026917396982534084214420792494233557786493109616718643200000000000000000000000000000000000000000000000000000000000000000000000
292 10195486456915784827714787471512393553886857774138351921603130949311888306546983984474167993784013268994978289739410492720855187623197872506952505960860894361789200378306287990080895488242276890895216555182459637272721075584634235882584699225148947917206655730681275377235788136451429348831650205249860523224087614429655242456856348938216530505351165604083474040171836933022217092608103706115089655477634783638815755443759686695631210781072336140133129057208087439896874509676212228734180617140664731758757570211880806062159322737791729450087712497558607991719759837799905181221742816632397747311976016163687628800000000000000000000000000000000000000000000000000000000000000000000000
293 5974555063752649909040865458306262622577698655645074226059434736296766547636532614901862444357431775631057277787294548734421139947193953289074168493064484096008471421687484762187404756109974258064596901336921347441814550292595662227194633745937283479483100258179227371060171847960537598415347020276418266609315342055777972079717820477794886876135783043992915787540696442751019216268348771783442538109893983212346032690043176403639889517708388978118013627523939239779568462670260366038229841644429532810631936144162152352425363124345953457751399523569344283147779264950744436195941290546585079924817945471920950476800000000000000000000000000000000000000000000000000000000000000000000000
294 3513038377486558146516028889484082422075686809519303644922947624942498730010281177562295117282169884071061679338929194655839630288950044533975611073921916648452981195952241040166193996592664863741982977986109752295786955572046249389590444642611122685936062951809385694183381046600796107868224047922533940766277421128797447582874078440943393483167840429867834483073929508337599299165789077808664212408617662128859467221745387725340255036412532719133392012984076272990386256050113095230479146886924565292651578452767345583226113517115420633157822919858774438490894207791037728483213478841392026995792951937489518880358400000000000000000000000000000000000000000000000000000000000000000000000
295 2072692642717069306444457044795608629024655217616389150504539098716074250706065894761754119196480231601926390809968224846945381870480526275045610533613930822587258905611822213698054457989672269607769957011804753854514303787507287139858362339140562384702277141567537559568194817494469703642252188274295025052103678465990494073895706280156602155069025853622022345013618409919183586507815555907111885321084420656027085660829778757950750471483394304288701287660605001064327891069566726185982696663285493522664431287132733894103406975098098173563115522716676918709627582596712259805095952516421295927517841643118816139411456000000000000000000000000000000000000000000000000000000000000000000000000
296 1227034044488505029415118570519000308382595888828902377098687146439915956417991009698958438564316297108340423359501189109391666067324471554827001435899447046971657272122198750509248239129885983607799814550988414281872467842204313986796150504771212931743748067807982235264371331956726064556213295458382654830845377651866372491746258117852708475800863305344237228248062098672156683212626809097010236110081977028368034711211229024706844279118169428138911162295078160630082111513183501902101756424665012165417343321982578465309216929258074118749364389448272735876099528897253657804616803889721407189090562252726339154531581952000000000000000000000000000000000000000000000000000000000000000000000000
297 728858222426171987472580430888286183179261957964368011996620164985310078112286659761181312507203880482354211475543706330978649643990736103567238852924271545901164419640586057802493454043152274263033089843287118083432245898269362508156913399834100481455786352277941447747036571182295282346390697502279296969522154325208625260097277322004508834625712803374476913579348886611261069828300324603624080249388694354850612618459470040675865501796192640314513230403276427414268774238831000129848443316251017226257901933257651608393674855979296026537122447332274005110403120164968672735942381510494515870319793978119445457791759679488000000000000000000000000000000000000000000000000000000000000000000000000
298 434399500565998504533657936809418565174840126946763335149985618331244806554922849217664062254293512767483110039424048973263275187818478717726074356342865841357093994105789290450286098609718755460767721546599122377725618555368540054861520386301123886947648665957653102857233796424647988278448855711358460993835203977824340655017977283914687265436924830811188240493291936420311597617666993463759951828635661835490965120601844144242815839070530813627449885320352750738904189446343276077389672216485606266849709552221560358602630214163660431816124978610035307045800259618321328950621659380254731458710597210959189492843888768974848000000000000000000000000000000000000000000000000000000000000000000000000
299 259770901338467105711127446212032301974554395914164474419691399762084394319843863832163109228067520634954899803575581286011438562315450273200192465093033773131542208475261995689271086968611815765539097484866275181879919896110386952807189191008072084394693902242676555508625810261939496990512415715392359674313451978738955711700750415780982984731281048825090567814988577979346335375364862091328451193524125777623597142119902798257203871764177426549215031421570944941864705288913279094279023985458392547576126312228493094444372868069868938226042737208801113613388555251756154712471752309392329412308937132153595316720645483846959104000000000000000000000000000000000000000000000000000000000000000000000000
300 155862540803080263426676467727219381184732637548498684651814839857250636591906318299297865536840512380972939882145348771606863137389270163920115479055820263878925325085157197413562652181167089459323458490919765109127951937666232171684313514604843250636816341345605933305175486157163698194307449429235415804588071187243373427020450249468589790838768629295054340688993146787607801225218917254797070716114475466574158285271941678954322323058506455929529018852942566965118823173347967456567414391275035528545675787337095856666623720841921362935625642325280668168033133151053692827483051385635397647385362279292157190032387290308175462400000000000000000000000000000000000000000000000000000000000000000000000000
301 93829249563454318582859233571786067473209047804196208160392533594064883228327603616177315053177988453345709809051499960507331608708340638679909518391603798855113045701264632842964716613062587854512722011533698595695027066475071767353956735792115636883363437490054771849715642666612546312973084556399720314362018854720510803066311050180091054084938714835622713094773874366139896337581788187387836571100914230877643287733708890730502038481220886469576469349471425313001531550355476408853583463547571388184496823976931705713307479946836660487246636679818962237155946156934323082144796934152509383725988092133878628399497148765521628364800000000000000000000000000000000000000000000000000000000000000000000000000
302 56672866736326408424046977077358784753818264873734509728877090290815189469909872584171098292119505025820808724667105976146428291659837745762665349108528694508488279603563838237150688834289803064125684094966353951799796348150943347481789868418437844677551516243993082197228248170633977973035743072065431069874659388251188525052051874308774996667302983760716118709243420117148497387899400065182253288944952195450096545791160170001223231242657415427624187487080740889052925056414707750947564411982733118463436081682066750250837717887889342934296968554610653191242191478788331141615457348228115667770496807648862691553296277854375063532339200000000000000000000000000000000000000000000000000000000000000000000000000
303 34343757242213803504972468108879423560813868513483112895699516716234004818765382786007685565024420045647410087148266221544735544745861673932175201559768388872143897439759685971713317433579620656860164561549610494790676586979471668573964660261573333874596218843859807811520318391404190651659660301671651228344043589280220246181543435831117647980385608158993967937801512590991989417067036439500445493100641030442758506749443063020741278133050393749140257617170928978766072584187312897074224033661536269788842265499332450652007657040060941818183962944094055833892768036145728671818967153026238094668921065435210791081297544379751288500597555200000000000000000000000000000000000000000000000000000000000000000000000000
304 20881004403265992531023260610198689524974832056197732640585306163470274929809352733892672823534847387753625332986145862699199211205483897750762522548339180434263489643373889070801696999616409359370980053422163180832731364883518774492970513439036586995754501057066763149404353581973747916209073463416363946833178502282373909678378408985319529972074449760668332506183319655323129565576758155216270859805189746509197172103661382316610697104894639399477276631239924819089772131185886241421128212466214052031616097423594129996420655480357052625455849470009185947006802965976603032465932029039952761558704007784608160977428906982888783408363313561600000000000000000000000000000000000000000000000000000000000000000000000000
305 12737412685992255443924188972221200610234647554280616910757036759716867707183705167674530422356256906529711453121548976246511518835345177627965138754486900064900728682458072333189035169766009709216297832587519540307966132578946452440712013197812318067410245644810725521136655685003986228887534812683982007568238886392248084903810829481044913282965414354007682828771824989747109035001822474681925224481165745370610274983233443213132525233985730033681138745056354139644761000023390607266888209604390571739285819428392419297816599843017802101528068176705603427674149809245727849804218537714371184550809444748610978196231633259562157879101621272576000000000000000000000000000000000000000000000000000000000000000000000000000
306 7795296563827260331681603650999374773463604303219737549383306496946723036796427562616812618482029226796183409310387973462865049527231248708314664917745982839719245953664340267911689523896797942040374273543561958668475273138315228893715752077061138657255070334624164018935633279222439572079171305362596988631762198472055827961132227642399486929174833584652701891208356893725230729421115354505338237382473436166813488289738867246437105443199266780612856911974488733462593732014315051647335584277887029904442921490176160610263759103926894886135177724143829297736579683258385444080181745081195164945095380186149918656093759554852040622010192218816512000000000000000000000000000000000000000000000000000000000000000000000000000
307 4786312090189937843652504641713616110906653042176918855321350189125287944593006523446722947747965945252856613316578215706199140409719986706905204259496033463587617015549904924497777367672633936412789803955747042622443817706925550540741471775315539135554613185459236707626478833442577897256611181492634551019901989861842278368135187772433284974513347820976758961201931132747291667864564827666277677752838689806423481809899664489312382742124349803296294143952336082346032551456789441711464048746622636361327953794968162614701948089811113460086999122624311188810259925520648662665231591479853831276288563434296050054841568366679152941914258022353338368000000000000000000000000000000000000000000000000000000000000000000000000000
308 2948368247557001711689942859295587524318498273980982014877951716501177373869292018443181335812747022275759673803012180875018670492387511811453605823849556613569972081578741433490630858486342504830278519236740178255425391707466139133096746613594372107501641722242889811897910961400627984710072487799462883428259625754894843474771275667818903544300222257721683520100389577772331667404571933842427049495748632920756864794898193325416427769148599478830517192674639026725156051697382296094261854027919543998578019537700388170656400023323645891413591459536575692307120114120719576201782660351589960066193755075526366833782406113874358212219182941769656434688000000000000000000000000000000000000000000000000000000000000000000000000000
309 1822091576990227057824384687044673090028831933320246885194574160797727617051222467397886065532277659766419478410261527780761538364295482299478328399139025987186242746415662205897209870544559667985112124888305430161852892075214073984253789407201321962436014584346105903752908974145588094550824797460068061958664448716525013267408648362712082390377537355272000415422040759063300970456025455114619916588372655145027742443247083475107352361333834477917259625072926918516146439948982258986253825789254278191121216074298839889465655214414013160893599521993603777845800230526604698092701684097282595320907740636675294703277526978374353375151455058013647676637184000000000000000000000000000000000000000000000000000000000000000000000000000
310 1129696777733940775851118505967697315817875798658553068820635979694591122571757929786689360630012149055180076614362147224072153785863199025676563607466196112055470502777710567656270119737626994150769517430749366700348793086632725870237349432464819616710329042294585660326803563970264618621511374425242198414371958204245508225793361984881491082034073160268640257561665270619246601682735782171064348284791046189917200314813191754566558464026977376308700967545214689480010792768369000571477371989337652478495153966065280731468706232936688159754031703636034342264396142926494912817475044140315209098962799194738682716032066726592099092593902135968461559515054080000000000000000000000000000000000000000000000000000000000000000000000000000
311 702671395750511162579395710711907730438718746765620008806435579370035678239633432327320782311867556712322007654133255573372879654806909793970822563843973981698502652727735973082200014476803990361778639841926106087616949299885555491287631346993117801593824664307232280723271816789504592782580074892500647413739358003040706116443471154596287453025193505687094240203355798325171386246661656510402024633140030730128498595813805271340399364624779928064012001813123536856566713101925518355458925377368019841623985766892604614973535276886620035367007719661613360888454400900279835772469477455276060059554861099127460649371945503940285635593407128572383090018363637760000000000000000000000000000000000000000000000000000000000000000000000000000
312 438466950948318965449542923484230423793760497981746885495215801526902263221531261772248168162605355388488932776179151477784676904599511711437793279838639764579865655302107247203292809033525689985749871261361890198672976363128586626563481960523705508194546590527712943171321613676650865896329966732920403986173359393897400616660726000468083370687720747548746805886894018154906945017916873662490863371079379175600183123787814489316409203525862675111943489131389086998497628975601523453806369435477644381173367118540985279743486012777250902069012817068846737194395546161774617522020953932092261477162233325855535445208093994458738236610286048229167048171458909962240000000000000000000000000000000000000000000000000000000000000000000000000000
313 274480311293647672371413870101128245294894071736573550320005091755840816776678569869427353269790952473194071917888148825093207742279294331360058593178988492626995900219119136749261298454987081931079419409612543264369283203318495228228739707287839648129786165670348302425247330161583442051102559174808172895344522980579772786029614476293020190050513187965515500485195655364971747581215962912719280470295691363925714635491171870312072161407190034620076624196249568461059515738726553682082787266609005382614527816206656785119422243998559064695202023485098057483691611897270910568785117161489755684703558061985565188700266840531170136118039066191458572155333277636362240000000000000000000000000000000000000000000000000000000000000000000000000000
314 172373635492410738249247910423508538045193477050568189600963197622668032935754141878000377853428718153165877164433757462158534462151396840094116796516404773369753425337606817878536095429731887452717875389236677170023909851684015003327648536176763299025505712040978733923055323341474401608092407161779532578276360431804097309626597891112016679351722282042343734304702871569202257481003624709187708135345694176545348791088455934555981317363715341741408119995244728993545375883920275712347990403430455380281923468577780461054997169231095092628586870748641580099758332271486131837197053577415566569993834462926934938503767575853574845482128533568235983313549298355635486720000000000000000000000000000000000000000000000000000000000000000000000000000
315 108595390360218765097026183566810378968471890541857959448606814502280860749525109383140238047660092436494502613593267201159876711155380009259293581805335007222944657962692295263477740120731089095212261495219106617115063206560929452096418577791360878386068598585816602371524853705128873013098216511921105524314107072036581305064756671400570507991585037686676552611962809088597422213032283566788256125267787331223569738385727238770268229939140665297087115597004179265933586806869773698779233954161186889577611785204001690464648216615589908356009728571644195462847749331036263057434143753771806939096115711643969011257373572787752152653740976147988669487536057964050356633600000000000000000000000000000000000000000000000000000000000000000000000000000
316 68632286707658259541320548014224159508074234822454230371519506765441503993699869130144630446121178419864525651790944871133042081450200165851873543700971724564901023832421530606517931756302048308174149264978475382016719946546507413724936541164140075139995354306236092698803707541641447744278072835534138691366515669527119384800926216325160561050681743817979581250760495343993570838636403214210177871169241593333296074659779614902809521321536900467759057057306641296070026861941696977628475859029870114213050648248929068373657672901052822080998148457279131532519777577214918252298378852383781985508745129758988415114660098001859360477164296925528839116122788633279825392435200000000000000000000000000000000000000000000000000000000000000000000000000000
317 43512869772655336549197227441018117128119064877435982055543367289289913532005717028511695702840827118194109263235459048298348679639426905150087826706416073374147249109755250404532368733495498627382410633996353392198600446110485700301609767098064807638757054630153682771041550581400677869872298177728643930326370934480193689963787221150151795706132225580599054512982154048091923911695479637809252770321299170173309711334300275848381236517854394896559242174332410581708397030471035883816453694624937652411074110989821029348898964619267489199352826121914969391617538983954258171957172192411317778812544412267198655182694502133178834542522164250785283999621847993499409298803916800000000000000000000000000000000000000000000000000000000000000000000000000000
318 27674185175408794045289436652487522493483725262049284587325581595988385006355636030133438467006766047171453491417751954717749760250675511675455857785280622665957650433804339257282586514503137127015213163221680757438309883726268905391823811874369217658249486744777742242382426169770831125238781641035417539687571914329403186816968672651496542069100095469260998670256649974586463607838325049646684761924346272230224976408614975439570466425355395154211678022875413129966540511379578822107264549781460346933443134589526174665899741497854123130788397413537920533068754793794908197364761514373598107324778246201938344696193703356701738769044096463499440623759495323865624314039291084800000000000000000000000000000000000000000000000000000000000000000000000000000
319 17656130141910810600894660584287039350842616717187443566713721058240589634054895787225133741950316738095387327524525747109924347039930976448940837267009037260880980976767168446146290196253001487035705998135432323245641705817359561639983591975847560865963172543168199550639987896313790257902342686980596390320670881342159233189226013151654793840085860909388517151623742683786163781800851381674584878107732921682883534948696354330445957579376742108387050578594513576918652846260171288504434782760571701343536719868117699436844035075630930557442997549837193300097865558441151429918717846170355592473208521076836663916171582741575709334650133543712643117958558016626268312357067712102400000000000000000000000000000000000000000000000000000000000000000000000000000
320 11299923290822918784572582773943705184539274698999963882696781477273977365795133303824085594848202712381047889615696478150351582105555824927322135850885783846963827825130987805533625725601920951702851838806676686877210691723110119449589498864542438954216430427627647712409592253640825765057499319667581689805229364058981909241104648417059068057654950982008650977039195317623144820352544884271734321988949069877045462367165666771485412850801114949367712370300488689227937821606509624642838260966765888859863500715595327639580182448403795556763518431895803712062633957402336915147979421549027579182853453489175464906349812954608453974176085467976091595493477130640811719908523335745536000000000000000000000000000000000000000000000000000000000000000000000000000000
321 7254550752708313859695598140871858728474214356757976812691333708409893468840475581055062951892546141348632745133277138972525715711766839603340811216268673229750777463734094171152587715836433250993230880513886432975169264086236696686636458271036245808606948334536949831366958226837410141166914563226587444854957251725866385732789184283751921693014478530449553927259163393914058974666333815702453434716905302861063186839720358067293635050214315797494071341732913738484336081471379179020702163540663700648032367459412200344610477131875236747442178833277105983144211000652300299525002788634475705835391917140050648469876579916858627451421046870440650804306812317871401124181271981548634112000000000000000000000000000000000000000000000000000000000000000000000000000000
322 4671930684744154125643965202721477021137394045752137067373218908215971393933266274199460541018799715028519487865830477498306560918377844704551482423277025559959500686644756646222266488998663013639640687050942862836009006071536432666193879126547342300742874727441795691400321098083292130911492978717922314486592470111457952411916234678736237570301324173609512729154901225680653979685118977312380011957687015042524692324779910595337100972338019373586181944075996447583912436467568191289332193320187423217332844643861457021929147272927652465352763168630456253144871884420081392894101795880602354557992394638192617614600517466456956078715154184563779117973587132709182323972739156117320368128000000000000000000000000000000000000000000000000000000000000000000000000000000
323 3018067222344723565166001520958074155654756553555880545523099414707517520480890013132851509498144615908423589161326488463906038353272087679140257645436958511733837443572512793459584151893136306811207883834909089392061817922212535502361245915749583126279897073927400016644607429361806716568824464251777815158338735692001837258097887602463609470414655416151745223034066191789702470876586859343797487724665811717470951241807822244587767228130360515336673535873093705139207433958049051572908596884841075398397017639934501236166229138311263492617885006935274739531587237335372579809589760138869121044463086936272430979031934283331193626849989603228201310210937287730131781286389494851788957810688000000000000000000000000000000000000000000000000000000000000000000000000000000
324 1955707560079380870227568985580832052864282246704210593498968420730471353271616728510087778154797711108658485776539564524611112852920312816082886954243149115603526663434988290161810530426752326813662708725021089926056058013593723005530087353405729865829373303904955210785705614226450752336598252835152024222603500728417190543247431166396418936828696709666330904526074892279727201128028284854780772045583445992921176404691468814492873163828473613938164451245764720930206417204815785419244770781377016858161267430677556801035716481625698743216389484494058031216468529793321431716614164569987190436812080334704535274412693415598613470198793262891874449016687362449125394273580392663959244661325824000000000000000000000000000000000000000000000000000000000000000000000000000000
325 1271209914051597565647919840627540834361783460357736885774329473474806379626550873531557055800618512220628015754750716940997223354398203330453876520258046925142292331232742388605176844777389012428880760671263708451936437708835919953594556779713724412789092647538220887010708649247192989018788864342848815744692275473471173853110830258157672308938652861283115087941948679981822680733218385155607501829629239895398764663049454729420367556488507849059806893309747068604634171183130260522509101007895060957804823829940411920673215713056704183090653164921137720290704544365658930615799206970491673783927852217557947928368250720139098755629215620879718391860846785591931506277827255231573509029861785600000000000000000000000000000000000000000000000000000000000000000000000000000000
326 828828863961641612802443736089156624003882816153244449524862816705573759516511169542575200382003269967849466272097467445530189627067628571455927491208246595192774599963748037370575302794857636103630255957663937910662557386161019809743651020373348317138488406194920018330982039309169828840250339551537427865539363608703205352228261328318802345428001665556591037338150539348148387838058387121456091192918264411799994560308244483582079646830507117586994094437955088730221479611400929860675933857147579744488745137121148572278936644912971127375105863528581793629539362926409622761501082944760571307120959645847782049296099469530692388670248584813576391493272104205939342093143370410985927887469884211200000000000000000000000000000000000000000000000000000000000000000000000000000000
327 542054077030913614772798203402308432098539361764221869989260282125445238723798304880844181049830138558973550941951743709376744016102229085732176579250193273256074588376291216440356248027836894011774187396312215393573312530549306955572347767324169799408571417651477691988462253708197068061523722066705477824062743800091896300357282908720496733909913089274010538419150452733689045646090185177432283640168544925317196442441591892262680089027151654901894137762422628029564847665856208128882060742574517152895639319677231166270424565773083117303319234747692493033718743353871893286021708245873413634857107608384449460239649053073072822190342574468078960036599956150684329728915764248784796838405304274124800000000000000000000000000000000000000000000000000000000000000000000000000000000
328 355587474532279331290955621431914331456641821317329546712954745074292076602811688001833782768688570894686649417920343873351144074563062280240307835988126787255984929974847037984873698706261002471723866931980813298184093020040345362855460135364655388412022849979369365944431238432577276648359561675758793452585159932860283973034377588120645857444902986563750913202962696993300013943835161476395578067950565471008080866241684281324318138401811485615642554372149243987394540068801672532546631847128883252299539393708263645073398515147142524950977417994486275430119495640139961995630240609292959344466262591100198845917209778815935771356864728851059797784009571234848920302168741347202826725993879603825868800000000000000000000000000000000000000000000000000000000000000000000000000000000
329 233976558242239799989448798902199630098470318426802841737124222258884186404650090705206629061797079648703815316991586268665052801062494980398122556080187426014438083923449350994046893748719739626394304441243375150205133207186547248758892769069943245575111035286425042791435754888635848034620591582649286091801035235822066854256620452983384974198746165158948100887549454621591409175043536251468290368711472079923317209987028257111401335068391957535092800776874202543705607365271500526415683755410805180013096921060037478458296222966819781417743141040371969233018628131212094993124698320914767248658800784943930840613524034460885737552816991583997346941878297872530589558827031806459459985703972779317421670400000000000000000000000000000000000000000000000000000000000000000000000000000000
330 154424528439878267993036207275451755864990410161689875546501986690863563027069059865436375180786072568144518109214446937318934848701246687062760887012923701169529135389476571656070949874155028153420240931220627599135387916743121184180869227586162542079573283289040528242347598226499659702849590444548528820588683255642564123809369498969034082971172469004905746585782640050250330055528733925969071643349571572749389358591438649693524881145138691973161248512736973678845700861079190347434351278571131418808643967899624735782475507158101055735710473086645499693792294566599982695462300891803746384114808518062994354804925862744184586784859214445438248981639676595870189108825840992263243590564622034349498302464000000000000000000000000000000000000000000000000000000000000000000000000000000000
331 102229037827199413411389969216349062382623651527038697611784315189351678723919717630918880369680380040111670988299963872505134869840225306835547707202555490174228287627833490436318968816690628637564199496468055470627626800883946223927735428662039602856677513537344829696434110025942774723286428874291126079229708315235377449961802608317500562926916174481247604239788107713265718496760021858991525427897416381160095755387532386097113471318081814086232746515431876575395853970034424010001540546414088999251322306749551575087998785738662898897040333183359320797290499003089188544396043190374080106284003238957702262880860921136650196451576799962880120825845465906466065190042706736878267256953779786739367876231168000000000000000000000000000000000000000000000000000000000000000000000000000000000
332 67880081117260410505162939559655777422062104613953695214224785285729514672682692506930136565467772346634149536231176011343409553573909603738803677582496845475687582984881437649715795294282577415342628465654788832496744195786940292688016324631594296296833868988796966918432249057226002416262188772529307716608526321316290626774636931922820373783472339855548409215219303521608437081848654514370372884123884477090303581577321504368483344955206324553258543686246766046062847036102857542641022922818955095502878011681702245858431193730472164867634781233750589009400891338051221193478972678408389190572578150667914302552891651634735730443846995175352400228361389361893467286188357273287169458617309778394940269817495552000000000000000000000000000000000000000000000000000000000000000000000000000000000
333 45208134024095433396438517746730747763093361672893161012673707000295856772006673209615470952601536382858343591129963223554710762680223796090043249269942899086807930267931037474710719665992196558618190558126089362442831634394102234930218872204641801333691356746538779967675877872112517609230617722504518939261278529996649557431908196660598368939792578343795240537336056145391219096511203906570668340826507061742142185330496121909409907740167412152470190095040346186677856126044503123398921266597424093604916755780013695741715175024494461801844764301677892280260993631142113314856995803819987200921337048344830925500225839988733996475602098786784698552088685315021049212601445944009254859439128312411030219698452037632000000000000000000000000000000000000000000000000000000000000000000000000000000000
334 30199033528095749508820929854816139505746365597492631556466036276197632323700457704023134596337826303749373518874815433334546789470389495788148890512321856589987697418977933033106760736882787301156951292828227694111811531775260292933386206632700723290905826306687905018407486418571161762966052638633018651426534058037761904364514675369279710451781442333655220678940485505121334356469484209589206451672106717243750979800771409435485818370431831317850086983486951252700807892197728086430479406087079294528084392861049148755465736916362300483632302553520832043214343745602931694324473196951751450215453148294347058234150861112474309645702201989572178632795241790434060874017765890598182246105337712690568186758565961138176000000000000000000000000000000000000000000000000000000000000000000000000000000000
335 20233352463824152170910023002726813468850064950320063142832244305052413656879306661695500179546343623512080257646126340334146348945160962178059756643255643915291757270715215132181529693711467491775157366194912555054913726289424396265368758443909484604906903625480896362333015900442678381187255267884122496455777818885300475924224832497417406002693566363548997854890125288431294018834554420424768322620311500553313156466516844321775498308189326982959558278936257339309541287772477817908421202078343127333816543216902929666162043733962741324033642710858957468953610309553964235197397041957673471644353609357212529016881076945357787462620475333013359683972811999590820785591903146700782104890576267502680685128239193962577920000000000000000000000000000000000000000000000000000000000000000000000000000000000
336 13596812855689830258851535457832418651067243646615082431983268172995221977422894076659376120655142915000117933138196900704546346491148166583656156464267792711076060885920624568825987954174106154472905750082981236996902024066493194290327805674307173654497439236323162355487786685097479872157835540018130317618282694290921919821079087438264496833810076596304926558486164193825829580656820570525444312800849328371826441145499319384233134863103227732548823163445164932016011745383105093634459047796646581568324717041758768735660893389222962169750607901697219419136826128020263966052650812195556572945005625488046819499344083707280433174880959423784977707629729663725031567917758914582925574486467251761801420406176738342852362240000000000000000000000000000000000000000000000000000000000000000000000000000000000
337 9164251864734945594465934898579050170819322217818565559156722748598779612783030607668419505321566324710079486935144711074864237535033864277384249456916492287265265037110500959388715881113347548114738475555929353735911964220816412951680941024483035043131274045281811427598768225755701433834381153972219834074722535952081373959407304933390270865987991625909520500419674666638609137362697064534149466827772447322611021332066541264973132897731575491737906812162041164178791916388212833109625398214939795977050859286145410127835442144336276502411909725743925888498220810285657913119486647419805130164933791578943556342557912418707011959869766651631074974942437793350671276776569508428891837203878927687454157353763121643082492149760000000000000000000000000000000000000000000000000000000000000000000000000000000000
338 6195034260560823221858971991439437915473861819245350317989944578052775018241328690783851585597378835504013733168157824686608224573682892251511752632875548786191319165086698648546771935632622942525563209475808243125476487813271895155336316132550531689156741254610504525056767320610854169272041660085220607834512434303607008796559338134971823105407882339114835858283700074647699776857183215625085039575574174390085050420476981895121837838866545032414825005021539826984863335478431875182106769193299302080486380877434297246416758889571322915630450974602893900624797267753104749268772973655788267991495243107365844087569148795045940084871962256502606683061087948305053783100960987697930881949822155116719010371143870230723764693237760000000000000000000000000000000000000000000000000000000000000000000000000000000000
339 4200233228660238144420383010195938906691278313448347515597182423919781462367620852351451375035022850471721311088011005137520376260957000946524968285089622077037714393928781683714711372358918355032331856024597988839073058737398344915318022337869260485248270570625922067988488243374159126766444245537779572111799430457845551964067231255510896065466544225919858711916348650611140448709170220193807656832239290236477664185083393724892606054751517531977251353404604002695737341454376811373468389513056926810569766234900453533070562527129356936797445760780762064623612547536605020004228076138624445698233774826794042291371882883041147377543190409908767331115417628950826464942451549659197137961979421169135489031635544016430712462015201280000000000000000000000000000000000000000000000000000000000000000000000000000000000
340 2856158595488961938205860446933238456550069253144876310606084048265451394409982179598986935023815538320770491539847483493513855857450760643636978433860943012385645787871571544926003733204064481421985662096726632410569679941430874542416255189751097129968823988025627006232172005494428206201182086965690109036023612711334975335565717253747409324517250073625503924103117082415575505122235749731789206645922717360804811645856707732926972117231031921744530920315130721833101392188976231733958504868878710231187441039732308402487982518447962717022263117330918203944056532324891413602875091774264623074798966882219948758132880360467980216729369478737961785158483987686561996160867053768254053814146006395012132541512169931172884474170336870400000000000000000000000000000000000000000000000000000000000000000000000000000000000
341 1947900162123472041856396824808468627367147230644805643833349320917037850987607846486509089686242197134765475230175983742576449694781418758960419291893163134447010427328411793639534546045171976329794221549967563304008521720055856437927886039410248242638737959833477618250341307747200036629206183310600654362568103869130453178855819167055733159320764550212593676238325850207422494493364781317080238932519293240068881542474274673856194983951563770629770087654919152290175149472881790042559700320575280377669834789097434330496804077581510573009183446019686215089846555045575944077160812590048472937012895413674005053046624405839162507809429984499289937478086079602235281381711330669949264701247576361398274393311299893059907211384169745612800000000000000000000000000000000000000000000000000000000000000000000000000000000000
342 1332363710892454876629775428168992541119128705761047060382010935507253890075523766996772217345389662840179585057440372879922291591230490431128926795654923583961755132292633666849441629494897631809579247540177813299941828856518205803542674050956609797964896764526098690883233454499084825054377029384450847583996583046485229974337380310266121480975402952345414074547014881541876986233461510420882883429843196576207114975052403876917637369022869619110762739955964700166479802239451144389110835019273491778326166995742645082059813989065753231938281477077465371121455043651173945748777995811593155488916820462953019456283891093593987155341650109397514317235010878447928932465090550178245297055653342231196419685024929126852976532586772105999155200000000000000000000000000000000000000000000000000000000000000000000000000000000000
343 914001505672224045368025943723928883207722292152078283422059501757976168591809304159785741098937308708363195349404095795626692031584116435754443781819277578597764020752746695458716957833499775421371363812561979923760094595571489181230274398956234321403919180464903701945898149786372189987302642157733281442621655969888867762395442892842559335949126425308954055139252208737727612556154596148725658032872432851278080872885949059565499235149688558709983239609791784314205144336263485050930032823221615359931750559079454526293032396499106717109661093275141244589318159944705326783661705126752904665396938837585771347010749290205475188564371975046694821623217462615279247671052117422276273780178192770600743903927101381021141901354525664715420467200000000000000000000000000000000000000000000000000000000000000000000000000000000000
344 628833035902490143213201849282063071646912937000629858994376937209487603991164801261932589876068868391353878400390017907391164117729872107799057321891662974075261646277889726475597266989447845489903498303042642187546945081753184556686428786481889213125896396159853746938777927053024066711264217804520497632523699307283541020528064710275680823132998980612560389935805519611556597438634362150323252726616233801679319640545532952981063473782985728392468468851536747608173139303349277715039862582376471367633044384646664714089606288791385421371446832173297176277450894041957264827159253127205998409793093920259010686743395511661366929732287918832126037276773614279312122397683856786526076360762596626173311805901845750142545628131913657324209281433600000000000000000000000000000000000000000000000000000000000000000000000000000000000
345 433894794772718198817109276004623519436369926530434602706120086674546446753903712870733487014487519190034176096269112356099903241233611754381349552105247452111930535931743911268162114222719013388033413829099423109407392106409697344113635862672503557056868513350299085387756769666586606030772310285119143366441352522025643304164364650090219767961769296622666669055705808531974052232657709883723044381365201323158730551976417737556933796910260152590803243507560355849639466119311001623377505181839765243666800625406198652721828339266055940746298314199575051631441116888950512730739884657772138902757234804978717373852942903046343181515278663994166965720973793852725364454401861182702992688926191672059585146072273567598356483411020423553704404189184000000000000000000000000000000000000000000000000000000000000000000000000000000000000
346 300255197982720993581439618995199475449967989159060745072635099978786141153701369306547573014025363279503649858618225750421133042933659334031893890056831236861455930864766786597568183042121557264519122369736800791709915337635510562126636016969372461483353011238406967088327684609277931373294438717302447209577415945241745166481740337862432079429544353262885334986548419504126044144999135239536346711904719315625841541967681074389398187461900025592835844507231766247950510554563213123377233585833117548617426032781089467683505210772110710996438433426105935728957252887153754809672000183178320120708006485045272422706236488908069481608572835483963540278913865346085952202446087938430470940736924637065232921082013308778062686520426133099163447698915328000000000000000000000000000000000000000000000000000000000000000000000000000000000000
347 208377107400008369545519095582668435962277784476388157080408759385277581960668750298744015671733602115975533001881048670792266331795959577818134359699440878381850416020148149898712319031232360741576270924597339749446681244319044330115885395776744488269446989799454435159299413118838884373066340469807898363446726665997771145538327794476527863124103781164442422480664603135863474636629399856238224618061875205044334030125570665626242342098558617761428076088018845776077654324866869907623800108568183578740493666750076090572352616275844833431528272797717519395896333503684705837912368127125754163771356500621419061358128123302200220236349547825870696953566222550183650828497585029270746832871425698123271647230917236291975504445175736370819432703047237632000000000000000000000000000000000000000000000000000000000000000000000000000000000000
348 145030466750405825203681290525537231429745337995566157327964496532153197044625450207925834907526587072718970969309209874871417366929987866161421514350810851353767889550023112329503774045737723076137084563519748465614890146046054853760656235460614163835535104900420286870872391530711863523654172966986297260958921759534448717294676144955663392734376231690451926046542563782560978347094062299941804334171065142710856484967397183275864670100596797961953940957261116660150047410107341455706164875563455770803383592058052959038357420927988004068343677867211393499543848118564555263187008216479524897984864124432507666705257173818331353284499285286806005079682090894927820976634319180372439795678512285893797066472718396459214951093842312514090325161320877391872000000000000000000000000000000000000000000000000000000000000000000000000000000000000
349 101231265791783265992169540786824987537962245920905177814919218579442931537148564245132232765453557776757841736577828492660249322117131530580672217016865974244929986905916132405993634283924930707143685025336784428999193321940146287924938052351508686357203503220493360235868929288436880739510612730956435488149327388155045204671683949179053048128594609719935444380486709520227562886271655485359379425251403469612177826507243233926553539730216564977443850788168259428784733092254924336082903083143292128020761747256520965408773479807735626839703887151313552662681605986758059573704531735102708378793435158853890351360269507325195284592580501130190591545618099444659619041690754787899962977383601575553870352397957440728532035863501934134835046962601972419526656000000000000000000000000000000000000000000000000000000000000000000000000000000000000
350 70861886054248286194518678550777491276573572144633624470443453005610052076003994971592562935817490443730489215604479944862174525481992071406470551911806181971450990834141292684195543998747451495000579517735749100299435325358102401547456636646056080450042452254345352165108250501905816517657428911669504841704529171708531643270178764425337133690016226803954811066340696664159294020390158839751565597675982428728524478555070263748587477811151595484210695551717781600149313164578447035258032158200304489614533223079564675786141435865414938787792721005919486863877124190730641701593172214571895865155404611197723245952188655127636699214806350791133414081932669611261733329183528351529974084168521102887709246678570208509972425104451353894384532873821380693668659200000000000000000000000000000000000000000000000000000000000000000000000000000000000000
351 49745044010082296908552112342645798876154647645532804378251304009938256557354804470057979180943878291498803429354344921293246516888358434127342327442087939743958595565567187464305271887120710949490406821450495868410203598401387885886314558925531368475929801482550437219905991852337883195395515095991992398876579478539389213575665492626586667850391391216376277368571169058239824402313891505505599049568539664967424183945659325151508409423428420029915908277305882683304817841534069818751138575056613751709402322601854402401871287977521287029030490146155479778441741181892910474518406894629470897339094037060801718658436435899600962848794058255375656685516734067105736797086836902774041807086301814227171891168356286374000642423324850433857942077422609246955398758400000000000000000000000000000000000000000000000000000000000000000000000000000000000000
352 35020510983097937023620687089222642408812871942455094282288918022996532616377782346920817343384490317215157614265458824590445547889404337625648998519229909579746851278159299974870911408532980508441246402301149091360783333274577071663965449483574083407054580243715507802813818264045869769558442627578362648809111952891730006357268506809117014166675539416328899267474103017000836379228979619875941730896251924137066625497744164906661920234093607701060799427223341409046591760439985152400801556839856081203419235111705499290917386736174986068437465062893457764022985792052608974060958453819147511726722202090804409935539250873319077845551017011784462306603780783242438705149133179552925432188756477215929011382522825607296452266020694705435991222505516909856600725913600000000000000000000000000000000000000000000000000000000000000000000000000000000000000
353 24724480754067143538676205084991185540621887591373296563295976124235552027162714336926097044429450163953901275671413930160854556809919462363708192954576316163301277002380465782258863454424284238959519960024611258500713033291851412594759607335403302885380533652063148508786555694416384057308260495070324030059233038741561384488231565807236612001672930827928202882836716730002590483735659611632414862012753858440769037601407380424103315685270087036948924395619679034786893782870629517594965899128938393329613979988864082499387675035739540164316850334402781181400227969189141935687036668396318143279065874676107913414490711116563268958959018010319830388462269232969161725835288024764365355125262072914445882036061114878751295299810610462037809803088894938358760112495001600000000000000000000000000000000000000000000000000000000000000000000000000000000000000
354 17504932373879537625382753200173759362760296414692293966813551095958770835231201750543676707456050716079362103175361062553885026221422979353505400611840031843617304117685369773839275325732393241183340131697424771018504827570630800117089801993465538442849417825660709144220881431646799912574248430509789413281936991429025460217667948591523521297184435026173167641048395444841834062484847005035749722305029731776064478621796425340265147505171221622159838472098732756629120798272405698457235856583288382477366697832115770409566473925303594436336330036757169076431361402185912490466421961224593245441578639270684402697459423470526794422942984751306439915031286616942166501891383921533170671428685547623427684481531269334155917072265912207122769340586937616358002159646461132800000000000000000000000000000000000000000000000000000000000000000000000000000000000000
355 12428501985454471714021754772123369147559810454431528716437621278130727293014153242886010462293796008416347093254506354413258368617210315340988834434406422608968285923556612539425885481269999201240171493505171587423138427575147868083133759415360532294423086656219103492396825816469227937927716385661950483430175263914608076754544243499981700121000948868582949025144360765837702184364241373575382302836571109561005779821475461991588254728671567351733485315190100257206675766773408045904637458174134751558930355460802196990792196486965552049798794326097590044266266595551997868231159592469461204263520833882185925915196190664074024040289519173427572339672213498028938216342882584288551176714366738812633655981887201227250701121308797667057166231816725707614181533348987404288000000000000000000000000000000000000000000000000000000000000000000000000000000000000000
356 8849093413643583860383489397751838833062585043555248446103586350029077832626077108934839449153182757992439130397208524342239958455453744522784050117297372897585419577572308128071230462664239431283002103375682170245274560433505282075191236703736698993629237699228001686586539981326090291804534066591308744202284787907200950649235501371986970486152675594431059705902784865276443955267339857985672199619638630007436115232890528938010837366814155954434241544415351383131153145942666528684101870219983943109958413088091164257444043898719473059456741560181484111517581816033022482180585629838256377435626833724116379251619687752820705116686137651480431505846616010596604010036132400013448437820629118034595163059103687273802499198371863938944702357053508703821297251744479031853056000000000000000000000000000000000000000000000000000000000000000000000000000000000000000
357 6318252697341518876313811429994812926806685721098447390517960653920761572495019055779475366695372489206601539103606886380359330337193973589267811783750324248875989578386628003442858550342266953936063501810237069555126036149522771401686543006468003081451275717248793204222789546666828468348437323546194443360431338565741478763554147979598696927113010374423776630014588393807380984060880658601769950528421981825309386276283837661739737879905307351466048462712560887555643346203063901480448735337068535380510306944897091279815047343685703764452113473969579655623553416647578052276938139704515053489037559279019094785656457055513983453313902283157028095174483831565975263165798533609602184603929190276700946424200032713494984427637510852406517482936205214528406237745558028743081984000000000000000000000000000000000000000000000000000000000000000000000000000000000000000
358 4523868931296527515440688983876286055593586976306488331610859828207265285906433643938104362553886702271926701998182530648337280521430885089915753237165232162195208538124825650465086722045063139018221467296129741801470241883058304323607564792631090206319113413550135934223517315413449183337481123659075221446068838413070898794704769953392666999812915428087424067090445289966084784587590551558867284578350138986921520573819227765805652322012200063649690699302193595489840635881393753460001294501341071332445379772546317356347573898078963895347713247362219033426464246319665885430287708028432778298150892443777671866530023251748012152572754034740432116144930423401238288426711750064475164176413300238117877639727223422862408850188457770323066517782322933602338866225819548580046700544000000000000000000000000000000000000000000000000000000000000000000000000000000000000000
359 3248137892670906756086414690423173387916195448988058622096597356652816475280819356347558932313690652231243372034695057005506167414387375494559510824284636692456159730373624817033932266428355333815083013518621154613455633672035862504350231521109122768137123430928997600772485432466856513636311446787216008998277425980584905334598024826535934905865673277366770480170939718195648875333890016019266710327255399792609651772002205535848458367204759645700477922098975001561705576562840714984280929451962889216695782676688255861857558058820696076859658111606073266000201328857520105738946574364414734818072340774632368400168556694755072725547237396943630259392060044002089091090379036546293167878664749570968636145324146417615209554435312679091961759767707866326479305950138435880473530990592000000000000000000000000000000000000000000000000000000000000000000000000000000000000000
360 2338659282723052864382218577104684839299660723271402207909550096790027862202189936570242431265857269606495227864980441043964440538358910356082847793484938418568435005869009868264431231828415840346859769733407231321688056243865821003132166695198568393058728870268878272556189511376136689818144241686795526478759746706021131840910577875105873132223284759704074745723076597100867190240400811533872031435623887850678949275841587985810890024387426944904344103911262001124428015125245314788682269205413280236020963527215544220537441802350901175338953840356372751520144956777414476132041533542378609069012085357735305248121360820223652362394010925799413786762283231681504145585072906313331080872638619691097418024633385420682950879193425128946212467032749663755065100284099673833940942313226240000000000000000000000000000000000000000000000000000000000000000000000000000000000000000
361 1688512002126044168083961812669582453974355042201952394110695169882400116509981134203715035373948948655889554518515878433742326068695133277091816106896125538206410074237425124886919349380116236730432753747520021014258776608071122764261424353933366379788402244334130112785568827213570690048700142497866370117664537121747257189137437225826440401465211596506341966412061303106826111353569385927455606696520447028190201377157626525755462597607722254220936443023931164811837026920427117277428598366308388330407135666649622927228032981297350648594724672737301126597544658793293251767333987217597355747826725628284890389143622512201477005648475888427176754042368493274045993112422638358225040390045083416972335813785304273733090534777652943099165401197645257231157002405119964508105360350149345280000000000000000000000000000000000000000000000000000000000000000000000000000000000000000
362 1222482689539255977692788352372777696677433050554213533336143302994857684353226341163489685610739038826864037471405495986029444073735276492614474861392794889661440893747895790418129608951204155392833313713204495214323354264243492881325271232247757258966803224897910201656751830902625179595258903168455251965189124876145014204935504551498342850660813195870591583682332383449342104619984235411477859248280803648409705797062121604646954920667990912055957984749326163323770007490389232908858305217207273151214766222654326999313095878459281869582580663061806015656622332966344314279549806745540485561426549354878260641739982698833869352089496543221275969926674789130409299013393990171354929242392640393887971129180560294182757547179020730803795750467095166235357669741306854303868280893508125982720000000000000000000000000000000000000000000000000000000000000000000000000000000000000000
363 887522432605499839804964343822636607787816394702359025202040037974266678840442323684693511753396542188303291204240390085857376397531810733638108749371169089894206088860972343843562096098574216815196985755786463525598755195840775831842146914611871770009899141275882806402801829235305880386157963700298512926727304660081280312783176304387796909579750380202049489753373310384222367954108554908732925814251863448745446408667100284973689272404961402152625496928010794573057025438022583091831129587692480307781920277647041401501307607761438637316953561382871167366707813733565972166953159697262392517595674831641617225903227439353389149616974490378646354166765896908677151083724036864403678629977056925962667039785086773576681979251969050563555714839111090686869668232188776224608371928686899463454720000000000000000000000000000000000000000000000000000000000000000000000000000000000000000
364 646116330936803883378014042302879450469530335343317370347085147645266142195842011642456876556472682713084795996687003982504170017403158214088543169542211097442982032690787866318113205959762029841463405630212545446635893782572084805581082953837442648567206574848842683061239731683302680921122997573817317410657477792539172067706152349594316150174058276787092028540455769959713883870591027973557569992775356590686684985509649007460845790310811900767111361763591858449185514518880440490853062339840125664065237962127046140292951938450327327966742192686730209842963288398036027737541900259607021752809651277435097340457549575849267300921157428995654545833405572949516965988951098837285878042623297442100821604963543171163824480895433468810268560402872874020041118473033429091514894764084062809395036160000000000000000000000000000000000000000000000000000000000000000000000000000000000000000
365 471664921583866834865950250881101998842757144800621680353372157781044283802964668498993519886225058380551901077581512907228044112704305496284636513765814101133376883864275142412222640350626281784268286110055158176044202461277621908074190556301333133454060799639655158634705004128810957072419788228886641709779958788553595609425491215203850789627062542054577180834532712070591135225531450420697026094726010311201280039422043775446417426926892687559991294087422056667905425598782721558322735508083291734767623712352743682413854915068738949415721800661313053185363200530566300248405587189513125879551045432527621058534011190369965129672444923166827818458386068253147385171934302151218690971115007132733599771623386514949591871053666432231496049094097198034630016485314403236805873177781365850858376396800000000000000000000000000000000000000000000000000000000000000000000000000000000000000000
366 345258722599390523121875583644966663152898229994055070018668419495724415743770137341263256556716742734563991588789667448090928290499551623280353928076575922029631878988649404245746972736658438266084385432560375784864356201655219236710307487212575853688372505336227576120604063022289620577011284983545021731558929833221231986099459569529218778007009780783950496370877945235672710985089021707950223101339439547799336988856936043626777556510485447293913627271992945480906771538308952180692242391916969549849900557442208375526941797830316910972308358084081154931685862788374531781832889822723608143831365256610218614846896191350814474920229683758117963111538601961303885945855909174692081790856185221160995032828318928943101249611283828393455107936879148961349172067250143169341899166135959802828331522457600000000000000000000000000000000000000000000000000000000000000000000000000000000000000000
367 253419902387952643971456678395405530754227300815636421393702619909861721155927280808487230312630089167169969826171615906898741365226670891487779783208206726769749799177668662716378277988707293687305938907499315826090437452014930919745365695614030676607265418916791040872523382258360581503526283177922045950964254497584384277797003324034446583057145179095419664336224411802983769863055341933635463756383148628084713349820991056022054726478696318313732602417642821982985570309118770900628105915667055649589827009162580947636775279607452612653674334833715567719857423286666906327865341129879128377572222098351900463297621804451497824591448587878458584923869333839597052284258237334223988034488439952332170354095986093844236317214682330040796049225669295337630292297361605086296953987943794495275995337483878400000000000000000000000000000000000000000000000000000000000000000000000000000000000000000
368 186517048157533145962992115299018470635111293400308406145765128253658226770762478675046601510095745627037097792062309307477473644806829776135005920441240150902535852194764135759254412599688568153857171035919496448002561964682989156932589151971926577982947348322758206082177209342153387986595344418950625819909691310222106828458594446489352685130058851814228872951461167086996054619208731663155701324697997390270349025468249417232232278688320490278907195379385116979477379747511415382862285953930952958098112678743659577460666605791085122913104310437614657841815063538986843057308891071591038485893155464386998740987049648076302398899306160678545518503967829705943430481214062677988855193383491804916477380614645765069357929470006194910025892230092601368495895130858141343514558135126632748523132568388134502400000000000000000000000000000000000000000000000000000000000000000000000000000000000000000
369 137649581540259461720688181090675631328712134529427603735574664651199771356822709262184391914450660272753378170541984268918375549867440374787634369285635231366071458919735932190329756498570163297546592224508588378625890729936045997816250794155281814551415143062195556088646780494509200334107364181185561855093352186943914839402442701509142281625983432638900908238178341310203088308976043967408907577627122074019517580795568069917387421671980521825833510189986216330854306253663424552552367034001043283076407156912820768165971955073820820709870981102959617487259516891772290176293961610834186402589148732717605070848442640280311170387687946580766592655928258322986251695135978256355775132717016952028360306893608574621186151948864571843599108465808339809949970606573308311513743903723454968410071835470443262771200000000000000000000000000000000000000000000000000000000000000000000000000000000000000000
370 101860690339792001673309254007099967183246979551776426764325251841887830804048804854016450016693488601837499846201068358999597906901905877342849433271370071210892879600604589820844019808941920840184478246136355400183159140152674038384025587674908542768047205866024711505598617565936808247239449494077315772769080618338496981157807599116765288403227740152786672096251972569550285348642272535882591607444070334774443009788720371738866692037265586151116797540589800084832186627710934168888751605160772029476541296115487368442819246754627407325304526016190116940572042499911494730457531592017297937915970062211027752427847553807430266086889080469767278565386911159009826254400623909703273598210592544500986627101270345219677752442159783164263340264698171459362978248864248150520170488755356676623453158248128014450688000000000000000000000000000000000000000000000000000000000000000000000000000000000000000000
371 75580632232125665241595466473268175649969258827418108659129336866680770456604213201680205912386568542563424885881192722377701646921214160988394279487356592838482516663648605647066262698234905263416882858633175706935904081993284136480946986054782138733891026752590335937154174233925111719451671524605368303394657818807164760019093238544639843995194983193367710695418963646606311728692566221624882972723500188402636713263230515830239085491651064924128663775117631662945482477761513153315453691029292845871593641717691627384571881091933536235375958304013066769904455534934329089999488441276835069933649786160582592301462884925113257436471697708567320695517088079985291080765262940999829009872259668019732077309142596153000892312082559107883398476406043222847329860657272127685966502656474654054602243420110986722410496000000000000000000000000000000000000000000000000000000000000000000000000000000000000000000
372 56231990380701494939747027056111522683577128567599072842392226628810493219713534622050073198815606995667188115095607385449010025309383335775365343938593305071830992397754562601417299447486769515982160846823082725960312637003003397541824557624757911218014923903927209937242705630040283119272043614306394017725625417192530581454205369477212043932425067495865576757391708953075095926147269268888912931706284140171561714667843503777697879605788392303551725848687517957231438963454565786066697546125793877328465669437962570774121479532398550959119712978185721676808914917991140842959619400309965292030635440903473448672288386384284263532734943095174086597464713531509056564089355628103872783344961193006680665518002091537832663880189423976265248466446096157798413416329010462998359077976417142616624069104562574121473409024000000000000000000000000000000000000000000000000000000000000000000000000000000000000000000
373 41949064824003315225051282183859195921948537911428908340424601065092627941906296828049354606316442818767722333861323109544961478880799968488422546578190605583585920328724903700657305387825130058922691991730019713566393227204240534566201119988069401768639133232329698613183058400010051206976944536272569937223316561225627813764837205630000184773589100351915720261014214878994021560905862874591129047052887968567985039142211253818162618185918140658449587483120888396094653466737106076405756369409842232487035389400720077797494623731169319015503305881726548370899450528821391068847876072631234107854854038913991192709527136242676060595420267548999868601708676294505756196810659298565489096375341049982983776476429560287223167254621310286293875355968787733717616408581441805396775872170407188392001555552003680294619163131904000000000000000000000000000000000000000000000000000000000000000000000000000000000000000000
374 31377900488354479788338359073526678549617506357748823438637601596689285700545910027380917245524699228438256305728269685939631186202838376429340064840486572976522268405886227968091664430093197284074173609814054745747662133948771919855518437751075912522942071657782614562660927683207518302818754513131882313043040787796769604696098229811240138210644647063232958755238632729487528127557585430194164527195560200488852809278374017855985638403066769212520291437374424520278800793119355345151505764318561989900302471271738618192525978550914650623596472799531458181432788995558400519498211302328163112675430821107665412146726297909521693325374360126651901714078089868290305635214373155326985844088755105387271864804369311094842929106456740094147818766264653224820777073618918470436788352383464576917217163552898752860375134022664192000000000000000000000000000000000000000000000000000000000000000000000000000000000000000000
375 23533425366265859841253769305145008912213129768311617578978201197516964275409432520535687934143524421328692229296202264454723389652128782322005048630364929732391701304414670976068748322569897963055630207360541059310746600461578939891638828313306934392206553743336960921995695762405638727114065884848911734782280590847577203522073672358430103657983485297424719066428974547115646095668189072645623395396670150366639606958780513391989228802300076909390218578030818390209100594839516508863629323238921492425226853453803963644394483913185987967697354599648593636074591746668800389623658476746122334506573115830749059110044723432141269994030770094988926285558567401217729226410779866495239383066566329040453898603276983321132196829842555070610864074698489918615582805214188852827591264287598432687912872664674064645281350516998144000000000000000000000000000000000000000000000000000000000000000000000000000000000000000000000
376 17697135875431926600622834517469046701984273585770336419391607300532757135107893255442837326475930364839176556430744102869951989018400844306147796570034427158758559380919832574003698738572563268217833915935126876601681443547107362798512398891606814662939328414989394613340763213329040322789777545406381624556275004317378057048599401613539437950803580943663388737954588859430965863942478182629508793338295953075712984433002946070775900059329657835861444370679175429437243647319316414665449251075668962303770593797260580660584651902715862951708410658935742414328092993494937892996991174513083995548942983104723292450753632020970235035511139111431672566740042685715732378260906459604420016066057879438421331749664291457491412016041601413099369784173264418798918269521070017326348630744274021381310480243834896613251575588782604288000000000000000000000000000000000000000000000000000000000000000000000000000000000000000000000
377 13343640450075672656869617226171661213296142283670833660221271904601698879871351514603899344162851495088739123548781053563943799719874236606835438613805958077703953773213553760798788848883712704236246772615085664957667808434518951550078348764271538255856253624902003538458935462850096403383492269236411744915431353255303055014643948816608736214905900031522195108417760000010948261412628549702649630177075148619087590262484221337365028644734562008239529055492098273795681710078764576657748735311054397577043027723134477818080827534647760665588141636837549780403382117095183171319731345582865332643903009260961362507868238543811557216775398890019481115321992185029662213208723470541732692113807641096569684139246875758948524660095367465476924817266641371774384375218886793064066867581182612121508102103851512046391687993942083633152000000000000000000000000000000000000000000000000000000000000000000000000000000000000000000000
378 10087792180257208528593430622985775877251883566455150247127281559878884353182741745040547904187115730287086777402878476494341512588224922874767591592037304306744189052549446643163884369756086804402602560097004762707996863176496327371859231665789282921427327740425914675074955209914672880957920155542727279156066103061009109591070825305356204578468860423830779501963826560008276885627947183575203120413868812356030218238438071331047961655419328878229083965952026294989535372819546019953258043895157124568244528958689665230469105616193707063184635077449187633984956880523958477517716897260646191478790675001286790055948388339121537255882201560854727723183426091882424633185794943729549915238038576669006681209270638073765084643032097803900555161853580877061434587665478415556434551891374054763860125190511743107072116123420215226662912000000000000000000000000000000000000000000000000000000000000000000000000000000000000000000000
379 7646546472634964064673820412223218114956927743373003887322479422388194339712518242740735311373833723557611777271381885182710866541874491539073834426764276664512095301832480555518224352275113797737172740553529610132661622287784216147869297602668276454441914427242843323706816049115322043766103477901387277600298106120244905070031685581460003070479396201263730862488580532486273879305983965150003965273712559765870905424736058068934354934807851289697645646191635931602067812597215883124569597272529100422729352950686766244695582057074829953893953388706484226560597315437160525958429408123569813140923331650975386862408878361054125239958708783127883614173036977646877871954832567346998835750433241115107064356627143659913934159418330135356620812685014304812567417450432638991777390333661533511005974894407901275160664021552523141810487296000000000000000000000000000000000000000000000000000000000000000000000000000000000000000000000
380 5811375319202572689152103513289645767367265084963482954365084361015027698181513864482958836644113629903784950726250232738860258571824613569696114164340850265029192429392685222193850507729086486280251282820682503700822832938716004272380666178027890105375854964704560926017180197327644753262238643205054330976226560651386127853224081041909602333564341112960435455491321204689568148272547813514003013608021545422061888122799404132390109750453966980170210691105643308017571537573884071174672893927122116321274308242521942345968642363376870764959404575416928012186053959732241999728406350173913057987101732054741294015430747554401135182368618675177191546771508103011627182685672751183719115170329263247481368911036629181534589961157930902871031817640610871657551237262328805633750816653582765468364540919750004969122104656379917587775970344960000000000000000000000000000000000000000000000000000000000000000000000000000000000000000000000
381 4428267993232360389133902877126710074733855994742174011226194283093451106014313564736014633522814585986684132453402677347011517031730355540108438993227727901952244631197226139311714086889563902545551477509360067820026998699301595255554067627657252260296401483104875425625091310363665301985825846122251400203884639216356229424156749753935116978176027928075851817084386757973450928983681433897670296369312417611611158749573145948881263629845922838889700546622500200709389511631299662235100745172467052636811022880801720067628105480893175522899066286467699145285773117315968403793045638832521750186171519825712866039758229636453665008964887430485019958639889174494859913206482636401993965759790898594580803110209911436329357550402343347987726245042145484203054042793894549892918122290030067286893780180849503786471043748161497201885289402859520000000000000000000000000000000000000000000000000000000000000000000000000000000000000000000000
382 3383196746829523337298301798124806497096665979983020944576812432283396644994935563458315180011430343693826677194399645493116799012241991632642847390825984117091514898234680770434149562383626821544801328817151091814500627006266418775243307667530140726866450733092124825177569761117840290717170946437400069755767864361296159280055756812006429371326485337049950788252471483091716509743532615497820106426154687055270925284673883504945285413202285048911731217619590153341973586886312941947616969311764828214523621480932514131667872587402386099494886642861322146998330661629399860497886868068046617142235041146844629654375287442250600066849173996890555248400875329314072973689752734211123389840480246526259733576200372337355629168507390317862622851212199149931133288694535436118189445429582971407186848058169020892863877423595383862240361103784673280000000000000000000000000000000000000000000000000000000000000000000000000000000000000000000000
383 2591528708071414876370499177363601776776046140666994043545838323129081830066120641609069427888755643269471234730910128447727468043377365590604421101372703833692100412047765470152558564785858145303317817873937736329907480286800076781836373673328087796779701261548567616086018437016265662689352944971048453432918184100752858008522709717996924898436087768180262303801393156048254846463545983471330201522434490284337528768060194764788088626512950347466386112696606057459951767554915713531874598492811858412325094054394305824857590401950227752213083168431772764600721286808120293141381340940123708730952041518482986315251470180763959651206467281618165320275070502254579897846350594405720516617807868839114955919369485210414411943076660983482769104028544548847248099140014144066533115199060556097905125612557470003933730106474064038476116605499059732480000000000000000000000000000000000000000000000000000000000000000000000000000000000000000000000
384 1990294047798846625052543368215246164564003436032251425443203832163134845490780652755765320618564334030953908273338978647854695457313816773584195405854236544275533116452683881077164977755539055592948084127184181501368944860262458968450334981115971427926810568869299929154062159628492028945423061737765212236481165389378194950545441063421638321998915405962441449319469943845059722084003315305981594769229688538371222093870229579357252065161945866854184534550993452129242957482175267992479691642479507260665672233774826873490629428697774913699647873355601483213353948268636385132580869842015008305371167886194933490113129098826721012126566872282750965971254145731517361545997256503593356762476443268440286146075764641598268372282875635314766671893922213514686540139530862643097432472878507083191136470444136963021104721772081181549657553023277874544640000000000000000000000000000000000000000000000000000000000000000000000000000000000000000000000
385 1532526416805111901290458393525739546714282645744833597591266950765613831027901102621939296876294537203834509370471013558848115502131638915659830462507762139092160499668566588429417032871765072806570024777931819756054087542402093405706757935459297999503644138029360945448627862913938862287975757538079213422090497349821210111919989618834661507939164862591079915975991856760695986004682552785605827972306860174545841012280076776105084090174698317477722091604264958139517077261274956354209362564709220590712567620006616692587784660097286683548728862483813142074282540166850016552087269778351556395135799272370098787387109406096575179337456491657718243797865692213268368390417887507766884707106861316699020332478338774030666646657814239192370337358320104406308635907438764235185023004116450454057175082241985461526250635764502509793236315827923963399372800000000000000000000000000000000000000000000000000000000000000000000000000000000000000000000000
386 1183110393773546387796233879801870930063426202515011537340458085991053877553539651224137137188499382721360241234003622467430745167645625242889389117055992371379147905744133406267509949377002636206672059128563364851673755582734416109205617126174578055616813274558666649886340710169560801686317284819397152761853863954061974206402231985740358684129035273920313695133465713419257301195614930750487699194620896054749389261480219271153124917614867101092801454718492547683707183645704266305449627899955518296030102202645108086677769757595105319699618681837503745681346121008808212778211372268887401537044837038269716263862848461506556038448516411559758484211952314388643180397402609155996034993886496936491643696673277533551674651219832592656509900440623120601670266920542725989562837759177899750532139163490812776298265490810195937560378435819157299744315801600000000000000000000000000000000000000000000000000000000000000000000000000000000000000000000000
387 915727444780724904154285022966648099869091880746618929901514558557075701226439690047482144183898522226332826715118803789791396759757713937996387176601338095447460479045959256451052700817800040423964173765508044395195486821036438068525147655659123415047413474508407987012027709671240060505209578450213396237674890700443968035755327556963037621515873302014322800033302462186505151125405956400877479176636573546376027288385689715872518686233907136245828325952113231907189360141775102120418011994565571161127299104847313659088593792378611517447504859742227899157361897660817556690335602136118848789672703867620760388229844709206074373759151702547253066780051091336809821627589619486740931085268148628844532221225116810968996180044150426716138662941042295345692786596500069915921636425603694406911875712541889088854857489887091655671732909324027750002100430438400000000000000000000000000000000000000000000000000000000000000000000000000000000000000000000000
388 710604497149842525623725177822118925498415299459376289603575297440290744151717199476846143886705253247634273530932191740878123885571986015885196449042638362067229331739664383006016895834612831368996198842034242450671697773124275941175514580791479770076792856218524597921333502704882286952042632877365595480435715183544519195746134184203317194296317682363114492825842710656727997273315022167080923841069981071987797175787295219517074500517511937726762780938839867959978943470017479245444377307782883221034784105361515399452748782885802537539263771159968849746112832584794423991700427257628226660786018201273710061266359494343913714037101721176668379821319646877364421583009544721710962522168083335983357003670690645311941035714260731131723602442248821188257602398884054254755189866268466859763615552932505932951369412152383124801264737635445534001629934020198400000000000000000000000000000000000000000000000000000000000000000000000000000000000000000000000
389 552850298782577484935258188345608524037767102979394753311581581408546198950035981192986299943856687026659464807065245174403180382975005120358682837355172645688304420093458889978681144959328782805079042699102640626622580867490686682234550343855771261119744842138012137182797465104398419248689168378590433283778986412797635934290492395310180777162535156878503075418505628890934381878639087245988958748352445274006506202762515680784283961402624287551421443570417417272863618019673598852955725545455083145965062033971258980774238553085154374205547213962455765102475783750970061865542932406434760342091522160590946427665227686599564869520865139075447999500986685270589519991581425793491128842246768835395051748855797322052690125785694848820480962700069582884464414666331794210199537715956867216896092900181489615836165402654554071095383965880376625453268088667714355200000000000000000000000000000000000000000000000000000000000000000000000000000000000000000000000
390 431223233050410438249501386909574648749458340323927907583033633498666035181028065330529313956208215880794382549510891236034480698720503993879772613137034663636877447672897934183371293068276450587961653305300059688765613076642735612142949268207501583673400976867649467002582022781430767013977551335300537961347609401982156028746584068341941006186777422365232398826434390534928817865338488051871387823714907313725074838154762231011741489894046944290108725984925585472833622055345407105305465925454964853852748386497582005003906071406420411880326826890715496779931111325756648255123487277019113066831387285260938213578877595547660598226274808478849439610769614511059825593433512118923080496952479691608140364107521911201098298112841982079975150906054274649882243439738799483955639418446356429178952462141561900352209014070552175454399493386693767853549109160817197056000000000000000000000000000000000000000000000000000000000000000000000000000000000000000000000000
391 337216568245420962711110084563287375322076422133311623729932301395956839511563947088473923513754824818781207153717516946578963906399434123213982183473161106964038164080206184531396351179392184359786012884744646676614709425934619248695786327738266238432599563910501883196019141815078859804930445144205020685773830552350046014479828741443397866838059944289611735882271693398314335570694697656563425278145057519333008523437024064651181845097144710434865023720211807839755892447280108356348874353705782515712849238241109127913054547839820762090415578628539518481906129056741698935506567050628946418262144857074053683018682279718270587812946900230460261775621838547648783614065006476997848948616839118837565764732082134559258869124242429986540568008534442776207914369875741196453310025225050727617940825394701406075427449003171801205340403828394526461475403363759048097792000000000000000000000000000000000000000000000000000000000000000000000000000000000000000000000000
392 264377789504410034765510306297617302252507914952516313004266924294430162177066134517363556034783782657924466408514533286117907702617156352599762031842958307859805920638881648672614739324643472538072234101639802994465932189932741490977496480946800730931158058105833476425679007183021826087065468993056736217646683153042436075352185733291623927601038996323055600931701007624278439087424642962745725418065725095157078682374626866686526566556161452980934178596646057346368619678667604951377517493305333492318873802781029556283834765506419477478885813644774982489814405180485491965437148567693093991917521567946058087486646907299124140845350369780680845232087521421356646353426965077966313575715601869168651559549952393494458953393406065109447805318691003136547004865982581098019395059776439770452465607109445902363135120018486692144986876601461308745796716237187093708668928000000000000000000000000000000000000000000000000000000000000000000000000000000000000000000000000
393 207800942550466287325691100749927199570471221152677822021353802495422107471173981730647755043340053169128630597092423162888675454257084893143412957028565229977807453622160975856675185109169769414924776003888885153650222701287134811908312234024185374511890233671185112470583699645855155304433458628542594667070292958291354755226817986367216407094416651109921702332316991992682853122715769368718140178599659924793463844346456717215609881313142902043014264376963801074245735067432737491782728749737992124962634808985889231239094125688045709298404249524793136236994122471861596684833598774206771877647171952405601656764504469137111574704445390647615144352420791837186324033793594551281522470512463069166560125806262581286644737367217167176025974980491128465325945824662308743043244516984281659575637967188024479257424204334530540025959685008748588674196218962429055655013777408000000000000000000000000000000000000000000000000000000000000000000000000000000000000000000000000
394 163747142729767434412644587390942633261531322268310123752826796366392620687285097603750430974151961897273360910508829452356276257954582895797009410138509401222512273454262848975060045866025778298960723491064441501076375488614262231783750040411058075115369504132893868626819955320933862379893565399291564597651390851133587547118732573257366528790400321074618301437865789690234088260700026262549894460736532020737249509345007893165900586474756606809895240329047475246505639233136997143524790254793537794470556229480880714216406171042180018927142548625536991354751368507826938187648875834074936239585971498495614105530429521680043920867102967830320733749707583967702823338629352506409839706763820898503249379135334914053876053045367127734708468284627009230676845309833899289518076679383613947745602718144163289654850273015610065540456231786893887875266620542394095856150856597504000000000000000000000000000000000000000000000000000000000000000000000000000000000000000000000000
395 129360242756516273185989224038844680276609744591964997764733169129450170342955227106962840469580049898845955119301975267361458243784120487679637434009422426965784696028867650690297436234160364856178971557940908785850336636005267163109162531924735879341141908264986156215187764703537751280115916665440336032144598772395534162223798732873319557744416253648948458135913973855284929725953020747414416623981860296382427112382556235601061463315057719379817239859947505444739454994178227743384584301286894857631739421289895764230960875123322214952442613414174223170253581121183281168242611908919199629272917483811535143369039322127234697485011344585953379662268991334485230437517188480063773368343418509817567009516914582102562081905840030910419689944855337292234707794768780438719280576713055018719026147333888998827331715682331951776960423111646171421460630228491335726359176712028160000000000000000000000000000000000000000000000000000000000000000000000000000000000000000000000000
396 102453312263160888363303465438764986779074917716836278229668669950524534911620539868714569651907399519885996454487164411750274929077023426242272847735462562156901479254863179346715569497455008966093745473889199758393466615716171593182456725284390816438184391345869035722428709645201899013851805999028746137458522227737263056481248596435669089733577672889967178843643867293385664342954792431952217966193633354734882273006984538596040678945525713748815253969078424312233648355389156372760590766619220727244337621661597445270921013097671194242334549824025984750840836247977158685248148631864006106384150647178735833548279143124769880408128984912075076692517041136912302506513613276210508507727987459775513071537396349025229168869425304481052394436325427135449888573456874107465670216756739574825468708688440087071246718820406905807352655104423767765796819140965137895276467955926302720000000000000000000000000000000000000000000000000000000000000000000000000000000000000000000000000
397 81347929936949745360462951558379399502585484667168004914356923940716480719826708655759368303614475218789481184862808542929718293687156600436364641101957274352579774528361364401292162180979277119078433906268024608164412492878640244986870639875806308251918406728620014363608395458290307816998333963228824433142066648823386866846111385569921257248460672274633940001853230630948217488306105190970061065157744883659496524767545723645256299082747416716559311651448268903913516794178990159971909068695661257432004071599308371545111284399550928228413632560276631892167623980893863996087030013700020848469015613859916251837333639641067285044054414020187610893858530662708368190171808941311143755136022043061757378800692701126031960082323691757955601182442389145547211527324758041327742152104851222411422154698621429134569894743403083211038008152912471606042674397926319488849515557005484359680000000000000000000000000000000000000000000000000000000000000000000000000000000000000000000000000
398 64752952229811997306928509440470002004058045795065731911828111456810318652982060089984457169677122274156427023150795600172055761774976653947346254317157990384653500524575646063428561096059504586786433389389347588098872344331397635009549029341141821368527051755981531433432282784799085022330673834730144248781085052463415946009504662913657320769774695130608616241475171582234781120691659732012168607865564927392959233714966396021624014069866943706381212074552822047515159368166476167337639618681746360915875240993049463749908582382042538869817251517980198986165428688791515740885275890905216595381336428632493336462517577154289558895067313560069338271511390407515861079376759917283670429088273546277158873525351390096321440225529658639332658541224141759855580375750507400896882753075461573039492035140102657591117636215748854235986254489718327398409968820749350313124214383376365550305280000000000000000000000000000000000000000000000000000000000000000000000000000000000000000000000000
399 51672855879389973850928950533495061599238320544462454065638832942534634285079683951807596821402343574776828764474334888937300497896431369849982310945092076326953493418611365558615991754655484660255573844732699375302900130776455312737620125414231173452084587301273262083878961662269669847819877720114655110527305871865805924915584721005098541974280206714225675760697186922623355334311944466145710549076720812059581468504543184025255963227753821077692207235493151993917097175796847981535436415708033596010868442312453472072427048740869946018114166711348198790960012093655629561226450160942362843114306470048729682497089026569123067998263716220935331940666089545197657141342654413992369002412442289929172781073230409296864509299972667594187461515896865124364753139848904905915712436954218335285514644041801920757711873700167585680317031082795225263931155118957981549873123077934339709143613440000000000000000000000000000000000000000000000000000000000000000000000000000000000000000000000000
400 41338284703511979080743160426796049279390656435569963252511066354027707428063747161446077457121874859821463011579467911149840398317145095879985848756073661061562794734889092446892793403724387728204459075786159500242320104621164250190096100331384938761667669841018609667103169329815735878255902176091724088421844697492644739932467776804078833579424165371380540608557749538098684267449555572916568439261376649647665174803634547220204770582203056862153765788394521595133677740637478385228349132566426876808694753849962777657941638992695956814491333369078559032768009674924503648981160128753890274491445176038983745997671221255298454398610972976748265552532871636158125713074123531193895201929953831943338224858584327437491607439978134075349969212717492099491802511879123924732569949563374668228411715233441536606169498960134068544253624866236180211144924095166385239898498462347471767314890752000000000000000000000000000000000000000000000000000000000000000000000000000000000000000000000000000
401 33153304332216607222756014662290431522071306461327110528513875215930221357307125223479754120611743637576813335286733264742171999450350366895748650702371076171373361377381052142408020309786958958019976178780499919194340723906173728652457072465770720886857471212496924953016741802512220174361233545225562718914319447389101081425839156996871224530698180627847193568063315129555144782494543569479087888287624073017427470192514906870604226006926851603447320162292406319297209547991257664953136004318274355200573192587670147681669194472142157365222049362001004344279943759289451926482890423260620000142139031183264964290132319446749360427686000327352108973131363052198816821885447072017503951947822973218557256336584630604868269166862463528430675308599428663792425614527057387635521099549826483919186195617220112358147938166027522972491407142721416529338229124323440962398595766802672357386542383104000000000000000000000000000000000000000000000000000000000000000000000000000000000000000000000000000
402 26655256683102152207095835788481506943745330394906996864925155673607897971274928679677722312971841884611757921570533544852706287558081694984181915164706345241784182547414365922496048329068715002248060847739521935032249942020563677836575486262479659593033406854847527662225460409219825020186431770361352426007112835700837269466374682225484464522681337224789143628722905364162336405125613029861186662183249754706011686034781985123965797709569188689171645410483094680714956476584971162622321347471892581581260846840486798736062032355602294521638527687048807492801074782468719348892243900301538480114279781071345031289266384835186485783859544263191095614397615893967848724795899445902073177366049670467720034094614043006314088410157420676858262948113940645689110194079754139658958964038060493071025701276244970335950942285486128469883091342748018889587936215956046533768470996509348575338780076015616000000000000000000000000000000000000000000000000000000000000000000000000000000000000000000000000000
403 21484136886580334678919243645516094596658736298295039473129675472927965764847592515820244184255304558997076884785850037151281267771813846157250623622753314264878051133215978933531814953229384291811937043278054679635993453268574324336279841927558605631984925925007107295753721089831178966270264006911250055361732945574874839189897993873740478405281157803180049764750661723514843142531244102068116449719699302293045418944034280009916432953912766083472346200849374312656254920127486757073591006062345420754496242553432359781265998078615449384440653315761338839197666274669787795207148583643040014972109503543504095219148706177160307541790792676132023065204478410538086072185494953397070980957036034396982347480258918663089155258586881065547759936179836160425422816428281836565120925014676757415246715228653446090776459482101819546725771622254903225007876590060573506217387623186534951723056741268586496000000000000000000000000000000000000000000000000000000000000000000000000000000000000000000000000000
