0 1
1 1
2 2
3 5
4 11
5 25
6 56
7 126
8 283
9 636
10 1429
11 3211
12 7215
13 16212
14 36428
15 81853
16 183922
17 413269
18 928607
19 2086561
20 4688460
21 10534874
22 23671647
23 53189708
24 119516189
25 268550439
26 603427359
27 1355888968
28 3046654856
29 6845771321
30 15382308530
31 34563733525
32 77664004259
33 174509433513
34 392119137760
35 881083704774
36 1979777113795
37 4448518794604
38 9995730998229
39 22460203677267
40 50467619558159
41 113399711795356
42 254806839471604
43 572545771180405
44 1286498670037058
45 2890736271782917
46 6495425442422487
47 14595088486590833
48 32794866143821236
49 73689395331810818
50 165578568320852039
51 372051665829693660
52 835992504648428541
53 1878458106805698703
54 4220857052430132287
55 9484179707017534736
56 21310758359659503056
57 47884839373906408561
58 107596257400454785442
59 241766595815156476389
60 543244609656861329659
61 1220659557728424350265
62 2742797129298553553800
63 6163009206668670128206
64 13848155984907469459947
65 31116524047185055494300
66 69918194872608910320341
67 157104757807495406675035
68 353011186440414668176111
69 793208935815715832706916
70 1782324300264350926914908
71 4004846349904003018360621
72 8998808064256641130929234
73 20220138178152934353304181
74 45434238070658506819176975
75 102089806255213306860728897
76 229393712402932186187330588
77 515442992990419172416213098
78 1158189892128557224159027887
79 2602429064844601434546938284
80 5847605028827340920836691357
81 13139449230370726052061293111
82 29524074424724191590412339295
83 66339993050991768312049280344
84 149064611296337002162449606872
85 334945141218941581046536154793
86 752614900683228395943472636114
87 1691110331289061370771031820149
88 3799890422042409556439000121619
89 8538276274690652087705559427273
90 19185332640134652361079087156016
91 43109051132917547253424733617686
92 96865158631279094780222994964115
93 217654035755341084452791636389900
94 489064179009043716432381534126229
95 1098917235142149422537331709678243
96 2469244613538001477054253317092815
97 5548342283209108660213456809737644
98 12467011944814069374943835226889860
99 28013121559299245933046873946424549
100 62944912780203452580824126310001314
101 141435935174892081719751291339537317
102 317803661570688370087279835042651399
103 714098345536065369313486835114838801
104 1604564417467927026994502213932791684
105 3605423518901231053215211427937770770
106 8101313109734323764111438234693494423
107 18203485320901951554443585683391967932
108 40902860232636995819783398173539659517
109 91907892676441619429898943795777792543
110 206515160264618283125137700081703276671
111 464035352973041189860390945785644686368
112 1042677973534259043416020647857214856864
113 2342876139776940993567294541418371123425
114 5264394900115099840690218784908312417346
115 11828987966472881631531711463377781101253
116 26579494693283922110186347170245503496427
117 59723582452925626011214187018960475676761
118 134197671632662292501083009744788673748696
119 301539431024966288903193859338292319677726
120 677552951229669244296256541402412837427387
121 1522447661851642484994623932398329320783804
122 3420908843907987925382310546860779159317269
123 7686712398437949091462988484717474801990955
124 17271885978932243623313663583897399442515375
125 38809575512394448412708005105651494527704436
126 87204324605283191357266685310482913695933292
127 195946338744028587503927712142719922477055645
128 440287426580945917952414104490271264122340146
129 989316867300637232051489235812779537025802645
130 2222974822438191794551464863973110415696889791
131 4994979085596074903202004859268729104297242081
132 11223616126329704368903985346697789087265571308
133 25219236515817291846458510688691196863131494906
134 56667110072368213158619001864811453709231319039
135 127329840534224013794792529071616315194328561676
136 286107554624998948901745549319352887234756947485
137 642877839711853698439664625845510635954611137607
138 1444533393514482331986282271938757843949650661023
139 3245837072115819413510483620403673436619155512168
140 7293329698034267460567584886900594081233350547752
141 16387963074669872002659371122266103755136205946649
142 36823418775258192052375843511029128154886606928882
143 82741470927151988646843473257423765983676069256661
144 185918397554892297343403418903610556367102539495555
145 417754847261678391281274467553615750562994541318889
146 938686621151097091259108880753418291509415552876672
147 2109209692008980276456088810156841777214723107576678
148 4739351157907379252890012033513486095375867226711139
149 10649225386672641690977003996430395676457042008122284
150 23928592239243682358387931216217435671075228135379029
151 53767058707252627154862854395351780923231631052169203
152 120813484267076294977136636010490601841081448231595151
153 271465435002161534750748195200115548934319299379980476
154 609977295564146737323770172015369918786488415939386900
155 1370606541863378714421151903220364784666214683027159125
156 3079724944288742631415325783255983939184598482613724674
157 6920079134876717239928033297716962744248923232315221573
158 15549276672178798396850240475469544643016230264217008695
159 34938907534945571402213188465400068091096785278135514289
160 78507012607193223961348584108552718080960877588172815700
161 176403656077153220928060116207035959610002310190264136994
162 396375417226554094415255628057224569209868712690565575399
163 890647477923068185797222788212932379948778857983222472092
164 2001266716995537245081641088276053369497424118466746382589
165 4496805494687588581545249336707814549733758382226149661871
166 10104230228447646222374916973478750089016162024935823234239
167 22703999234587343781213442195389261358268658313631049747760
168 51015423202934745203256552027549458255819720269971773067888
169 114630615412009187965351629277009427780891936828638772649297
170 257572654792365777352746368386179052459334935613618268618722
171 578760501793805997467587814021818074443742087785903536818853
172 1300463042967968584322570367152805773565927174356786569607131
173 2922113932937377388759982179941250569116261500885858407414393
174 6565930407048917364374946913013488837354708088342599847617064
175 14753511704067243533187305638815422470259750503214271533041390
176 33150839882246027041989576010703083208757947593885284506285451
177 74489261061510380252791510747208100050420937602642240697995228
178 167375850301199544014385291866303860839340072295955494369234517
179 376090121781663441239572518469112738520343134600667944930178811
180 845066832803016046240738818057321237829605403894649143531596911
181 1898847937086495989706664862717451353340213870094010737624138116
182 4266672585194344584414496025023111205989690009482002673849694332
183 9587126274672169112294918094706352527489988485163366941791929869
184 21542077197452186819297667351718364907629453109714725819809415954
185 48404608084382198166475756773119971136759204695110815907561067445
186 108764167091544414039954262803251954653657874014772990693139620975
187 244390865070018839427086615027905515536445499614942071474030893441
188 549141289147199894727651736085943014589789668549546317733640340412
189 1233909276272874214842435824396539590062366962699261716248171953290
190 2772568976622929484985436769851116679178078094333127678755953353551
191 6229905940371533290085657628012829933828733482815970756026438319980
192 13998471581093121850314316201480236956773178097265807474560658040221
193 31454280125934847505728853261122187168197011583014458026391801046871
194 70677125892591283571686365095711781359338467780478752771317821813983
195 158810060330024292798787267251065512930100769046706156094466786634616
196 356842966426705021663532046336720620051342994290876606933859594036344
197 801818867290843052554164994828794971673448289847980617190868152893321
198 1801670640678366833973074768743245050468138804940131685221129113188370
199 4048317182220871698836782485978564452558382905437367380699266785233717
200 9096486137829267179092474745871578983911456325966885829428794530762483
201 20439618817201039223048657208978477369913156752431007354335726733570313
202 45927406590010473926353006677849969271179386925391533157400981212669392
203 103197945859392719896662195818806836928360474277247187839708894628146614
204 231883679491594874496628741106485165757987178727454901482483043735392307
205 521037898252571994963566671353927199173155444806765457647274000886261836
206 1170761530137346144527099887995532727175937594063738628937322150879769365
207 2630677279035669409521137706238507487767043454206787814039435258910408259
208 5911078189956112968605808629118620503536869057670548799368918667814324047
209 13282072128810549202205655076480215767664843975484146783839950443659286988
210 29844545168541541963495981075840544551099513554432054553009384296222489764
211 67060084275937520160591808599042684366327002026677707090489800368289942469
212 150682641591606033082473943197445697516088673632303321950149034589143087714
213 338580822290608044362043713918093534847404835736852296437778485250353628133
214 760784201896884601645969562434590082844571343079330207735216204721560401511
215 1709466584492771214571508895589828003020458848263209389958061860104331343441
216 3841136548591818986426943639696152554038084203868896691213561439679869460260
217 8630955479779524585779426612547543028252055912921672564649968534742509862450
218 19393580923658096943414287969201410607521737181449032430555436649060557841719
219 43576980778503899486181058911254211689257446071950840734547280393183756085628
220 97916587000886371329996979179162290957784573412429041335000028900685560150525
221 220016573856618545202760729300377382997304855715359890973991901545494318544959
222 494372753935619562249337378868662845263136838771197982548436551598490441154815
223 1110845494726971298371438507858540782565793959845326814735864975841789640704064
224 2496047169532943613789453665285367027397419902746491721046174601736575404017984
225 5608567079857238963701008459560611992097496926567112274279777627716450007585217
226 12602335834520450242820032076548050229026619796035389454869864881327685778484354
227 28317191579365195835551618947371345422753316615891399462973332788635246160535941
228 63628151913393602950222261511730129082435756101251076106536752830881728091971019
229 142971159571631951493176109894283553358598209022358162221176973569071016565993625
230 321253279477292310101022862352925890376878857530076001085917367180388515063422328
231 721849566612822968744999573088405205029920167981259088286474955098966318600867262
232 1621981253131306296097845898635452747078120984470236015437690303809250135699163227
233 3644558793398143250839668508006384808809283279391655118075938195537078074935771388
234 8189249273314769829032183341559817159666767375272287163303091739784439966969838741
235 18401076086896376612806189292490566381064697045465993429244431371296707873176285643
236 41346842653709379803804893418534565112986878186812618903716016286840777638386638639
237 92905512121000366391383792787999879447371686043818944073373372205193823182979724180
238 208756790808813735973766289702043757626665553228984513621218329325931716131169801356
239 469072251084918458535111478773552829587715914314975352412094014570216477806932688253
240 1053995780857650286652605454461149537354725695815116274372032986261170848562055453682
241 2368307021991405295866556097993808146670501752716223387534941657766626458799873794261
242 5321537573755542419850606171675213001108013286932587697029822287224207288354870353951
243 11957386388644839848915162986883084611531802630766282507222553245953870186947559048481
244 26868003329053816821814376047447574077501116795748929323939987121365321203450114656652
245 60371855472996931072693308910103019765426022935331553458072705201460305305492918007834
246 135654327886402839118285830880770528996821360035645753732862844278332061627488391623839
247 304812507916748792487450594624196503681567626210874131599858406636759107357019586598860
248 684907488246903493020493711219060516594530589522062463474506952350389971036034646813725
249 1538973156524152939410152186181547007873807445219353304816009467059206987801600488602471
250 3458041293378460579353347488957958028660577853749894941506667479832044839282216037419807
251 7770148255034170605096353452878402548600432563197080724354837474372906695329997916628360
252 17459364646922648850135902208533216117987635534924703085400332961518651242140611382074056
253 39230836255501007726014810380986876755915125779296591953648835917578164340329004643356665
254 88150888902890493697069169517628567081217454530320806268343167322302073227468622752159026
255 198073249414359346270017247207710794800362399305013501404934837600663659553125638765600661
256 445066551476108178511088853552063279926027127361051217124564006606051227993390895640003683
257 1000055463463685209595125784794208787571199199496795129385719683490464042312438807293449001
258 2247104228989119251431323175932770060268063127049627974491068535986315653065142871461301024
259 5049197369965815533946683283107685628181298326234999861243292748857044120449333654576047366
260 11345443505457065109729563957353932529059460580022832567591934350209939851651371373319946755
261 25492980151890826501974488021882780626032156359231037021936092913290608170686933529754639852
262 57282206439272902579731856718011808152942474972249906750220827427934112072575904778253179093
263 128711949524979566551708637500552464402857645723708017954785813418948892464187371712941051283
264 289213125337341209181174643697233956332625610060434905637856361352541288830263714674380641807
265 649855993760389082334326068177008568915166390872327922480277708696097358052138896283449155804
266 1460213163333139807298118142550698629760100746081382732643625965325787112470354135528337902132
267 3281069195089327487749387709581171872102742272974658482129673277995130294162583452665744318261
268 7372495559751405700462567493536033805050418901158371774422694812619950342743382144576377382850
269 16565847151258999081376404554102540852443479329210019298331436937909243867178993606290161181829
270 37223120667180076375465988892159943637834635286603751888955895410443307782938785904490955428247
271 83639592925867746131845814844886394323062331001259151301820532946175909090313183270695694655473
272 187936459367656569557781214027830191431515817959912035194265524364885882096386158839592183557364
273 422289390994000808871942254008386833548259331634479469801395686265504365500146715045389106341954
274 948875648429790441169819907199717464204972150227611823495236363949718704006366405659674701585799
275 2132104228485925121653800854379991570526687814129791081597602889800055891416493367525146325956188
276 4790794714407639875605479361951313771710088446852714516889046457284326121339206425664578247156221
277 10764818008871414431694939671082901649741892557607608291880459440418989430088539813194628118682831
278 24188326503664543617341557849737125500667185747938140019052362448322249090099792684528688158565695
279 54350676301792861790772576008605838879366175606631173813096137879779161488948918756587426188658000
280 122124861098378852767191770195865901609657644403592879353364178767461582637909090384508912417198864
281 274412071994886023707814558550600516598014278665878792500772132966380077674667306841076562864490033
282 616598328786358038392048311288461095926320026128719290541812306820442576498294785310074611957520930
283 1385483868469223247724719410931656806840996686519724494231032567839803648033347787076716874362333029
284 3113153993729918510133672574601174193010299120502289486503105309533669794890323052622431797817696955
285 6995193527142702229600016248845544096935274901395584176695430880086700661315699107011505858040206009
286 15718057179546099721608985661360605580039852236773733345662934501867267469488373479568726639535775944
287 35318153892504983162684314996965581064004680254440761381518194574287565805402123013526527339294060942
288 79359171437413363817377599406446223611113937844259671932003892770355698418976920399610275460083691819
289 178318439587785611075830528148497422706192703706186371899863045613131695173867590333178351619925668636
290 400677896720479602806354340706475487959494665002191654350211789422331522961309978052440451360640968149
291 900315061591331452871161610155002175014068095866310008668282731687439042677510626038448978881123913115
292 2022989580315356897472847032867982415281438153028625299786914207184077913142463639796160057502963125743
293 4545616325501565645010501335184491517617449736921368953891899356633263346001127927578328642526409196452
294 10213907169727156734622688093081963275502269531005053198902430188763165562467208868914368363674657605532
295 22950441084640522216783030488480435653340550645902850051909845526975516557793082025610905312372761281773
296 51569173013506635523178247734858343064565921085889384348830221886080935332052244992557850345893770972626
297 115874879941926636528516837865115158506970123286676565550667859110374221659430363141812237640485645621493
298 260368491812719386363428892976608224425165617013339665398256094579853862093119889250571420314492300933839
299 585042690553858773732196376083473264292735436227466511998349826384001010513617896650397227923576476516545
300 1314578992978510297299304807278439594503666366181596123844287888237481661460925319409553638521159608345436
301 2953832184698159981967377097663744228874902551577319094288669508279110471342348646218933084651403392273578
302 6637200671820971487501862626522454787960736033108767800423277078411701593632004715197022579900389916376047
303 14913654535361592659671797543430214210292708251613258571290935776865031997145432757203424605931023616680236
304 33510677557845996824878080615719138979671249984757965848716479123862655116580521583384938707111033757462941
305 75297808979232614821926096148346037381674472188020422468300616946178640636674471208776279440252701215230071
306 169192640980949633809058475368980999532727486109185552214026777239354904392784031243734072981685412571242847
307 380172413383285885615164966270588897467458194421633561047637692301025794305662012112859486696512492600252824
308 854239658768288790217462311761812757085969402764432251841001544895227852367433584260676766934457696556518424
309 1919459089938913832241031114425233412106669513841312512515614004852126594647745149390478947583742473142046825
310 4312985425262830569084359574341690683831850236025423715824591862298455247357261870928775175405430150240359250
311 9691190281696286180192287951346802022684400583127727692323796184553809236994835306987352531460145077066246901
312 21775906898716489097227904362610061317093981888439566587956570226553947126699187335513001290741977831230806227
313 48930018653866433805563737102225233973040514123981437152412344775363248243035948107084579937538670589287500105
314 109944753924753070528163090615713727240490609553274713200457463592726634375776248242694808634359173932739559536
315 247043619604656085764662013971042627136927751342091296965370701734262569867889257256961195915515040623535812950
316 555101974480198808251923381455573747541305598113475869978786522285888525868518814649532620527850584590523685331
317 1247302814640300631740345686266476394979048338015768323722486282713312987229150638313331628336857035871843624076
318 2802663984156143985967952740017483910362474522802921220458388385978251930458930834019234681286049615710675120533
319 6297528808472389795424327784845870468162691785508134894660476532383928322278493491702268370381105682702670179811
320 14150418786460622945076262623442748451708809755803422686056855168032795587786767179110439793711403945244171856079
321 31795702397237491699608900291713883461217836774312059046315798482471267567393097015903913276517863957480338771436
322 71444294772463216548869735422024644905981791518919405884027975600591402400294467719215997976366026177502179219140
323 160533873155703301852272108512320424821472610056347448128314894515621276780195265275225469435538512367240525353637
324 360716338686632328553805052154951611087709174857302243094341966149362688393291901253763023570925186954502891154978
325 810522255756504742411012477400199002090909168252032528432970851213755251166484600063535518601022860098744128444453
326 1821226977043938511523557898443029190448054901305019851831968774061251913946065836105608591337432394784750622690247
327 4092259871157749436904323222131305771899309796004769989002566433186896390665324371020989677704962462713742482669969
328 9195224463602932642921191865305441732155765325062527301404130789221289444110229978084052428146334460113491459585732
329 20661481821319676211223149054299160045762785544824804739978859237568223364939718491083485942660198988155974779151186
330 46425928235084535628463166751772456051782026618707366792359282831170839783324342589230034635761769973711698535218135
331 104318113827885814825228290692538630417171073457177011023293294110688613487478173691459502786037404475465880390001724
332 234400674069536489067696599082550556840361387988236584098967011814979843393340971481065554265176379936487484536070397
333 526693533731874257332158322105867288046111822814942812428868034909477460490835774064360576680628394374729150926924383
334 1183469627705399188906784952601746502515413960160945197933409787523246150887534345918327204840395764210479905999917439
335 2659232115073136146078031628226809736236578355148596624196720598140989918872563494419949432096243542859201478390688864
336 5975240324119797223730689886949498686942458847643195633897982948895748528141825560693865492352254455554153711854370784
337 13426243135607331404632626449524060607606082090274042694059276708409240824268680269889353211960356689757028996099512993
338 30168494480261323886917911157770810165918044673042684397819815767573240257806622606052622484176724292209010225662707906
339 67787991772010181954737758878116182252499712588716215855800925294659972811740099921300732687961550818620895735570558021
340 152318234888674356391760802464479114063311387760201073415362389648483945057018142178764734648139469239693772700704310955
341 342255967069097570851341452649303600213204443436075678288705888824054622667969761672777579500063765005799430911316472025
342 769042177254859316139705948884970132237220562043636214136973242001933217581217565603019160960305448432671738787766696984
343 1728022086690141846738992547954764750624334179763147033147289983179437112773386750700051166772535192631449135786145555038
344 3882830383566045438766349592145196033272684478133854602142847319536752820460021305330343915005312068689770579448741335035
345 8724640676567373408131985783360186684932482573987220023296011380251009536112211795757719835822853881578318555895861528124
346 19604089650010650408291328610910804652513315446345147615587580096859334779911058146145732419878484639214958555454318836245
347 44049989593022628785948293413036599956686428988543660652328324254432926275474306782718840760574511091318465087355757865579
348 98979428159488534572055929653623817880953690849445248896948217225474177794747459915825694105204652940273570174269973039279
349 222404756261989047521768824109373431066080495241089010830637178608521947085058168468224496551105332332650646880441385107892
350 499738951090444000829645284459334080056428252343079609905894250188085145689389490069555846446840806514256398847796985389484
351 1122903230283388514609003463374417773297983309077802981745477461759218060669089688691510495339582292420889874401765382847581
352 2523140655395231982525883387098796195586314375257596562566211995097999319942510698984352340574900059023385500770886365976754
353 5669445589983408478831124953112676084414183807249916496972007201767131554864721596590659330042541603953404477095741129411605
354 12739128605078660425579129829949730591116698680679626574764748936873044369002864203474160505320400974509304580560603241952383
355 28624562144745497347463501225913341071061266793351573083935293080415220972927939304554628000108443493948628137446061247339617
356 64318807304586246641675007328663736648825048460132856245663327895936354759994021215992757175494746358453156378356984607220012
357 144523048148839330205234386053291083777594665032937659000497199935414886123913117533065981845777535236345636313599427219827258
358 324740341457519409704680278209332563132953111732656601162722434686350906034892316977570092866941373337195800868109777799534911
359 729684923759291902972919935143292473394675840038118005080278741412180343433703730272213410404165535552284081671461998211677068
360 1639587140827263885445285762442626426144710126775954952322782717575296706778386659988930931829494909205418327897434347003061789
361 3684118863956300264158811181819212762551142981857371308563121741876422850955584733272505181196213980625924936598220914418265735
362 8278139944980572510789988190937759477852320250452579564368747459915962065255852396261727883817757334904984119422414177627916191
363 18600811613090181400293501801252105292111073355986575484977833944133050274688902865807030017002233741230474847545614922671036328
364 41795644307204635047218180611622757299523323980568359225761293606305639763678073394603282736626010836740008877915423108551723112
365 93913960282518878983939874833559860413305401066670714372131673696828367736789197258751867606436498079805508483954046962146566361
366 211022753259152211614804428477490372834023052757923212485046807055829324962567565046299987932496773255120550998277902110173819506
367 474163822493618667166330551176917848781828182601948780116463994202181377898246253956748560734804033753306601602594428073942482261
368 1065436437963870666963525655997766209984374016895150058345843121763363713022270875701045241795668342681928245719512711295912217667
369 2394013945162207789478577434694959895916553163634325684323103430673079478980220440312539056393643945862042542043341948555593098089
370 5379300505794667578754349974210768153035652161561852646875585988907341293084465502369374793848152200652706728203602180333155931584
371 12087178518787672280023751727118729992003483469862880919728432286724398352126880569350243402294280004485527752731033597925992743590
372 27159643598207804349323275993753268241126065937653288802009347131683058518358006200757322542043068263761719691622327427629548320675
373 61027165209408613399915953740414498321219963183607605876871540561183174095758427468495513692532264331356260407772086272851933453356
374 137126795498237358869131431747463534891562508835005619636023995967325008357747980568398106524813316921988712754435466375407422483797
375 308121112607675526788855541241588299863218914915965556346910185364150132292896382404534404200115829911571966225020691596037230100275
376 692341855504179799046926560490225636296780375483329126452972826134442098847782317908971401232512712413776384796704763294629949230991
377 1555678028117797766013577230474576037565217157047618189616831841665709321630713037654079100140327937817136023063994751809889706078460
378 3495576799132099804285225480197789411563995774662599949339726324101710609816312010812595197313052758136476464699673575318372131287636
379 7854489770877817575537101630379929224396428330889488961843311663734688442415554741370298093533920741676312567666637139152004019422741
380 17648878312769937189345851510483071822791635279393959683409517809905378173016708455899112284240566303671965576968953101812490464054658
381 39656669597285592149943579171148283458415703115014808379322620959443734178632659642355927464702000590883767256904869767458612816244421
382 89107727736463303913695908222399709515226613178534087480211448065058158087866472999240669120110646743763187523112055497577712077120759
383 200223246757442262787989544105464630666077294192689023656335999279654672181348897184938153420682727774738176726160027660801546506431281
384 449897551654062237339731417262180687388965498448897326413560825664923768271931607726761048496774101702355773718527241051722192273738900
385 1010910622329103433553756470407426295928781677911949589003246202544444050637345639639219581294120284435686536640102454266668218976788322
386 2271495549554826841659254813971568648580451560080107480763717231474157197365273989820262057664331942798990670272572121924257083720884263
387 5104004169784694879532534681088382905700719299623267224117119839827834677095962011552982648126010068331312103466719457063460194144817948
388 11468593266795113167170567705740908164053108481414692339994710708585382500919852373287007772622231795025928340565908581784509253033731837
389 25769695153820094372214415278598630585226484702372544423342824025524442481570392768306736135706141715584178114325964498708221616491397359
390 57903979404650607032066863581849786428805358586536513962563238919806432786964675898347497395908505157862972465751118122137492291871708607
391 130109060696326195269177574736557295278784093394030880008474591156551925554579892191714723154900920236284194705262292161198696947201082736
392 292352405643482903198207597776365746401147060672225729556169597207385841414554067513470207570004203914847183761949737945826664569782476720
393 656909892578641394633525906707439001652272856151945825158250546651517175596723351320307640899000822908115589763410649930714533794894327569
394 1476063130104439497196081836454686454426908679582086499864196099353868267053420877962370766213104929494794168583508745646057035212370049122
395 3316683747144037485827481981840446164104943154643893095330473148151867868289011039731578965755206477982856743168478403277001939649851949093
396 7452520731813873074217519893428139780984522132717926865366891849006086828034719606105221056824517062552392065157054902269346380717179619739
397 16745662080667344137066439932242039271647078740497660326200060746810173257305029373979650313191135673592846704899079462169637665871841139449
398 37627161146004523862522917776071772160173736459069354422436540194474565474355767314332942717451581931755228731786735423331619772811009949544
399 84547463640862518787894755590957443811010029525918442305706249286753217377981844396540314691269782474550912103315495406563530830776681418798
400 189976426347062217301245989025744620510546716770408578707648978021170826973014426733433921786800011207264206233518646774289043768492531647691
401 426873155188982429527863815866374912671929726607666245298567665134620305849654930549075215547418222957324095838566053531809998594950734764636
402 959175273084164557569078865167537002043396140459822626999078059003658221294342443435044038190366674647361485807335258431345510127617319758165
403 2155247275010249327364775557175704296248175290756902920589074805120765921465325390685729370141351561044782861219717923620211975081692842633275
404 4842796667915680782770766163652570681867816995365962222878660004110569758375338294257427562925651573779603112408205052139959461696052270260079
405 10881665337757446335337229019313308657940413141029004739347316754338247216921659535765540457802288033956627600228792769468785388346180063395268
406 24450880068420324126080448645103483701500467986667068780984218707666298270753331975102779108388876080648075451646072667457318263306719554417340
407 54940628806682413804727360145867705379073532118997180078437094165560274000052985191713671111654388621473175391112733052243462453263566901969869
408 123450472344027705400197939917525585801707119083632424198511090284448599053937642822764580873895365289637798633642746002475457781487673294961810
409 277390693426317500479042791335815393280987302299594959694475056026791173837174938862140053751056243120100697206752152389737059752932193937476149
410 623291230389980292553556162443288666984608191563825163509024108172470672728234535355331017264353462908366017656034317729706114834088494267944239
411 1400522681862250380185957176304867141448496566343612862514012182087283920239706366750037507405867803647194933885178041846673831639621509178402817
412 3146945900688163552446427723717207556600614021951455928842573416320247339370472329993265978325032827082655188219638249033316718360399318687273724
413 7071123252848597192525256461295993587665116418682699556690134906555307926252416491381238446791579994904139292668420222183601153526331652285006026
414 15888669724523107557310983470004327590482350292973242179708831047343579271635598946005705364502325013243738839671300651553845193773441114078882959
415 35701516801206648754700795677587441212029202982677727987265223584922219130153142053399383197471197194308961783791383276257974822712814561755498220
416 80220580074087807874187318363883216426875639839645998597549143310632709605689466561423233312653139406957523114585646981886193685672738585304873373
417 180254007224859156945764448935349546475298132368996483002654679158844059069896476230240144458275150994980269173291376588476517000284850618286362007
418 405027077722599473011015420556994868165442701594961236615593278043398608615329276968504139031732244202609099677377016882581252863529625260122099167
419 910087582595970295093607971685456066379307895719272957636292091935008566694865563605825189209086499993240945413459763371752829041671362553225686968
420 2044948235689680906252466914992557454448760360664510668885522782754571682935163927949914372991630093194110721331005167037610393946587499748287111096
421 4594956976252732634587526381113576107111385915453333058791744379400753323949864142537149796160614442178853288398093080564392364071316736789677809993
422 10324774605599175880333911705534253602292224295851903828832719449621069764140026649418388776103772477558576352713731564794642293047549610774417044114
423 23199557951761403489002882877189525857247074146492630047571660495888321169294753513424012975376529304101895272494551043116066556219828458590224787125
424 52128933532869250223752151078799729209674986673383830865184296061996958778779669533729264930696216643583513609304740570462383041415889791165188808371
425 117132650411900728056173273329254730674304823197408387949107533170261168962714065931464154060665190113710346138390300619246190346004058430146185359753
426 263194676404909302847095814860119664701037558921707976715827701906630975534913047883233560076650067566902310613590790765838697177204178192867334740752
427 591393069688850083526612751970694330866704954367440510515578640921526161253760492164202009283269108603931453756267141580461201658996525024715666032886
428 1328848165370708741844148045472253595760142644459180609797877450579422129079719966280173424582523094661054871987734773307514910149193169812152481446771
429 2985894724025358264367813028055081857685952684364093753395505840173739443878287376841315298371665230359138887118145897429652324780178686456153294185676
430 6709244543732575187053161349611722980265343058819927606073310490005374855582534227798602012042584446775401192467759426586358358050554017699743403785237
431 15075535646119799896629987681806274222456496157544768355744249369605067025963635866158345897874311029248886400065929977294854130732093552043487620309379
432 33874421111946816715945323685169189567492382689545370564166303389041769463631518583273978509419541274914035105481473483746414294734562435330565350218319
433 76115133326280858141467473702532930377175918477815581878003545657683231097644138804907700904670809132301555418561117518201324362150664405004874916960780
434 171029152118388733102250283408428776099387723487631765964429145334803164632956160326931034420886848510268259542537778542854208888303797693296827563830500
435 384299016451111507630022716834221293008458982763533743242695532938247790899924940875495791237024964877924039398155201120163327844023697356267964694403461
436 863512051694330890220828243374338431739129770536883670571816665553615515335161903273014915990265969133814782920287063264979540214200528000827882035676642
437 1940293967721384554969428920174469380387330800349669318421899718710675656937292587094594588796670054635285345696191549107268199384120955664626901201926245
438 4359800970685988492529663366889055899505332388472688564172920570036719038309822136586708302346581113526461434914514960359352611138418741973813719745125671
439 9796383857399030649807927410578242747658865806758162776195924193230498218221774956994996277499566312554393432604934406560993881446757911611426458656500945
440 22012274717762665237176089267871072014435733201639344798142869237787039817816079463482106268549043683999962954428192224374072174647813609532039735856201316
441 49461132322238372631630442579431330877024999821564163808308742098767858815544111747372500512251072567027857906546803894949785619603966388701692210623777906
442 111138155504840379850629047016155491020826867038009509638564429242092259230682528001232111015551622505501285334916865607712649532408988475323997698447256183
443 249725168614156467095712447343871240904243000695943838287294731345165337459093088286354616274805273894030465621952342886001012509774129729817647871662088956
444 561127360410914941410423499124466641952287868608333022404845149833655075333324592826568843052911097726534358672274747484764888932353281546257601231147656189
445 1260841733931145970065930398576649033787991870874600373458420601770383228895059745938260191365075846841597897631584972247818140842071704347008852635510145151
446 2833085659659050414446571848933893468624028609661589931034391622029256195664350996416734609508257517515699688313492349094400158106722560510457658630505857535
447 6365885692838331857548650597319969329083761221589447213122358695995240544890437145945160567328679784146462915586294922951853568123163543821666568665374204032
448 14304015311404568159477942644997183093003559181965883983820688412249354056550165542368795552800541238967027621854497222750289153510977943806781943325744120448
449 32140830655988417762057964038380442046466850975859625249729343898464692462326417234266017063421504744564818470981797019358031717038396870924772796686356587393
450 72219790930543071826045220124438097856853499912095687270157017513183498436312562864955669112314870943950201648231796338514499019464608141834660968033083091202
451 162276397205669993254670461642259454667170291618085115806222690512582335278401377421808559735250705393498194145590892473636740602456635210787312789426778649349
452 364631754685894640573328179370576565144727232172406293632873054639883476530788900474306771519394776986381771468431784266429948507339481692484513750200283802507
453 819320115646916202575281600258974487099771256050802015801811782279165789903666615505466433661725388422311535434222664667982138597670990453921679321794263163161
454 1840995588774057052469220918246266084677099452655925209430273928685632721059720754063431079107594848437506648191286221128757485100224827389540559604362031479480
455 4136679538509135666940395257380930091309242929190246141029486585010547755492319223158021820357520308310943060348363322659067160290781163540518284780318042319614
456 9295034550145412183774729832749151780195814054985615475687435316427562442140692584874008286160910076637081233453790201778909667084116164016655449843203852955547
457 20885753050025902982020634004632967567023771586505551882974083289180039918713983638842607313571745613147598879064657505088129009358788664184288624862363716751228
458 46929861111688082480875602584634156822934114298806473100606115309777094524076340639401201092946880994621335931234741889296100525510912328844714414787613244138389
459 105450440723256655759997109341152129432696186129132882608498878592306666524725972332771001213304597525753189508080351081901420393296497157857062004594386352072459
460 236944989508175491018849187262305448121302714970566686434629789205210387654814301666100596205984330432980116068330786548010812302745117980374549799114022231532079
461 532410558627919555316819881281128868852367501771459782377152341692950347310278235025570992532326377397092085713507182288626944473275820789761447188034817570998228
462 1196315666040757945892491840483411056393341532384353368580435593998804415750644799384471580057332487701411097987264800043363280856000262402040382170589271021456076
463 2688096901201259956082954374985645533517747851569599833103393740485348791156753532128413556441007022366934165619705995827342693882531227613467661730099337382378301
464 6040098909815358302741580709173573254576469733752093252410070733276551650753873628615727700407020155038187343513169609409421724147786896839214258442753128215214450
465 13571979054791218615673623952849380986277345786689432969343099613039647676913855989975397377197714844741897754658780414602822861322104758889855796445016322791351125
466 30495960118196535578005874239886689693613413455561359357992876218870498213424832076438108898361442822155048687211024442787724752909465187005458189602686436415538399
467 68523800381368931468943791723449187118927702964060058432918781317504092453009646514235887473513580334013807785567659690768850642993248236061557917207636067407213473
468 153971581826143179900219833733935682945191473596992043254487339240839035442530269114934486468190888645440766503687563409722603177573856900238718227572942248438614220
469 345971003915458755691377584951433863315697236702482785583900583580311665124645352667666751511533914802740292105731762067426332245231496849533536182750834127868903514
470 777389789275691759814031211913354222457658244037897555989369725083958273238811327936032102017745137916907542929583427853806417025043602363244232675866974436769207775
471 1746779000640699095419220175044206625285822251181285854308152694507389176159737739424796469078833301991114611461211054365316563117744844675783283306911840752968704844
472 3924976786641631194961093977050333609713605509697986479021774530518424960433641454117958288663877827096396473746273774517013211015301794865277263106939821814837713949
473 8819342784648269725527376917231519622255375026539361256362332030460280823788209319724680944388843818267000016024175175545536568123304832043093576844924509945874924967
474 19816883355297471550596627636469166228938533311595423137438285896931597431850322354142523708362732161639281894333413071242769784144166614275681133489877000953618859039
475 44528132708601581631759538213119518470418836140032221052217129293805050727055212573891770072450430314449167330944727543514062925396336265729178580717738690038274929096
476 100053805987852365088588327145476683547520830565120503985510212454081418062172538182201382908874748972270616540198692982725359066813534313690944718080429871084293792264
477 224818861329008840258339564867603719336521963958677805885799268305036289419549966584152012181837196097351118517008700437722011274879238278835386883388721431253243654585
478 505163395937268463973507918667564603750145922342443894704891619770348946174217258776613637200098710852523686243271366314655318691175674605632539904140134043552506172338
479 1135091847215693403116767075057256243289292978078445091310072295391652763705811945955177903673159868830127874463352740084307289590417053176409521973588559647273962206997
480 2550528229039646429948702503914473370992209914540656271439236942248618184166291184102817432364581252415428316652968146045547886597130542679616196967928531906847186931747
481 5730984909357717799040664164218638381523566884817313739483654560118540185864177055384199131202223662808460821526017665860747744093502463930009376005305489417415829898153
482 12877406200539388624913263757294493890750050706096838659096473767094045792188833348916037791095868709202222085241650737682736085193718417363225427004950951094404884521056
483 28935269081396848618918489174893152792031458382470334786237365152058013586075552569113457281029379828797476675356350995180672027883808755976844033047278859699378412008518
484 65016959453975368063709577942862161093289400586220194492087549511091532778475761431758753221952404703988714614428335062183332396867833465386904117094203181075745878639939
485 146091781788808196121424381303322981087860208848813885111315990407147033350838242083714925933838320527572683818971370381864600736425757269387426840230734270756465284767340
486 328265253950194911687639851374614970476978359901377629928482165173327585894076693030075147808599665930336605577014724830731861841835539248184913764508392862889298036166101
487 737605330235222651432994506109690760948527528065348950476192771242710672360515866712106468329085247684257180358572484981144992023229002300370350252153316815459315478459603
488 1657384132631832018432204482290673511286173207183261645769551717251601897264270184370573158532931840771278282475188324411157245151867786579538187428584292223051463708317967
489 3724108341548691776609763619316422813043895582530494612086814040572586880994979542423177637586349263296477139731934408972727620485129036211261811344813508398672944858929436
490 8367995485493992920218737214813828376425436844178901919466987027154064986893713402504821965376545119679975381580484657375467494098896856701691459866057992204938037947717236
491 18802715179904845598615033566653406054608596063705036805251236377629114957518136163062248409806507661885149620417715399312505363531054963035106543648345200585497557046045941
492 42249317503754992340839040728804217672598733389058480917882645741839708020935006186206141147403211180153797482683981047027750600675877746560642735817934884977260207180879682
493 94933354701920837360074377809448013023380625997643096721549540834154466012494435132969708739236384902512769204205192835992539070783913599454700555418156978335079933460088069
494 213313311727691821462372762781046837664751389320639637555730491032519525088405740289083310216069473323294186270676651319700323378712649982434937303005903641061922517055009879
495 479310660653549487943980862642737470680284671249863890915127877157353808168370909524930188023972120368947344262874514428365435227533335817763932425612029375481664760389228145
496 1077001278332869959990260110257073766001940105822724322664436704513072675412653124205973977524777329158676105592220487340438654762995408018508101598811805413690172104373378100
497 2419999905591597586462128320375838165019413493574672898688270795150979633905271417647794832857457305363005369176638837789542421374811501872345198320229736561800086452080974466
498 5437690428862515644970535888366012625360482421722206229125850417657678135054825049976633455215719819515739499682623648491158062285085075945434565813659249161808680248146098887
499 12218379484983758916412939986850789649738438231196361034275534925953263228602268393395087765764119615235808262949665647431419891181986245744706228348736429471727274843999794140
500 27454449493238435891334287541691753759817945390540255398988649474413224958354090419119014153886501744624350656405316105564455423274246065562501824190902371543463143484064712701
501 61689588042598115054110979181868284544013846590554665603126983457122035010255624181656482618321403284968770076077674210069172675445393300924275310916881923396844881563983120655
502 138615246093450907083143305918577533198107200340453225570967081462704031750263070389036891624765188699326082545610998878271380882983046421666346217675929788865425631768031159871
503 311465630736261493329063303477331597180410301880920861346072496908116873552427674540611251713965278938996584510894355861047479018137240078694465922077839129584233001615980727696
504 699856919523375778687158933691372443014913957511740282659985091821815743844862795288602912434374343292350481491322036390297166243812133278131002750914726124637046753436009494608
505 1572564223689562143620237864941498950012131016563948201095075599089044329491890194728780184957948776824371464947927429763370430622778460213290125206231361589992900876719968557041
506 3533519736166238572598571360097038745858765688758715823504063793091787529276215510205552030636306618002096826876282540055990548471231813626016787241299610175038615505259965880994
507 7939746776498663510130221651444203998714748436569639565443218093450803644199458419851281333796187669536214637209170473485054361321429954187192696937915855815433085133803890824421
508 17840449065474003449238776798043947793276131545334046753295424380904350488183242155179334513270733180250154636346696057262728840491313261787112055910899960215911884896147778972795
509 40087125171280431836009203887435060839408245838479017248530003062167717091289727220004398329701347412034427083026280047954521493832824664135400021518416166072218239420839482889017
510 90074952631536203611126962921469865473377874785722441684912212411788981026563238175336849838877240334782794165190085679686717466835532635870719402009816436544915278604022853926408
511 202396581368878835609024352932330843992887863864589853865059003504841328656232961415498763494185094901349860777059755350065227587012576674089726769627149078946136911732737411769038
512 454780990198013442993166464898696492619745356676423132166500216359303921247739433786329978497546082725448088636283316331862651147027861319914772919745698428364970862648658194575467
513 1021883609133369517984230319808253963759000702431713676513147223811660190125148590812821870650400020017463243884436302334103812414232766678048553207108729499131163358426030946993564
514 2296151627095873643352602751582873576144858897675260631327735660477782972841803653996474956304161027859024715628096165650005048388480818001922152564336008347681160667767982676793557
515 5159405873127103361696269358075304623428973141105811807002118328407922214561016465019441804761175993010064586504345317302251258044166541361978085416035047766128513831313338106005211
516 11593079764216710848760911147925228859243804477455170568818825093481967211838687993222536695176112993861690644752350497920403752062581134047829770189297374380807024971968627941810415
517 26049413774464651415865488902342888765771723198340892313312032854894073665396588797468040238809240952874421160380950147493053713780847991455715473230293788180061403107482611312832484
518 58532501440018910318795619594535701767358277733031143388440772474862192328070849123139175368033418906600468379009905475604259921580110575597282631233849902974801317355620512461470172
519 131521336890285761204695816943489063441244474186948008521374752711136491109699599050523854279699965772213667273648410600781169804878488008602450965508696219748857012846755008293962413
520 295525761446125781312321764579170939884075502908586268117878245042241100882073458426718843688624109498153381765925776529673545817556238601346469089020948554292453939941647917736562514
521 664040358342518413510543726507295241442037202271089401368690470320756500545775666780822366288914765861919962426490058184524001518410854635698106512316743425358963575374430331305617269
522 1492085141240876847128713400650272359326905433263817062333884432972617610863925192937839721986753675449779639345257482297940379049499459864140231148145739185261524077843753572053834639
523 3352684879378146326455648763228669020211772565890137257918581091223750621391552594229782966573798007263325859351079246250731213799853535762632099719587273241589557791120289557676724033
524 7533414541654651086529467200600315158308413362773002176802356145099362353101254714616583288845434924114511395620925916614878805130795676753706324075003542243081676084709902356101665436
525 16927428821446571652385869763779026977501693858172324549189408948449857716730136830525109822277914180042569011247673597182548445011945429405904516721448618542491385882696340697826220266
526 38035587305169648064845557964929700093100028513227514017262592950775327165169975781437019966827465276936323558765193864729244481354832999802883257798313506086474890058982294194077381935
527 85465188890131216695547518493038112005393337521854350406912238704901149693968833678782566467087409809800704733157135410026158602590815752257964708243072088472359489915951026729879318700
528 192038536263985509803554725187226897126385009698763890281897661412127768836377506308477043078724370716495164013831791087599013241524519074912908157563009064488702484008188006956009799069
529 431506674112932588237811410902562206165063328406154616953444968578381360201553870514299632657708685965854709202055523720494940604285020902280897765570776711363289567873344746447821534903
530 969586695599719469583630028499313197451118328989218773781875359863989339545516413658293741927054332838403877684785703118562735847503745127216738980461490398742922129838926473121773550175
531 2178641529048386017601516742713961703940914976685828274235298026894232270456209191522410073433092980926167300557795138870021399057767992081801467568930748444360431343543009685735358836184
532 4895363079583558916548852103024674399167884953954720705299026445074072520256380926188814256135531608724883769598320457138110593358754708388538776352752210576100495249051601098144669687640
533 10999780992615784381115590920263997304825566555606050911051475557178387971423454630241744843777101865537530962069650350027679849927773663731662281293973679197818499711807285408902924661289
534 24716283535766741661178517200838707304878103088480994253166679532536616192647080995149893870256642358873778393179826018323448894156534043770061871371768820527377063329123162230215160174034
535 55536984984565708786923773218916737515413887778613318712085808177177547836461235694352718328154854974560203978830981929536467044882087042883247247684759109676472131121002008771188575321717
536 124790472512282374853910472718408185030880312090101580766286820329713323894146097753613585682789250442456655388772139527368703133992934465804894085447313360682502825859319894363689386156179
537 280401646473363716833566201454894400272296408870335485991492769304067579432106350206429995823476713500599736363195434965950424418711421930722973547207617010514100719510518635268352187460041
538 630056780474444099734119102409280248060059242052159234037186550760670934921897562472120859001587822469095924136332027529733084926533691284367593932177788272034232133759355156129205185754544
539 1415724734909969541447893933555046711361534580884552373299579050495696125381755377397058128143863107996334929247087350498047891137785870033653267326115880193900062161169909053163073172812950
540 3181104603821019465796340768064479270510831994950928494644851882447995606253301967059807119465837324961166046267311293559878442783394009420951155037201931649320255736588654627186999343920403
541 7147877162077564373306456367274725004323139328734250128552096264631016402966461749044551508073949935449571097645377910088071691778040197591187983468341955220506341500587863151407866674899212
542 16061134193066178670961359569058882567795576071534876378449465361214332286804470087751852007469874087863973312310979763237973935201688534569673854647769961896432876576594471876839659520905877
543 36089040944388902249432834737328010869403459476853074390806175104611685370322099957488448403547860786216351676000026143004141119398023257309584537726679947364051838917188152277900186372790563
544 81091338919766418796520572676440179302279355696506775031509719305806686624482208253684197306491645724847105566665654139158184482219694851597654946632787901404030212910382913281232165591587791
545 182210584590855561171512620521149486906166594798331748075376148355010726332482046377104991009061278148046589497020354658082536148635724425935220576344485788275679388161359506963524858035060268
546 409423467157088638890112978981411142245209085816317196791455840911216453919124201050405730921066341234723932884706337312319115660093120446158511561595079530591337150315913774930381695288917764
547 919966179985266420155218005807531592094305410734459366626778110871636947546248240224232255544702314892647349699767375143562582986602270466654588752901856948054323475882804143543056083021308005
548 2067145242536765918029036370075324839527653312486904181969635914299479622679138635121765251001409692871972042787220732941361745484661936953532468491054307638424304713920162555052969003296473506
549 4644833197901709617323177766976770128904402949891950533774594098559379738985401309417357026626455359401867502389502503713966958295833023927561014173415392694311595753407215478718612394325337253
550 10436845458354918732520173898221333505242153801536345882892046000546602153103693013732247048709618096783059697866458365225733079089725714341999908084983236078993172744851789368947137708925840007
551 23451378872074781164334489193344112299861057240477738117589050185353104422513648701760085873044281860096014855335198501224071370990622515658028361852327557213873636529190631661559918808880543761
552 52694770004602771443865974517932787976059865332599871584295552272693431259145589107835061768171726457573221906147352863959908862775137721730495617616222957812428850049825837213348362932361590276
553 118404073422925405319546264330988354746738634104141135403288108730193364787701133903697962360678116678459398969763445863918156017451172244777019688999790236759738163883990516719309506964677884306
554 266051537978378800918624013986565385169676076300404404273282719547727056412034208213470900616483677954396004990339046090572149526686859695626506633763475874118031541288616238990407458052836815127
555 597812379375080235712928317786186337110030921372350072365557995552954046352623961222804701825473746129678187044294185181102546208049753914299537338910519027183372396411397157486776060137989924284
556 1343272223305613867024934385227949704642999284940963413601110601923441784329580996755382341906753053535292980109163970588859085925335195279448561622584723691725038170227420037244650071364138779389
557 3018305288007929168844173074255520361226353414953872495294496479852110558599751746520098485022496175245868142272283080268248568532033284777570153950316490536515417195577620992985668744813430667935
558 6782070419946391969000352215952804089985675193476358331824545566074708855176460528572774610126271657897351077609435945944253676781352010920289332184307185737572500164971264865729211500853010190975
559 15239173904595099239819943120933178836554704516965625745342477010078086484623091806910265363368286437505277317381991001567896836169402111338700256696346138319935379355292730687199441675155312270496
560 34242112941128661279796065383563641401868730812453737327215003106378771265822892395873206851840348357662037570101134868811798780588122948820119691626682971840927841679979105247142426106350204064032
561 76941329366906029830411721672107657550306490948396742067947937656760920161092416070083904456922711494932001379974824793247240720564295998058650307765404896264218562550279676315755082387002710207585
562 172885597770345621700799565606845777665927008192281595717768401409822525103384632729130750402317484910020763012668793453738383385547312833598720050461146626049429587425245727191453149205200312208706
563 388470411966468611952214787502235571480291776520506196176269737370027199102038789132472198409717332957311489835211276831912208711070798716435970717061015176522149895720792025451518954691053130560965
564 872885092336376815774817418939209263076204070284897246002359938493116003146369794923991242764829439329711741303116522324315560087124614268412011176817772082829510816316550101778735976200303863123051
565 1961354998868876621801050059773808319966772908898019092463221212946436680291393746251323933537058726706714209428775528026804945499772714419661273020235412716131741940928646501817537757886460544598361
566 4407124678107661447424702750984590331529458111560429234752532627015962164627118498294166911429229559785828670325456301546013242375599244391298586500227582338570844802453051079962292537282171821758808
567 9902719262747822700875638142803779719949485061733980315965926528485245006399260947915666513630688406948659808776571608794515870163846588933846434843872805310443920729518198559963386856250500324992926
568 22251208204734430227374928976818341451461655326130370774221164471040015497134246647874176005153547646976434078449823991108240037203519707839330183167737780243326944320560801698071528491896711927146299
569 49998010994109021708200793345455872291343337602434292629655722843549313836040635745369851612508554141115699295350763289464982702195286760221208214679120783458526964568186750876144151302761752357526716
570 112344510930204650942900877524926306314198845469264975717566683629653398162816257190698212716539967522259172860374778961243689571430246639347900177682106541849936952727416104890396444241169716317206805
571 252435824649783893366627619418490143468279373214833873290567925631816094664538903478892101040434941538657610937650497220844121807852260331077678386875596086915073925702458158958865511293204473064794027
572 567218149235663415967955323016450720959414254296498429669046812049736273655853428403112563184901296458458695440325010113466950484939480541282048736754177932221557839564145671931983315524816910089268143
573 1274527612190906074359637387926465279072909036338565756911094866101635243813429503094419014693697566933315828957925738486534333206300974774293875682701845409508252652103333397932435698101668576926123508
574 2863837548967691671320602479450891135636952953758796070200668618621190666618173531113058491531861488786432742418525989865691495089689169758792121715282272664322989218068354308837989200434949590876721132
575 6434984560890626001032887023811796829387400689559659467643385291294280303393923136917423434572519248047722618354652708104450372900739833750596070376512212805932673248675896343676430783446750848590297629
576 14459279058558037599026739139148019515338845296539549248576344335108116029592590301853486345983202417948562150169905667588057907684867862485690386785604852866680083063316813598258415069226782711131192882
577 32489705129039009527765762822656944724428138328879961894595405342889321695960930209511337635007062595158414176275938053414874693180786388963184722232439645874969850157241169231355271721465366679975962261
578 73003704755745430653525377760650112134807721264739813570123769729592479118120527583958738181424808360217667884367129066313356921145700806661463760873971931810687110129123255717292527728710765222492819775
579 164037835581971833235789779204809149478704735561820039786266600466966163902609395075575327651873476897645187794840290518453530627787320139800421857194778656629663987352170867067681912109660114413830408929
580 368589670790650087597339173347611466367789054059499931248061565320635485227378387525598055850164699560349629297771772049805543483539554697299122753031089599195045234676223820621301080226565627370177675372
581 828213472407526577776942748139381970079475122416080088712265961378644655239245642542812701170778067658126778506016705551751260673720728727737203602382985923209067346575495252592991544834080603931692939898
582 1860978780023731409915434890421566257048034563329840068886326887610958631803260277535648130539847357978957998514964892634854534203193692012973108100602282788983515940475043458739602257785066720819733146239
583 4181581361664339310010473355634903017807755195016260295236858171279926433618387810088510906400308084055693146238174718771654785596568558056384297050556461901981053992849358349450894980177648418200981557004
584 9395928030944883452159438853551990322584069830946280570647777268792166843800790255169857242169685458432217512485297624626412844722610079398004498599332220669736556579598264905048400673306282953290003320349
585 21112458643530374804413916172317317405927860293578981367646085821253301489416708042892577260199831642941170172693805075389625940838595024839420186148618620452470651211570844700808094069005147603961255051463
586 47439263956341293750976797842551722116632035223087983010703090740018843389015818530866500856169040660258864711634733056634009940803231571020460573846012999672696805009890595957213693831138929743011531866271
587 106595058525268078854208073003868771316607860908808666818404490032498821423647554849455721730368227505026682083477973564031232977722448087482336835241312399128127704651753771710187081057976724136694315463656
588 239516922363347076654979027677971947343919896747126335279865984983763184746894220186885367056705664027371058705896875109306849955409532721145714058180019177476481563101827294676779761878087230412438907742120
589 538189639295620938413189330517260943887815619179973354367433369260006347528420176692359954987610514899509934783636990726010922947738281958753304377755337754408394025845517765106532910983012255218560599081625
590 1209301142429320874627149615708625063802943274198264377196328233471277058380087018722149555301558466321364246189692882997297462873163648551169985978449382287165141910141109053179658502786135016712865790441714
591 2717275001790915611012509534256539124149782270829375773480223851218797279541699993949773698534021783514867368457125881611298998738656046339947562276474083151262196283025908576789070154677195058231853272222933
592 6105661506715531158238979353704442368214692196677042569789342566648865269935066829929336997381991518451589048320307655493884537402737459272311806153642210835281140450347408441651265901157512877958011735805955
593 13719296872792657052863318625956798796776223389985196535862580751045250761031746635086298137996446354096681218908048309601770610670967316333401188605309122534659335273579616406911943454206085797435010953393129
594 30826980250509929652953107071361500837617356705818059868034280217520569512456860106152159574840862443130084117679278393086126760006016045599166621087786372753337614714480732678686082654892489414596180370369280
595 69267595867096985200530553414975358103796244604944273702141798619437524516010400017461280290296179721905260405946297440280139593280261948259422624627239657206053424252193673322632842862833551748669359958325734
596 155642875111911243001150895275355418248433622525721410736455296705350367783445913505988422017436775532843923710663824964044635335895572625784610681736956564630785127945288462917039824926353507114499889333627619
597 349726365840409541549879236894324693763046132950569035307018111812617690570445366923285964750328868344463023709594668975283283505065391154229477367013366413714286065428289866478026410060648076563072958255211692
598 785828010925633340900378815649029447670729643821915207648349721711148224408326247335099071227798332499864710723906865474331062752746092985984142791136449734853303834549674522550459802184816108491976445885725269
599 1765739512579764980349485972917028170856071798068678039867262258529563771603651948087495685188488757811348521446744574959900773674662004500413152267549309318790108606582350448661906189503926786432525960693034611
600 3967580670244753760049471524588761095619827107008702252075856126957658077045184776586804476854446979778098729907801346418849326597004710832580969959221701958719234982286085553396245771132021604793955409016582799
601 8915072842143639159548050206445520914424996368264167336370624790733731701285695253926005567669584384867681270538440402323268364115925333179590949394856263501375274736604847032903937929583153887528460332840474940
602 20031986841952267098796085964562774753613748045468358884949843449895557708012923336351319927005126991702112749537937576105485281154193372691349716481384919642679675848913429170542215440794402593418350114004498068
603 45011465855803419597090750610982309326032665352192182854194455563567189040266357150041840944825391388493808039706514208115389599827307367729709412398404400828015391452145619820592123040039937469571205151832888277
604 101139845711415467133429536980081872491254082381588557256968129786296204087259942382508996248986325383822047558412525590012996116692882774971177591883337457797335184016599821778822523591291123645032300084829799682
605 227259170436682086765153738606583279554927082069900938483180871686264039506773318578708513515792915164435790406993627812035896552058879544980714879683694396780006083636431834207694954781827782166217455207487989573
606 510646720728976221066646263582266122275075581169198251369135417595257094060540222389884182335746764324199820332693267005969399620983334497202897938852321850529331959837317870373620310114906750507896005347972890551
607 1147412766183219061765016728791033651613824162026708883964483577090482023540593820975967881938300118429013383513967636233961699677332665764415333165505000640041334819294467753176113051420350159536977165818603970993
608 2578213082658732257831525982557750145947796823152715080814921700089957101634954545763111432696554086017790796953634911661856902423589786481052849390178628733831995514789821542518151458173779287415632881777692842964
609 5793192210771707356361422430324267821234342227162940794225191559675139132749962690112306564995661526140395157088544192551706104903528904229318134007009936257175993889036792967838795657653001983860346924026016766370
610 13017184738018927908789354114415252136802657115451887785300821242349753343594286105011756680749577019869567727616755660531307412553314929175273784238693500608142648473568939725019629722059433095599349564011122404711
611 29249348604150830916108604676597021948891859634914001284011912344284688718303580354372708493798261479861739815368420601952464027586568976098812853094218308739629295321384850875359903643598088887643413170270568732828
612 65722689735548882384645141037285028213352034158116949559099454371243991647451484123644867103350438453452652201265052671884529362822923977143581356420120181830225245227301848507900641351602608887025828980526243103997
613 147677543337229667776609532636751826238793270835696012616909999844422918669612262496650686019749561366897476490281770285190215340679102001210701781695765171791937137302419608166141556624743873566095721567311932536111
614 331828427805857387021755601634191658742046716194594973508907541715805140268372428762573530649051299707385865366460172640312496016594559003466172066717432216674470224510756213964823850957492267131573858944879539443391
615 745611709213395559435475594867850115509534669066769010075625628904789207558905635898152880214501722328216555021937062893930678011045296030999464558710509423310652341096630187587888617188125798942217610476544768318896
616 1675374302895418838116097258733140063522322783492436981043248799680960636716571438062228605058305182996921498920052528142983636698006049064254399402442685891503837769401596980974459528708999991449913358330657143545072
617 3764531887198375848645914510699938583812133519857047998653215686550905340723676083260036559682060788614673687495581946539585455390462835156042091296878448989643857655389067935571983823648633514710470468192979515965649
618 8458826368078774975972450685265167115637055154139763968274054543877982110605017968684148844207925037898052318889279358328223869467886423345339117437489074447480900739083102664530538558818141221928636684240071407157474
619 19006810320460506962474718622497132751563921044644138954158075974625908925217140582566105643039605681413856826354088135053049557628229632782465926769413911993101821364153676283658601412575915967117830478342465186735525
620 42707915121801413052275973419559494034952763723570993877936990806578894620315623050556323570605075612111092284101873681894737529333882853754228879679438449444040685812001387296275757560321339641453827172732022264662875
621 95963814195984558091054214776350953705832393337646362741758003043905716055243368714994603940041831867737989075668556140514300746828108916945584568690801736433702292249073348211679577974400454028096848139566438308903801
622 215628733193310022271909684349764268695053629354219580407294920919764417805585219897979425807649133666173213609084897827870289465361871054862932090291628010318343448945994407435976312096546331730529692973522433695734952
623 484513365460803189582597610056319997060986888322514529678410854076855657046098185460397131984735023587973324009736478114360142148217968172917219869594619307626348504329060775787356444607171777847702406913879283435710830
624 1088691649918931843346050689686053309111195012661602277022358626029570015842538222103779085837077348974381872552889297916076273014969698483751787260790064889137338165355042610799009623336489433397837658661714562258252811
625 2446267932105356854002789305078662346588323284291499503315833185216231270925589409769975877851240587870563855506430176118642398712795494085557862300883121075582681386093151589949399379183604312912848031263785974256481500
626 5496714148668842361769031689787058005226854692922086753975614142385176900647618856183333709554823501127536259556013172039000928292342718481950291992961687732676352433212285014910451937096526281375831314275407227335504981
627 12351004579524109734194801994966725047930837657474070734244702843957015056378288900032864211123810241151254502065567222280567982282511232565706659026016431651798048087162679008971293630040167442266673001152885866669238651
628 27752455375611704976155846374641845754500206723578728719149186645082975742478607246479086253951203395559481408180717440481494494144569689527805747744111429960689767221444491442903639817993256852996329285317392986417500783
629 62359201182078677324737463054463358551704396411709441418567461991737789640687884536807703009471393531142681058870988931204556042279307893139367862521277603840501230096839376879868121328930154866883500257512264612168735236
630 140119853160244949891435970488601837809978161889523540822039407784601539967476087420061628061770180216693589023857128080610038596420674243240834813760650205989894179327960566193668588845813399144496656799189036344085732604
631 314846452126956872131453557657025188417160513467177794343497090915857893833161452130451872879060550568970377698404527651943138740976086690093231742298466585859599821531316017824301659202563696302880484570572944313922699661
632 707453556232080016829605622748188856092594792412169688090466127624579537993111107144157670810419887823491663361795194453291760036093539730287930435836305773868592592293753224962403785922010636883374125682822660359762396690
633 1589633711430871955899228832664801062792371936401993629702389938380415429851907578998705586438130145999260115398137788477916620216742491907428257800210427927606890826790861901555440642200771570925132079137029228689361760437
634 3571874526966867056496609730420765793260178151748979153151748913469552503863764813011116970807619629253041516459666243757181861728602436855051214293958695043222774424344161010248983411120990082430757799386308173424563217903
635 8025929209132526052062842670758143793220133447487782247915421637694940899586326097876781857242949516681851484955675081538988583637853825887242755952291512240183847083185430697091003678520741098903273552226822915178725799553
636 18034099233801047204723066239272252316908073110322550019280202250479018873184509429765975098855388516617484370972878618357242408787567596722108468398331291595983577763924160502875550125961700709312172824702924775092653056572
637 40522253149767753405012365418881882633776101516383903133324077225183426142091580144397615084146106920663778710441766074496291539484386582476408478454995400388928228186689590692593120519323152435096861402246364291939468694794
638 91052676324204027962684954406277873791240142695602574038012935063150930257781343620684423409904652841263190306900735685810836904118486935787682669356030580133656187054117911190970787486087264480602622076968830443792864646607
639 204593506564374762125659207992165377899348313797266501190069745101006267784469757956000486805100024086572674953270358827760722938933792857329665348768725269060257024531001252571659145365535980686989932731481100404432544931436
640 459717436303185798808991004971726746956160668773751673284828348039980039684629279388287781935958594093744761502999687266835991242501686067970604888438485717865242007929430825641695957697836073419485626137684666960718485814685
641 1032975702846542331780956263529340998020429508649167273721713506117815416895946973111891627267112559432799007652368997675621868519818678057483192456289666124657084853335744992664080273275120863045358562929881603882076651914199
642 2321075335431895700245244324038243365097671372274819719538185615174604605692053467656070549665083688872770101854467323790319005343205249325607324452249092698119154690069919558398197358882541818823212819265966774320439244711647
643 5215408937407147933462453906634100981259611584425055039513256388427044588595424629035744944661321343084594449858303957989423887963727490640727236472349365803030152225546153283818779033342368427272298575324130485562236655522808
644 11718917507399649235389195873777104329596465032475762524842984885910878365986955752615668811720613815609159993918706242093544912750841552549578604940658158179522374287826481133371675152292157810322451406984346141562835903843064
645 26332168616774550703995601330150066275354870277101760369661040545074196714877282666611012018437465285430144335841249118386194708122205346414277121901416589463955746111129195992163931979044142229093988570026855994367469218497289
646 59167845803541602709917944627443135899046594002254228224651809587632227207146096456801947903934223043384854215742900520876510441031524754737405612271141971304403714284538719833880760077038073841238129971713927644735537685314834
647 132948942716458106888442294711259233743851593249134454294121674834427772763182519827599239014585297556590692773408343918045670677434413303339509741503042373893240800392380154526553776980828132101247797106470365142275708685283893
648 298733562619683265782806932719811537111394910223421376443234118711413576018633853445389413914667352871136095426718339238581657087778146015002147973375810129626929568958169832894824382059650195814639735614627801934919485837385331
649 671248222152283035744138215523439172067594819693722978955938102669622697593304130261576118939985780255478029411102121874332474411959180578606400075983520661842696224024181100482321781023090449889289138364012041367379142674739721
650 1508281064207791230382641069055430647502732956361732880060988649216231198442059594140942412780053615825501461475514239069200935234262093868875438383839809079419081216614151879332914167125002963491970215236181519527402062501580880
651 3389076787948182230726613420914488929961665822193767362634681282390671518458789465098071530585425659035344856935412260774152687792705222301355128870287328691053929088294315026253325733213446181058589833221747278487263781840516150
652 7615186417951872656091729695360969335358469781055544626374413111327951537766334394075509355010919153640713145935236638743173836407713357892979296048430945799684243169178600831357243852528804875719860743315664035134550483507873459
653 17111168559644136312527431742580996953175872427943123735322518855830343395549398659108147827827210350491269687330371299191299425373869844218438282583309411211003334210037364809634899271146052969006341104616893829228962686354682188
654 38448446749291963050419979759608474311748548814748024734384769540597966810406342247193733480079914195587907663660566976351619999362747824028500732344762439530636982500959015424373716661607464632673953119327704415105212074376721685
655 86392875640276189757275661566436976241314500276383628577717644825698325478595748759420105432976119588026371868716268613151365587691652134382460451224403344472593056042776794827025088741832177358634386599956638624304836351600252099
656 194123029470200206252443871149901429841201676939572158154497540336164274372048441106925796518204943021149381713762732903463051749372182248574983352210259717264819760376475240268788994874125766380936385214624087834485922091222543695
657 436190487831384639211743424106631361611969305340779920152327955957428907412286288726077964989306091434737227632581167443725849087073268807503926423300160339471595594294768259940229361828476245487833203909877109878171468459668617804
658 980111129492693294918655057796727176823825787344748369881435807425323763718025269799661621063841006302597465110208799177763384335827067729200375747586177051735417892923234965322222629789246079997968406434421668966524022658959527204
659 2202289717346571022796609668550184285418419203090704501760702030471912160476288387218475410598783161018782776139236032895789566009355222017329694566262254725677611619764762950315885626532842639102833631564096359976733591686365128517
660 4948500076354450701300130970790464386048694888185377453250511912411719177258315755510534477272101236905425789756099697525616667267464242956355838456810526163619045538157992606013764521026455112715802465652737279041819737572021166434
661 11119178740562779130478216552334385880691983192116711038380290047870026751274894628439882744079144628527036890541226628769259516208456640200840995732297130001180284803157513197021192038796506784536470156435149249093849044171447934181
662 24984567840133437939459954406909051862014242069328095028250389977679860519331816625171824554831607332940716794699316922168346133675022301340708135355142531440302003524708256049740262972086626042685909146958939417252784234228551906279
663 56139814344475204308097994395362025218671772442587523641630558090818028612680212123272997376470258057503044690183760775580335116291036999925901427985771666718165246314416032690487953461943303757192485984700290804557597775056530580305
664 126145017788521067425177726645298716418665803762386431273131216111445890993417346243277936563692978819419769284525611844559756850048639660991669995594388734875452211350382808233694977857176726772534410959924371777274130740170165132708
665 283445282081383901218993493279050406193989137898032291159642600336029950080183087984657045949024608363401866464535667542531502682713294020568533283819406605028767665490473393108137646204210131259575398757590094941853075021168308939442
666 636895767606813665555066718808037503587972307115863489950785858692687762541103310089319031085271937488720457523413186154042427099184190702202835135247430278214822296016913561759482316803653685534492722490404270856422683007450252431287
667 1431091799506490164903949204249826696951267948367372839788083101609959584168972361920017171555875504521423012226836428006056600031033035763982533558719878426582960046173917708393407301954340775556026432778474264877424310295898648669308
668 3215634084538410094143971634028640491296519065952576878367309461576576980798864945944696328247998338168164615512550374623624124478536968209599368968867780526351974722874275585438159274508125105386970189289762705669418228578079240830461
669 7225464200976496687636825753499070175956333773156663106571916166070425783225598943720090796966600243369031785728523991099262421888922781480978436361208009201072087195905555317510243534166937300795474088867595405359838084444606877898943
670 16235470686984913304513673936776954146257918663898530251723058692107468963081090471464860750625323320384805174742761928816092368225349495407573708132563920501913189068511468512065239040887658931421891934246479251511670087171394347959039
671 36480771490407913202520201993024337977175652035001146731650724088708786728588914940705115969969248545970477519701497474107823033861084804086526483657468069678546490610054216756202562341434130058252287768070791202713760030209316332986560
672 81971549466824243021917252169326559924652888960744160608452590703454616637033321409155001893597220168956728428417232885932476014058596322099648239086292050657934083092714346706960120189588981747130993381520466251579352063145420136033216
673 184188399737071485941841032394900503680223511292590937696832846803510551039574467287550259006538365563499129201793201317156682693752927952878249253697488250492501467726971441658057563679724434621092382596865244454360794069328762257093953
674 413867577450559301703079114966103229307924259510924889270467560221766931987593341043550403936704702749984509312302138046138018367703367423769620262823800481964390527936603013266872685207603720931063470807180163957587180171593628317234562
675 929952005171365846326082010157780402371419141353696555629315376543589798377727827965496064986350550894511419397980244523500243415101066478317841540258797163763348440507463121484842813905342894736088330829705106117955802349370598755529861
676 2089583188056219508413402102886763530370539030925727062832265466505435977703474529686992274902867438975508218906469425775981822504152572427527054089643906558998585941224557814578500749338565075782147749869725131739137990801006063571200331
677 4695250803833245561449807100965204233804572943694225792023378749332694821797083546295930210855380726095543347898616958029325870055702843909602329456722809799796129795019975737374971627374869325369320359761975205638644603779789097580695961
678 10550132790551344784986934294659391595608265776960482091249707588627235822919913794313356631627278340272083495305723097311133319200457193768413871462830728994827497090757046167843601190182960831784700138563970436898471396011213659977062392
679 23705933196879715623010273587397223894650565466689462911690528460081730489933436605235651199207069967664202119603593726875610685952464659018903018292740361230452538035309510258483673258402225913156572887020190947696449405001210353963620414
680 53266748380477530469557674368488635151104823766645182122607385759458001980989703458488728819186037549504944386614293593033028821049683667896617578591588641655936443366356090947435976079612543332728525552842377126652725602233845270323607259
681 119689297167283431777138688029715102601251947223019345065655592390370498628992929727899752205951866726402007397526457815630535008851374801043724304013086915547497927677264645985512024227444351746828923854140974764103429213457687234633772540
682 268939409518164678400824776840521616458958152745994409342228042080117268749042126309052582031882701034644757062063615497418488152799968610965163168325022111520479760685575872659976351276099020913229800374104135707163134624148009385627531925
683 604301367823135258109230567342269700368063428948362981627504290791147034146087478887516187450531231246186577135039395217434482493401628355077433062071542496932521005682060300358028750700029850240559999049506869051776972859519860735565229131
684 1357852847997151762842147223495345914593833063419701027531581031272040838412224154356185204726993296800615903934615948116656918130751850520076304988455020189838023844372431827390521828448714369647520874618976899046613651129730043622124217647
685 3051067654299274105392700237492439913096771403041770627348438311255111442221493661290834014872635123812773627942207675953329830602105360784264879870656560765088088933741348082479096056321359568622371947913356531437841140494831938594186132500
686 6855686788772564715518317131137956040419312440554879300600953362991116688709123998050337047021732313179976582683991904805882096841560943733528631667696599223081680706173067691990685190391403656651704771396183092870518959259874060074931253516
687 15404588383847251773587187276273006079341563220731828201018764005965303981227517503035322904189106453372110889375575537448437106154475397731245838217594739021413426501715051639069944608655452512278260616086745818132265407884850015121924421885
688 34613795902167794157299991446191528286005667478976765075290043063666613208942665342830148840527310096111424733492935303749426478548406378411755428232229516500820444775861822887651478351380949112585854055656318197697208634534742151724593964786
689 77776493399410275372668853037518106610933585738130479050997896770307413710403724190645283538221994332414983773677454240141407966409727210821228063014357172799972635347265629722382216121025947080798263956003199120656163717694460258496181097941
690 174762194317141093129050510244954735428531275734505894976267072598316136648522596221085393012782192307569281391472268246583805305213385402322965716043349123079352288968678030693345965984777390761904121351575970620877270662038812653595031738783
691 392687086131524667473469882081236049181990469728165503928241998903273073798506251289985920723259068851442121823129055429559592098288091637055404066868825902457856768508759868221422669739199779492020652603498822164713496407237343413961650610721
692 882359873180780152703321421369908727181578629452706423781753173634554870535131374610411950921078335678038541264052924865561581535379841465612545786766643755195093190638932137413809089342151002665147162602570415829648099758819039223022151862284
693 1982644638175943879751062214576098768116616452899072456515481273574066678220246404289724429552633547899949922959762636914098949863834389165957529924358764289768690860817946112355694882438724394060410856457063683203132425262836609206410922596506
694 4454962063401143244731975968440870214232821065522685832884473721879415153177117931899874889303086362626496265360449143264199889164760528160472201568615346432274618143766064493903776184480400011293948222913198960071199453877254914221882346444575
695 10010208891797450216511692730087930469400679954491737698502675543698342114039350893479062257237727937474903912416607998576937146657975604021289387274822813399122833957711142962749438162057373413983160139680891187515883233258527398427153463623372
696 22492735208820099798004299214040632384917564521607088773374343535702032703035573314568274974225908689676354167233902503503975232616877347037093446193902208940751595198370404307046957626156422445199857645817917651899833495131473101869778351094813
697 50540717246036506567788315189728325025002987932183229412366888893222992366933379590715737316386458954201115981523963862320687722726969769935004078094011884848351406210685887082939577229889818293088927208403527531244350769644218687944827819368423
698 113563960809095662717069236863409351965522860431481809899605445778449675322862981602520687349761098660603682217865222229568413531412841282885812215107103165238331573662031035510176673923878685617394551922944081526872651801161383079332280526208287
699 255175903655407732203922489702506396571131144273539760438203436914420310309623769481188837041682747585732126250020505817953539552935774988669535062114316006384262958336377553796245967451490767082678173408473772933089820876835511744739610520690184
700 573375050873874620557125901078693820082782161046378101363645430714067303575177140974182624116740134877866818736382270003154804914557421490289878261241723293158506084124100256019729031596970401489661971531488099861807942785188187880866673748220232
701 1288362044594061310601105054996484684771172605934814153265888852564105242137115069827033397925401918680862081504919823594694735850637776686363479369490659427462943552922547030325527356721552884444607564548505891129833054646050504427140677490922361
702 2894923236406589509555413521369156793053996228642466647457219698927857477539783511147060582925861224653858855496201411374590737062897199874347301938108726141700130231632816762874537777588585403296198927220026109188384231200453684990408418209374770
703 6504833466533365709154806196656104450796382902173369346816682819705752893641504951146971939660384233110712973760940376340721405061874754944768204984466388417704697932064080300054873880301753289547343447457070009644793574261769686527090840161451669
704 14616228124879259617263920859684881009875589427054391187824696485775258022685678343613971064321227772194422721513162340461338811336008933077520232537550843549646582542838430332658758181470539097946278257585660237348138325077942553617449421041355747
705 32842366479885295434127234394656709677493565527639685075008856092328411461473078127227853485376978552845699561291063645888808290670995421225461368121459349375297732786108124202497852465654246082143701035408364375152685993217201108771581264034788393
706 73796127618116484776363583452342195914066337580160391991025725850726328051990329646922706095414800644775108870334349255898233987616125020583674763796003153882537350182990598437599589232477277972686336880945318978008716737250575084633521108949480864
707 165818393591239005369590480439656220495750651260906077869235611308005809542768059077459294611885352070201494580446599817223937454567236529315290663175914813590725850609250890745038272749138262929570096539713342093821981142640408724421174060892394374
708 372590548320709200081417309936997927228074074574332862654488092374409535676053369674613441833808526232332398469936485244457300606079602657988794722026373431688691318615384255725178282265099557749682828924963638790499993029314191424704287966699481219
709 837203362614540920756061516861309879037832462829411411187186070206098552842884468779763472184087603890091182649985221050240304679110316824709205343432658523085571137657028803757795248046860100456249417508695300696813250464018216489196228885341875948
710 1881178879958552036223949863219961464807988348972249607159624621478600831819054248156681091590098381942313269189460327527713972509732999778091914745715775664269107743320190972495730505609681495732611567402640898090304512814710215678675571676490838741
711 4226970574210935793122543933364234881425735086199577762851947220788890680804939595418512213530475841542385322558969390861210949092496713722904240112837836419935095305682026493024077977001123534171789723389013458086922283064124456421843084271624072211
712 9497916665765882701712976213087121348621626058541993721676332992850283640586048970213942046466962461136992731657413888199895566015616110399191189627958789981053727217027215154786091211565068463619941596671972513567335828478940912033165511334397107215
713 21341625025784149160324546496318516113860998854311315599044988585010857130157983287689715214874302381874057516684336839733288108613995934743194704623039640717773441996416265830100529894521578965679061349330317587131289427207296064809498535263927447900
714 47954196143123245229239525272359918694917888680965047156914362942083107220097075950174860262685091383342722442467118176805260834151111266162676358761200234996665515904177720321963073023607102860806274571943594229742992399829408585230319497590627930804
715 107752100646264756917090620827951232155075150157699416191197381476326787929766086217825493693777522687422509669961159305143914210900602356669356232517481320730050746587744491319240584730170716223671668896545533533049938398387172323236972019110786202293
716 242116772409868609903096220431943866891207190142052563940264137309725825949471265098136132435365834376313684265705099947359801147338320044758194119173123235738993567083250437130343712589426956342470551015704343708711579769396457166894765000548272887490
717 544031449322878731494043536419479047242571641760839496914811293153695332608611540463922898301824100056707155758904241023058255671426131180023068112102527557211372364850067645257964936885417526047806496356010626720730105537350678071796182522616704046469
718 1222427570409361315974092672442950729221275323506032141578689342140789703236928259808156435345236511802305486113552422688332398279289980048134974110860697029431687550195641236327033001630091292214411874831180063617121852445710640987250158026670894778135
719 2746769817731732753539132660873436638793915098630851216131925840125548913132996794982099636556931289285004443720303986452363251082667771231534822214650798380335753898158099680781687227556173154134159695002666410246262230659375502879401733575410220715249
720 6171935756549948091558314457770344959566533879006895076927729729238192196894310309308432810157274990315607217795256154570000644773199391331181550428059766232891822981661772952632442519857020074434924768480502257388916208227110968674257442654874632162164
721 13868213760422267620681668903971175828705707533138609228408695956461143603684689153790808821526244758113913393197263872904032142349776573845762948959909633816687712311286004349719539265640122010789597357132490861406972794667886799240666460858488590261442
722 31161593459662750579382519604839259978184033846653262317613195802034930491130691821907950816652833217258429560469479913925701678390084767791172626133228235485931493706075681971289833823581090941879959787742817569956599566903509064276188630796441591969799
723 70019464923197820687888393655879350825507241347438238786707357831292812389051762488298277644674636202315165296340967546185434854356746718096926650798306338555658876741775595339666764392945283820114592164137623743931255720247793959118786279796497142038876
724 157332309545636124334477638012626785800492809008391130662619215508159411665549527644713697284475860863774846759954151133392539244753801630139262978769931278780561534878340868300903823343831536571319546758885574196412138212731210183273094729530947285786109
725 353522490554807318777461150076293662448308825517567237794332593045576705229020125955817721396973524712606429255779789899044811665474265210584279982204940660630850452792381649970184577257027266020873725894165954566798932578806705261388787108061950121641295
726 794357825732052941201511544509334759871603218696087367464577043768020009734538017068050862433748274086672539975172763385296727721345585333210896292381506261486603563721328572901606213464940784792952406383079859586078747650096826746931882665858350387029823
727 1784905832473277076846006601082336396391022453901350842060867465073457313032546632447205748979994212022176662446171165536245727863411634246866809588198021904823496045356697927472493180843077299035458991901440099542544289666269148571979457710247703609914832
728 4010647000123799776116063596597713890205339300981221813791979380869357930570611156006644638996763173418419435611735304558743371782694588616360235486572609410502745201642342777876407997894068116842996664291794104104368394403828418629502010978291807485218192
729 9011842006988823687876622249768429416930097837167707102180249183044153164439230927392444164539772284772342993694469011268435743707455226146376384268961734464342382884920054910323702963166272747928499914101948448165202330823829159084051597000972968193321393
730 20249425181628170075023301495052236327674512521415285176091610281884206946416526378344327219096313530940928760554502161559369131334193406662246194436298056434364014926125754671051320743383536313664537500594250900892228766385217588225625747269990040261946146
731 45500045370121364061807161643275188182073783579017055640571490365943209126701672528074453963735636173235781079191738029828430634593147450854508537654985237922567667535529221474549936452039277258414578250998656145845291469190435916905801080562661241231995493
732 102237673914882074510761002531834183274891981842281689355054341830726472035380640507100790982027813592640147925243509209947794656813033082224886885477306797815156967112264142709827490684295818082565194088489614744417609373942260262953176311394339554532615739
733 229725968018257343008305865211891318404183234742165149174588563745511946251046427163931708708694949827575148169124254288164650816885020208642036114173300777118517586833931752223153597077247377109880428927383634733788281450689738854586527956081350310035280825
734 516189564581275396465565571312341631901184667747594932063659978955807155410771822306889754435682077074554663184300279756448665655989926048654450576168923114129624473244598425681584748386751295043911473692258228066148880806131302055220431142994378933371181896
735 1159867423265926061428676005304740398931660588395073323946854179826399785037209431270610426598031290384044326612481304591114187472051839223726050381033840207562609566210864460876495603166454149115138182223410476121668433689010082702074213930675768622245028878
736 2606198443094870176314611716709931111360322609795576430782779774863094779234144257684178898923049708015068168240138634650512389783208584287464515224063302752136326018832395595211422357642412216164307409211695545575697466733461728604782331048264565867825958827
737 5856074744874391017592333867412260989751121140238631253448753750596782188094726124332078470008448629339625999908458294135690301382479081750000630252991522597705637130631057225617755570064527286399841526954543339206914486349802237856418444884210521424525764636
738 13158480509577726150070603446229712691930904301877765613733433096230259370386387075077725412341915676310275841444573918330778805076114908563739725349012507739984990713883645585570437894605012639848852280897371747867858005744056121615545006886009840094632459221
739 29566837320934973141418929043161755262252607134198586050132840168194206149633356016803350395769230273945109514557467496146735521751500314590015565726953235325539292539565952801547209001632140349933238679537591289366933031104452752482726127607965635745964724251
740 66436080406573281415316127665140962226684997430036306460550359682021889481558372984352347733871927594860868870651050616488559547196636455993770226549927455793357938662384493963047100327804766053315488113018010987394809581603159388724578817217730590162036143087
741 149280517624503809821980580927213967023691697692393433357500126436007725742363714910430320451171169787356571414414994810793075811068658318013816293477795639172270179150451295142070971762636659816715362624676241516288694188566715408316338755157416975975404551204
742 335430278334645927917858360476407141011815785680624587125417772385843134816652446788409638240445036895628902184923572741927975647582452777431387247778565498812359004423721131445641834851445945336812974682832902730605264927632137452874530199924598906366880521244
743 753704993887222384242381174214887286820638271623606301147785311525672105894110235502897249198189315983753506913611089678160467559036927416882820562484999181003630249335509064070307541137723784437025823877324035990104414462227830925340820337788884198547129450605
744 1693559748484586886580640127978967747629400631235443756063488269001179620862509202883773816185652499075779344597730757287455834954587649293183212079270768221647349323944287964444185945364256854394149259812804733194525399663521083895239832120344950327485734871250
745 3805394212521750229485803069696415641067623748413869226149344077142188212802476194482035243329049277239683293924149031511144161820629773225817857473247970125485969892800363861513037597014791547888511368820100599648549948861637861262945954378554185947151718671861
746 8550643179640864961309865093156911742944009856439575907214391111759883940573351356344947053645561737571392425532417730631583691036810268327936106463281709291615658860209506623399953598256116165734146173575681896501520882924568975495790920539664438023242042764367
747 19213120823318893265524893128031271379326242830057577284514638031660776473086669704288155534434520253306688800391253735486855708939662660588506858320540620487069938289275089143868758848162767024962654456158659659457066315047254728359287963337538111666150069329345
748 43171490613756901262873848279523038860528871768140861250094323097939248673944214570439222879185552966945086732390776170094150947095505816279131965631114980140269565545959321049624433697566858667770943717072900615767103564157440570951420892836186475408390462751196
749 97005458871191830829962724593920437357439976509899723877488893115779389880401747488821654239160064449625469839640388345043573912093864024818834683119488871475993410520984224619717672645040368194770395716728778994489752560437566894766338828470246624459688952067370
750 217969287532821669657274404339332642196082581957882731720557471297837251961661039843794375823071161612889337611280299124694443062343571205328294473549552102605186448298652681145191020139484828032349080694371798945289542369985319632124810586439141612661618297556591
751 489772543323078268881637684993062682889076268657524326068509512613514645129779612605971183006116834708459058329810210424338309089685500619196291664587478096546096741572330265860475279226443165591697613388399476269301733736250765588064539108512343374374535084429356
752 1100508915307786376590587049731537570616795142763031659980087603409087152340818517566915087596144766580181984431260331628327487329620708418902043119605019424221386520922328988246423905947330791020973911754441972489403257282049283913487549974993581736950999514347933
753 2472821086405829352405537380116805181926583972225704914308127248133851697849755607896006982375335206255933689581050574556298840686583346251672083430247964842383683335118335561208132070981619919601296356202911622302818705930364013782914828472060365235614915815568631
754 5556378544796366812520024124972085251580886818556917162527832587063275902910550120752957869340698344383590305263551270316586859613101900303049918315513471012442656449586669844802212768684127464631869010771865740825738935406526545891252667810601968833806296061055839
755 12485069260690776600854998580329438114471562466576507579383704818851316351330037331835007633460587128442932315676892783561145072583166438438869876941669887443047609713369346262566133702402544057844060465992201131464893319461367821651932614118270721166276508423332376
756 28053695979772090661824483905514156298597427779484227406987114976632056907720869176526966153886537395013521247036286262882578164092851430929117588768605281056154192541207026808726348102507595660718693586553356381452706868398898175412203067575083045930744397092151960
757 63036082675438591111983942266385665460085531206988045230830102185052154263861225564135982071892963574086384504485914039009714541155767399994055136163366978542913338346196730035216617138733607914649578628327048153544568120852637626585086081457834844193959006546580457
758 141640792069958496284937369857956049104296927726883810289263614527885049084113282972963922664211877414743357940331221557340862173821219792478357984153669350698933259520231140616593448677572267432173790377215251557076949790642805606930442616372482013152385901761980498
759 318263970835583493020034198076783607370081958881271438402370216264190195524366922333536861246430181008559579138112070890808860724705355554021653515702100398884625664845451984459677166391370547118278465796204194886245760833739350665033768246627715824567986412978389493
760 715132651065686891213021823745137598384375314282438641863173944871213285868985902075901663085179275857776131712069449299948869082076163500527609879394503169925271250864938379500731164321579753754081143341296593176023903337268869310412893028170078818094399721172179027
761 1606888480896998779161140475709102755034535659719264911839454491478731718178225443512376264752576855309368484621919747933365736715036462762598515290337437388036234907055097602844546046356957787194266962101582129681216617717634283678929111686595391447604399953560767049
762 3610645642024100956515268577086559501083364674839697027139712711564486526701069866767117331343902805467953521817796874275871481787443733471702986944367277547113115400129681600730146090644124781024336601748256657652211377938798086003237348154733145888735213215315323632
763 8113047113879513800978655806137084158816889695116220324255705969736491485711379274970709264355203190387499396545444047185159831207847766205476879299677489312337194456449522424804107063323627595488859022256798851809615470257961586374990914967891604406980426663019235286
764 18229851388886129779311439713651625063682608405352872763811670159558737779945602973196159595301732330933583830286765220712825407488102803120058230253384818783751269405973628847493814170934422184807787684160272231590225700737086975074290066403920963255091666587793027155
765 40962104249627672403086266656353774785098741830982268824739333577289480518901515354595911123614765046786713535301177614334939164396609638973890352862079849332726617868267098519061589314548347184080097788829086657337855493793337450520333699621000385028428546623289965964
766 92041012774261960784505317220222090475063202372201190089034631344401207332037254407417272578176059234119511504343676402197543905073474314862362056677867028136867310686058303460812885736707488957479124239561646694456321218065800289739966550678030128904968333171353723797
767 206814278409265464192785461383146330671542538170031776238996926106533157403030421196234296684665151184092152713701765198017201567055455465578556235964429086822709969834410076593193546617028902914230558583792107814660272229187851054925976734573139679583273546378204386403
768 464707465343165216766989973330160977033049536881282473742289149980178041619196581445289954823891596555517103396446029183897007874787775607045584175744645352449560632486611358128138389656216947601860143618316775666439010182648164949071586320203309103043086879304472530639
769 1044188196321333936942260090823246194262578409560395533634540594722488033309386329679396933754272285061006848002250147163613673411557532364807362530775852763584963924121574489388657440192755309160471721580864012453081971376418380663329182824301727756764478971815795723884
770 2346269579576567626458724693593507034886663817832041764772373413318620950834938819607849525647771015493438646687244558313107153130847384871081753001331921792796778510895350260312259723424698663008573028196252692757942680706297075220803975234233624936988771276557859592004
771 5272019890131303973092719504680099287002856508343196589436998271379551893360067387449806030225922719492367037980293234605930971798464526499925284357695050996728960313425663651885038497385935687575757634355052622302528322606364366155865546972565668527698934645627042377253
772 11846121163517841635701903612130459414629798424958039410011829361355236704245687264828064652345344169417165874645580880361355423316218905506124959185946171022669735213625103074693679278003814728999616575325493924909917354542607426869205886355063234235622161595996148622626
773 26617992637590419618037802035347511081375789540427233644688283580771404351016503097498085809268840042833260140584210437015534665300054952641093449728255471249271652229780519540960137329968866482566417756809787779364420350985282144673473344448458512061954486561061480030501
774 59810086548567376898684788178145382290378520997469310109951398251518493512918626072374430240657101535591319117833708519786493782117864284288386574284762062524484079359760478504728915440555612006556694454590016861336229733906807350060287028279414589831832200072492066306375
775 134392044571207331779705474779507816247503033110407814454579250722453154672608067977418881638237698944598732501606046596227166806219564615711741639111833425275570075735676373475724288933076275766680190090664327577126962464256289417924841514652224457489996725110049464020625
776 301976183053391620840057935701813503704008797677857705374421616115653398507118258929714107707863659381955523980461591275225292729256938563070776402780173441826352578601332705915217355976739297057350656879108884236225734311434104041236496713135404992749871163731529514317124
777 678534324129423196561136558004989441365142107468653915093471084702241458173925959764472666813307916172918461344695520626891258482615577457564907870387418246403791153578581306801430085445999257874824809394292079188242201353217690150337547912643619853157906852500616426348498
778 1524652786741030682182625576932284570186789979504757721106784534797683160182362110481240559696241792783193714168246585932780642888268528862488850504443176509358364810022818946042353237935661537040320085577028715035583174553613194923986751023770420241575688143622712902993495
779 3425863714558092940086329776167745078034713268800311651932618538181954380031531921797239678497927842357350365700727101217227251529895696619471832476493597823294168195022886492970919205340583034898114323669240625023182816149009975957074553247049055343559411976014512718018364
780 7697845891727793365794148571262785284891074409636727109878550526459350462071499994311247249878789561324975984225005267740343887465444344643867607587042953909542910046490010625182761563170828348961723923521217885893706605498415456687798309605224911075536605243151121912681725
781 17296902711272648989492001341761031077630072108569008150582935056302972143992169799938493618559265172224108619982491050765134383572515857044718197146136329133021623477980088797294089093746578195781242085134647681775012852592227694408684421433728457253056934318694043640388319
782 38865787599714998404691821478617102362116505357974431759111802100883340370024307672390994808499392063415842858489260268053385403080580362113832169402822014352291988807427301726800020545323401705626093770121272624420549494533860869548092599225632770238091061904524696475439999
783 87330632018974852433081495727732450516972008414881144558927988731610302421969285150409235985679259737730818352736006319131561302268232236628514928364737403928062691046344681625711368621222553258071705701855975044722405236161533976817071310279769086653702452884592314678586592
784 196230148926392054281362811592320972318430450079167712726384844507800973069970708173270973161298646366653370943978781855551373624044528978326143828986160493075395747422136576180928668694021930025988263088698575032090347114264701128773550798351442486292439033355015282192224864
785 440925142272043962591115297433757292791716403215242138252585875646328908191886393824560187499777160407621717382204309762180923147276709831166970416934236375726562197083190532260768685463943011604422138109131852484482549970157075364816080307757021289000489457690098182587596321
786 990749801451505127030511910732103107384891248094770844672628607068848487031774210671982112175173707444165987355651395060781658616329716404031569734489895840600457450542172959076754671000685399976760833605106304956333041818417317881588640103585715977639715495850619332688830914
787 2226194596248662162370776307305642535243068449325616114871458245276224909185464106995253438688825928929300321149528318028192866755891613660903966056927867563852081350745399874233349358771291881531955542230645887365058286492727009999219809716577010757987481416036321565773033285
788 5002213851676785489180949227909630885079311743530760936162959221974969397210816030837928802053048404895144912272503721354986468980836233894672531431411394592578057954949782175282684703079326151436249779957266227201967064833714262515212179228982716204614188870233164281647301163
789 11239872498150728013702162852392801198016800688292367142524748082157315216575321957999128930619749031275424158338884365677384146101234365046217459185260760908407739810102791265721964093929258784427694268540072036812659374341738217148055528070956727189576143660652030796378804697
790 25255764251729579354214498625389590745869844670789879106340997141013374921175995839840933224603720538516692907800744134681561894427413350326203483745005048845541456224409964832493263532166551838759682774806764413462227527024463686812103425654319159825778994775500904308631877272
791 56749187149933101232950210875262351804677178286341364419043783142209095661716497606843066577774141703413665061667868913685521465975224831803951895243859464006912594303972938755425806455183036310510810038196334636535147363556951328257050200150612330636519944341420675131995258078
792 127514266053445053806412757523521493157207400555180240801903815343274251028033669095527937449532254914068598872797597596375220680276628648887889815047463215950958905022253051077622912348603365675353608582659361649719862879796628126178148297884587093909242739797690223776243588731
793 286521955005093629491561227296915747373222134725911966916510416687744222796607839958058008252234930993034169899462319971754400932101068779253528041593780847063288948124069076078178367620223215822458344428708293522512645596125743893801243370265467358629226429161300218375850558268
794 643808988913699211556585001242090636098974491720662810215880865576553600959532851404800887376227975196723273610054368626198501078503541375590994002991165446070624206966418264478553841133866761009759487401879614058210006708491164585523584838264909480531175653778869985395949447189
795 1446625666779046998798318472257575526413963717612057346546368332497577173687639873672131845555158626472412118246773459627776182408831522881547626232528648523253578457034652553957663137539353372166623710649808159989212796133311444938670264748910699225782334996921349965391505863915
796 3250538367466699579661660718460325941553679792218865536392107113883963725538204758791006570234310297148513340204138967909996464964065518359432718426454681645514492172911654296315701748592350289520548564272787640514122953378988310569062870965820840573466619218460269697803110616751
797 7303893412798746946565054907936136773422348810329125609114701694688951023804516539849344098647551245572715525044997026821570611258459018224822069082446846368211938595891542882110512793590187190197961351793503826959248696182796901491272421842287470892184397780063019375601777650228
798 16411699526285146473993452062075023961984413695265059408075142170764288599459597964817562921974254161821532272047359561925361505072152031927529230358819725858684790907660087506579064198233371297749847557209987134443407549611270668612937449901485083132053079781664958483615160053292
799 36876754097902340314890298313625858755837496408640378888872878922333564497185507710693463372361749272067266728935577182762297156438697563720447811373631616440067028238300063598952939441464579496177107901940690455331940842026349928148084450679436796582823938124932666645028987140061
800 82861314309291080157208993781390604700237057702216691576706198320742466570026096846355145568050201460383350204873516900628385206691088141143602784023636112370606908788368671822374430287572343099906102009297864218148040537481173623417833929418071205405516558251467272398071356683186
801 186187683190199354155314833814332044194327198117808702634210133393054209037778103438586191586487898031012434866635251422093706064748721814080124149062084115322596054907377319737122735818375894398239464363326431757184614367377426506370814859614094124261803974846202252957556540453141
802 418359926591787448152948363096428834333053957529193717956253586184517320148396796012834065368664248250340953209208442562053500179749834205583403270774172726575731990364823247697666962482859552400207922834010037277185328430209676708011379197966822657346300569818939111668155450449407
803 940046222064483170304002566225799108160198055473979446970011107441346382764545598617899176755766193071310991080178619645572321217557302084103327906586793456103453126848655143310082230496522656098749208022048642093407230690315606298975739326129668233548888556232613203895796084668769
804 2112264687530554434605638661733695006459122870359343909262065667674155876639709889810046227293708736361950500502930430431104436550115716559709934934885675523460042189154756214580708687657528970199466874514780889706815175443463462799592042990612065000182273707437963266502191079333804
805 4746215670533804591362331526596760286745389838663473547537888856605140815895568582225157565974519417544871038876831037945727694138038900997939794505583971776447805514793344324773832643328721044097475034217600384229852253147032855190148446109386975576567135401289600625232022792886970
806 10664649806533680447026299148701416471789704492212311557367832273443091125666301455642462182486981378380381587176413886676987503608636216471486196039466825620252200091892789720818291743818448402295667734927933016073112451047213566880913195883256347919767655953784551313070440580438975
807 23963250596070611050809291162265898223865675952728752753011487735817167190588461603700035703654773437943683712726728380868598264805195617381202251649631947493492163509424167551829707443308088878489343629558685526669261979797996526152382794885287606415920173601420739984870712874431116
808 53844935328141097957282549946636452632775666559006343515852918888472284690947656080817376023822008836722877973753039610468456339080988550235950904833146748830788721595947780499703873987105905115176879959827703685181784157496173763995530339544444585175040867755336430657579843536414237
809 120988471445819126518348091906837387017627304578529128227349493239318645446817472309692325568811809733009058073056393715128523439358536501381617865276458619534817406609426938830419163673701450706547435814286159880959717843743130487262530278090920428846234253158309049986959959366820615
810 271858627623708739943169442598045328444164599763335847217540417631292408393994139096501991457790854864797310407139098659856904952992865935617984383736432040406931371305377490608712493891200717649782407958841337920431957865184438212368208100840997836451589200470533790646629049395624351
811 610860791365095508447404427156291591273180837546194479146577409613431177543858094421878932460571510625880800913581551424373877006263279822381635727916175951517891427624234139548140277468996980890935371772141132036641849416615833148003416140228471516574371786344040200622638214621655080
812 1372591738908080630319630205003791123972898970277195677283345743618836118034892855630567530810122066383549854161245807793476135526160889078999637974292325323907896819944418830874573885155493228725105715688837442112755938854672974021112510103207020440754098520000305141904945519272113896
813 3084185641557548029143495394565828510774814178337249986495728479219811005219649666586512002623024788528183198828934068351469243105592192044762927292764394558926753696207694310688575553888782720691364395190974678341721769260777342977860228245801514561630979625874116693785900203770258521
814 6930102230658081180159216566979156554249346489405501171128225292445026950930334094381712603595600132814035450905532393072040744731081993346143856831904938490243512784735573312703584715464061689216899134298645666759557627959611826828829550454581578047441685985404498328854107712190975858
815 15571798363965629759142298323520350495300608186871056651468833320491028789045424999719369679004102987772704246478753046702074597041595289658051002982281946215505882445734422105221171099661412870400056948099428569748081086325328022614406819051757650215760253076682808209589170108880096341
816 34989513317031792669300317819454029034075748684810364487570163454207273523801534427233939958980781319831260745034104418124720695708680380617482935503704436362328523979996723212457351360898104709325648635306528127913998031349490529079782960312295363917331212512895998054246547726180910019
817 78620722767371133917583717395449252009202759067086284455480934936460548885718159759805536993370065494621190285641429489879475243727874057546873017157785880449919417620992295217432289105993560599834455084413839158816519521064697253945143189221766800002980992117070305989228157849050940521
818 176659160487808430745325454286832182557180658632111876747063200006637342506192428947125644266716809321300937069838210351181596586122833206053177966836994251046661476776246891542100758473223813038594501856034777875798955987153557014355662519704071313707532943670353801823113693315402694720
819 396949530425956202738934308149659588089488327646499673462037171495527960374301483226822885567822902817391803680283745774117947720264860089035746015328069946180913847193489355089176454691543081967697810161176866782500433464022320753576685268317614063500715666944881911581208996753675419942
820 891937498572349702305610353190702106726954554858024939215656608061232714369077235640965878408992549461463354144764272409538016782924679326577796980335348262958569753542233306503021378750316416374155667093974672281983303394133501267563889867117532640705983285443047318996303528973702594083
821 2004165367082847176604829560244231618986216778730437675146287187611356046606263525561628998119091192419017574899974080242012384699991385536138162009161772221051391877501709076553118453718952101677414642493091433470668084265135766274348802482848608031205149294160622747750702361385677913388
822 4503318702312087852776335165529505756609899784672400616046193811788416847207302803537400989079352031482106700264428687119444838462642590309818374983330822758880439661352162104520081831496677537761287141918980672440819038460382713062684809564497134639615566206819410902916499254991383000917
823 10118865273134673179851889538112541025479061793217213968023018203126957026651791896995465097868802705921767621284067182071364044842351886829197114995488069475853701446663799979090260737961990760825833259237078106070322857791767691132154531744725344669730298422356397234587397342394741321139
824 22736883881498587035875284681510356188581806592376390876945943030430974853904623071966702186697866250906624367932588971020160543447354978432074442965145189489536450677178052986147484853701706957735539017900045451110796669778782329052645070571099215947871013757371582624340591578395187729807
825 51089314333819759398826123735603747646032775193297595105868710452200489887253735237391468482185183176252909656884816436992240293274419253383527625942447625696046163139667743846865148613868727138535624153118188335851097158888949636174759863322426641925856759730280151580352081244193733779836
826 114796647276003432653675642614605310455168295185754367120660345731704997601760301649754174053199429897490676060418154662933277085153841598369932579854552371405775075509849740700787521343477170473980954064899344016742668129764913910270010265471227155129854234795575488550457356724387913968340
827 257945725004328037670302124283304012367787558972429938470243458885179510236869715464933114401886176720327637409788536791838633920134747471691318342686407179018059863482189172262292706447121361128761993265016830918225636748639995127662135323693781736237694215564059546056926203114574373986709
828 579598782950839748595453767445609587544710637937316648955278553049863528188245997342228934374786600161893041223110411809618304632148917288369041639284919103745848639334560341378507785623851165592969316441814817517342844468155954529419521049536363985679385906193414429083957681709342928161922
829 1302346643630004102207534016559917877002040539661308869260140219253201569011601408499636809098259947146623043795591205748141966099278740450059469041401693015103982066641460114318520756351346521840719672083747121936168657555186990276231167157295282552466611793155312915674384209808872316342213
830 2926346345206519915340219676282141329181004158287504449005315532671087155974579098876569438169420317734811491404504286514063602910571650716796661379401897954935752909135291397753256591879422848145646667344292230471454522829889939954219720040433147354374915276939980714375799898212513186859639
831 6575440551092204184292519601678590947819338218299001118315492731545512352772513608910546751062313982454352985381489366966650867288273124595283750160920569821229639245577482568446526154486341052539043690330516765361734858746810915655251086188625213275537056440841859915342026324524555761899569
832 14774880803760924181717724863079405347817640055224197816376160776508910292508004908198026131195788335496894418371891814699223371387839159457304692659841344582291049333648796420327788144500758431383014375921578639258755582768324780988490725260388291352982416365468387629385468337452752394316564
833 33198855813407532632387749651555260314273614170459892302062498751892245781813944326430029575284470335713330330720768709851034007153379792793096474101201361030875985003739784011348845851608435067159425774829381813407791501453570537678012816668968648627126973894838654459737163101217547363673058
834 74597151879483785262200704564511335028545530177844981302185665548747889503363379952147538530702415024469202094431939867434640518406325620448213890701323496822813380095550881874578953693231287513162822235249825500712603726928654940689265272409700375331699307714303836633517768215363291359763111
835 167618278768614178975071433917498525023547034470925657090057669072879114496032699322527080505493512049154840101212756630021091672578191874232219562844007010094211695861192751340178965093570251662102055869407454175574243372542555638068052636227981107937543172957977940097387231194491377688882716
836 376634853603304610579955822747953124761365984949236403180238504942613872713614834270771669966404968787065551966136684417625789856409329576119556542288136155980360786814196600543588038028763355770207508199235352038453298970560195679147357728196693942579658679735421062368555067503128499373855485
837 846290834095739614872782374848893439517733474191553482148349013409358970419898987911922881907601034598816741939054185597838030866990525406023118756718955825232119889394035070552776087457865675689354250032628332751768237586734292055673502820211668617765161224714516228200979597985385085076830575
838 1901598243026169661350449138528241478773285898861417710386878862688452699057380110772090353276113525935544195743032298983280759917812188513933574492882040796350388869741073990308961247850924455486813952395084563366415530771486224152426310732392050070172437956206475578673127032279407291838633919
839 4272852466544774326993724829157423272302939286965152499741868233843650495821044375185331918493423117682839581458982099146773760846205572857770711200194901261952536842061986450627110545130951230892774646623562107446146000159146544681378766556799074815530378457392046323178678595041071169380242928
840 9601012342019978700465116421994194583861430998600169227722266316966394720279569873230831308355358726702406616721942311678990250743232808823451878136552887495023342664471011821010406250654961241583008995609580445506939293503045021459510341025778531083468033646276051996829504624376164545522289200
841 21573278907558562066573508534617570961252515385304073244799522005087987237322804010874904181928027045152108619159834423521473502414859001990740892980418635455648833301262936102338961798589949258571978685447638435093609056393750363447973137875964086912294007793737674738164560811513992968586187409
842 48474717690592328506618408662071913234063522482243163217579442093298718699104133519795307753717989699323784273582629059575163494726745239947162952897195257144368472424934897575061219302703908527834191719881295208248011406131399203674077850220907630092525670776359355149979947652363079313314421090
843 108921701946723240379345209436767202845518129351190230452236139874719029915251501177234688381008647717097270549603150230992810241125116673061614920638256262249362435486661719431450994153342805072657353129600648406082692575153503749336618497292000816013877315700180333041294951491863987049692740389
844 244744842676480247198735319000988747963847265799319550877252199837648791292284331863389780333807258088366216753629095098039310474562119584079651901193289146187444510096995400335624245810799569414576919293634953585319787500044656338899341706928945175207986294382982346494405289824577060444113714459
845 549936669609091406270197438776672785539149138467586168989161097456717893800716031384218941294905174194505919783278711367496267695522610601273755770127639297479882983255717622527638266472238035373976999996989260368474256169111417223461224060928983536337324233689785670880125583488655028624605748217
846 1235696479947939819359784987117567116196627413383301658403338254876365548978464893454592974542608958760280785770583367602039035624482224113565548520810311478897848041121768925959449784601932835089873566158012825916185607263113987036485171331494911431868757446062373355213361505310023130643632470504
847 2776584786828490797791032094010818269968556699434869934918585407371800200465361486430015110046315833626701274570816351473535028469924939244325200910554973109088134555402260074110913589865304136139147213019379958615525683195294734957532225016989861224866852831431550034812443304284124229467756974766
848 6238929383995830008671651736362530870594591673785455359251347972163248056108471834930404253340335451819177415128937359181612824868809492000942194571792618399594234168670571451653638697860303071994190992199783482778762717484592039728088397304545650345265138875235687753958122530389616560954540671819
849 14018747074872210995774550579618312894961112633622478995017943096821930763703840262836230642184377778504775319058107702234721642583061699132644041533329898429378754851621634051458741200983977445037655631260934098256865510901364827377223848294586250483528373135840552187515326859753334220733205847900
850 31499838746911761202429720801588338390548260241595543414368648758435309383050790874172850427662775175202026778674336412177521081565007951021905076727897442149263609316511579480460207509962953825930355041702271720676968056092026959525003868876728290087455032315485242094176332945612160772953195392853
851 70779495184699903391962340446432458805463041443028110464503892641529301473696950176251527244169592677089651461277843167408150980844268109175512000417332164328311739315974221560725517523049582024904174722465694056832038905600826706699143188743497180313173298891575348621909870220588039205685055961787
852 159040082041439356990579851114834943106513230494029285348358490944671981566740850963839674273817582750876554382171915044759101400670482470240285036029231872376508333096838388550452501355078140430701048855372725736084180356392315545546066398069136400230273256962795387150480746527034904963590101468527
853 357359820520666856170692321874514006627941242189491137746852225772437955224127861229758025364141983003640733446947336844748832700620225098634176995747898466932064796193139419181170312723242909060375917391508873808323431562293430838266272116005041690686264780501680880828695030329045688359912063505988
854 802980227898073165940002154417430497556932673429983450377559049848018590541299623247104197757931956081068369814788745566848615821066664558333127027107696641912326186167143005352067609278514376526548708915924779295899004575378350515379467441335722601289629519074581800185960936964538242477729172518716
855 1804280194275373831060116779594540058635293358555428753153611834523803154739986256760126746606188312414900918694352912933686962942083071745060146013934059878380208835430587041334853029925193521682772286367985706664037260356657816323479140600607350493035250561688049094050136157731087268351780307074893
856 4054180795928153971889543391731996608199578148351349818937930493123186944797144275537599665606166597907229473756547234589473709004612582949819242059227917931740679060835177668840603356405658510831717364260387318815650093726400552324071476526545381896673865861948999107457538222097667090821377723162514
857 9109661558233608608899201408641102777477516981828144940651913770922158453792975184588221880060589552148291496392658636545785765130241573086365503105282199099949240770933799373663992133457996166819658305972835564999438443234080570456242626212362391685093352766511465508779251664961883207516806580881205
858 20469223718119997358627829429419662104519318753452210947088146200443700697643108387953916679121157389788911547847511594747358276323012657377490102255858256253258951767272189374833734593396457322788261689838072742150489719837903876913077588350662814773825320833283881030965905394290346237503210577850031
859 45993928198545449354265316875748430378316576340381217015890275678686372904282047684958455572696737733818885118331134591451028608771654304891526465557770793674726465244643000454490857963845252301564464321388593730484767789183487771958326326387142639336070128571130228463253524231444908591701850013418753
860 103347418556977287458259261772275420083674954452386500038216783786894288052414228573282605944454043305278390288117122141103629728736079694074177530266117644502762641485624390910151458387628965759097532026642424638120586854970798850373487614912585701760872225209032872448693702192218280213390104023806332
861 232219541594380026912156010990879608441147166491702006145235697052031248311467396443569750782483666954586754146717867278910929789920801035662391423834147826426992796448619592899960040145706726496971266684835370264575451779287181595792223967861651228083989258155912092329675023221591122780978847483181386
862 521792573547191891928305966878286206587652711095409295312797902212270411771066973775463651936724639480633013463221722107474460699806027460507433912376642503682021769138220576255580680715197166451475601074924571436786722624361674269999609224248745518592780612949726828644790224403955617183645948976750351
863 1172457270131786523310508682975176601532777634230134096732614717689677783801187115421214448711478902610574390785044189352756221460796776262603081718321315189288273693239436354500969943188472093640824936808042088500028310173039731285417954801446556563508678258846332877170561769837284076934880641412875756
864 2634487572216384911637167321837759801212060813063975482632791640539594731061973808174322798577198777747195040886592233534075973831478778950051205925185125055831576359168473692357560526946434627236154208006173378172267891191153955245043294859280207417526147872486480490656238740856932648272428384319320477
865 5919639841017364454656537359772409997369246549262675766685400096556596834154067757994396393929151818624331459095006934313433708423948306702198059656314922797269404642438163162960510316366144181661657751745464273407777369930985967505504935295758225879968193390869567029838249027147193756296091461074766359
866 13301309984119327297639733358407403194417776277359192919270977115963110615568922208741901137724023512385283568291561912808187169218578616091844243519493655461082111950805363663777611216490250896918644774689059836487794320880086158970635210649350102613953856395379281673162175025314036083929730665055977439
867 29887772237039634138298836754749456584992738290917086122594562687943223334229938367303875870800000065647703554791538526395732073029626759935835340770117108663602052184880416798158172222400211348262793093117410568211098120500004330201732061735178223690349758309141649885506360336918333275883124406867400760
868 67157214617181231119580869508133906367034006309930689397774702395292960449874731185355256485394871825056359218779632031286217606853883829261316865403412949991016811678128034097133445344924529411782573209178416699502213191949108851868594398823948324114685179622793014414336646672003508879399888017716012600
869 150900891487282769079820842412609866124642974633419271998872990362566033618410478529272487703865720203375138424059240676159980117518815802366624828057449353184553563590331121328647451695759019274909294736785184130727730183518135874968285648733724769305766261159348397041017478655611314950753169777243448521
870 339071225354707135140923717578604182031327217285852147272926120432481804352465749876596356022326312166158932512106574857210445768861888674058731180748194547696521886673909859956270176514042356613338369589631374392746575438485376271603433634556219639035867943632348158610865243646307805505023103165335508882
871 761886127579515808242087408061684323820263402895192877146950528832236681873467247097109943263123472710636644229492758359294654048388709321222770324150425498586580525260022807144054359378919203089803460706869516216718667868539779566306558519022215723262816968801251699848411319276223417081399488090198453685
872 1711942589026455982545277691289362963547211048442818629567954187734389134480989765541543754844707537384057082547032850899639773748120491514137647000991596191685129373603624352915731443576121743518035996266585222695456180992046799529248265023866926316255735620075503161266670403543143324717068909568488967731
873 3846700080277720638191719073061806068883358282494977989009932783868533146482981028303601096930212235312591876811451885301363755775767803675439333145385423334260317385793361653019247070017120333512537083650408587214884454414148002353199654932199848716738420265319909863770886882716202261010514204061840880265
874 8643456622002381450686628429351290777493664210537581730440869226639218745573484575051636005442008535298604191940443863143072631251267389543793542967612017361619183619930324851810171224231443207453306702860532880908506421951803024669341016369244408026469759181914071188960032849699324429656697829601972274576
875 19421670735256027557019698240475024660323475655127322820323717049412581503148960412865329352969521768525743178145306760687869244530182091248888772079617861865813555252050387003723858074903885004901114493104889126336441117325707252162633422646821738453422203009072549080424282178571707795606840953697296461686
876 43640098012236715926534305837239534029257257238297249382078370541595848605388424372478693614450839837037498671419605499217447364535863768366131753981462317758985976738237737206238640304022092883742998605419902546366504202189069526641408206730688036216575744934739259486037710324126537759859865532934724317683
877 98058410137727077959401681485602801941344325921184239854039588905965059968352324582771080576429192907302136329044073895979691342350642238437358737074930480022166325108595536564390967458716627564933805001084161338160943099752043280776108819738953402860103933696636996863539669977125458885669874189964772822476
878 220335247552434844288317970567970113251622433425538406269833831304113387038944113125155525414339703883116028151362446530488960804706966153991960456051705415937505071703378423331296717146551463008709494114483336096351949284367448836030992423561773103483361409318940704132692768099805747735592772959166973500949
879 495088807230360050609503316784303494415331935533963803011628880972595985440852126460603437790657760836496693960349361457740165587228710778055147895196878994138190491777114646020745761447797460698609794624630930984498337466297871426196685460131811573610251007399779145642887495852610416596995554575363995506691
880 1112454451875427867547922922650974300140941978572281772439052004343340297952296041463591320419226032648807279743017095549989600636813745471664897509370532924191719730149012178808397272583429756840995278362661036727187681117211148407648254524086442847843759490421861998554928089827901122043914007919930191691855
881 2499662463428780941417031191518281981445593459252988941619899058355163194306500096262630553214770122250995225295021106027230406056149235567392982457886239426584124880371760580306243589468105511371890857235469668342521750416352719405462202084742924165814408578924562438620050907408606912949230797456057405389452
882 5616690571502629699772481988903234768616796961544295852667221240081070701124444107528248989058108516314301036372709946146710247161883505828395714529946132783221778999115418693400138690071843318886167198208969442427732844483618715792375973233440479605862325640871207730152142408792504531345380048256681006964068
883 12620589154558612473414072246673777218538245403769298874515289534173964298603092269855537210911761122230790018297423902770661299743102501752519514008407972068835963148453585788298123697028362392303229975290747516470799758266379002582565894027537440529695300370245115900369407635165714853596076886049489227625733
884 28358206417191073705183595290732507224247694309829904660077901250073836104024128550976692857666860638524885847672536645660802440591939273766041760088875837494309580415650829689690142494660462592120736291554994807026810610600024001552045559203772436499438517802436877092270906771715327325588303022899602056826082
885 63720311417438130184008780839235556898416837061884812342003870794240565805526905264280673937187373882966260677269787247945555933765097543456207319656213514274233344980639826474278269996277444257658535360191767688096688134982808289894281039201641833922710010334247662354759078769803864973427302883592012334313829
886 143178240097508721599787084722529843802543123029830230469570353304381003416474846809682503521129847282226617183914687238781253008379031858925936885392894893973940307228476896849948558790186988715134577036647782666749387122299261578758041743579518663815163238100687085901419656676157342418846831904034137497828007
887 321718585195264499678399354993562737279255388811715368621066676152928736534452470332668988121780207808894609197426625079847259509931221987542039330353127464727804379021942790484485245081990959095806953141932338214568651768981307445858318967156906725053597968733184957065327485350403222485532663668760685273143761
888 722895099070599590772577013870419761462637063591376155369699834815997910679852882210739805827502889017049574901498150150530216094476378290553808226442936309155315720291722651344640778957891462649089947960320691407790002525279068180580398638691690279999649165232809337677315548607159922416484856357963495709801700
889 1624330543238954959623766298011872416401986392964637448890895992480543554477683387944466096255656138560767141816508238142126438690504946709723718897846105189064495512376911196323818244207586895678852272025925938363399269697240182228261074500960768621237733061098116546518538925888565724899655544480653539194919154
890 3649837600353245010341710254900601856987354460708935684530425143624156283100767187767003010217034958329689249337088001354935833965555049722459206691782019222556502366023602253507792022291074294910987538870240229920019890150778125191244228673456320797421517318695857473649065915033888149730263281650509888826496247
891 8201110644874845389534609793942656368914058250791132662582046444912858209999364881267732310862223166203096065589186090701467890527138667864088324054967207325022184524132393051994761509831844022851737401806085706795649047473517364430169133209181719936081118533257022156139355207349182101943697251423709821138109948
892 18427728346863980829787163544774042178413484569326563560803622040969329148621813562358001535685825152175114238698951944615745176329327438740912135903870328683536375901911477161173496797747175444935610070456485705147918715400572671823321420590858992048346021324111785239409237403843686628718002240017275991907796989
893 41406729738249562038767226628590138868753672928735324099658865383227360224142224818216732372016838512223635293650001978578022409220238495623453389170925845469538433961931745120833963083035120617811970003848816887171466588123884582885567745717443383235351643862784735161308764100002667209649438449807751916127207679
894 93040077178488259517787007008011663547006772176006079097539306362511191386906898317523733968857279010419288760409769811070322104242665762123730590190754812297591059301642574350846661453985572657707812676348033772695202844174824473164287778816564038582968190516424233405887410396499838946073181888209070003024102399
895 209059155748362100244554077099839423784353732711420918733933856067280413849334207890906198774045571380887098575770589656102921441376242581130002433648565141381184176663305416661353789193259090488291985286088398727413953561072960857390821882759712468352942003571521416733674347489158658473077799986208615930267615488
896 469751658936962897968127934579100372246960564670112592465748153113844658861433089281119399144931583259969850618300947144698142577774912428760282068316959249590420978666321662552720276757468633016479813244676014340351643378196861605060363798618545592053500553796682331711927341274814488682579343410818549947432125696
897 1055522396443799636663022939250028504731268089875640024567890855932458540185293488135621263095051458890407511051962714134428884492683401676526835980091728828264435074694306167415947681254210783863543799099092393635422037473291859594347261701180239613876974920648461846751641619642287796892163304919636645822107764481
898 2371737296076200071049619735979317957925143011709971722867596008911481325382685857661455726560988929659897774146455785757452990121765473200683951594851851764738106951391628580723261850072631110255275426156772402883781764763707619936364065318219312351454508391522084608481536233070231423993828153263883225661380039170
899 5329245329659236880794134476629564048334593548625470877837334720641576532089232114177413317072097734950233208726573338504636722158439435649134457101478473108150227998811241666309751104642004371357614838167961185062633923622510237862015028539000318724732491149895948732002786744507936156197240268036584547197435717125
900 11974705558950874195974865749988417549863062019085273453974374594262175849375856597880661097610132940669956680547639748632297549945960942822426029817717069152774127874319805745926816378102429069106961303393602379373627574535436236066046860695039710187042515770665520225735468102443815939496145384417415674234143708939
901 26906919151484785201694246240627081190135574575086046062918487900254446905458259452277279785731374686630248795675397050011778831928595848093302565142060759648960376796059224577440122010774231399316262018798393540926107307929675090057744684610860426747363014299704904574992186716325336611195702883607532670004343095833
902 60459298532261207718569223754613015881799617620631894701974015674129493128203143388257807352000784578980221063171860510151218491644713203359896703000360115342544653467627013234497309295008887496381870502822428276163208266772276178319521201377760244957036053220179380643717054790586553005690310883595896467045394183480
903 135850810657056326442857827999864695403871747797264562012892144654251257312488689630912233392122810903920734241471478321681918265272061311990669941325063921181275555856993445300507924222689577322973041721049647713878896266938791210630740226671341206474392604969398145636690828195054626683080179266381909929860987753854
904 305254000694889075402590633513715325499407538640074972664839817082377560847722263197804994350515031700191440750439420103503276190260239979247934020508427198056135388385554679258073035729613810743011691926123330162994893492720183509523256970109582231158458248859270767342106524464370469760654966532752183656763026595355
905 685899513514573269529469871272682330520887207456782612640597763144876885879730072638264414741152089725323394679178458018537252154147828067126641279341558201951001679160475790582156686386908311312614555070473879763705474985606882051357732965512745423834273049467760299677186822333209013198699801448290380776341646761084
906 1541202217066979288018672548059215291137310205756375635933143198717880075294693718843421590440696400246917495867324857818895862233283834801510546637866479680776863190849512815121878484280740856045267760346021441976526947196995156401607982674463731872352611742825393221059789340935733869474974390162951035279585332363669
907 3463049946953642770164224333877397587296100080329458911842044343498259475621395247127302601272029858518966945663388753552825700430455257690899800534566090365448592672473946741567840619218776212660138383836393433553764475886877011345050441344330626937381038286259275974454658979740306282387993615241440267678749284893067
908 7781402597459691558817651344541328135208623158958510846976634122569522140657754140459762378243604027559527992514923906906010010940046522116183506427657102209723046856636930507675403036331384970052929972948334429320350423985142297040351132397612240323280415265876184870291920478083137421052261819197541189860742255388719
909 17484652924806046599780854474900838566576036192490104969862169389919423681642209809203405767318541513391105434825911709545949860077264467121756266752013815104117823194898294941796768207600805296720730569387040850217938376660166449024144723465091375711589257075186252493978710594970847255017542863473571612120648463306836
910 39287658500118141988215135960465607681064595463609261874858928558910110028320778511739271311608657195822771916503358572445084030664120198668796239397118642052510100573959573649701098832314219350834252727886022696202462701418598183743590137983464364809077891129989413883794682688284525648699353930903244146423289897109324
911 88278567327582639017393475051290725793496603960750117872603392385170121597626012692222186012292251877477121275317704947530107910465458342343165239118593996999414977486180511733523562835897859028336306052210751813302513355512220519470973867034407865006464624069288895391276155493456761131363988906082518715106486002136765
912 198360140230477373423221231588146220701481767192619392650203543939330929541930594086980237568874619437385909032312856757959349991517772416233370450882292820947222232351422302174951456296509132110786134262920485472589551035782872773661393148587188719110417882193380952172368283080227200656409788879594709964515613438076018
913 445711189288419243875620802267117559515395542882379641298151551704921870653166422354443389838432833556426167423440059891003723862836882976141109901486060996841349341615065542433725376596601903899074321850165700062279152725659367883050170026225320938418222497326061385852218038965626636795484212734368694497714422981179477
914 1001503951479733222157069361071090613938776248996628557373903254964004549250637426103644831233448034672761122603875271592436689806726080026172425014735820817630505938095372875308878646653815080880598471911041133783845343131589388020290759334003422730940398252776214828485528205518023713116014225442249580244837973398298207
915 2250358952017408314766538292821152566691466273683017363395754517693600039612510680474752814736454283464562503598877746317917753484771270612252589480075409811155138985454388990876531213607722933549485131409327482157380287953055271149970295545644977681188601120685110090650906166921446862371102874739273145022874756339699873
916 5056510666226130607814525144446278187806313253480283642867260738646282757822492364698707070867923768045459962378190704337268472913431738274536494073400579443099434567389085314628215697272659044080494412879530398036326766312040562437181180399068057154899377996820373623935122500395290801062735762186427175792873063096518476
917 11361876332989936308238519220642618328365316531646956091756372740022161006006857983768522125238853784882721305751383883400018009504908667135153152612140747879723502182137186744824083961499225940829875485257347144446188477445547008004041897009777669260046958861549642510035622962194004751380560173669877916363782909134438618
918 25529904380188594909525025292910362277845480043091178462984251700997004730223697651760998506609177054346340070282080724819386738438477801932590209817606665391391299946209069813399852406663387992190760251984897204771323433250079307295294678872978417993804694599234548553355462257861853441452753234786909863497564125025695839
919 57365174427140995519474044662017064696249963364349029374857615403369887708631760922591812067589284125529941483937354628701523013468432532725797078173953499219406667507166241056995573077553342881130901576347611155952508577633665060157450074356666448092756970063198365992811424977522420833223330881057270467566038096089311820
920 128898376901480649640234595396301873341980090240142281120943109767714619141480361513176100516548891520523501732405406098822414755870434200249031213553372915950481132778404365182566914600270847813622687919422772372230152111071862419606152930576533644919271675864081638028942689250712690356518854823231572882265857408069880861
921 289632023849913699890418210161710449102364663801542413153759583237802121261368786297183014594077890112230604878466086101526965786770823131291269295463092665728977633117765901608729549871431650516185517163208258695641489366527310592074461256636755319937495627192127093497341341221085948104808287292733506368600188787203377703
922 650797250174167053901596971057705706850459454478878078053604660839948973955586173184950317637115387619454770005400223673174823315943647930105772726305604748189029731506769927343030441265580805964862820669491678607560622266492818543597625369493377836701505960185137459030813946715362165732912098527641315151900196886387324447
923 1462328147296767158053377556880819989461303482519156288140025795149985450031060771153907549351759773830616643156861127349054197662787684791253783534520929246156555963352901391112223517802322414632288470582768843538532581788441085259663559065046977348421235871698320373530026545401097589214113629524784563790134725151908145736
924 3285821520917787670117933874657635236670701755715648241179896667902117752756338929195582401746557045168457451440656392269756252854748194381322070499884370574773164025094806807958747926998793984713254244671821106988984296476847678470850282242950577213606482076389651112593525696296471396056331070284476936363569458403000238216
925 7383173938958175444387648335138384755952247539471574692446214470114271981588152456360122035207758476548076776032773688215391880056340425623792151807984065647513854282035745079686688930534329578093934139256919378908940552475643623657766498181454753938932694064292485139686263991278678215593863671566097121365373445071521297721
926 16589841251537371400839852988053584759113893352139641337932299812980676265901583070761918922810314224433994360349342641351485815304641360837652590581331572623644316625813395576219902270265130726268834052602891021268332819639693840526719719540813107743050634333276301018436027133452730238029944783891886615304181623394134687922
927 37277034921115130575949420436587919037509332488035209127130917428173506760634979668688377479081829880247608045290802578648607257810874952917775262470762840320029323508567729424167745544065797045918347999790880314456621895278183626240355655020130392211427480654455436063964792561887667295597422169065393415610167233456790435349
928 83760737154809457108351045526091038078180310788738484899747920199213417805583389951778551845766215508381133674898174110433308450870050841049410963714873187616189109360913109344868704427862395240011595912927732271272636057720417469349664531399619138226972901577894688006679348265949386613630925450456576325159142645236194260899
929 188208667979196673391811658500716410434756060713372537588694458013619666105900176501483562247803946672575881034737808158163738344246335274178944599319177642928763225604580552537685252129525456799672705773043453835733561191079324724412964998278555560922322649476968511058887461960333710284829328286086659450624270900535044269225
930 422901038192087673316024942090935939910183099727448350950005918798279243256748763286057298862292278973285287699082987848112177881551846436489524899882465633153686237061506484996071463142847511793438659459223759628283136544600883291935238872936599867860190719877376274060489479624729139887692159853564501810797517212849492364000
931 950250007208562562915510497156497252176941949379530754588958375410964734813814313121819608126622289110765322758005609743954785656479977306108583435369235721619946590366680413184959473987358085146538428778563240821027198222560673838933778212752136158415731187653826371173187072943842603446582722542759086747060162680997834736326
932 2135192384630016125755234277903214033829310937773137322539228211606589046778477213028212952867732910522240052180356399177858010850265465774527747171301759433464816192190286758828305158988038225286842811243306787434603971798642906245389830300162316623769330445708060505347976163552080636496028276652996015854293571674310117567427
933 4797733738276507141109954110871989379925380725198357048717408879825863585114019975892188214999795831181960139419635420251558629475459062418674552878090288955395892737685747445845498328820587023926785391805953056061952005275245603037778199940140169538094201359192571107808649920423274736550947115995186616644849788816768577507180
934 10780409853974467845059632002490695541503130438790320665385087595847351482192702851690769774740702283775395008261621629937020484144703613305768269492113101622636655077195101237334342342641854187993875166076649658737480784126573438482012451967690519541542001976439376349792088931454787506151339786100610162396932986626849437845461
935 24223361061595426705473983837950166429102330665005861056948355859913977502720948466245514811613467488210510103762522280947741586914600823255683344691014732767204386699885663161685877855116257174627692912715945586102309601729749573756413273575358891997408874866363263302044851619780769112357598411543410925584422190396157335630675
936 54429398238888814114897645567519039019782411043603685730564390435849442902520579808289611182967841429014455076367030771580945028498446197398460405996052278201649535739280680114860599724053781513322475599702587774880147982310826982957060799178268133998265550349973331846073142250593050994315589493192245396920927578602395531599631
937 122301747685398587090209642970497548927164022313422911852692049135765511825569405231133967402808448062464025248234962194172611159766789604746835887191006187547866803101251922154072734960581966013278768946044471477125124782224830101188522419964204640452397973589870550644399047189512083594837437611827291557029344360974098960984476
938 274809532548090561589842947670563970445008125005443648379000132847466489050938441804312031176971270065731995469074432878978425761117424583636448835687049920530178755241898861261320191790101456365252320579075585143028087945030737611577692365531318522905652622663351169832826385009836449071632866305303417585395194110154436117937908
939 617491414542690896154997892744106450797397861280706522880127924394849047024925709031468418573783146764913561110016797180548517653503192574621273152569053750406574777845768964561852518816731097230460934504493053988301152689975478341386846351848573552265437668566599558463978674958591930743787580729241881330898805002680575665260661
940 1387490613948073766809629090188279323112639825253433782286563932501399071275220454636114900921729115533095092440873065045902849908357020128132159253634151233795461507832184868230952494462981684812895420642017221642505268542756864193162862649264260986984129986206679736116384687737508226964370590151959888690163459754541488487474754
941 3117663109890747868184413125450101126577669386782130439074255656550180700524428176499386189240270107765371750522688494393375791709099808247249142824150306297467319038268239839762437315952593010490999455209451912130283601830458469116134879284845777003328045018316607860863921665423771935600895894727858241125830530401609116522272261
942 7005325419186878607023457448344375125470580737536988137554947321206911425299151098603418860828486184298925032376233256652105915673053444048009171749365710078323524806522895583193974607551436608564433396556427991914771319513698324084045774867107241441374782354273295899380249343626460167422374798878434489610925715555079145866758615
943 15740823334316431315421698931950572054406191036602672931897586366462604479847509919070109009975513360830126722834281942651684773146849676215135327069247575220318907143481846137919434036592484542806970827680290674317320972315098253091063566369795998899093479740656519923508035664939184043481274902332767331657518501757225919768314737
944 35369308977928993369682442186795418107705293423960203562275864397581939684469742760244250691539242798193806727522108647562099670257652988231030683063710554221494020055218348019270405364783812683687375596707557428419129662313436361150038028321853462236233696817269727885532399008081056318784028708816110911800132188667921868881115828
945 79474115870987539447763125857197033144346197146986091918894367840419572423487844340955191532225512772918815145502265981123778197989102208629187521447302973584983422447395646593266270158608673301617288624538977539240808977428272651307093848146395681930186091020922679795192584337474836513626957521086554665646857163537990511663787778
946 178576717385587640949786994969238912341991496681329714468167013711958480051597921523084524746014754983201310295692358667157971293089007729274270398889068926171141957806527795067883511645408674744114982018105221832583426644854883410673162158244848827197512399118458567552409532018091545302556668848656452911436328013986676972440376647
947 401258241664233827977654673608879439720623897085685317292952530866754592842213944626879990332715779941127629009364874667877621113909464678946697636161730271705773318005232888709762888084642210106159877064041863775988532604824603111503380136314239874088977192440570087014479249365576870799956266509583349576719381002843422587663425244
948 901619084843067757457333216329800758638893093705714257135177707605048093312537966435889313879220802092537753168919842021789435322918834878538478149765226495997705171369597925894143017656084421654817447521649971845319682877075816982372828582726932893445280692978676061786175446411770450388842244346736597399228232856135531636103439357
949 2025919693964781701942534111299242044656418587815784117095140932364892299415691955975574093345142629143001825051512200044298520466658126706749383536803114337530041702937900945430165411751402378671679790089236585634044471714121353665575875143523256833782026179279463643034420610171026226275084086354400091463739518701127808887429927311
950 4552200231108397333364746765319405408231106372251597174032507041468078099301707933760157510236790280437413774262579367442508855142325623613090547587209724899352015259240166928044710953074246968892017150636081279337420093700493921202021198733459206686920355859097033260840537417388246032139054150545953430749987889255547726823299868735
951 10228701071338508611214694425608252102479738238613264208024977307696000404706569857059999799939502387925291620407751092907526795428390539054392000561457337640236367050048636875625444300243811894800896643839749172463564976238033379087245444027714737314177457204494854102929319998535747840164350143099570355564487064356087730897926225424
952 22983682679820632853851601505236667568534164261662341472987320724495186609299155691904583016770652427144995190026569353213263925532448575015125165173321285842294707656399539733865434141810468379822130648226343038630505574462439325710936211645365424481493244088807277823664756804288715486192670350390694050415222499266595379731722392272
953 51643866199871376985553150670762181831316960389686349979967111715218295524003173307109008323244016961777868226198310431891545791350962065471551783320890184425473767103607549415311601630790501685553140789656353970387156031462418109307096668584986379590243589523012376489418296189724932780410636693335005025644944173633730763538071141233
954 116042714008224878213743208421152779128688346802421777224896566847235777252598932449062599863319183962775440022015439124088828712805982166903836731253644317053005874813566001688863193103147659856127515583699301806941252661149242165237884104787623446347802965930337176699572029185202833206849593593961133746140623782177969175909938449314
955 260745611536500500559187966007831072520159489732867562956772924685194663419901882513329625033111732460183753080202619326855939291430477824264100080654857532689190809074340013059172553695275353017986041308828614545639155779298463114071928666514867847804356277294879452064897597755841883707917153530866578467510969238723073735626225647589
956 585890070881354502346565989766052742337690365878470553158475304502406808568399524168612841606298631921365077956222367345909161504315975749960485109242469198005913725858638478391896698862907864206546457411700176927832408188283750284074644769232372762366271930997083704339948928507161667842273263962359285655517618085990385883624318603259
957 1316483039290984627038576737118783778066851874687386892048826966842772503304101998401492708382389812340138468970631914894585433587256447157281233567886151611648012385978050968154102758317943421574951440548529666594362719494716721516983334100191989926189097173358709684045223425584962386185614087861624016032405581628525876326964924404793
958 2958110537926823255864531497995789225951234625520376774299356313502757151756701638458268633337966524141458262817283577808224089387398392240258852164359914888612747688740400401640929661803519354338463297199930895570918691398418730203969384303101484766940110000419623620365498181921244556505584286154740739252817812104319064801927941765256
959 6646814044263276636421073743344309487631630759849669887489064289345879998249105751149417133452024228701689916648976703165124450857737255887838452787363512190867594037600213293044065383062074266045331577536691280808367694103270431640847457937162586697703045243200873220436270860920289831354509396208746208882523587751173620047196489332046
960 14935255587162391901668102247565624423147644270532329657228657925351744644950811142355610191859625169204699627144605069243887557515616456858654524171200787658699923377962776019574957669609724464854175011724783790593291360110242871968680966077234668236157103313462660377192816478176861833028988990710609140985459405978140428569355996024555
961 33559214680661237183892746740479769107975684675393952427647023826546612136394026397402368883833308042969630908120903263844675476501571777364888648965405172619654693104785364930553051060478003841415218303786327966424031722925337445374240005788530438403077141869706570354456405635352768940906903091475223751600624587603135412383980539615900
962 75406870904221589633032521985180853151467382861470564625033641289099088919489758186010930826074217026442271526737434893768114059661022755700593369314647620707141715549933292587636994407503657881639280041760748442632987111857647331076313519717132958344608341809674927865669356887962109883488285777452310435304184993433237633290120585924309
963 169437700901942024548289688463275850987762806127802752020485648479393045330422731627068620344122116926649474334451167982137016038308000831907420863423499626375238200826689174086252082205875595139839603375583041061096714586530389235558186079145561686856136722175593765708602302933100126874854485655669235481223535168491470250394865715439963
964 380723058027444401545719152171252786019017310441682116238357914421338567443941195042745802630485142836771589287518867594197470659775452642150546447196241700837963424098526275829588107758776844319903268489140502598402384561993088356818445672219725893653804644291155888928417557118809594692290353997315557646150630742813042721695871477188335
965 855476946052609238006695470820600569874330044149696419872167836032971091298815363526549294779018185573750381382751468276763843298197883360507920388501335407344023333473808433157791303315925625898006860312103297815268496598658918618118763903867880515819137668948230615699768060282757206375946907872848040338220611660684318060496488083892324
966 1922239249230720853010820405349178074779914592613272203962207938007887704711149190468775771844399397057622877718570636165588141217863218531258966360775412889150771890219453968058918632184752500976077385737764057167842663172780536357497787400809925238435943260012023354619351374751223880569329684087342402841368318895690208592293981929533020
967 4319232386486606542482617129347703933415141918934558711558225797627407933277172549421355035837331836852224547532373873013742655074148867780875306662855919484807603689814190093446040459926653783530258363298490909552551438382226902976295893033268005099037219544681121436010053252666395372822315922050217288374806618709251692523388580465770029
968 9705227076151324699969359193223985371735868386332693207206491697229732479966678925784936548740044885188321591400566913916309608067963070732501659297985916451421955936374025721793208248722134442138587252022642578457677043338575423691970809563478054920691244680426035610939689819801257419838014620314928939252760944653509275578574654777180754
969 21807447289558535089410515110446496602106964098986672922009001254078985188499381210522452361473022210171244852614937064680773729992211790714619658898052339498500743672342787568973538325186170166831355481606012009300062861886597214002739724759414189701983765645521169303270081517517686331929015478592732764038960189120580035088243908090598517
970 49000889268781788336307772284769274642534654665371480339666268407760294923688268797408486235848757468678586749098067170264114412978237784380865670431234675963615839591245410766294244439167820992271039851936175687505251328729542948721154366049038429225621556426787252781469799602170234710873729655450177178955874704185417653231673890492607759
971 110103998750970787062056700486761060515440405043396940394135046372369842555909239879554488284430492262340096759410504491292692947880724288743849340462535774974310466918459583379768818954799677709234847933455720805852888476007107687753077647294012993232535633818669639255269990902056898333838460169178158182697948652837906065973017034298633281
972 247401439481164827371010658147844899071308500653178688205927359898420994847007367345995010443236719783187535415304139088168726578747474571153944692458253886413736029755821789956858344023581006243909380237241605289910965418857161110224569935877650225988709058418605361988739699888766345046621634515213760780312811820740649750089464050999275804
973 555905988444518653467770244497681584015522751684382836466323497761451537326235705774136022935055174360036580840920715497366031692397435646670873054947808871838166686838857752527191262562793869204782568556002755698169567984991886959481063153000275015984332194229093110451279591077419353716207999544155502564367697590133787912920271245804577130
974 1249109417619231347244494446656447006586913598978547420744439309048954226943569539014712568028916576240920600337735065591608097015661621575751841461891335855115758936515077711631472050194369066944239669415791395880397212912833827341433618594584187264724837813058121943636028891141548154145199173434346607726350258348170319509956989508309796783
975 2806723384201816520585748479662730698118041448988298989749274755960938996366367416457566148549651607058690246101086707592413499144973204227020611286272226695655948530113191385833277018927950996849352527150343942169053028391802380532123730406290999319445298761926731635734597673471749316959984711897634957236755402465733777182744786211424894892
976 6306650197578345734948221161484226818807473745270762563776665323209380682350068666155708842193164615998264511698987765279069063613210594383122190979487980374589489309902602730770834825487477191438162155160476524520333701711446701446200016254165910887631103142682492104653944647007627434348960597685461019635493365689504085962526290685355009437
977 14170914361739276643237696355974737329146075340551276696558166093330746134122935209754271264907064262814298669161327172558943529355732771417513151783356851589719168213403319135743474619708536312781437168055505595329323218901861956083090144320038633829982667234233593901406458076345456031512706733834210388781391875496571629597840378073825116983
978 31841755536855082500837865393770970778981582977385016967143722753909933954229571669206685223457641534568171603920555402804542623179702932991127883259929456858371877206596049616424507045976598820151683964121143773009927111123368233080256574487952179228151138849222948271732263126226790180414389353456246839961521714216913567975462260621580348511
979 71547775237871095909965205982032452068301767550050548067068946277941233360232009882011932869629182715952377365303450212888959712101928043016646727323727784931873433316692815637821653886174256761646642941137316616828843739437151720797403277041777081398653841789996998340217039681791408957992524843061243049068941938240894679586238608631630804568
980 160766391650857997677530581001861137586439042736934836404723449216461654540570656223476279697808942703658627665366128656023518518027826247606908186124028175132399575626578361756324340198616576030663532678340271411338291371095809718591972984251467708195476155194983351050759884413464152064886732305744522549318013715202131297550099099811016840664
981 361238803002732008764188502591983756462198270046535203909372121956954608487143750659757807041789426588701461092115152122131454124977877605239335216311854678338300707363253489534045827237430810002822024333696715666495499370505402924901092671056760318561455013330740752170004545382492922907351600101094041307743447654428243706710974547632084137385
982 811696222418450919295942380203796198442533815279954696156398746852429638154626147660979960911758613165109172484292982687397467055881653415068931891424009746877127557036392525186594340787303939274660938404596386127500446372669463847596755049323211263919732340066467857050551935496658588921597407664871362115735967085817724031385809586443554310866
983 1823864856188775849678542681997715015760826857869509759817446166445352230255825389758241449167497710215261178395334988840902869718713358187770290813035845996960156245809460178150910168613422112521480368464549216510158100744748520901502629785451715138205443538268693115220348531962345948685659683125092242989897368110861560471932494620708175918453
984 4098187131793270609888839241607242473501989260972439011881918957786179490179133176517705052204964607006930068182847808247071752368330492185370178301183847062459139341292059391954368850776717354314799650999998103481321148491661102725700921949169881221769164403273113335321244454038857563385565173813961806787787255653112601268539824280227822010387
985 9208542897356866150160278785008403764322271564534433087424885335165281572459465595132671592665668311064012142276737622647648907399492689143441715523979530375001307371357186436873053529379552881876418732059949037345299951355401262505307718634468266317824040004748451928812285504543402486535192623088144494449735912331269038977626333594720265628361
986 20691408070318227060530854129626334986385705532171795426914243461671390404842238977024806788368803518919693174340988064701466697448602512284483318536107061815501597838196972087549565740922401005546156746655346961661762950457715106834813729432654698719211800874501324077725466931163316587770290736865158552697361712204789118751859996848960177348656
987 46493171906200049661333147802653831263591693367905584929371453300721882891964810372664580117198310741896468422775865943803510549928367221527038174295009806943545363706459071220017816160447637538653932574370644857187504703779170373449234255550607782534478477350477986748941974912831178098690208923004499793056672081087734675212806503012412798315286
988 104469208985361460233036870949925593749246820703448532198232264727949874616312394127221295430099756691648617877615982329660838889905844266195117951602147145327591017879757928090712144532438123200977603163336687638691472406660654591227974521899401997470344715570708845646797131252282270298615515959786013644360969962048989430199846669279065508350867
989 234740181806604743066876035572878683775699629242630853898921739294950241719747359650082364189029020606274011003666842538423721632291453241632790758963197035783225801627777955313892539484401482935062982154388673172908686566642764449070369569916757078755956107617394353964810770486232402108150950105711368529081250292980924416860639844721583637668364
990 527456400692370896705455794293029130037054385820804655066704290017128475163842303054721443690959487162300171462173801462704771604560383527933661295233531409950497257428854767498479407340793451532449634897743389127321340836167013115919479406182308372447778453455019566827476697311915896416227207248204250909466798466923103588708319855709819985372309
991 1185183774205985076244750753209011350100561580180791631834098054601257317431119571632303956140848238239225736050398463134172425951506376031304995397828112710356629298605729562220139209633550262798984648786538763788859895832316136089681353860381971826181168298956724641972967033857781924641989848642333856703653877264778142164077432886862158100062115
992 2663083767297736306128081265138173146462477916939757064835978659924692868306334086669246991783626943034477632559303885192625901875281682348910861331926559794880530053012535936624865287123492494195355950316432243532132445934156520846211817557029494946054158943751074496808599994541247343592055954427160595787693302703498463500002545784712552547828175
993 5983894908109086791795457489192328512988463028239501106439351084433514578879945441916076496017142637145880829706832432056719458097509357201193056766447700890167192147201946667971390376539741799657246914521659861725803446864462164666185509568258653345841707733003854068762690325628360715409874550248450797369573684204851965575374204600577443210346156
994 13445689809309924813474245490313818822338842393237967645880582774190464708635105398869096027677063979087013555922570286171892392118794020719991979466993848864858285048810699710347506830569425830710865130573213203194879443830764714088901482833164829811556406110802057992361013611940186849769815206281728333823186793848424252486673522099005280868458372
995 30212190759431200112615867204681793011203669897775679333364537972889751127843822152985021559587643652285430308992669119207878340459815716292266154368508838825003232191810810152041538750555100966883621225351654024583429888591835071997776657677558818022900361010856895556676117554967487071357449008384746869228253969198202007048718703013875452399434725
996 67886176420063238246910522410485076331757719160549825206170307635536452385442804262923062650835208646511993344201076092530929614940916096103331231437563825624697557285230373346459193955139885964820860666754861390635935774149972693418269288620023812511515420399511995036950558396246800277074838672802771274910121048039976301008736723526178742456981666
997 152538853790247751792962666535338126852380265825637362099824570469772191190094325279962050833580996966222403441472251018097845178222853887778936637776642641209540061713460857134612419830265447065814477428288163602660421993061015744745413752084441613234374795699078827638216220735520900775737311147708561085225309271429730356579518627967227656444939685
998 342751693241127541720219988276479537025314580914048870072454910602191083637787632669862142758409558926671369918152909009518741630926808155368938352622340269218774448520341277463642494865115679129566194297979534571373349871680169110911320135111348220957364650786812754756706882312321114757192011959835146576132485621701235007119055276446758602947426311
999 770156063852439596986492120677812124571251708493185277038564084038617906080226786356763273699564906173053149933576992944604398825135554102413482111583759354022391401468913038715438215605356919360126005357492371354771185962271381273149784733687114242637588676873192342114679426963916330013046496394576082962580159466792224069808892457334566119882810641
1000 1730524967155758983900241563096765659315437732074782062049758508209654704608146880103426639323958374306555266343834643880629694102975062472416965938013216336054017189744706497759906506245564070784003727584676113678255299803161915912465475850401135092998167208834118611347849515504632874007547693601278751416067495283855952790157321563148663186268107908
