0 0
1 0
2 1
3 4
4 20
5 112
6 672
7 4224
8 27456
9 183040
10 1244672
11 8599552
12 60196864
13 426008576
14 3042918400
15 21909012480
16 158840340480
17 1158600130560
18 8496400957440
19 62605059686400
20 463277441679360
21 3441489566760960
22 25654740406763520
23 191852841302753280
24 1438896309770649600
25 10820500249475284992
26 81569924957582917632
27 616306099679515377664
28 4666317611859187859456
29 35399650848586942382080
30 269037346449260762103808
31 2048155282645985156661248
32 15617184030175636819542016
33 119258496230432135712866304
34 911976735879775155451330560
35 6983136149022278333170188288
36 53537377142504133887638110208
37 410935543472193892542951981056
38 3157715228786332016382683643904
39 24290117144510246279866797260800
40 187033902012728896354974338908160
41 1441529586244447103613948563292160
42 11120371093885734799307603202539520
43 85859609376047998915584285191700480
44 663460617905825446165878567390412800
45 5130762111805050117016127587819192320
46 39707637213099953079516117853557227520
47 307522977565284742998805678695634698240
48 2383303076130956758240744009891168911360
49 18482758549587011594520055586911105843200
50 143426206344795209973475631354430181343232
51 1113662308088998100970516666987340231606272
52 8652299470537600630617091028132412568633344
53 67259384563424367166306443463972716571262976
54 523128546604411744626827893608676684443156480
55 4070891235394331394550587972082065835303108608
56 31694796046998723000429577782638941146288488448
57 246885779734516368634925132201608594192141910016
58 1924006421379334459017002754398742837497381781504
59 15000728031093116121149513000396978055064332533760
60 117005678642526305744966201403096428829501793763328
61 913027918587582320239408391276621313489227111989248
62 7127508267683707145094736473836850253690095519399936
63 55662445519053712942644608652821116266913126913409024
64 434862855617607132364411005100164970835258804011008000
65 3398620471596068049863396778321289310527868806732185600
66 26571032777932895662568374812330080064126974307178905600
67 207809271278161751152027289577029282889590067715846963200
68 1625801945882088994307037030220287919077381118012214476800
69 12723667402555479085881159366941383714518634836617330688000
70 99608139094291464843755361901198261079374455578089960243200
71 780029934315859921875041988972763847325805595794619970355200
72 6110234485474236054687828913619983470718810500391189767782400
73 47877453776592644154540248473844254044536432961969322563993600
74 375255718789509913643693839389590099267988258350570366042112000
75 2942004835309757722966559700814386378261027945468471669770158080
76 23071511603218626353790389232702293176889113888147488357671239680
77 180976532575896757372589546708469936088844477771962116467966607360
78 1419969717133959173231087212635687190850933594826164298440968765440
79 11144066134469046675990811035875013396551630744205340063713932083200
80 87480919155582016406527866631618855162930301342011919500154366853120
81 686887217073458795488292878737155455353378662389130627186397250846720
82 5394577656040334930420251389106440405458242177787806389122436945674240
83 42376682310099980417277155490330110172997275902622286333829263717826560
84 332959646722214131850034793138308008502121453520603678337229929211494400
85 2616671106005165177362626374310467643287260364138391260344348149567979520
86 20568251949528972789501574756207861940258000071599447581311387780325048320
87 161709015327331234345046863600530776633752552287057725811689531514279690240
88 1271620893255831979167868518313264743529054161166408480246467679635017564160
89 10001512643585195341769752391227924949104920368724561080590195233084407808000
90 78678566129536870021922052144326342932958706900633213833976202500264008089600
91 619053333502729658634024058630084192747235540009377814342054516375703624089600
92 4871680581043220357076450200523706038576070988769451495474429020174015476531200
93 38344840702404702165375930610573686239114881330959553706314860674918057299148800
94 301863639572122123429555198423665189541968214733085848326308477653610238312448000
95 2376778972631024719213760930746332229235707627582612784716618329314741665870643200
96 18717134409469319663808367329627366305231197567213075679643369343353590618731315200
97 147421553493139796114944254018920699558728195271657627002551898745589105491863142400
98 1161320809150040026538132286761293674074879252548160082101735365628518259588962713600
99 9149800314515466875754981653270798644226321383712776404437915001921659014943342592000
100 72100426478381878980949255427773893316503412503656678066970770215142673037753539624960
101 568237024522692828404312943767406129504323924286244710309987456349045225129225916252160
102 4479044781531814059186937321460730667857612109079811245972842302986591774548016045752320
103 35310527792270223456891195194428284488353213908473851764368426699272937096436786690785280
104 278409930669822915717795962109915320004323417355274600449827979744267388644982356600422400
105 2195461167567746421088905301209617952034093234001593992118643497411937121886146583477616640
106 17315146566855056679531366337841892527363225883257854503879112866380938055630363620634787840
107 136579286938557643341350216720921096197145445284762889731532441675004782420112400895474401280
108 1077458819181954741915096154131710869999702957246462796770978150991704394647553384842075832320
109 8501051233912670440798006353699737139447197644329889956174689998650144765109136797836561612800
110 67081022463965435841933359227376107609456068684348586199633008352984778691952097641110322544640
111 529396177283186682860663267416049281674626271779183437034941579434366361568919257059573356298240
112 4178448399270866318293092217819531830360443073685697842311503180535534496668969850363061133639680
113 32983858160616042087764940338894003475057656829448163498600538380864573194944434571007526824837120
114 260398880215389805956039002675478974803086764443011817094214776691036104170613957139533106511872000
115 2056018984657164728765942734168129644532198105341345477578669715090963326842760635501704875763302400
116 16235460258154852513358651245672472020616322969764417736741909129511400063689385707927255743096422400
117 128218506654146014720883707273515932880764807043267709305551487484346441528623866616451147919838412800
118 1012708883064949878981895043889125842753159323426487331125203274028905792412520709207902286960079667200
119 7999549160344982237335977657611582287293863563200824296283118299051860881241760223995194535651049472000
120 63196438366725359674954223495131500069621522149286511940636634562509700961809905769562036831643290828800
121 499304091558590445035175517862361273277340290700147978638418368940159290243721238972738076124388314316800
122 3945320854610501549294337698518985798683246231433956159077338587363225867171698970243602503146806024601600
123 31177657485214695170033302788296375579838336072795165744903846397699638560088547959973834415111345170022400
124 246404067221858074730908360746213290872915881865639213145207818304400369265215943554631917151686437634048000
125 1947577747321566222673099683338069851059527130266012340699722595877980518672266817855810673166929603059515392
126 15395138383589523474463549877815218822661023982102764216959711948368798385695061512574503416462395909899026432
127 121706448323810091089459874624617950377572189590796655699429533828049398261715289437990562441954688925500964864
128 962241607060123532676042133750885670172680123952236059123614751828015555006686507119112884306704259317242003456
129 7608422009312604676973356406402351810667703305668843258186721293523843923308684009779032108471615073671215841280
130 60165060196718135445604695275243212779741530755596698995507303767250088870471747400406500057760156121030845267968
131 475809178349618231462950109199633346868795617273268550834698982464664824960371987074970489006408562911358440439808
132 3763218046946980557934241772760736470689565336615851265692619224947803615595669352320221140323413179389834938023936
133 29766205905174613134938513871761614790717464166314853620365679884549544388019880892036636388122035073068468833091584
134 235464016861829029276379288836323221478809791166371230131250900579272515308216968250439063965741471473526693754306560
135 1862782000062469653830911707238468152143473014560625731705007124582689232216116459936806817151199196546122288367403008
136 14737892882847186378838683801386703909605712968141421230254321073904217749003980227147089229813899525614908693259747328
137 116612232737272627990227249932140051372354692390257668712377255796439211970221274206039742519111438582237671704332599296
138 922757667747113838879189542941282145642111044131604161115333067606605938199142256760836223412099209650750271747327524864
139 7302398809509533976741787749895038562635411140609817102351556650124219654813355988754819034196468565581476970662304153600
140 57793270578118311758785005906312162338571682455683409638610891202411681268094274539573853499212051219030546310670235729920
141 457427588405532169665277068024428178509546082415196348629005351644620115568746172951520712802274107520837515480198461521920
142 3620764854702944779604024115911670934117815469258314759570436727102485985206131678855699163308141527136770192955937117962240
143 28662278430235898535047239854629451030918651127275610544291848776783315631142245178074485684369344116914852156826019703029760
144 226909704239367530069123982182483153994772654757598583475643802816201248746542774326423011667923974258909246241539322648985600
145 1796498899770992582892098838244763177834475914908435681586476452641372645248490378805059430308804982408467687484738913110589440
146 14224333754351146752214152445280453654634617518042134574753197118174156013063389574648278776965606573042387991317521805176995840
147 112633499932413162037940635689159510571392481571435677857229397588807602715685615407419023784952150006947888584310172661401518080
148 891935553518839364246394763700641529659945867579206854382924689014071016099888792280372269432188647352317063654131907832179589120
149 7063650692296848656447958531320516812072054521768215356858061295547676503341401173764021999530084589770027752428695645919274598400
150 55944113482991041359067831568058493151610671812404265626315845460737597906463897296211054236278269950978619799235269515680654819328
151 443107018050710499771159778512569257015406380712817891980620868682398457590270338849459740838336495770665094568777366495060020953088
152 3509874011401680537661028771902193325306245278804162775951760038773735150912404526149667947166823295446584038557947034605607008075776
153 27803707855025077200295208310754629478896531228174152185970805013031156881737478991460114718733266889419999050537462783934612377698304
154 220263140150198663534806195708575636131517974664756270564184299453883190881296911490787921797757049383716875595166912963637838316830720
155 1745052490996412637553174247291166975287123050892391614534311740189474570336984563294758503017068752536802085360419155608692035181084672
156 13826185120971577051382842113153092188813359557070487407464162249193529288054570001489240446981390885483893445547936386745790740280901632
157 109552702487188801604587615215047431101170823496787811050225591324820066460763599247468886089457644977974289466634604236380660387958226944
158 868101161480761896259137305374932808472568803911255312879002786953637488663772318087538261924056781724201331722952686733851815226099367936
159 6879292223055094272242220155801354331292054672504287385078890009821278212052535350882378679398185817437067157049813743928637026320032727040
160 54518390867711622107519594734725733075489533279596477526750203327833629830516342655742851034230622603188757219619773920634448433586259361792
161 432083644392546769001211198021801462138662387979907486485299748113762184246825175333713527451417853674961827405185288961053144107180540035072
162 3424662959259444761713303569506130107321250038062970448439042448012781756622984723015359069429756321720067817211468586580198994034690206203904
163 27145181247627010013089498231913620237172116866118759628118054250506221040226357436416220354007639065413052882436916649457773621428342002548736
164 215175217206799469615953339643217721392217999548502362905813844668646874099355272361835893050060553567298589921756046611555522608883198800691200
165 1705752630948446704591921019717144118672855414602673276853360659555091583769434522722917261269570933733494276470647933138876506499510448674570240
166 13522713628482866646041976276793744940804082684440470074331461614304220025545637541586500697775634631284810047201040241028683629839492472624906240
167 107210017030606679277602255032783941925895841162869355559370390283465792298337868892578005532065510489946637739486091491748366023398131938654945280
168 850022277885524385700989307759929825269602740648464176220722380104621638936821674791154186718519404598862627791639725398862044899799474656478494720
169 6739821611636702229818495102948556011013418180289597610270816504971556190386633397752346805933822498002816102016551668843048166661131929228882739200
170 53442820779331027092913714110439138252035810041355162227323886168833280850830481295118608790581133690045859444225362644708405462701210827061964308480
171 423792192846624986771877171542429657717898002433202339065796430672151630606585570971817739883204779436854885417366033603652618756858724453193120481280
172 3360770645597653964865351523162058448414028344877255758638060066493109442717341388404415100004019297394593393658646917647570767350902907872996606607360
173 26653048125780238380319435201030891278751716122379161276597794284558070262475100490698598365349794659106255121963373242846630594251091269374285226967040
174 211386243756188097499085175732313965314237748556800244607499747774081246909285279753816469794153543848084092346606063650162932299232792826071917317324800
175 1676594893334794739021315565236867336320925685696221368658340856630998689771931247418841486138772107777946972440509807693863714464772093957644692779696128
176 13298445858496440089055434824265152281272796916090483128676385431004966880236454667026719969600715127602352122312225520117237189731942290709499949548044288
177 105485977318242948503015991487391377417553711131022815325772006469666516948316284477432287216493808130811877851561382091777406860924559187322813159126859776
178 836776404344713726327295393147172050076324944477551771011180186152635516466419065629968480616231781352282986103397030975223025211379087485954001015096213504
179 6638114492567002745166253956809968218482577771833092261652937789590739851297849570919303030586866645364479554563261363043668691620996113017065259449366609920
180 52662374974364888444985614724025747866628450323209198609113306464086536153629606595959804042655808719891537799535206813479771620193235829935384391631641772032
181 417807571619823092856349959909950132245737318586344802224788442444355060312774116418775019918528957578808001547693684995342276500538600286117193294933909307392
182 3314912820983651352113018363241582367927718066146603815453815993899168720283768264333577630562394586504388759532250995237770589377899663808534214933431676043264
183 26301931235345692695454112914900424034049435147786167978354867886019633780612194097335271691675393112592199337928024290083294512441039955464435410291490675490816
184 208700106541329952909581548129101190704957474542216332871728843008634050650509800989725525379598227958612016485733236214791358631325643124880846190356393403351040
185 1656063548122553356060895744073084042999338230421478792733502386684728574891612907313065250039190262936445622708412923044938997139384022201757201121314516303347712
186 13141665575424133083580011388450924986381845312376896226207793133046555787849573393516582306762606602656955586653857389324354622460918369730073273414302290665275392
187 104290009165397933133864903211022313795671970286456224597285374382037907963469341796677048894308599991138620805317242597632846308727288025023683089555211761215340544
188 827663264227519767211310827610879213740120104613790888825264779670215737667533287024692324203768250993504373625177265721639397301176136879443272178810510360283447296
189 6568756065297775930248498631832374712223175433442784831946545870398537600535978468449939080982287706297653758929978299378090454771239181582883112530242145716535296000
190 52135179718258137383235452298964321400171308177009050139870479855584182640043450160118463863796262426825588781402143555064002135763308872773619651029500819687027507200
191 413805929072666682057512804634711577186700016734794345612793965764741470587988850485547597997461433712395772736155233662183388679671079848820981104506404411756720947200
192 3284584562014291788831507886788023143919431382832430118301552103257635422792161500729034059104850130092141446093232167193580647644889196300016537517019585018318972518400
193 26072453621792202178703990065073841743443362064763124047865170063164235584028971083507151184189794815031920701631252228707593534673420977884069095730953389886345419161600
194 206966899884329852346413117011410908685065863813068098111919391223056303089714512724747488781712804201799782889237775423761309502046743845059105192915815569200886317056000
195 1642998774466372366319217975044431213561445934269894440396160090324570036835272131784149295559443184125056738013026032594782087739324920370007665839147089749348574455398400
196 13043398434028956132615832495760892695416376906754876271716454594617504986304507331919062774951497931115246348715655646517759839399946816814958816559759549234624397207142400
197 103552665740209580667061736159238762312848799401850895883068705512597856845585022675743219187939810986112920250717184929714600958484856961921805020809461598999759173766348800
198 822145406785906367720308329506683506847466225554088930950424268009110257380099270940749194764855469041260154717815225805612892458273712849197361074305422392058694046266163200
199 6527586646842874678382347540806833873462294655153067893978242931931629179198778131087355415720963020528598213337427420969187789367198323124280555263329484318857972829650944000
200 51829037975932424946355839474006260955290619561915359078187248879537135682838298360833602000824446382997069813899173722495351047575554685606787608790836105491732304267428495360
201 411538032883523135394944874629422848182307606073715985516352483640503823630895145193484720364755305608275240910363588363694429213585001384221059819055594151068680386123462082560
202 3267856459134510441452928608443535883586244555159606142416977147323604619326513925199749957747858961364720229803085127402801309200942288219260296781015708011456254155158580101120
203 25949677892240545968581876437492511548477961689247709859981119022096801213568179543950723802411569683349403992327946923021259657300093441425850238477819316820036855655742025236480
204 206070971497204335632856077591852297590854401649908284182203003999004009637159072849020453725033053367774678762604284388698238455030153799558222482029741633570880912560304318054400
205 1636505080963164187367266801558709953550785199444149690968909709806724525313634002918074627630994199427986229392779390169759669291654099442345298540216679899772654271454514291671040
206 12996710254639498109382759647330337301014973719857421817597748957494181181617015673660048984486924807107696462556247972416149606607505372270276254426186836485573118388832938743562240
207 103220249558586158897706554880246736825452255050461842841211107662417554891682965060372562949258475279637937122910491143247101223491491942088570832254353426001363317059136962774958080
208 819806982071078531245246291645036582863688102612321944104234374318816349428174318652574394193149044047893615995423708503097169332730503309280379879250922402664674037411991646654955520
209 6511385599224834267306740881008424533749867226490212570397268236216436076797939564417576528041279488610064127044992134522207182259964763126341773203619766451786406230162230303575244800
210 51719005616700112180322113283438343439498945398979402702012587704804835124280777111659607851299305652388509351957366097062102761950577261403514655731608430674189169485288572125540515840
211 410810679685257763100568065701623998126067452553030705822621312764231770939784750896405226344917707456886927364362775254389024782128755877309433947896567439857540512120112070532729405440
212 3263232002782896571044135012460069871907064104241998625496671182523425954068856228818615099834157638478290498498051478907505272325966155176363616831404809286415557652878626069703378862080
213 25922011965768361493928058408837738137402593729471651053241162633002989268941336803573224173330491663405011847223958226814548923828801570696747604125525527289272880510190776102995854622720
214 205922524961711282895690183621608200156936492243466386871541946150023746528973236290067668666644092653217383833087518624227725095836274159740518350529875684073663069473478127920995106816000
215 1635886849463269168306227133142822352874639668613212040821365786159258414285982732946211991081991210473001356218202240977585834714829564022496769035837337992547983826328840197623533220659200
216 12996212192958193948210582224412422025615192922871628990969739301154108513494196156183795262484707949868844107733495581099709686901145980845390998451374407385242315953612452681120291697459200
217 103251012998432840399608496566299610931615634096915614656367882742809599434396286512722871117620444726146945814435697612054836406532606778697945075254237227337132500940220591807610059384422400
218 820324561987548988862944569049683147401643478237880021031326481241037734955845725871724829246415643420580321791755175523298058055570985966535967295139169163981254548754413142251287260797337600
219 6517647204832581007404217123956386650588400238054389208194100809860299811977952342542471246067411961423788858071479476760450324277139340556039192207955042672727775866815885239804748099485696000
220 51785669609306143640648052421253472114675107345995783345105855525617291233352094067110180627844709584403558745040664206260305303801998033145256854452297339054218873705428033632630453081368166400
221 411473465311952887932027059057561525037870988685830749113148788701284902288535190868079082273734434525849091204938490254267403228399586181914348581077982476828997023650369353207688124936119910400
222 3269545913559841866270701496295218604354974883071195682142317402112912466833225570681493248337241182448638724709511246885259906733769684796832931968565590491560138512248880806569197533276196044800
223 25980427618062958686240731172354831241780338532745106496664513168359107135553702741020654870195477019277972287826250804846101142297039827174833880934072763906029441451592003539195596542445826867200
224 206451612322107439560305810208891069689147332983420935553851934998567904916453530709896275307803344171048172644333600145652053720038977198085733518136828213181841097249257885266822151096221302784000
225 1640602145919680453039230171793321033796424139441585034534610043455286284402750724041309067779343908345929478613637675824114986895243072134121295690793994867418363919474102661587013360711305286123520
226 13037705548990026963090519418322144144683087409013658062053803708166788348616550001673411883768591413226943998186253388407568656919719281207441801153389445937537086722900391062877327415210195990609920
227 103612426477436161415926418637238537607966033858416912528392343125695533836582626445016894441931889468992982258713661289371162366005169970476762155421650046129149358802256852323483253995767372542115840
228 823446126215413703884467853380158904147519532243208094304591779577896084701261925957765845301669226832523174792934887089212921961409508712736372919403639840289555430481093931623472176492677539676815360
229 6544418994375777035239002153501699587547971828308466077005925933763191590202169018528968726851694291856734402284460674682827589387621422957118771673862989123698650146181619893252049612299882629745868800
230 52013904007473567045290851898265681939294315226729895603334054812691800986476369416830238402977813763104828205982583101392212319132921570285274411390528452687483184640086961586368463875148632379023687680
231 413409211072387312100233783918683082426598972970892157262862877212563405243162832248053323410680805493768244961835595559117323887134389623566077139883161208373242974022509357024123375215467052155357102080
232 3285890453523630187555306454939877603425209078268642836175513558534340169260311477006079001591790540217709671162176026771604936413257820973516578646312712363104569155592703682553808206453970880062407311360
233 26117893218565506898508272766303233139671618939714706148485197898736472074978956461009692321665219229541623652327682410218937091147439847394646796793867567796007133374067327124848295271900232059551838371840
234 207603766609110439449681142501384673674312868495168177077702855092520675467781448792641144095287640029689829031322603773535140980915547504931807871951255026070825931947714651505204398315104408678488971673600
235 1650229089471567237838316485925900299674963567442443211834676311969483496909854239764483647531903453512598300555364356804100610010001032932819647254489125058299161025014174336220092834266446959197520847175680
236 13117922762070593805867295455919444755043354459839082480516325259554029831368163363551573401567164740634044117973998022730901459232042109245634145124667790717666212215790640062495314224931586845146394530938880
237 104279183475700416583350146155916598812243374693404351870433572949366211824040589776080861977014929836938983621362920990822862232882562589952635989092295855325245332550842050117051358648823247325973870448476160
238 828975693848845328469321329945353802322539768571096780415379495883196944416322671665315087649211122905414105090834649221163257750478186639455408787237914950736824240278122516056559540183082285465304886086205440
239 6590183340220946125906738606260134830179186444707463944724774235054703742221812034159408646583686751130907111600777546109666065798780563242532538475949951491213247098445325441453820612334126955581921688551424000
240 52391957554756521700958571919768071899924532235424338360561955168684894750663405671567298740340309671490711537226181491571845223100305477778133680883802114355145314432640337259557873868056309296876277423983820800
241 416526932261051848875670638167118779088196696112336233605131560594191943328925665007149146831917150749278851889316861982786952064150146454036946608188235896698997603539165502860219445357659288849854554125946060800
242 3311561230042412219986736809229489797378886129422045096926748440426550822168813964767582473159539661328977318326634886177198742857127610651103658157661842418383766071113034824392819061438580461764959347679009177600
243 26328955952435968761376030927701128759407440337627123980504024637465416413292792510003989045861031381430387567930282304915012227160372608139638961154743537252335127775269066998876240439091923671316466912410887782400
244 209336780933302374578153688523525368005124730553264838205646753265093884597491874874621880118731151147438327384363719965307884101193126474552867150164764189629221917557467172040245518245239065255548958238020993024000
245 1664441017379889900727524021403377211730542755582693489079999491266950559983323152064340499882809316062081068345879699969060237669894736213995857993963104658766221613885494086262850079762145710684936206725162834329600
246 13234335894288880674077386121402462707906266788291660425367800833000631281818618233487195194190142366737522640994067858290576523911845951360064626976389563872141176734796855417602173804938036626421687887619587414425600
247 105231723467139115967157839443054399831287076810545834313450853587098136993893790326189681625058459952520220513815179245678916165841560520126181892233316208278887737275874591255751697785013376252195121503177610048307200
248 836761930149993293093690562022997082529427884961275747040826948684506153838542558561476016792803560590201108279207796259995252738062731232616252788242336946475671846403325378856219145290509588586003143565589705706700800
249 6653769565048139439058262300423832222523161494872795096951154049780410379920940827115351458834341566138948571858760789537311648278571115825623214942649908249083655646098731928254272721587184680322434635581797659836416000
250 52910775581262804819391301812970313833504180207228466610955577003853823341131321457221274800650684133936919043420865798400702227111197513045355805223952070396713229697777116293477976682061292577924000222146454991019180032
251 420756605817532105256992184935014925942925672086167407790706500795586579238637918839098264948600659487402750640111745552222317312007769864695339391342662679330038272815789339130605742858144780818869738818343920964439375872
252 3346016817691802932281794994483213934879456535161426528621332649183950415850120592672829059353157625447440921757079119391482237671680836543053413254963079402291256740963658077848150431300484685559583161079211181002922655744
253 26609430186545088931822021853360578802282476477252135081368068340545882358460247559121470622207719930435775235475269518638981273499691079543966274580971208527312286809560790721859599477377767538916526956882896822837471870976
254 211618303058350707253072772219639248742561427102556349859698811212215284897990945155217994712045646690867188880551356014373000679013291262515007380525834020571538658879184241173844058835838938695320411231903352685557847162880
255 1682987916087589154153849341417366260587900290839154029472428192699500383424022104999145463827563025447367290391208431361366452458976292864236999873358397622427766275321512318041395103212083794800430564620784310769848290377728
256 13385013270134107491629833043459991041238144500580146890647905470063213986919175803821328767003587186761092981392579555670867567212795829185884889617803506090870828658416402654422970430233603930522174334249675221591449684410368
257 106455124996708621450939216890397749759886254315898133247020695645172020969894145303543953306440981360854762855900515999187756059855854765976454141551713488131283944660712556520002146145515511416293090814032436392735109552275456
258 846689598811031361307470050616651870183281371535747943499559951410437934225669713809582140251228270358426253412045964458656106336527961161952263172341535184672072304045667309996296139110844300101679931590676587123614127136702464
259 6734287928767276464453236696024335338137295850824867813162523165658309438242778418717139802770387015206015760729014234690469417194006177581550819054145028881947756549552411809236949986750344626291353896049396793338398076840181760
260 53563490141118183571112667259147405689492030075022410144692684256082245839561791422719404277419847490177079204567697835922656749066172212456334976169122768184107540555670721621161586817691202642963537911654432956245412395790368768
261 426045231927054977370229491302643732610672239217419630116406178220792116333066203040480778850282005324167112753572952901821591613261967482986020729988884546935659977753151027147630092848762209527939864768561696617492245722838335488
262 3388848333343444934502130762880570758628400559271383622757978913786758665794312851665503599709876714105207110604755854379374797412358550513522393898079524411503493868845674582349851578232139101741323199151460212789518473612195004416
263 26956162408191965030336340516905528619964311672987583797755482462516726725633849755453359431912783596608719678270529457648867209835186645149387254885104049691503076705799054092303762363732452474687635485265607472074800938390539730944
264 214424019156072449104948163202657614022443388307855780209418610497292144408451077600197177299306233154842088349879211594934170987325348313688307709313327668000592655614310657552416291529689962866833464087340059436958643828106566041600
265 1705682386343398953634832935966800944752115707747018810118695965767139020426471213514021319799764299963800461288850483177815971476535223566999821325405640468472638935981007041964126575639948836691641291683444699219278570526976004587520
266 13568511013167790172523708618442672177050664802980044369214889712643857771512831157126575611640230295952638255966945948888190209189280199502900834302850884328150766874194777822541698624263653152028244260158530013338321260282260247019520
267 107938267385649386990413322492779909003953603151796308015776875466874733732933533249950736326306551118364807699152783503515041214674273946607345962768746360722817336482358457284938456471670409344224684676317294937567769126739778144829440
268 858673082336583929341646281920174499986675678804588539886702606326033329547068257048115559133155100687887201546991546378709208468975940500622617882921519556197934930523836682580182049244781017618981446753389823906322700664959727629762560
269 6831079539778028285468858897060124274986936626921261990176741923932012361452513271683893295706140949710329410076438324351069539492968448592313763083464876766779110599706358738741968718899001404106395152610610495016842302687783706794393600
270 54345032783122980582174477447722766454340518054173595388517191305948009453333327805840751108062187999917731751274776002615175447521837879912185048530676130722376035437663920632658328919240944503779765880768856827022878763605034822942064640
271 432353840149126000498775547517676326478074379796303585452557433415586377791094666971928632431668182021485718286894527902724421641539049701441590275395342206042224104810344696988971797601046038192432380955489503022366518872075479993590743040
272 3439756287068781856909376047162689597421150580438238819556376051144591623308561982820785149199007154023879023429557935226086942765773910124704416749836472551012400598564654133397555036796557450913322324954703251986768922202835804066655764480
273 27366852217997780927498772067536123830032011211398735223723255615699827860169218412771960967253639335310861680912087308831724687499124295937208766229468199197065692674294610907470657655392391147925773222716540158663963732690693649936909598720
274 217736269471661176722435485792805656749889724236676068568309114022721258157550715838842609155521656025465979797037774938880145323898142208551515001387739687042347481861176101380605962367720484315613816151540356006888470573962453127235266150400
275 1732388936741798744249777610598759188977304424108535411008946696297142228540803513655955013935568666849889322894249642059162756249778673281129872083768634309995113782953648399348239438765717889754774653598437450702079904057563081608693681225728
276 13783790235815181312943882727807518764471596070080955661505967192277262079259436652132163806530828957979554177810768891166381930161282487410728982231724351249091557490457289438292513795396798861961902678631045803412200975762349736277867115839488
277 109673190179554727847394648130280763021283024326564715804906684807866735099955950835015483861349989254104467176516009516717349364893381235571287642017041408494576868985443559285186644061568753399870157053078790435814046752997179851106206221336576
278 872651426896313158267758854907126071234093704353817091224653189910076323888858141176454137774482648309636983433285658456758189910590501054257871453747106458956849043869788320643283657065431951512635925904353541165541983516653819534701180437397504
279 6943678020465287495893995189583583792615369260449727392540251188531790104061881983554581311323840427410014706888509540408613554127279255700546504040568373974495357983480036099742257056219566065799468657733565811424742664541116413501923371222302720
280 55251837962845216217327933151400802464096581115292830823498855885888672685178118069141454148676844543819688453384283057251396423555636363217205753579951204339913062811405430107949102575918547123575772033679945099479738059277169176008161682440323072
281 439655194608263001643933304364883253771245392789305230325065629042160399018000967980783955432175887544415741572125469452007553035837732769230149697525875063715464798741290184061829869607665022663044221591844687695504250179870997429018681572727980032
282 3498532825180646013081511826222688019371186742621279917905841388548255090058135362230068070885825147693861432935636714362783507136240682036001616742014410081480507121898777209343071728367376988850607210113827940385501905686633043371340146982984351744
283 27839914919812066506924256652485842472169302276972163869695953381663146511699366910749516945706283507443731261381815833021160629225491222420761981989457425807399653846346453270108118488633685437779390237372227992042933892601758352198791558323960283136
284 221542984925265036287495845192316915447544447697032008258848079727319405339579469078499677103155636362052227643390506276858531767780317474193387603155541487058884569340644311233958971071521581300638809635426884725412079567887231957638270851451233239040
285 1763015753721056499298387989109385137666774762725854718354622613408983899333916617087850061999849064102226148404244449950579473857283368531475800294585151202279123520226601045188136654000740162771399369309291840551700338456028919578679292249443498196992
286 14030153340801134938472486235010351654998529230643515171241682056359606135958021749971841752138658985652680817370840447858457631116003310411324900246418895581773724237887216709259437148621274861775192183734084717117727168971754618745014227831235670966272
287 111654600105887777698505778957364610383333243075922608540473873925872266252711225355176608229563404610560010407229963703514694179334325996444132655619584520936484969196287118341284161837808333743186546855918639351557104020667204004228614969918265757794304
288 888584525842690230850608490869026690967360392812550759634604579993400118927826835118280507160275428359040082824205127807137774510535677721701222384305860145786192879853784983466053121292557989372859602061685838172808619497809831866986060802266198322446336
289 7071779963453936093274738854666994426383837036224452412316922262923253541640144362533028257676932474829730762960802055212515160464470791556791735238420340260582157867348461806131218612362918254524488182497845770925466521954887935273591487353675626787635200
290 56281614329833394838889990608866976331358261653813917819405022699402997152087769616297342133511586730713857244529417735967189621903443403148535603207841880418702139164966378788106388128736604591181099052431131169986126664385797774522238457973390850434007040
291 447932023326096709439413121134487687915552350481900459346192551793186740220739774678160289969803556248568018482234128785223406062984106260109994697695401357559155169436639633241424037478192358189606272870895188280714327679441607030218227727375852953969623040
292 3565048021266605317593137306563525296971724871643618724385450309477280768058216562849467513321313235348192037509288066085134231816352955303067218073438742311532454156749145574154347476367530960385770473123152114946507183311720187459682059035690007756936314880
293 28374375377452981572106471668621641612757892152467299881456894613314057171029901107730232904659735374853187138128531638602501804081007139135674923369485143585302672674194564774498082985969563821227360898713961542850698810521950433979449015942761426925513605120
294 225836865249115567614724978586988576101542406927800958240167120391683312177584927183975323118720342779443734364696476307244402114114138454345167757430596040780980455978283270654168415602614895719972872459151938810444337471501238147999696249340346051039802163200
295 1797508337643807975455505931261861615886174818530429321857330165015838701671082742467708673500865643546216570468838394472575783606576261324754080998125557639843193595379691930494872677406575508984733235708775431616689167400287820920350124723563161111326967726080
296 14307194741516255372206662074503195834553472542086795548296857664788229666003618044776762279621754919577318378461429923572258601949640782706488563620215587160373527401062683068398378472871256416108214538276604448949052967550939547595759776515928403980697080954880
297 113879489457725345790897471865742609268971074375397928202605291311647727038493444639233218952948917945726534163915219997726664427639565017906191799320503865478528682747852467251494164006288384402962354102646104098705593317476165287933926301965167498351407068610560
298 906450164408471544349022829750139158342279826907529817773757553661840297098343794242487232739579977742494426298009737700025664504567275914340560228148440164144530320395657893693101198063476670482639946078780399067549219292125718332145212041145561429830662975651840
299 7215222044455392225921987741823850156704434742608431325423220661254782297973438897314781317458864036880055968525963798414920005086522129351607134926398955152722348369704567849463481108331352761701281176145476086223301477977455550603697674441225539140458120006860800
300 57433167473864922118339022424917847247367300551163113350368836463588067091868573622625659286972557733565245509466671835382763240488716149638792794014135683015669893022848360081729309622317567983142198162117989646337479764700546182805433488552155291558046635254611968
301 457175645406579247161263447608316152839508478805936277699281502215139563960521934883093287879024080829310060600272909360721264864488252141310789151022820918623073301271576979255227328422169079360826268426693366088453825635290726425255211423823800925491959262691196928
302 3639239243567604338330057377650304739821782725329373548308187852070183813778459375691908159142959901700865515506808192394615631570297212409639526884300865855529364954492950523607836084526140618488166719529042556545175486182910285848720292261166945115505530024866349056
303 28969785661666870178389763679513316938779339714503132008314683495687403824533478594616773860900393672945503707598750363220504631510088700765843362524533625226194152707052794267135645662960564923410752896052972430320010800901582869528426880970081424483826199405866778624
304 230614741122479690235865881922441536157388164832557827171452414669616833076878349338725634024272870685947759777595315391426385553468469262675463609570300569234835031417986059626540337185409760245572440817263793688731664928229705737693398197196042918588353297901965803520
305 1835844562116002255385843807566190327180781849880165260237004796124031707248067646539101112822736164017971018819676805804535292209250633999265657849300622236400588381255311976305704717003852124184425856735463905168001581789317132888916625648498335102729579696085157281792
306 14614762592531312072287305605330848486968577079438178346200469553457977904759126754801471604039821227280318306682133003071398600724622694190232491898353973097620370250777581615296394413795371812134841134011732264670757690322799136331375490456673020621729595227658310909952
307 116346839661715070699251384037226689583554405153572989830990057292023771984466794100113343974831671268642012838863625600998365407723054933553512085340642052933498973592509477093760221326761852471848702708549425585847986303416681072292774262788628216285039513799338475126784
308 926241723540666731670663615776882606684660394274548607355803962597539899045170711472330907228205382956851348963940292122233740193951073691796141666413163356470582737820887135824350852900065137210951360523906466027595007844083448017084034066096481773801678207259668639645696
309 7373963235954822523980040436281978033800208964127474349822905333300803079777087217546712076962411786646777729615835335342055019019804664342454720062706737401027940242845897586174443683282071966145438015821391282938135013904353663825329203244651602471042486698572119267082240
310 58706262149472587061879805795948134798125534591827763533428807621246393551257584686791243244978168675626604634489940669755457377228638424507026610047613638405603085546269920137672667775290818104667551687249011891262313594567564007486814430992903725479138248942180614035996672
311 467384903800945741367248871867419877042311330062268625430127741704842670202295111525707775802462847719779656189701263981718689601344401090287453011182930445955862507435898142317934165310675452177353241085622358336866522379901249139991487238387233518605615126626492605637066752
312 3721102887953683402423866018329073636452247897034215594770632405111632028149041849454673445811915749153630339664160063239068028749165039449596260512110253935110136116893496748454322008434993023104312342489378006758898851255367637383778379167159897628898551200449383437187416064
313 29626161012078527280639853411105595853159750030061550358365546177438297169800039261472991140457808456520277336878871813392196573939039227822344668358398571266116483077631290406224186725303522727079700822631086239115578074531553202429315402187100526808994215947347806790642302976
314 235877078121644325482801380661668756792673169029152471006095112877693448804140439979880502710651341214333418287252164119364622403973242259732043537885338943201564355713624923616434607685537601330252395084642406362385175752639754796411746832699844958670336114230476168715304960000
315 1878030831520901486701161468887191244558807326746394912010433470150016411431061026887429526343852583382692739887074373369417374568777433610818937120687079585871502870253242248984184114524851759162771450388200492561466732659112714379049717639400670337603818966635029305199951872000
316 14952929025653759938418108404177763200347972259790916451323577882586839528989080834331559140130168037312832068214807352523588969667860832167153309479900924803964244372016321197608250734634579196371939775875672276217247782817492371448383194875734451169022811772321942189503414272000
317 119057390727918265251000964076166165039994580390259536666059023897946949435862586832343392017944934151979773312852283147537976528207194764636892596615993483297179030898956450166445504271980056440513488941041630363319663734483756295065360201471147491326856709505806252638191222784000
318 947966394097764300677781261134757012205239866503575933454281284621388918149698332891488894935335136078027629019314405438887284809498796050505069354187721697196406623384143810759245335901426109771635704398482415345677322565134814273916641604166495119621387385121702615345598038016000
319 7548070974947715748343462079254805050160844078116247244432208347769052827900419327725334774720223340558589898774478337977347032652435554759507448776290950190842861515347101189117502047616370905391707489567853714664640750205148677917706174528473033240872488897207287282062128578560000
320 60101515138021186646184816806066385211905720972000618683791458969111083142157088897012978143709778349197772068991783766144625747495018104772578060881216690894586284815951293218348110054145353334181470885684035203017201973508496347919735414682966527180447192844013024983419698806784000
321 478565335491533187126630503913724861687324058580789973070937598520398531188017193834159414751782534145014035540009343633226365765100517993142397269820529164880257146384957960953575605290951785427314142005633626102529496088123727929230042741213901693063000077599056983980126947508224000
322 3810687950932581030412051590170156973187263621742687860105229821758701347720733183201194842930342911639180084237838376011156527396638907249742567080185828505444035165624323639394310099273293098868426894728088873685980211086798877051384563939355415965880534779391248779270327619289088000
323 30343930061295970310278008327918401656463288034434034601209446134871145097020822746729018996956167085869879803900062857896887270786858419338507376254606659182668911597479134366941689087711795202134965861426144220186814560109122946675421357436601021251531688707722265821310472559788032000
324 241627591228838282100361918166757642819985441755678423676297441444344303550350995946175521642428737906000894734759759794364102341450909635473299477582978952750882073831778292181202339031779109942926580007652629901487597423091164205007984883291452576632567150820751375984509318531645440000
325 1924099095693026074079189674509442398824991763888294647613100856793732484887102700026776153878786380617631740226333102608659374952846012728015073993799229322213177867928129908199851241274597958560904581722476942107845852710645947577109738086025474671769488573304937110916646511876610457600
326 15321967031960416221808516549161081188189198217957094801238066945510826781493615365857395384875243693507276066342210841632146433673583586018181386772707973375660766089390874974499428902910602148540209491262423747582723416063916809540419877519393043705256418209508026809630718849176934809600
327 122013462236161846610365067565796499737139670212722553096097634024801813269141817775818524716254234183158858950321458812263331233290555529025517832281747898074069219867809903466656002639691767568191759985465906540383522249022750373220958290704891393909748357851862085052839118909042012979200
328 971643790734313241909370599030062369857953715230583258192094573392629073960361061068408495606268474653691888958047714687901893845594301956751989566829041188321551226508291060533248411264862490512551454518405328913054146690388487728210801997930415612476410703381291969993950544482980908236800
329 7737710430771734631618695955801712489446318340134128074356497818506650984122024255316809296317396363503564586839164171678732406916282890962584233024596011894840316758211922731298209232565166337820318573976358546359276183370266984340158970317865315819720960616592659457094682147554437627904000
330 61620312157782177611799796884384546734136135145068147210329928081925693291735393160522954032491265585719296164282798312641541713260580113483852619359510058362546522547214948296520284433882597381187264280029909878279326696657762529836175072713181969618868740910319724403772196011433521473126400
331 490728528241431480920556690595884184867621910097884096817008128169051744764394248855403343896214429256664848003170562997350767239138638003454487929400811220071518530013470101841774833135089204522083470218002545133366480883353057488363013570005884205182290033352274300689859542858425264662118400
332 3908091050211882034801059909444330677078290151502426361398100876141484376979091548113513377293948647453680295543322194472877796928561924340764054473902845981533418654685587196595339333762577881796351491736140751001870407998751457829011469515348065778620406169227148346457797082282157830622412800
333 31123896291777510979857089729268363230064941386740044175458749319901551254500152509300412842593248687829309741083755134360576328692331001056174992386757800429509388204883415151263783522938007635206979447700436251222103069107173772259875126590699911245949901383754947191609843430066914615046963200
334 247872946515353829959340894251059419736445341583019513493174470631551276457995226571075144195503118292293305123601163644907583935094612164100076286672981284857769379116736180545993006500045210507935824343961558168415551388697851000632538433327131029683313585870623232124796956658616745137799168000
335 1974104541202877666661258226453213527930854242816406155223252201925309867432630640273517864816723342101010561402292252551084877429350523145728368754756758411941876726816275014020027884603345139209470983133401305054724451059838407372201828477960553991627106409262157562116293374224446197097457254400
336 15722332596008632845195020874966664883163589148144949021956615751048003587052736885035517280504618046018762685453970439960425988098041666482050936868241325923679946788572476004516650652376641644418286758526731822400126878083713030142893133949471555004744454616623612012569050801858982212597605990400
337 125218815096994571384283192962642517941872620989973421884069901115171636877298355487938659883900281411021836936968714127162561875534551432753189063959524388068715065817592064083450119735842451553764634005595692021726826530494616536805712675134663660631258505017856898046692380867031181776296660172800
338 997304882370146112918610519098916148815151170724877076070757910656929131578956133057783646175915850764706464598579226125211883340056249872696996923606626191363848985742478806250437048310319170363119511074152671368309517810921620464736622844563652587039490815112635412845254110337419944798197068595200
339 7943136231266650456873889090168358707377310209313180251890992208772001932929739112849604261578090846798547063174524809846820309788058627304666347179167819223251894576710008191375162331675108436520420884661392957800695274600260693966928854514223781666686210031870547535935652206227238498392720015360000
340 63264743865500263050630857812282104057581635431823800359178843827513474218746275051755083353980794156266074844342979956074086467370772831591283729885842513107547442687443241712482175276988804841462646340185447440365537657698546939007186288307405884568783108136192478609746312277833417216610252357632000
341 503891625626682447054291524393425790675635547896872263271348210661368316651363293374096206420562571637591376179576344752777767875011785954844359561202194327273017168149841186190913747953963618619978145043823094569011144511170831338250785803644910212577169858351609301771469161720221586980391335493632000
342 4013452597096733876537690387273952788890149802547017675880562941057214311574016406874380310788340482867833066412765973995808887986935979359637530540101688150560522707719787693520611255633324260587194348243783946216334379088974691711681697453592793622983072205116326719372754375806677201563116952879104000
343 31967208441015384695921195737703903846203758777138344870279002784164167636210533013355122475433662388323381741806637437191107527639385118398045870074512571508254659001429912474339096065277673119312580056565649390854301818283028739814327689338820735212798114473404678126315932812547644649184943193194496000
344 254622532349948122287279291631711327147088078631857746931873452408749474776793199001723940647349520186064145269041240052045449493406730303519318848849315249804121411813715000522352102380409373101501364404040346892269729599114821939218772874384793065357752423421886099029376906704594611449903326596956160000
345 2028123822891760695783894183779544136232458087189406053822574629620995816482978872048514170721497047742910931012537181631944623790961434417597357091704111033222393158446634265030213267656130310965002172122617023941904976632949364315864312634230177807545227998734327536616602143838336209461838670980972544000
346 16154651028582926235781538643053247512880504301427754579002935489119839509326849050189899001469496715547579554539168995889131165225114778193347734522359913316650044926817699521454531114625130453813716723612521728277139062428926150446595507572076213981487423018820250551778484128377036396753836350357110784000
347 128678545945254202062536521064550939843232604867856811689810125913334975227030002232636544207670573261595129362381161684834462653262873910450758323400008070337811885238398044603170962538397292721444129752348732152616750341652887261770576319680745404740147657706107125432610173287706422480194823263363268608000
348 1024991176322542092291239185031423003578852818085342189667108244344151009567032086749622127999031118049257754576208563765405547341507719769452592162255236698208087775519653389770085942978268090298399792165260590594981700997304033016172521718836282361895658928624508481894239656188282192859482902546100518912000
349 8164686160964661938594971158703025644553612705665476467835418106810142712310456163793551621310333834317869792899311768675723271087081550026012052180715065962803679128781193190718736164697952123293843616674568601301000368975659632621660774723108495604784904932882904239730619610898064458880694753805614448640000
350 65037557190769935670865084544182958562901349209700995406643273376533365376918719384732634057752030657366345664580803460194047085116523889921490289942381725440847592602977047473496675506222544342123531437967706458363397224868968730711972114080075673560400899865364391486768478500525153461026791353171580236595200
351 518076951297415214061933835856226644278838097978131006145226758862641850694771337321118076425853782672354138114438536964964546011355557823989991027575211693255298771845936822609392321126490695101360096582785490762347745415195545786526136840364363485113620843371962503125369418482815752356213414881674468209459200
352 4126953896130546193834268396991078154993926212303066310315954067758090197011758039342088313346857973333184668388879709232274394931366432211556633071934356783772323171181837643740727467155340650750607133006052602550065562909682699958577521876084304580280093309133474030578226844959702754564836407182429570623078400
353 32875338118750979878362500658183886039215072263445389418154285661574361569396780755325644014536443685588995148752208901872962035543916168212173518975295782651466778349471182589798656197282770283033165036864079088869077515303194765675694026956229644418548505340745974430555166821605337523615637328603376636238233600
354 261888286708694246488650428971973329464933626505412424178517190863388981993499778898356825200544551393675046100229460743733765367892213543385111083362525726206599759733075522325514718859710203949586229954679952063872312410042398980806376146939456489435894873053400135294253023833127265018633043126162491847999488000
355 2086253731865316419915220882064057959793893790865651649512243988061025467824274294998741131456732369975529663018165957699377713972955436339980546883800627475245814424014472048271987675873973117660365798061506773060932111255210998078085723221252909724294959721112719951020133947605870156261110552002218385763781836800
356 16619706695421453277751591071723787567346861772176932803417763904890641086375398597237162496660935396771354281796400719200660665245229262528609075737243200898306544119396187440728531035894909442934824166579868562923605245842074130756885143414250707803653106092909196014306460324186089222349745858085088039399115980800
357 132399007960164182414357212907513870704578361008602792417143194805347292015830906472107815519618208034783561841537713292455683282793927234261524401671483650853736166598215005830341574975028354217665658066535423509677124143346943495441404335770669504183723904000654771609769112498558088930987891373652634128994638233600
358 1054754108107229743703203271542540668294573982113226715010313942974442672707122193459361703525003154511739436793479213156658124923263353274061082663595171430823618846754494962648419474382069458739615801133405105725137313007892410192734316105078071022156370319021976001762741644820915278299378397200160090882381866598400
359 8402776460130019685212148625659237635995770442461917562477709963528986194825541708339204657608660228143662365541366433504295925572515850595584112584630056524110166857152801095193536759701166161546799975603171594356247117555911680086964189583630315106872476636219641685352203632835146785337666339811860334049058881536000
360 66942119132369156825523450717751926500099637858279943247739089376114256685443482276435663772282326484211176845479552586917557540394376276411486763590886116975410995961983982058375176185619290420322839805638600368371435369862096384692814710349588177018084063868549812093305888941586669389856741840501153994590835756236800
361 533311730262309404515804554748627536327663596898651293020769033367602776253006800628889110828487454206624223289748457728462314366133590501272675712153430671527097020461678483102180073988479443902627388590073724818382958791477532416555498911261539050149611544836424541773816444864274961676531826961998113264385716440268800
362 4248815000211326858076188773190723245218181805126271627270436166387200018546054179595901092898778502574321160131587160466534018320246616037763526944338381372055656925446079406814053407134736785124799416281139840818277494902268517926370328342757675747600772638973061818993609466819251352141209361763542979708531508877721600
363 33850063307468752819714429564924439738763035207782858253625623672704634858499142389507840112020020466790459490635124154460651187278658990581851570035885947460013663439091078910485516400643688106283525928058006665692723182527164060173727243986928920832125163834463071020742475421601308293091948964793846549082846070728294400
364 269684570306756547190032543237035371545090115666401892679984364425394068927603057498826198694664998224429484952862252878944748470077228221668597673362827603390218747179571782528593399895238174473137981294967635523376091289364768611274200570225532611025173008571271719670750490996274159477930362631599326902033663750307840000
365 2148610220416569970489355166392599617679786455775059462776423374654920417647862167689278317271467985853810800665543647594441996030094738818115841189422199097695222237803273270118218101083157839364069177002098312608158009505404786634480480159495476254414255092945912769322034048814151385648826012418331075701681901879164928000
366 17118435526597590256685682145357433019547151106666867195235110821021169229128869073721135445802187559425443428253347749686865738862722017468922931443593258384916032911022800152089409788957618195589141311852783277501062174092241414825533005860898384584349638937241206653942763077437337269267695771070637750672416464152035328000
367 136387753350875623734465761833855951360097737972462996400183825723885282904558074036949863878816339029318791782596154823118243652410351986591636652700454189420965886190274298759426251288588761863494956936941521262706010346173607348637216646150590944208823826301071630125691115091081128543157336334088677882741541529102319616000
368 1086654600067302523884384819828439264640778716671906264797116785387042525750446394229176632860569309874898634528728059623322528230617260936648583330754705661364869506276859358594124371679734374412410906899762337886559843301578849853816084800308512631576824616072668531327517253932200730675373125357467400957060325443826089984000
369 8657898439560621735013797751478621783316773514946895443098979265685379473458841189793439839051690436401631397058158523828098192406544030226956192391378955675915220456514814401806844587366989324586688526518431635193728832809327421599510269140669450235327545721554594802446885437833794439527363112604211812503407471015850147840000
370 68982390810337061823839664246916154100588779248820129097988623987136482939882875209489353096011847044627052320344463049311441814093221084078559068026446381979994783529204521233855615793399687915896102097773882325813817835464587132095557495747820376469582715640926879669225454785767637858720720151235720062864987093391151988736000
371 549627890122254325475121421870307686041348871858523724026022567401551060836371372289084980463102479417567565118431894268907336933853265564787656617482952844023893746933500174574871159798623928515872985986575730876295540489577680761386706084718482568312901637289972658496578017107086624017192584277770319422719411989391496708096000
372 4379293189038607044914677135547290272652037785453398704336373359618810065373668675980773876593106852133522212395247673690971362021346986919437134984460946853996830822341114294193328273234197107852278307699490500853064467771796359614919883965337586915267313045503975698343702265337109552653115106987395770884248218109022570545152000
373 34893456723385362298891207632296371823919185786508045440449602211225478590591268914248954319664111433085329799567496209677123023934164196044415992423104380831309869179618744456682497662337892237364533861884412248083934579672329170980005080817649620139877893756669747387339096870192733486555115544146220458627307518016126218928128000
374 278028077635530426873518178460543283516789234341695121423903247565379481818080164076101293777002813022979365782650103488871194147924623808054437586686767526409902166190545076152176050892424916757610456974373124329652740768512141522781858665338491625713465570574534350840295477735760282860786749522876302050025070598096406771138560000
375 2215327722599906441328192845973608883061776619234626727505661076600943711126462747358375108815158414167099586556156024599325674970663402502577758690720163650434100460206263166780538773510841736724640121171805054658673038443504743653525849845417101273684893666337889707495474366598537933834748820198278374734599762525632169152432046080
376 17651919832205637495264004698236521844822028593688674669167448365681987655677878699695988898963336725650612663091073004520158835670498813557773843184568112491224906858452033105517271716591707029859100539975340275950490487172181414856285761002312860148829631447734887137384152133854307579172626237537345773151225767358494624416719175680
377 140653493835399827681095676693640614381552715903025938212676432070314830020308614360442309423039425792717348647017462349014740430647688158959025530308866339319998992580344582092768923704619331346675697671315443472029902980013880557634701395360604328612955471801049339418307673766839098057916629224302882500122764469880418704901390991360
378 1120762760402709738030317931749326800310150212433635253694659823798381661431665466808603798894695107110223952711155017447704757082303800885673505019286522259343484036116396511278888884122522291048114289380957978142206528507412191110041588896365450364503232489589313783936356384618305194048795997946032492302565520061586828410484099645440
379 8930616191071724033909129693622604055241830188785167456880930522087368383967360711773043463488071829743737037434533384411789884930230814445208404111465164177354411052959148981694576332585797675370198295331116342980115345890197406734368333686078258841160322212558648093635346389306811836483809798936723289587725252205784226384332403507200
380 71162910069908369407044328190234855471769110030635492261672256897054082806982021671707304230110214474905357235136229178944473083075628700368660651709253992444813570179895534517292571408078408844792001153322684964588919124619783546293861353688013073081666988577967332704020602281107963791770989661001047686504294904418722730241469783736320
381 567061929061002124723849292350532864074254640559079670620569480156053006304455164817069227408437299595308830881557983693636273701358553108449484878187126302001191598598852605759843167440750785440389804465846906961921150819804889361018800708128104172902732223944117643279282279594340624860411350684512285501908239710801160653577696229457920
382 4518681968747880805391092266793251409010552685502195071646632192657134427200946391893085675998123403057905971736812833412117322374176533146911602013616786553119443000353160554798331418035720918535462211502717237675622992396560427264244055904560076184073080863052078811890406437395740476636366888700668578711541051517483594318037977283952640
383 36007878247045776026249643859668415927676780146612792059178907185351368855919813023649340687065985969014958291751312709069927070198398901212465298552371886579949190697331190635103152709778120739870053967379355115890343009906794840758414774466624941289271652203746591472296398033764490691107550246251802877878911982327310521824156414283612160
384 286937779781146027709176849506732689423674341793320686721581916633268720570611010032205683600057075690587948887393273150400981340643491244036832847839213471183970113369357925373478248156044399645839492552554236079751170860194771387293617734030917500898883478498605650794861921831560785194763291024819054183097579859170755720786246426322534400
385 2286558723035210423407154738406898418576189300316643810030683948651606323923726178646252044896039242126555395289668992273844703254790210744688319940703134882058234565758935363755405884007127839255676787405808821539419719997604048353809920020797025695474738992295382173087367210855138932409178641205571060347385389631002281951616114379110481920
386 18221385057140692389638362630413522112798855667808280724493222347285857648677154729315728730829576965754622787334253420296233956507084684587205368232131717350287900321954624815833234453901360708679952844715720039003251447442046768746941227937750391293472272384198434104706584302047687451012003886912789071576573726696795386743966756036642078720
387 145206076269307223074017339411357370015172276174472190579682423046588074905737326059973404149556628843377924227748934233058360521622349269423621073973886863845705128147049258222298953632640300841263500188897365892211957271088558746293454126511685288757282914813612327594095881104690098446824341052297264849462928612746555485060448257408279511040
388 1157157700579118385940364983144115948677609994668731992970046525927964761877679928292365375336157464906506550804638414042825903950660577167674835981255820059306495505749165738204506094412690232477285419031109936439998381139705731040049897317459100290818347352071364218868413567978612846385517686942533873491080864099516364844863159824501031567360
389 9221565223124079682301109120171618100001519237719972180481090566521055942984081690761780626072206018535142178648789417822005918372873494138282754606408848801671300945558904340447220803802929873212300254489565046179935685175032818056952909213684346790583230826275653158077331775665038107442428867665437038103729251178665118300966055156692025344000
390 73488781316588819622030377296136895012319799463676085992141614053198568899473143320224651758544657193864671516001121822027677934109976460978930259786458210450242059843069422282333236559537194989599562028086072214172410537241030765438486261118284486731109439507858282090523967073761380610079663899241482857503565417085362019690775639556407217356800
391 585654840364426501131065615485326252834753184472671825962949538081244861101683669017442493298274045565427919293758300760711622615566973535576334244231723232130317796601034066065857711303114832704839476418200002607061972465583252851934330408298144400649966786461602063923459543227213457751939214092164860828596188848178997578916769546950805343436800
392 4667310513516500993707778017286120443509614664011803021194526420831145270616479035741046808836245199863257193555359519327712012885283738074337929028009957594834471419851098016300355842119721268800812562067491857511381637710413474258782776008988273233751265920678685835961447992453609290859842104142660778644220647861508133766673438940495703808409600
393 37195970810009366697945956107226791931481203887239101939901416666776455439111481781020250904007938844711759618868666703649857568337681088164952655765209127702344947804004170450515812970786175607847697059530240452228110150913524176535642886667051582107147493291515633685066806901691359539371566081869754602324934018071866348491657024838759654778470400
394 296434894272663480790736807555056159047845127426220254038808244501720990047741250742141085884733319726890673104689374237209524783198778215324749591631362083719195776915160140138628560224031957889953727834834911218264634197635700290157153969884624283798079007450149974038349679368809312065042430195611749876396682276004214046354830096430724152295424000
395 2362473537140113006403137899198270351095231547184155341048527477699791586507061917306987692063646811393042630211549747085406541816480389422385599277102602125438046343617529420649120778696842034019175532212810887379992578364954897502315748600498220874421146115071068653854999470007624593368996380394394401546574065328762698273227861122946631978293657600
396 18828198189934840020728038408761972798122602936649480445326143231365005674283554068234477667052700345344551871079926772226118802961646739942042806359938919969400187526406370837294508024159680452940701968847553435786001457878276910397243693391849457271901861462536092604965601836727432365334728728597749321416635732771654231692694771979847400311855513600
397 150056471216508397545550411902576528799143364462365128788443116332591632124516788594191151986283989654081012896969491957993551366676700970218195061266616480562171771621032134330478144555267579226963176396558335190999769805357350489916571904009601216141807278759355659954939960230240795979645042058648057564136613245565526420845557326307902202989196083200
398 1195927454016996575413281172248675249625333547926186403308898404540152404771274506082347573116816118549610484696450322841094334007785164516412348578737958483274394119552547563055971544043489350019917576708248842276008215634657074758832578089242349390959328362373558174314245110176692977003603199522692559280003359836517210570156049846855944190657613004800
399 9531451889158017819083293553260118530848523013547049530131069991071891346297375762761567124088910418515692584798777009109473639460543416446594657845580721746397426817486469299543833358542095571587313017374013329417809838892755633416259644921781130484337504241473471163707517419453342523487363845819955735615064371629385287250867765696746622872910299136000
400 75965671556589402018093849619483144690862728417969984755144627828842974029990084829209689978988616035570069900846252762602504906500531029079359423029278352318787491735367160317364351867580501705550884748470886235459944415975262398327589370026595609960169908804543565174748913833043139912194289851185047212852063041886200739389416092603070584297095084113920
401 605452085523340969700319060807651198084781246942224616651975637259307094762713992803376980480916750248583400007742204063036423145076551543485368369081230957633029485252452479736400170994482003618305804628710604510049831305378899314351560166097255784121453936507035497003734485312732855759034788938621972299938138358773809384260782623340183509759391243960320
402 4825543487603941459999557887631130444436913221897730526748581944723432665720735405328407575773276785563336352300512492084499253126431022749569950881931004945911011121265815286257278974791841640778735815995991982214427013687646749759160195950685590876430692568578462020895436047119393208586933989451106465793536804232615137480526237624830716331515148123504640
403 38460659261002133919400942766926032227124975852941713280189690338589741246389583429069094623781054677988675840171826611849656578268229392237267201570129994755002897571974686599152307858638698139407690920543737585292157736885164665574249502217374982369963733325741985139246006410291540908142014824111548308012010459541339507661166936106591218007014034175426560
404 306542878268383344605126326013618375671639659025921576144086145767967739637065491687134863090532168473078059914240796262762114311939848126247525715484699463146310223222174482300174334912912396061615754366709987684754326516757995601854166824603830305027928765616062356802901338220640499317369524093166300870788796236938399046210290926394118123719270272388300800
405 2443260274198373917000858716967802757205068689717715673563234761824691021107277548558200834706760098348385129390541457620237296293683530250683982739715086091447628149533775873740648773083657319720730012582073679620708558015048913093296914839064603023778158161502837747554976592040067979744367466105532886940509220377375684249794615087407934082384702319183790080
406 19473867604201817722696499527359137247082764236272236255297112535134729419465887061907236209633191325752153395832000386352433228587093359337963960950044380768287006630274134796612658693839199720729759410629533072050770674228320893521942897584268609322527388696116214165241143477442512272051165320979074931378048859953664320769298951780423829287184474642558484480
407 155216772747004168777463008517820740121711270718592467843203521041712683628371836925865047331818360345798490457196582932008091876011132328482444936908953246221923954566607600197079766100280992368666681887179865566910810975913201421585215625954219578973658105479609333543101399117502481106963096563282847855996045458697019795026058475615957990682128834743144284160
408 1237168982777592051138013979656747663911286893080545846632592770656004037155551994320865524321258107462099732761772763958064497011735790029963016997127244991945335049633842930982606370975769086232607964453698340253906758072719928977929218665693926644172392546616886158534719975318916834705499975548519169675733185861967422483884171967409547513966379829864473559040
409 9861053505757824172884903603132022944622971323820487677316020616964726555322981666224991709748903252631895180448359927880905281805033436424644096358520339055603404063096156369201214595063587337697559814472021000556811812511166182073470055868367239266508556728535571825973562639461293107921589047159345949004621481442576521509688021060525977739683125294274288025600
410 78599811845894071699970402378135246300067976307915496901143305795709088738525619720056763188925404462441544999281073766621459660826461634721309529023523092765151035312678631742803827552848301023403964569986742999560148788503636787844146689214205214446219422899644509090930738306730502138262812210040835515480739027693512371447952323965363159154352325516313105530880
411 626503609749754206542829776619880941311490730863092865810572919189155656222408589301474346002237530459753044811787828855114116420602161351209270114552461440142663726725876393161618829837301786259541089857120608434450237058729718046173782369503007986680814670119794189250338439641968673977978036009960528342372022030958507369497546991023186640850749923093532198830080
412 4993781200044157316229740258300216046764406699403876143985246278197056250083470405985538233668320509781138347480367063010181452245770625915949619068423017886962397278077131250346495721324512296301778978375689509948384899273952412775812381799630772398688823729789815819170173387825789139183689005477452366690169224149678976217062971646893555651829763950095047914946560
413 39805151841514203111448680218702932750480452432052204033896926750180893886863885173134120739070486969006071283063845935664690897804060291804615365552659987612300755059152339167410808509928073800061637764679830185835552272178816810794126781802383783865577742659728991953288645987221544421774102193781533150469823452544172372170874824846425145776812549452089340765143040
414 317287442214968285670967740873719029170496359965633510415120430617383936779349809351069078354909678738454191386740800936457681069452654499891861609477724538938629206993243283218491951890731023043969576385129081191442807966642742694735793188279870740957503745838419501076938482506838397564866031979418017866063810128975287024550451502399041017061549307226799093055488000
415 2529124961077385756625448883880150719267474599436905186634261167427243524978528118875509665537448716305557747246598962645306045729516580929258501696752560903154181727069033206956075606878405359589039418510860242364560984948564320082375912932120029906234752749960220986897620482247280528059221286235939284580576105799157227655934683301050669119131578574231931083921817600
416 20160044160895699925408626199390816791084004258973023074228870267280623867376921255267283776255240248243340119879139808009218383747781207599570172178921855660719390882117582005447948827905750414416477672552914816540587081945767512964323382891610623002582788747279069212866609420990341901548985060476862181897092227956743670449710119774721199036154602288829527582415257600
417 160700208131456370628437106682913848953389041143468414145651714072999505360098048567166549813602922266572811890835157606289309130881594086477149286145650475338684065448822164475081491376399794670312642166824673501632881199970578448665254016143198347387494459942339630847886354233505746956232197460491822284474663227165985516966034623815763226849347477237576378138964787200
418 1280988261947398629028594352792987906011225562416355875438544285385728114497240903889471157844318031081867486172877380727645880440424572957277180434060543980450945708314534574236773993459722765171008908372870363893398947747133893279790972205237169601662994116095396291830519933746509925498004023775977875243707124097887712302705328628119911655172310512333982038179499212800
419 10211219080917211028533425151142194763908098755299829651467154924077164444918340379453063644868788123659755140375681268807487447902191106628414755727356126240348827364607507107281205580323327054107803708747940370892488032160924113495231138819790325702993795579376190011250445295258575539769292218166506213159861084694379377305574695985490465222614599310729116963053764608000
420 81398003530740053627452160490533495403724558649390070650266749251929396575206199024782993054811196757173476690423287828493971370420323392837934767083781692030209223849299842369470181626005949945602206706876438956542976027797080790433413935163471453461007684761313057518253549639346930731303786539098720956331464075135195607664438290855766851345984948791240675219771437875200
421 648863895128654679272516509753516414667219997214615385041081260070012006903543952321072980265905881988299733427697277796735790781782910466423061943784255008202807969687055275515301495336997548735014265340326197477810516744149651146542843625673658427114351045270704563019617369571611162789205481295048236411991433340032580663472339439695851670111937026468892413390862103347200
422 5172460055006621661309823551684429428769023864052052500659235447572323201951473591488363757380349258314313514812259816370187678175160452154140237864668800586716222772576431153633825190316729274750208503802979450984252555278008119566279919328829826892921035346660308412317518557438151544130064547574744709217865359611065406047206042358144182507716957718107474120016256198246400
423 41232943984591792534129373560945380694584275341805014260574330801924051624067066076829225980819238059186442486872198819858801065736740058306763314609132850067156272314722756146698010736992934076732158569323041864583687036400575364485805881741877485302434352692526146492516956443691364082285053556553284064970784852502393733312479373124496887508325251596828375254597673523609600
424 328696581763962874446597364707536289499280308149294689152691599317224751154119536178497131639549586415212678315160452856421574533467408955369952838157709984025915567037176688150564330875085182026779943312056324297860524016589492292363263868602702595099594604011175413077139888631313232542744059012146462593399181135514365138198538398964149716457875826408679029152217303089152000
425 2620291809450132279117816168539136350173086315317200957292515619968841075082722326053525369399515291234683656780620268888367751810323721272455059331007815119717181037934010869303792830599502580486424583391169004049768130278129882085945265851355191511052768278564381881189058688665621722011333816313299330038673942793229809619333289636918915857315960705582598942982852289096581120
426 20888523438715139013812450019621847523915026119289235800388223111300902091504518824595709282818671194913111968138465805504452782037228538594500895511977793771266541795361269746844320311539696627539666397174671215382658616020021313530211555941789273172617842896724509081028270673024533727583309014553907335237879600295324961190741435697128258806208926188165507066595695713079787520
427 166521156406056986423928758470240676748025173091476718183891127566436231193164829224645888521580226574904527258883694618119806253055564274884498942207897915684757162228125906834328024216583436346943851091294100274385409669630333843692834043151875142575154888104098896748993520775118296975863194111338408827048576485726665498579119079889987337181112844834930646498107138658837463040
428 1327500433779127190837488139954348572580051146233921874867842353403458927175416816155354606625307787555080016372222350553796212465947629219406332688816232916627082797949452322707306585577062347700402850288540818075240695777520324940841004101014481276790720743484078120812069843188559881499171070812819277845536782638549959535401762384543543912294292118170054593111078404448489308160
429 10582870590966468514368786570265436173015792354592104456988393586573029209650176016902826933936020124564973557093241116302990784693568512658204330526227311363320799927708920614589716836068888646003211533768786941299121630673938254773138074651444116472317633899103839564515801547097610244119265879207090746460922602852775901191314749079577902517590860242754281371654750916582362316800
430 84367628804262916435479535727604453956042177189631939717572588871563591001583263688239280766355062760485417101664257085317796302161750840447266151264900519426659772446944604341426858869870116926741881715719538685519509185930837993865854232337559142481639183735181307039907366752210716085676380078888155997367541122277478579729830139173937325186747602121306224516354618934986832609280
431 672592047729576289726931983201969614368818841818040243316889594809031319446496737895104799798598597784287455130669112169726097666421753799946186765072385579466364218393739351547894865607595642135232263515573862931426992025193409157594141861512420449111165279151004573060607220790245987170264598494338060340962578413330432482486534473785727724690637496261735933731309676706762776903680
432 5362053269399677643100818866082368870106972433382709717554092047505333018920682327108196598394383265669180545069500977575316389729528981682904322265993740591856848074416755385951272956371665258133657211915824962814431853089736345228597742062612907469302900975453842013010952010188905508829609437996528425496007222350717614513156538721569551582950360039642172582802385478190025471426560
433 42747824217015443935297983200268677458681914180224281628167957847548290026129781508493059255559840723071619495565629040623538515811395022562091733169077118990969606357705865109246637980126994159532066271439787001467479808004087445101892391686235003658276245189992292445528421106633029599260535288600499133515512544006182922169552821401519843104722038930357459020401465752221634936176640
434 340800626246252156719195902933017566836496366505935517127790631687827381314306553040059873327735135718497242983080821383772910748173794419504233633099094082278236953911664270225791169150321197677375459214704292684510322893304475944821538422199016388612064074556159750833014601449194199109312101609580016133556851157284315462457725258178015339037645748154462691729467906688218564237721600
435 2717003613383913745982003198555643498365446894350768674480868760214678984823023278029718714254219426831605606127182272549251619481992457578944097102500363855956151163599199285386307527846698651827903661049642498919268505273517063394577230455600434105072731518530487392848033650174265477036998548004651714830287723709108059824835382058301970565017368861148681873374240690562625243164180480
436 21661248991106615094113401647200497248436452763218513560769494978225284750561534207411243694375382402905185979124049493993574837888545372808279086074062533860788030836400955770648635244942946132462828270203113133585727808098039707246675351063456671901910125592688014168669185706435199078395887506569195781536881026634999119153962816593251490100918289360900959155616652844944232443208007680
437 172695175022918642992885792537406252662591765279298172187004394746308677507909348234830144236164375953596494167661758437239392986736137480238087725130512283686465673762061624496429851701101199829520580534067840177145710946026476750680587924725590491776326950949485220511769892451304882354991469274341139823511426766124340803506650922221712108722195240579814511895122239157404361171937525760
438 1376830025525186989340541524065348480131895991678788167299130927977419867254838913324262245828050230205385748021632101513333242716170301554774891178437782864459219481226299526807153064247135593161383258504486068261627448912156294094467153043702652961833181992501375319696576402830951253843904590652966347634022607916224196543025627900452554072278323698869206108533714290268621071261200547840
439 10977004759312424744172882310315990160504865537302411356598993731027265456473658762266327700223635092753644915890005365140470044434159579593877264520574578646030223654423800327619671355045500173268431445935538129648510412739287082757710787364371948442861359849099803232205051047627174005589216554180825095032070905938006122780386555014997583719758844979595037311772209603508368449690664960000
440 87516665217427240914905616237701121552388791601947406906702886382826470957521806677341539937237527057681332647595770047529020263352345011853003281677671867932440964953906117157476834348862760472331039800776972179106760290657770650713748731986856352585358296251459340314943906988809378208197662891059850984937510768251194269803627352255935281111168245882771342931129343838880355730715574272000
441 697751915883161403756934572997181731016324243248179325813984917283487237838201070924110780996206678310221237163144506773496678562237743904025305075688649178345719802217537206180699658890252756963074684670140213564034850752727259881881044312167317314490067504807553379925947340074044838503453475566817315335692262723744215538842525556761606458927137307310258598063153680130393040247609884672000
442 5563071836136336621808681980185675158600738989155167294498829973997757977696426637865534824051204376391899637472672492918104740392139840537975509245988234625543702676503622431178247959115951845108314906736593014931354782924458967927033484516012728996070130965931715182939000964753244368520746714700145292404931072032747999001993348556624210772079710115297174885915279567374445868399496003584000
443 44353881998269844126926105539539062438324627787124268361557262907810566991475798837338756204399218639765664829691826738119065334232591234266658010512032606540452275064132718796662690274486550602534014109692204353809356869727289107716212793026087943146997071267879950397608468188506679705677827079731180976916967373407823775338691889620760073243759675230766640399667646573287907013966184841216000
444 353632302418637946417383814436865497819074735059504301801605204264976142229334071811214407575615391857591111479975375344462818205367957138072003056785124835930633003889706812027445773810095471020203626009708115793885412880258115858818453349802593060226057730379042847764716165286742446302025918608667524005148793923116432803376056957787141124511056870083139430213566371327565745111352014274560000
445 2819522267373769514357028704768536598341746426946339916386730931982326635122870307384693748490524517552209580968432880274503548298079802080628015383086793073891878422023999481063769899951053328493668460859425606374618977301473696779972747157527191410521467027831110165998231358286207189841770694884387359933186338964532817048041011429727588111831977022595457749208389854989220817202420104822784000
446 22480316553320906710882497924118646062114910973590100319890617027195411467481898683990966299624002655640487152295397583533934120511147480266173145072324296346994438719097179718974811130551447614626648087031653489390459827991122120514760288995889445416624073432662394058945539708667607101070261414818119847359665070309145061486174521623567944676400247292263335776199628529914056560474901104820224000
447 179239033995605618607573204925187594105990028433725095167986933075893616264218091520679650764787350032891937831724378048579286813202974540645729505677323919867311363746895634269409903510705501786419180720762445271113196480895658249473390760584675578221136907637603517731726853516088035141419265508751183749418000694813854584198492158985226297151432844182609683906880259688173820092913976594137088000
448 1429111226411391226933597071412433228005795494565325982009038671756901779678096033285419001187099139101540182890445264262333063608841573792827111147945091611084902212731944655380205748527321545493502931996793425242000754084284132292676231689304600815638171951074820904771715001695237637332923250886739349002056023397042608425796906231908991815680620802277414711864679213406600190562251616951468032000
449 11394695301899288624548502262041227074077389466690126983501911903985987463803081958044098049554153492168182304560788521289871643028180031577552467504773781665220378444499692352474691714315837712398085738415413056495239865527254328747841669148575659064553798629950687837600756583672496083857160886802955165762495687664615897916153506258873475946852165862256446923108132703776455862389444963666493440000
450 90853703873810327966400058036008717203977052014409279148455244247781606711389906812138275115111783844220973575031353809751243233744688785111685007571396285810690484130810880357064875268811612693520736954298893437122045861137307847882790908677976588274708954409473484358470032493815368775287762804108895855012965616312537426051463956570751181549567935808391403466915511424777608076118507843634174361600
451 724412237539294765780874963852521833848118578811121436403204120432422744421636596222725581627365797569442618571646892017440068001210423217874987333096986793293221687215955489498903085291899244447673104407225766740334538617848689625247264096687369870146016408107464855328288773498359348372360964619901528812919344470642759609935841214697164631601433031412362498596514809497783322930647792030395767193600
452 5776065717016854725385560552487806834488095924856817824772450553182414979857474099085626097754483040797060171088972121307199126275137976277038615815224646909355687966208636248128421945557532913693393513901862087018065657475059020817237034965622303123907617554909963138502550309044440467995550700199391835933100259894240056712851264906567657814804346560199456736596989764225688265137289032029969789747200
453 46055517372770152909696787451624631978302433731970918284940599112792235998333766988735720673486076696156691695305446583138197006856067042632811214844572681316981776896127139355937880943385891576734078084356569223640735441059411000423532384759001675239634248583520500786470666040327856446798960549934223645453329224587185617763396840711969933834598895751524145105051494543892242855796662215656182959308800
454 367226812531779633332824604790487153659592092752719656809438257242968930206978494491681297000043166608121638627765895662908090671407406815706556382681394507417343683621101860062764601354750941647086701906103040946210269375848167007782350733100409833408537400599877120808422491334772776073595236102999756820575003949351568141637657628584429868901427318547395165815608833147334623651946954230562516107264000
455 2928129397506146175234038826768983282367033214300806406383828565445035777562457094540263176958585952646736933937438833989078138364540817422820629794215602797604665679510675930346615326846233881968418801132619412204067818232037692097218392219095135990343238877750228998446058897939682706802205530948754104934167284237906569709585542585723761679943688597120768486986876586062703328811568241645012765795942400
456 23347979143272691870945099066078998277821343787714324766692106719206469489511171043307887963643461675051612920606420176281333576959364938924069758622298095991426676339256179128816432737747601743063970966925886365732435498008090018564662443220679636975631615262061036487609364370413785793712323049407170889343491766423307647947484721144060520763761516971778759251500621199394713384997504663643128106215014400
457 186170757107408510235719783362783084736063406482343543653886295152709791728180978734822634003318981058836055760809179698838467296367452598335470898073641710706255598643872027889293393646285034467669825390542516229166290929412428944528730728875616186300222332636652991161594143907632025015946838494616478601242196929642304308797886923083055881100978047801229318845663596609615613949520584232637984286756044800
458 1484488220428506286857748141573982151650881136405062492192123908073572400417722564060201439694587159010631606197543939432659568922126499757906418602106854863535470406653756868671832911782168004095917472328081373949596712825795175776023852886143559633992165848884403326904239767577886802092222389044409126313835159797060470165349089613753973968953650285087531599179832870782349830007967627986012922740683571200
459 11837095613874363855989887141962472058915522787020759741662687371567047898755696262440821937433962967274317382751657556260422706437871435978077324801113483225576953569395969802481282041661731797366139321831759975284365945408301401612739219092125116035754525069535765090347532787222365350016413821138425713090711731715122703279254178619476132301460479397429990529407817662447495376534120955182586704206757888000
460 94387971112372101356023708775474668504569864310417710287866820171538981940512812805723771448929948182526513391158869383398327146117635711233886146457574470590035360201183515729350744627859200505954345722780207802919683234255759871990277077456336794824233908597950405111727717964199208921435230208555968512210283982458847990496313754730953159308167474847333054917104076490994376176363381877412452241370408550400
461 752646815204077753979920072578405382695875967906931676829063841541382424323915617947593457367172428457630072073535800115774947048000930313439838339214845453121409943816812589633608106837332800563748752444555409725667582579445061365371493572081332012524693813462181538374644449536651392614307822660849761932505431495702223889510736144015149270318489452361814121204500184774176413935600416011644630020124993126400
462 6001625253705243388878843176144687077600881094738390254195392190992322188764729732724966010694076247701102133157804951572543084252890535226650139484128767639175918253292505584870589319456134279820022519492948332098180463685445034783611650042310881242729376642412720318987424571629921494353051988490412387357900453744950200885189506395133787687994188620131868447007313161705770365668294226378568867952685010124800
463 47857452347040515316934533490985280109076572358043492048573192157977653392914432339569275402770042130696477485137399311459674010932336622152899168413398294003968661319991210840911913104604854775584283243991285620100393675867522825963486418911904478505738355429347221204539031357359978741147878923340394242171422192713512185028336193543917805926726877722520212324732181842370851382391667999545737063674542240563200
464 381621926043211005760038305854839518111170943372329570214915540914908011969360775121565342651399042852536566153035296233622400518210442892167514920537874327186819066560274741619340686394478367822547086212861544815455725432564298396691594288737169332912137748035742927708608655220327416685877482793878143741453151105689644578889749819207965262777778981839062037934286794863733082144071490513619023999128892866560000
465 3043127100576830987867144167977946092809079264569028056681520055295653566413741406775837183981478819133775456549365329966176045422632951062703538334095565602599408814635481165429065086345646855668827087478044318657440494417093373021360068005671879325673562945626956507405421276466610884024158507956344423641523192042789681932307940493813193966408611751955359218624377280332736061484337821127955572018860074729472000
466 24266653016616961268056454352373492877421756538923837464868086964546456336466658943302598660247157278757745915316398210631566920151296236371258258475320003818153225654904394872820613435322797673101634028043804051783366689386092219200373417830636702948933390356115387084803745629506279066596079432544583429725107685903447334893683061963540405105524466245206255056669926982224135631922316187363697222364987205353472000
467 193509669879832042317435194878455861831945655997756682482160076779381163591010359539312371329251421212192389269032691512616606446773934013375943799918825897684802167749173375816668018058120125341821167281445666571394555784312221465315183314777925228654877828021785228059548498338932298167031691235109269148386083559538410867546200691118253680113432788644856731972245841716922229321795943215722502047295957928771584000
468 1543115572631481157967239630953840334095771769623136621844917535343270304533441585044260191881979281974149565709465822062147810383248550722049192866019355235383935235128023586640609067078855358495035462167425700094966842280028227582385179766562429387478641141404492459654348281625844736665303999336384171926873640692729378969406882434301971654237887109450011375470986071127251623566116367694607644531001100406358016000
469 12305441879833133327926388528288620148226410273753797368230259237065737609712306029990475730572713250710702293717275425399643519900532152879454117950772683540161871597822618793253471025319656803350602619416145241695471194301291196499190985771734511533411765178790622172936593972879870607949332532021485720696177859681893128668617783164796106581769078442096039540003172507496633416070949286093459681334635640767119360000
470 98129353543860816410783200434097336841601246183040920289631939618132733108939836171072985187630913326944068503941166583825242367206796827642966029956374506188354669677955691993859594474251220636080975782067473118882183055832424264848867690792470104738781480617249472136524157894369691571476804957481975491849520464016458396276552024046076186103128736172289268501982745868292302220072165796336780607749392301266305024000
471 782534717432571606027392146136878125641304205230364536322415212750969311161736782714543805445311487167732316986842933521969448686260570880312060315320897335973376091954143480103899441285111644817664851459544435317455370610842007513317085024663519561356397539699339739585530227285037285652795922336098301374494265101583477147377344803220938757968899220940803593404346482975171734901467207496902224973899612491626840064000
472 6240382789017371875184542453515273866342942856964178209147395891514085777993172140121912889186763639193526358344230512238756366218399976257403803023025121975855482224820754362523469273299068286215445976469756895201063591057646856525689635662782812773189576990314226228389694439620509201688821719646343233842365283564322474539678656439244943824141814973773696452487203732878276292731191883513432150003724875886617427968000
473 49764743932713587131492799439026666012358521049617082885632087320911483202093541886976438515882605596274802164216569750876509542020728774720776205080022748610839067551847537960757983295738024472737129436033663866170003943910029477409939335560289153869917726020011123326608726059722115663362020140604665281296832663011890854045809497016557987536285255985358103633788017928999700161061428720111344756477907466901312765952000
474 396858084526703289782790679070718982123871750142515977442382468508534612877454827706267800822861285134849688145018214469015202676874166178153025432916637109175045728578024669813639613624239941997777108160774787793507626388143273047699516220290913505544913511298822882224854397691454846429342692260518216800215247818955585291757721305321918128453920395832602598598562674623668494955300001185698065779507363343643380285440000
475 3164838787762425393046760194357649482705739346399685310635252190969113923325892394423878798983154838085917091985955781912904395242103876805986653347133097620115943620744331472113824960860254526921220390974768202445909239491129933273022668299919958650535015538526191742879470438853117806893368670069143168924663913133060541231954206956967212359123053598766102407350221918893592123980371377876682680363734510201518156886835200
476 25238924450307073092448532978532851757039887728851271931032389321257891707867830943766898993571545725575927061299765017103750177182828395704885159885960585222605298286440088798622015864339340723094438243992059026228301414093128627530239598459025552599644787782028201378089222239257216796149637545341318212684924819859449190160710440354301550662250234161588497349372778159916125425692205358024973644245244119170090175509299200
477 201276454106851375353614715828802868100167154969706998795906098486509476009914526016958666187727798616542613293887434224450032859546078023608769702738352340014235963693119701865740352930706188911218538952087615378977900585346459746593357300918518243373267867343470184574950527040114156588161889355300575431977891016237619956753338606095939410312788030923862985150972847212412874464010794930664569691213644925205499009721958400
478 1605158667479743604284475516191206136397148942980173806297058676633000256380322538026456978049410812398034397230750835279505282971944873276143577629369454226222316932213749588937661559355338895668546172563510438963731709270587248020949535629919229171001876799818636702091446462504006621159148791260263166415689791953761103086074742189200253205255958104355158366936210237601920245725542155388479790089762373336576071600544153600
479 12801056596602548159429428960021727434315467561971323465667566064171317284703198528728738321813672867140900620921645492208163217020520701283650243307288758129789667392602345364805568176904790357941224173679770097790094215894871163757885649491213894432624570720891841757806525024562223993377762802952411890830762015163606291834667046268778637252771941458531743135065392709059155195556515727732761582761779261264552387294527488000
480 102088426357905321571449695956173276288665853806721304638698839361766255345508008266611688116464041115448682451850122800360101655738652592737110690375627846085072597456003704284324406210815703104581262785096166529876001371761597530969138054692430808100180951499112438018507037070883736347187658353545484829375327070929760177381469693993509632090856233131790651502146506854746762684563212928668773622525189608584805288673856716800
481 814160506255560942927403396440500390526657412063581963812991159650177454273115841394433338076415928729441051736584347322622349171337778265570803759419768019921701629607547213377689027494156002305974478261182733489821915305774403594173832802079344240898740394907682561827428262378191294444515296141788939304540030445086403410468436062700837731186121643021931266449550936163843205110154854042356373422051200288006887915494624460800
482 6493014493872149926582860281986065355154504340191720059952568501442494054410492311867638488725607531194961416754004628855104378038635725420859273135289602216968923369733218855236175563667086458224410569369266447167791374347296280946066832554342322120362568626608157194324967304111550489304391697861071955781435429524713972427055328267680539914272721153062870929942061822850235021666878130578460372270466418894395180803239287193600
483 51782798820694661526288152807888869043592444551591109049559614632622126496043926263590359127476273727045530801938769835092882120506883673542753457799452479792472655942468652236790369091605832374907721559441851665611454190446760402079191385091773550326369801966241452406914646077510750486129434410270909262256913611861694040971049947178272131987119092922563517230096940251799389862237711302253062844691173179257164050629560526438400
484 412978519520416102255107995533989740719559578448639836634917587772564893129606519374914847586897554930569729122900106536071332613959857396436008981623732586774678619706464871144650464242972134229635961197201544275331018956868791636416691624905466744338403792540685963410517631940478299331528133933152292876677038309475493797826968587000269482376610947688213174603665680520548853033548689311357071447330430727133581064938230644736000
485 3293610130938081409325273663351489313614961751421317295059507689699548467268696942148805423641484005095760231437891983673245184640817996720442232455506386898235993610360012621829913393179002505567488449300568192282433775928182445463216006608524423437321537875355408879323468454321175385184228499079243440921622235424847855690710751535086685273881919887954656823437069798460789615533538825270781757439740424850624106307589847698636800
486 26267557340567908523754651685494593785126731992816925587758542809208744566118249686767016094720971201134087771714545943863165299728005257795131878595766986867412986077686026588915111753007847143167870842569963607585829867279084688509105435421071327660613746512093754765962476808536781467024834696360385960930468692400638454027149944341555539344786669723687756888152433207477408538699581248455864386494719931524730526848185698929868800
487 209493208851675065105262971553308012857150363573102544112636920474264402248056020089123389141470743624650506992483154919845039063949840700772673955782256626269059626130867612466830172584563610480624251237252030085961731426102597392544898380237045249761445156987622471275150431056174248907442418810397821503601520331178808532733984361032036375390454671882552870130562732192694568304536290696103854778532838221852265639175263356557721600
488 1670794198464588838913285830503022102541043473414989962472096095257862814650479570055057849464352733990040518882673030631223139419862254113539440647345374568522909969060116286313325884629347483587273741424969059620006267849162518548739230524349549409982673260237349709432142372275881509729028471332107215762330158051122792642214481830198126174220593407719048710139651954290916516068145990551713530323872554015264380876373206933857894400
489 13325352503091812825688782697263366461983782303309735897016717324142464165924070190623160762599132234276396776364876931414663075127735769003688790438950840117053883188823013326425298466369029010205250698481348328257718700637492479223073617678861437012131749928273341240869847140850588727900227071973861230006314143966010002667968259995445178076605959693464805663690475709068659330604845323418574168227204418526648436437332325239357440000
490 106276484861393478617942373022255583945780859676192750786819043474997448898839318989704718898443691370514609391905998057078578158365696704625338353133509965668258317350857828734020543686877888514045142305438998503737070779778205324089329995691817338455940568815698403202692576788661430099253239586273162626254440152284014470257999918494285216170155286698082572517759957287837389110211705150856709896799826260412534876728764749051854848000
491 847614490259097479160615748992164698027857121164910004238662676676354398956934364895486108363147648486629756372105679005131796472831096324466038677944653819871485887466312133039560996085160512059064719486963580734489550251754484825119788723277304882675077937845773822691943239723825173663290603299074755283935616367299797689471135806158087385992521594113424346190525443460633840642747530286669808464089856692007100972036339627875893248000
492 6760242397920118919159057315132630640368518990754282228927870616418728986802866763922535547189006855003120252040940415479953596258921182880497430431412239002389655736621562622047230383410914327885711299322855875614099583715212598483272461280772651137432938675013854634640620472919288580192586031190181584825535281758708142547733205088138892078525721006709506370836629756381152826589718107408317740677009344836251756533070318495497977856000
493 53917389672661070162542420614810352287888471950600076519562651650625643764926718287511987366221450210694257263742348303584538621683728379485022102345462319994718309039342767200587646790206318736808553405552676070820769905006523199262124376787014329152913417586520236152955212372248768148716527940445829597432058271552211798169750430844953597672947535493675008215273079517425340596654709124400619384060853435894811169752601404308920991744000
494 430029383219199628421897038911645319866964735800332594103394428144666065655488400916593583447191323542784157123775004688508263500878319463908880735305914050160303922297592110871083660634439060370497369266958590524359986691752431994114919118503717524013115111924877996847456552118745235841990121630276454683972286619262579928722301007143961892371281963249148850947724561333311420953076020141980648528744458577784526333654351281330260541440000
495 3429810111008889157595251534592274187545003589777198144485254954172003287288622640037800944342447162316993641059926704061071968285793141906085376046439896303096727040870492229735430893302556384530754775486772758363986318099067881843971112484550862191522784771473572386977289833868295335563993939790568571903681995096663970825445746214554265759761254931126544774831548622512956545298472984889978990689864893868875373667206825977155290136576000
496 27355501611191865942433094900901283640983939921690717458838041529646058476842320895140202693182905189770215411356996050938711101892334010847729329918782721320666637446942877542002751237711518260491261878680792403403084424193372057610382501993716150866258339830543250731617255207223742636070887148813486432360818493150005380212627766178985232551644202636162522437970980545688016316937014371420880820905454677712239875458609281382311144718336000
497 218183517880813997174657521503365570126479553017267613695843051556372184712682012129448216249048362519615963562613948382134911082296201245473639967400512489567651007725717437779675867014664906206413203394548613857323594884310919187862286192963965436687823056515640736217567001290613512694939631102407767037984475868906682750830697112944662901075890581991445148780919450469028765956415140781312618861306282379177703956374098976658916252844032000
498 1740210708880709230477388906448530209924451374667845304417446989521908268431270988309574929600843566120310456366872696734618206463615484632572887450833003230045602013426806551929462939321785155525849887315556414139135178474865403642949800719784880952859504378474146594891919938004652354265663081804746286495731602713448481699396644443004419765207705605763092632445405737475867988712612327677457273327527216084525783362887391837930151317864448000
499 13879836916523492459519053802936172816631896735827704031225328693982354525764445958861940320263241268855381996673653973955471867184748755185651487082796298307778549125127635424206938874750911661308381866765359776099715451563054722442765945620729110605973602056767742380099882471459952645245168468101984409324672903405861637602402093954223628588229796214302823000265961593494898988128651431174909715117351342718261759086757153336597198887976960000
500 110705579246191375857123973132218914385456008364961767353053221663203259697497220967882835994419612360390526805469064096268843612665556071360756260972383275302841707822018020143474544465013271410595653769320509574171330441666924466203501182270935386193245450004779513223676662592364582298475463701581427648773591077565152421516759101378887661619720854605279316250121309669715314329314123815051079887775994309520855790475975055012699258330504232960
501 882993003328903668513108576120452658451661096659455533618364618295728993515367055863592440386628285413414261705896966324731135880661800521272618800091104926367575777358850316353940678008369326460559346231945621274228815259283493347203973501705903798858700235966265339005612662113949842045325255392254261246505528834232233685391156425369331528607593882240910474521925655569226339440996484560766697068967810899890897682119753133394703066444500828160
502 7042836624161215714594595097183849490917233129530796726310621377800993804851652772266581934876612858157989449941058671641879418458505675870867660708296382719473652216224774236416690188736077257267090881101016469286876845215480293550208585459821591256235529372129335492785802986263456509062713790021087772970135731976625226446825080333025504861643039650383676374473685906173669846856075546177908077817026125185583972747425281964367312904469683896320
503 56174673034065203671875776401394839279443219315462338898525274289736753767524514756130271814562566176798913863148165786535229079235635728814952395152455442287332589843924044207760956336399884604683038995978684045286182709750510810583373449035396071809178814793206548701901871930196794263140373211858059930728001106740000812136505412119479772375570328185565227861607212436518416353054821255001525264814928060128355663345268849385768706506426186465280
504 448059892057424838811390121296839789490797106444759131690618259215757440764778867697705739473296658791134193908443703297364327179617570694119263151811251742053724228517013209752379056492713365299257572944115694170735028756343360036795954891115659144192259594183909376550883978490855382813143452999344049447473342160902387430136412215714898184424191903384865507943771813481754035196984883819655022945547640479595217790968215822481726587610780296806400
505 3573832168727341090558969125908258756572140088632653034554079897269447468119859958586848947719681072496412936758834132439175267088117969813687904901971726766321586519735701403727886810995345416683979215482966368553902367981289216293493279804779950560012716129451063304449427060121119766279884809270015507276084400443791715977404887930494277003684445518483640130688144286543574759947435865397169173118150288815464430221821729372190880583952916902051840
506 28505902436726380714418971130762316880484500786010647524625032540275671899865128049123561962443938356908147456044771854791524462386648470687834751352485947092636211845164606453450101124856154351257984414405636884354841812593840468301460231802553123439152810866530615606240884613930512602185010059711032781356277945041785307677482465785523521713182652396442631556239822807292228717683500301863586527084692817508328933547969367087277458570818127700951040
507 227372523578148882858205757895074574881024302127469543569198484404092341544486346806026991274404904763977412844664807457153698078681669458504149377651781400478542092114094020705625658676367432340211615329105316687043353629446727522309872144791962191692177449988658401403625517512297816495534873138996876859575518756901340797332818721176838504552486481836714007916043083693668191191937031993562808511894472887581227233270193531560059255345933941662023680
508 1813609184131219042010727816911106648460453685473438170359039879538153873894209994602404268984032823038654481981460235859029103572476623318619711177647673690431205821351001913187392064875277235910506821483336108692715883674248306929920476241529588190426580762507960319857264954645336126850211232203179813061023625990087072659040514681512892953635187449610955039519304281745558091948285144956528543484638590827714828246478000373782204926499457345697873920
509 14466116478531923989319361368681911577110887943069074600506290591208064298645368522761810082662422910681605494783356694671234107081051258690758403499507966961003331305864573217172518238494352805101488595721698627293568738148228145649267452928507127805760153036900430056228871740393054371339602362956601259386553873319751502938515696673757063638033125825973433124652996824925276725559995458788813136635820586955839297997447311429382616898993706922462412800
510 115388552616995817232453258917251012344484494416480383284038412009871383464488939510970673365236738040495629711330774576318784995305326510498049383207840018818355983827955066367564321949402014139515403151756607874176936523111749208825921565712092148850651573635511665624978529882194010161979416495112654751342159130715194341086042851115379872312781874235411619511938021732933383763878552012456650666342192446541871106379638554695546050088443921099170775040
511 920398709328522409079216210071849562262463403603863096410451208125705986303829584044454921011164274467828154018364456307388194991907066255949215823786997880046221115621809883589417174688380840768424233359217091379931885064977475098188759886188821132515177718470343540288478449706111126066982586368061019112467007077876970908545422037468274676217023325603792096146104455153496031744753381610123890637985863820165688120554612033148817417143830572211780976640
512 7341617829878292028670935550651237523984180742808939229961489714815201656376640666479597455878115033059785509787110233514401149115133708182219916844425975277556185617577092899568710432475287800191883923904380080460237926963609391212896280029678018564828097269986099645582316383983902029018665786576486722764287611144628025762694342970743034722012350120636497891915411318060308190714009395499503846417059116878040371649111397545663613928936336048658034196480
513 58561208888619826474310854333849637325815336451411655612090479362619503270747005082328484969694438041482733540056247710606100394111358935441800974127468013325068053698100319970828777952609898008548126738044294910805640540224346255054915356494039867382605407463514853313299880396222469985856492005206595847078878956732588462808860139252008768191958161196188205406857432969790996328268472605036978049782857517085655362160163428375936663152451241931985723064320
514 467122483352804063316487359472341465050277975585190249045857909312723664221911908244254452092893377373694956253366956446468894194273485671812031116580970534305017548953718505603887139310701521079858598494127644230161724153540505147325200314446621510250354417510527040047722781370646161365781356461764675044792614246310530539915032239169719746278265488140800860249251897229850359816927505215275505844571431556519819036686128514282763266391148038757084561408000
515 3726095459443338042920640917888114055197168783891187462292008332925570509948765279742519008150691250973085204444332926372998480291408697358842376362941023213446625419615292468001491977258955045817590529347332742713600704510183291544100821149022759541958166887637369088380670263826435788137145266689183077833025357910376037782467868812639240228565271117053223172628984065670340345879491633833692772833979496765404692432440030944997265045310361443134181317017600
516 29722110292768952295855344996177281882154160299411099989910671120778388021219220719806605111527606955436470351730376598742755319533794958001928723081134208423539360905303379454058412748833060016637989571305468156994535852255648116270385619863135035416084912615339944123594648848662034310024205266846274318528551110773464673474104162854308358102276464956959431353761431035463412526434084428022247001908255055593809523356440246840327021175382650581279632365977600
517 237087007441739186205236833199681064762096241924122584832478931725512712184735137811378026073384624921121864082274802888230411871871122643713644205003089894658948403043464481370477551598041662492485626677105900733937071285691088648934371946451777342467957794246928297032310119636135840414970643173063898045670686229844812985313743844509028372947365844260156082984356173288686872841420046772076879373055403963769575385535705179824968346861272825913340819878707200
518 1891203696427155052895827403052282161384134501217132279011202598242892908778620829028212362423214807285860120440076226899938343348593588347152080801298778850831611585667172272244813210816811099264383415887647841375729688325242429145553715989843135094744404644456192516095570297946936858290846906546525148117203234559302639489027779083998658758723003221009584816392586308936011889152022458035176960558812604591304798249099486106248589207009226480065490864360652800
519 15085902318320658803446484486775429957861882148437240144713639222977989676962408925196144856323910023436340845128931752149797189717104924387687118530591415110679907446362414657212960872411556745577162508236728445656109652536615908791122127549037725033221262481789281342265242839114294014111957982856674591917574934634899667600337197317445948479986962109787439575848376337177435878784919029413550321220586094427749257709579715760826896564582269031736285507616768000
520 120339082339219409070569264713739391279252090676380138692831106724832117653923215810987709353906882263872965049220786361379536044127983127615627245509409980536731261706752492304075695574544494962796288623396056908810659305234389980126104971295016314303464993797042190399454283262780945327954618678633627321680963132433776579242689797063011142874972920829612114155036663551176930817692007950014243716198059845550584463421801271107519167211321638353157908241527603200
521 959940933208821236271182080902688887056759479560529474870261189152403610306535287736017121064946262358264957283227616349123515929742606292457863401798671552995499277645419113273970423815368370566950816734806166051856238143098128133213228907297673324846834000423238662764168908330360093633357764353937341936480005332811469219448404599988242437213795506656176480668584210592497743720399203532167364461649014814027310998044157548412379383743287387707724120252953395200
522 7657459858010596988186211082143288363418288262241465006436336382434116155778568846997653816311180529616504371891493859152778391439555962838686864377566414457228465502137021432323396254343283323832918009355810106206761255992070125568390584616834313648778193060847444045498083015876665574500578028294626612688702571275530570555140147038986669556624989443900993995218361404036706139562724681049702884326257658401551193478651095845956221750779786747921385510983329382400
523 61083981888375163737500712494649711380843400822316237106792342997160865395617952638000404821510985027839495677880138394618339290795081217902488715455462870201830130162362626033753746028910474239064883240979808342437108910131771632641157780155703167385664668164159725731965587652461661141140366221883713629325558560920675985384406679630310488317857468374674850761091785425700072685001314281719618419520357458606637818724536083880170854960331300788390096274995124633600
524 487272985292763710730444614938236247274666823353591357073267163603306139987944736692445977392969308046505900636524768109741714189930228035939700058404264880617652565035640795460096676337491950991013763258197707769822739015936651573358854047806945113878012047569060407556519382418491877041921241998996036203398539665359590875776373894760873742688252324057520756071304700533256305006308194079366421743502088123999515424176642806525027049111039765831050767995190116352000
525 3887046214106846515312575328307301721116770773723505911281605487944087836703833442415169053946200880188127070220506150178282474337957704789553264465899164419098531318798597431213114058097935791905458362905394285980985963807128946265194058575648545022706884676608047593993720330606940916288697450460562665942539207844811364929050388326206741398816001396481708431288807782539576010221749936770260141451022371549161848755146247759479644346051494360572267840693059442442240
526 31007691852456897297056209272960908786703365335634659322695088645272609434998640920863211692696309683021637236968144118152230536733974390298413493724168999814709957060226073804886362334180491602348485343633145292730450768316944978191548041413348469420680775861306782707980324158225711187732651144738632977746947749271537047989154808777116895265079737375736214026022504668319507488384910141992417402145418005741983112883257900377902257939224468321219079580889881027543040
527 247355477320168493808015756704986073129603316643279141921461390255647153823025211444608998019156140241789303499457453268903182497968934225454516750695268453929868424062979913236702594407769993731068372646363838350358282789382232805156106197536464830065544557345225264714135261406415350727187979909831523792121761552063646583959026216506640280255019385061850177922957513521091479091404482423028695936659084053395250486833427349504176645875710938941944991571273358329774080
528 1973222103167707757423034786442047992465699185040704063964385181357548886179132936751312688743722846019728307461581047667841296745161270753057622261228164257485995837411498853320059332661983359081931790883493346840358119524390084422949847166711344439841048627913046998060488108037540638755522294280701473887153143290325907976582231863496153144761631912652486646612683801043252480933703939329160733494712238698675748201784840901726500061417603172014152091852657926676152320
529 15741015643417252809688481661220118200766069113179151512154452675479879583508395072004800655006635936112010316612234444533630004280870628691688404427944902016239891179350709189056049874921681994944711072832404392563915433635021089347539423522725658858467344441952851288875727440299473526556340419403705519477856833053261496523964118079307686712465192195450838655397969074484925273232950139828087514834944512870343397753368674112071512777282202997920079069221581192010137600
530 125571724793147443168609246157808791986488566434946136968658539456469680903912253517804334281826522146946376638936843832996580486980228336053695422493115180612570301709990185757224488436167682027596676256481897682566480100771451256153578646517139784252075343963352179715785991731294668057132466591016730068589393754998470957176076021206250753623212891702577633650986062730042007651375307907911611344758764906444928086228759913482713879287451234481520932650318575999658229760
531 1001736019253808981661447771609186521383739298339796301693479422104718584386011875520563389864062425262645671266547025379611139252068262206258858398645642005790673819290995154176276710010558005779471790249448810891434293233272820190332503101029386301491132122464707783947400114828181193766503066816472445518916519672643169443687114926232915616474444085220562817599956613417058275727355563649554775247454101965538070382796661004732158178270514932700042694362993385940776386560
532 7991292604723994958968391621634187211940957861191908842832944863557191113034275187423441779291505512809526745968469127276446757492063354893538712488443805775518082122313878635947590897151895068661801274095226980118885602409792949037163802933775780946481888585977856832843545276937595838994434239791558381169702461448679720148511495764910702775032971236233211650177097495003750605614468067911109898778562422446886411098851558842261803211616664237554475930219067537467396587520
533 63750424306353520760851034099790926876497097234123820637384017935919655933624274103047794456937113396746918806487674914032742238004227739225753481239893174779555131677445801050748886481594479984896771139686501162224205593708141874870582532972635310664992477049864628992965768325588475623647906918562300631770309317222863358483059812368480878422964716128449560856572267446071196200886900984536659079937049568938388405238868345585923428247268398382892367083098452475255854202880
534 508570800646191008316901507987096158228235270069976546657782614994415232728912748462516113083430904625733846658497181898463449314415749380340280580677799484196451050460522682539682128111596413362659634934577705900889730017222255406270939307983944613170164704555099849269726915855818176323483302384036330882662018148631831286774971536872150827868594926417968406833329324569781452838535951674393572435452867347710738963141533992876467798377084975863523377853931474802602881843200
535 4057159209641015371021561936614815707136650715249831590907320001488157408013083383996296767551557198023611322501805555780639255465283024963163210314640837754299912305356094970241800603327651387349217424113603081841116575165429132848531530778458832914037874689796572255482606498827349488875937821635639364873273819548337674639169305643682878006248903076545587215634858985539864001336208302329554704961706238953326044662968349685227597314903548928944893040524447727957960934031360
536 32366441754524219638970520225680880529321489661209477393133769265603285590790941324567471973974736154382391819062911486041069881286474281235981133032470563875720942197206459128272274962367606963256070346100311152896668797401818977724479152255018599888854388383526386127693330949600273161256548741257451351115893381322186374546805878605201467079702070065874871145624360115985929980809005038733537161224357980903772699587411685175435086042029058246582766121795780755127315212533760
537 258208261594751875108658675319956968692017247129648791717290628554645205718712090566940502675061023622670701215764455877467306092050755718463581329443396453712455337752015774498172115342239903595137812593470638694617000238490488827880202398995343914197117690568020555253330036849325084213823193310143243180969249991776995211468373154459372597708461207005973832379617800254904514036845023437494363498482587691232331927434770315254308954569930140648716145373879189487831319125688320
538 2059906800677834661647514933965158568078323465948796680391470962372745767555227309876038359630784225629187081074462908226932486518739486140605373728570738995044346300430579375736347061429170383327753701953858701258914804876582115333200425086408951821066968639252684429641807654567478181125890605366421560841487027815440266631268136763828303325956720261095984551251523417646933409379440224151906706571537669834143436119981476195300174782554163872981951107703883794204037215032442880
539 16433393771641352588282586671707201934576606500148099676592439959559938405357100987879341273492341688692958160705362718693524475010352115778484428632382518884398310003435048823128557261865366694451467381079021178874459482317816504513472778982483289110552811036709727360778799470575428903230667167116164585562883524316128286668743948208648802043810569800951268219631819472879060594307222567445637918845291243574799212088906025305734232959151956686126882677415028413872653106937856000
540 131101963644872123982076635892064122100288927412292617419926354344044841944959983436637411492972237027572710659849449244688339700638142434766131330645007206211088739805181833944514490155770369851290595329052635627020687870046580558229705058993588906459743536937306491611546422443035088361329100288771179693712781893988667886979535053486775998527288767967589006463284959794746283407917620038066311397010212365407842603109272512994635325163012276673767797359822115568450721453126451200
541 1045907717359090734023369243087151110877720907045203210322369954434191382318756540688589774498462430704258445855656604325461874580322038352034422963149447508330977820700859141043483437176164355412514250351554852802627151288578635285248441838477504104030042708727199293522059813796930575540658774207645862399379605645942866174128786119868623308029165106373593626424284448196164434729339090728824768926979808815342418992642551138788994571910463929988875810360429299063647530114036531200
542 8344105110444111317190126581381626205600120299010071367959276167847681802852958084755465285851202122445043394612286267718260416393565486778960968436638765730670014938580285841092292218357444045763305569225319526787010705114048005486004174371912781818866982790657582555699975341066287469811454870246975477887301503345123530141942566757033075985088763689962027381288940874539142095515981971054314208192362902799890442295546847092478989905794918880575459416971395367437660369396852326400
543 66568440770614899127196368969696509618157865810886978206260744676088687974141831350203822501486938479616810286299123594393193598189550071319445516146444075773964097079060401958769447311094746972829907414151167937461013581130858121114862032005757220698585210771875962488567759074584083460816247694125041934084328015637339102347873295011910285759492678277929102423100721673118901579696563349184694567015315091950507174998727332605191499579932943997519134796169585141325865046458866073600
544 531079104677332099654471031853828771586038855917738024660241970393795782734881522168905495692009766546942935004665802205269228338497513436629399889844792810402581215667503942097535664209836768128826834884956008912832350996521919569188421358281224885720330541819745730147764842617086254080776681971512283077069822771812595044466489155058254853301834970084949089184296198642161825102726259072539658861850124079163972682894258499092888066501670913509619568042970587340724732172116688896000
545 4236939352545027466601174397248527520836875129413440240775655206004080850149109831908992835355703605405702534679425519244973586817958143894430515084486530531431969038022581908697403794466734436374567115742731608721091857124545516122626157918911496886444031551985787953545837680181818408703150482958046618016696494333653510556587696965492279086525465045741942458299669489350678193663584907242940250883163925681110005917842634778084178556237183728329955746515295621573341532998831859302400
546 33802395274150438909367611125301439342061223559935797964869512962186403266024766351273942840310338654115824617332559637053305758569644093047874219245463968855160544193454884238618847854756584624263029956365089537708930640356264227527764732408019194940201834140018484112904155558373628183719640116786174117363974229519037897407501846120301039745247116738556595876105055486468048006590798270971149693859088022466877629630261020317462787162947202052390635955715435398486219263265405822566400
547 269677610560132569287898089489607826853300145549469510637459880378393901010844753851845496444450306922415829305373473959964581956851785780732948981329441974559269862632974615753807407748003172395400114679300275580551687960721640016327541667693959354148155035076856790984851434838651761231723052046901030801053717619051337082790380359175491293324055607764279678982307974667178357405415436297108038873859342102459696482095903277267655581680258847818341380824025886798891884579324005502156800
548 2151515535344707286362573808847747114968299701354526825742654374113755721203308875620927938786745879315332127231921219257235679407583955170373089318197664804330525254436797481889864939186623849840673907623906578171846678401961697356540168195543777913021412068167915858003230790355083029388856174359582676390888418668781835266349530894735853894913815907199691161515785520519897406161453079363059025468089495751740498211173885270463850735595057815076256417815038644315246933176650642436915200
549 17165096620782910590652228201736124523790806360533383418493308121344717775720387750855490659172945266668769976822978033418383016038647948353796231718954047072800911865998493571361763995696561862116851940606030623666099182879038678363653800904338337448148970598498126517402824884800115972173388057732189658637689023259133767698744891291335227795487274450882781944333589398683334497244379758852820640346506359549405067695704221283482087835894996776018220601147302845356614876709890371354624000
550 136946261767264384857785413362214753473443742381855429891542974611746584727020111728643441840819788782077386651453141110254299407959249449775377935968673379191728002305457072347518946205666388092670447846144113412085169480860403128472205233396793863131777605429472325742479264717278016156176048722416087676549417152838325404840168332702507235575633018709952085766792345966222675952560615239720321763346308919459617158270454769076217093498013174278487185450607936155317865598187270817280163840
551 1092587598419045800063202680835383042230959512723478166612019811965949158729547025697126261945995991807644631070395659384170417781105010129242398196947891424549612156324481470126485095317802980136804516754354850380265707872708406810823619248661172091338102274896479753110596819777049290422050653691000220374067582221192882903225735010091146656244070327130579617115824233879337356601554382202922930075626813085198687890665914999744193000031335597328910466861837545079450702667207336683781488640
552 8716948883038908883112943127534469054320916112380793198839375456337029157690081705018376915960446282465338687018156673782403115775337798205042611701736438104558862203719232598617826738731167254569722992366265871512119886723564897816788440527361959946110511627978436291121500714308197599671578041404284366897452232069082348380083581493553278757425517609933102597424075952906887171147183875401580768212066095701476488171182408802306931108945655743906742203006399544438226258236197664411908833280
553 69546434849851113910116284048249688006625464534944049897430966570269389952493020764088750367481896922671020410712671328621993755516799937939688974372624168024075406949022159539063022732878679795952292662423083228049679819573902946053653887173093973385605022247090164405837361937663232929025320648599823918176418169780816132102945319257788545891069409936753795044909625866591656779568490521287114555789576155940170462588167789576452405158532067164767715370098073761413117995186445018780003205120
554 554865057827331991846054107388562492760441431849192600264701935452329789873680779381357900043808636097844603276805067278897495305747754017497157521167867910950204510315303150113102094728021235917164501025108353552309719860138359244687996717157175744340025628758372791829965956253558645390418623225291013932021242437601457227247325471334702839058712620795039303426896293015045348313524779971279867033555824204432406939782854927667724965344245012397605238151323981995389858373148171449472227737600
555 4426923380287254161971761418948747239537359748158963664814594901230479837046231515496671678187359712867127753711158266506230827412344242863923267574290665062500010039056148376037506442262482941695863802773296918071400791965211990514375584619048602154842582854310044544546106764487851678898691285840700197641423534258917572256308391328054169678111674747532313577611345559406523968166284190473562614819072413652660716989835102017500335399178949396210082873034347013109164491669009194915789233192960
556 35319841933370970256307074918087486968682963746102810822153854283918001002045113314286394900070373536472263876731471349319496313671149390907128803884088831325989288728872435604500680895461104908925992498385512821159593368988633794823327506061330214314535427233308197121594477710913866992076608892067169202765026615058558184404647525056201972467811851043261408327848792988358525760405821347015690214635620911804321835551993727607250877393449315686309222346727272212504053390366411490371296831733760
557 281797805299641996084432030405710578256422066225638943076574018739194966702133722744504019633595583475911563138590051483619105238697644332479857099570719508819921721922996595738601482763786625162059444637029118451047096825467663526382167750334921853525665060367722851002452170461941157832654308646941651592617196189084798153490580971902623995775504247820922259621113170628842528688049317892527338085889944940858898091908546006259646138485617161418237314378556548855238802992438658282244242585681920
558 2248322274541229689189769532914379022217905087520689201750730343058953390247131422327118092130407773538993331707890518288659957925953248330108107181521224468219160405020037355247766668932577159895140945383608665491149955317172111145973854524177548551785413707450003821976553876158713323783112871140115112706687737336569034730000119152169322632961550020248648566009311533404313508457339719099519192040111173614164541765549904695103843384476644449164861153428913540328894535703112735972314279554580480
559 17938313675230562457578483214307925651327113936211581108780424561794154061721299004613500341505579016071395812910897516220793224239269208501399209355249841016560743124131246161726367340678522599521160315582995792648530949399977845636929143430826237103690420635468724590367496042339644765782975680295015031613286777318600885323435655489579926552788037728638591421111859461508476292879669315176843643110726000570972909256444677889379501779545320649866334068502601770781519909187625764644940405748531200
560 143122116965946701893679755359871092518088473333916686417912387396600500621019221343951999153298084006798208021581946611561614510537597899257592263212957660110702500497532871161773945139556498169036686232187187859917207646284108954117498951515949334605872856070132609767432093423524165738425598820639512787943152359034837063616268765584719842567601701020637904409871050132178342993904218750375245352533435304555548140281776465731692167769658022613576393960838615556878269561161271279345703094436495360
561 1141915500070548017247968957202821764903679156225688214628477443827422176077864589546397768645565461701299071487701948366042400265893561848622073030554721010081112998622026972050089444642878584321939763948787616508002533733988719569750312490170034263272525675169186383812880659828331846426368948879113118072787076575828753470136219241991454572785356887287656435184639608541230415758850772061817465593475323392496672862569040036746977081884116415719015934703589381876269402060174421116490850357750005760
562 9110941463196329731921517445013261198982379602341612018494827149683560565005595764281223477947892402613211808809351488386715520982681016600038034642361866564419414031710265022549112223805458313344444664673244968722212386589333484965765838444701839210879012682310732642378926830374092525579783570772140963413482653676185285694111756372045698050479609043768418959729402143592308157051044238301048960357906316889599788462205650399952749528769355886270582653400168662514576510387583815456129845203115704320
563 72693337571363966528936867429839377097386943470192755216836169727137751435177861764034202243236114871294045195686690738602355453382243564062825668940478693796397882469702505295365208009474456027607895974622053995559818899750063968856518909935347534165663454651758101295854599151048709813329285612626034116613435311391517412678419200041259814640771587610315697987752174829514472897821120281435722788503934592305652308654045793244383216488866690303956407245246105918322340470090633213195266899915445370880
564 580000033814074201028751601833824817266385187262176238432203481865460782727482939606655868961990278228409935071968277169699644574858326309011906933035734259013812892045498712463020276671338744901126829584750430815636852923537744432365842366505432453449442457327857191190329248545601408085074087334782187100639111527059979356476748936499413414687007347954646526498022671512083560354955746926348852035935648342864247143516322818439227791134574656680503249297176377007891014389021009679749469946133872640000
565 4627681685723622120774534904543154471215689246332549527172342117255747271744235560613813552709118892484375198768907953063727429634444840709779958325885115114396935428922315390766894526078575330998725217288592817906001651290810888320540207766737149557787763889617664102453104871581541854243387585318934689291470999582276791042472892399538682607803591370937250515846170271108801221380779658661912610580527261468375267474285988080573520145902057614718068403241895765578004766133994179887275416844551323648000
566 36923340093158794165049115952149974544187372149183381033057061840153630175259660409420462904654383248161551939293972289815888820192849647783332671024199964410983322256207025273327377526096901404223044313207217607179334730087105956988621163029302062549416151458504189199078130035445659034917205539399839323039369318221840968812380887060630195506786251998502868073429867392804498791087634166991514751557705146274174395607553926098710277347868714113192220687350532292138285377846497732104126824151932469248000
567 294605274394092389422719930454191331283780725931050468771693382301331610075616761361936815133432856816019155155848202185409313972755646925170717819600494954136311375462223249270781403753196440833694977906436424082679559645351088799676405893376653493780526753436107499006401164515619332405582782822301363487531052549621884555391906760250954152509172846633557275421863703853699387179683345628694202356344017780854259198815827092893413218204158840649173908976320649188066319311071526878375784395878910918656000
568 2350618140059906177577054092990132241862841989294930852945976071460624747997702750866721208071686104032040160504056430113160230500930619480411431616953244950960850622526048883266164298960363151158988802591496256941379866747766081760798365332364425411643216983402181664607412108423920447996656992518784822756145651681137994375063594080030500385865442501660706993330785749762263420243529792938806558237589944688083631494776986593297444902995154693348690414578671095282247463235521408121125096623456380780544000
569 18755371451444594105799341972188401367411779668539518580623429462972295880333164303927793118884806524262675445849589090885320644067179283727711598490277209274801866127009247680190484916133653262323038952136015828671115281256340968706545832353136188697469604753331994301085502587424602520043625212715787513730933670707146738950419538002352322938188240698663637521479380147488006903173330861058315947976552458495430029852877889514183479542351497904750535118079379213675577298926655874991050858823360226263040000
570 149648121686263182444167381209671665647348726197399527201184837188768423971500405709234391411733508898853768294252510851484979454767598916480056754269790785582103310781821155174572500699255886029903826586516842085607425086234804781890123588670286642449283793716059491370766431171240512738874399065669125635874186551537023453941242208481926955654175646837758286750330212124167465606372471501917931458591860668837220659247173055281590289401078267492641111784254415199643027290383212139402279484085337384288256000
571 1194040004207732152741902957602914375988302620937569607580732256098124237502899909651964776307982253140416406915261715305368767768688582598044025520933742240126204350126054611165240478433992673821789551537952246133147861108381384564433280332717733700523532336550555241129968231902227278525940038779664687210232563798253378031797372157344411926375524075293917258204035808122078762351371243717579852408659399662385949778511594465609326372173927472323069886670863600086818970814336102464302601277570572894601216000
572 9527270243363792911038540381992484636382190842585782673074234295160557727208453125264977690681173082749756085946249071072907440727787921289288343492205593678209784360096701477898876824427871614200432715418206383481969996675966152363764845172244294771310142629399884826078977290912177096490192896836345511236890596460189540799166444975734083971989321467904612528746887112358684390509892231340969311876086538564911669211760344652169520214338819901542816368471715858035387732161940509872512364039916249459720192000
573 76018637962756127729961966189301291025374130073825826145367188826307277362647552685360345552869674230945697774775306724162884500885595769868457777393305365264878069972708759436219310368733383979274656849724327373960849606985195896347526827447645577128150038571756149083478331891885643429586670025018798738874456905787062095172406608078632167399537832026631568030420188268244162361974218641694435765964166935983902533396454268324117009458912887591367812280371177841078172271281661450501093417784462639668133888000
574 606559863884012308367989207573170579958560131947948229522267813283078972684539706095732373923594264769566717436360461318233468665602837327521840802197453959778992265635899160658335263917768116071564335142399685318363573519150169347163193152805255650255970691042932339376882857255812276842346600548059404571506990641994328215835578858885253182386556220700300664772342268760554466233174079057422501407867394715690372130584948691506020737494461716321366864536759572320797959934616741190409421347478813396655144960000
575 4839820270434519079638842581470794123217171974569019960083764743204811002915944646203861098367739976978734086257429211353139398674410117667252531479098989160810463503891313650609464679747339333106673338492747402157655783140627786025712574234905239866738075705226040996628067041895072567222062962286080953346215779244295613659571540529679202783981773809692138173870445789692911114917917695157312063407470620792325960582823903646312388075868852790404228129555918117926645287269602797533214652421274427589310965350400
576 38617732574508766822951598097985711441503684713748638431501706180155054460766808322834975014059258566309482396595737248921924785256230730553285824093644017678966823374799440170488020257150645095413664346723380313049628436309592542663498248582681393103347562397949452118928118271787766525959377386574354273575013405220108750658664583809731972213854570189835185845674598696924686604449218275942719172605442661738767560483782397844534263188703554556767070283748263315956357188005372321983775247444752203473043744358400
577 308138718844087283280535801807844394240351758097224837675275312397632358297002401244943197512528295388715523317030804669040800192928399104796062277516702005882085363635314770441814289885479324123543346017875984334974851509132346735568017220926629348089795801178785576352764396054264951621346574502232802557260592231600313150836207528353563258358035426610054065222679120278407724656645062291924227158882942833007427813634894557497808921526501152823839846770150787359901331877949279324806414626058300077625465162956800
578 2458712407108876384930503664252211671689450360457441092315518582660692796653590094362764752470208474624145317540045105767502025068833523652801797965237075520983006396342684638888663503376869624321421992793155778119211098892938379142629230835490682618322038468921382488129670232875899579373097580630272812100494552546956131923281296056689677763922594096064998873368505368034630495011154026453900580721052132086211517433363553112767983989758171828414445282532760261771392634292564145754337689023150311346035718566707200
579 19618741486775490325352205403877751162703386295878027368735225996359932159826573809941231703648295600627895279853209652238099060134733815675206056302927960115615698706568571729992444534716990784740880149748496882401995296865933180723570028428267622964849426125072171148806695122429457783598809710728601713133479849338406441253125367498974630862387538383109317435168384801934357317705581350979310333214612867423656667603004517065609820436412355522063449404665548202735464543059838261459482078215810774470958583382016000
580 156544026897925809009879321739907297208605640995385363211218320536472010406340316538634517800835020758113619577863197018203314569488876032663540738913707930025981816575860948217939712597707298882380678160406971675442127989475066828256348433734521653588488179494541393235650663838971604521543605760779256428244387487479560362274938277215956192467464702822465381189584973902331389079899018090228014176064186811097729409770180870654555601689166174751913179042745098417689189491863674955231867341349607352157924696365465600
581 1249118947846444149001377858151824836246292171522558595261976134263484062381744763292787649784287704362503856046426473969691164103529138188344535052674612674011104477875544502475677293636783197278342209899564063145180215764554922230286456693275804451009003786810144404544709944160881856388771353368283361103857109108356698518944257922845392268983074633881152335963710738401391256066113335398101675938439879614886529335102510355171290480948320802323355418316981542623764341625266776406979237512042650059559619436059033600
582 9967196552919049188938829507314561064480723100602684048791438432164295508077014915346573617866378177078123552370454544871556299135376834616274949801754125873037060472945066442434785827575981388592132685177964792519273061873871235115893994645314150980216174546299502774408304090520851101493907500072694036024591777833691594367658305487446738311267007903340328948823836201264709610259502284516811311096417183731156429952261268194871946724268044340188423647189110453513336086783056545762906493137330011815455107665048371200
583 79532415719004145500760608693014302010230401138942857967371820902964498633918136168425832710659333241453569066256182749129468102191720471071888621745729320002347178936776070480628857066695480994392111923581290248369911293031301862365589816620928697015378463103576821452053911885253858188935948010871651210268269211805031384216717730922130748926267788621508079365228963993625092807765359567019221645318237973786174463358352349301105139213198871819136443922339179810881714366577665610444324195668712204057456536634313932800
584 634625098031779654167028144707956587958345324156633078986220351725709869236401566001480103478891254974612383302660636320108426979817495539717467426943662039744756599050302206232415195086987913414156235554604131091444840112201826504492548879201246109745999380244294499942758954426854416370619037210037490821661189258581243579537507921399193989719876532493540496304737966113515295349634547229982145320518816708636255135701921143395804706735456751159547651846062633422446556418239592028545463616123628203609156610814902272000
585 5063982833525380214789209195720925389041976022501133696936199319411305418112004290760528415452075860207676248302256154431224166054338579793848099058073528891501750092934719143064810479771042016781677448835712963991221390844030984825591825928395584342383461721333960214927861195324028060885554984096504285735922105058217512870565960644600747938482707100307430832052165514218614356738622335845395990352447583582759040980267637431404472429130106178483364852679351064642701752752722077930342263521478797358029988135528143257600
586 40408163361031873522788979862100763001979999797295735779647897640899768148620703180198346195655130925479682827749743648669631741416531056512002920128928022349252872755226530226913061097968246536640142919378487746796845091444861578574176413039552478472670762813920815639936312200230640294711356835555041024063433043092534283588338621116302213925503649148528236468730249052024301590631054679885787800150247271046043132463705584691548315833809516195543027391004514638684766887153120198638703795608250608269877516248685320601600
587 322439245627041389405014619546984623341182826321180964892454433645612459979794503741139784634495116277592562802691310477629565718560530611077038633533047456020273349208655992475060950907807950217414700910338733570692372075515726804159186232840313133161822577547538501631110198204225415912143092704837840130686746803825265049962143273098397904645756546186893116898692481362319980665274037684131226671045584697750708743543436045477363392445594163304810119760587983931174528278407521312476471173132957153553843758277414040371200
588 2572933572248432311374708494752469137273520103909831781080605786845601466369380631893584812083420213562014123588822497892921636652187091202675961341049419495998507745726214144035690444999038949694064246039641731145728928194421411845433506470215559899311686282063011308933960969343921175951998964236563173287724857148891400704799959587377011851356955297123983851171199188013614539594329566010108359762833135037153614667867010077176511968290353425554709322987549014634474297078721241493434698544795637694684753254825895709900800
589 20531048878722634742718386970011213828837936313032613533240827161586293534696246128862221760258191856946462446294508896598865351893513291430521253485453771869597600008341606921846765859924419462753993134781521453964220649429169160736056842801380528907920077293202297371799009432795296310652623313942015134893559980644804046371069287030003320375853463321702417827681895048665515001856280068331934279941113301654706263054286837627724289050873787945852519215690119471616348380763989533139461940849812389074734024274502054051840000
590 163830810374620617574098586194597957129100007053826346634742058096183508409067672499463288215755198750006686774838216754555013689346882332296430612558502301630619492947919127776363684183939265814653897760256615263158560707648353235161619687981185644234724955756604094960050400694237720390767034850913571618777763370975826186974566446334331580219522212404364378191061630320537702760575197562214824728750443091848062858406071917883603309917819989235718068588930648258253844367181123257662011555120197843667538620820941814366208000
591 1307319969080728988966918667502071008157082289789923943704642209782743529030732899335818726269884124035586353350485668721626809744432989981573547832192718873925552502102176999311897012878946831779877803447326899460331256002148280637939422078712811333690292540352191052168524009600719271341552176576833170480805299589715729776264053064150097685812634101013506611758116156669468369236671119633511190221297951981650532047788553578238702554268086411566237582851771467319670270787861552086521229262177416295661780263606703209054208000
592 10432060023542844161958992880540174734010230974607433631859340876712298025576321311591904835977926692473158670992726856488116637217401088974583513444727033716932956114747777271536151163581325731973214093724953163936832522557683239414908496452431285034379969528080659679804235509043577428745764327954324150931290937942258627471404369383522063290167032927682103435718480952882717189652085083021464294941573522231954583435393795783107484571558176027430585036134743938544125606759895223068794403774537355710652449265672408715493376000
593 83245376106921987477891997151291917101747745315079891983066443555822250011850172759617021389287603893394581502761523583308208983663983057382342640169390090301056911188847355900352558694885047830855394758021042785411621411033654450103451948082470220544158542676016326483699228379079609431408021584957608570331987720645476939620042961084024289188988869837760056421281369087758883206464867812576001759972219067793607232405199732960648595265789694707928378399645207954790560491041862049850818075313846150460046188743949136663937024000
594 664281284085539091995299775247682974852330492918314289561843337465652298074359964445428756540779869452340599870521248796095809061561076922545966522563819912503383432719084961225035569383426139256320826856935593944193746613298858743249768070557085598281669178929827251738610004237099913644569061132490007783457275750605321033331655952084638267265668759311418632048608904841712300334416621938737791822000535995524744581819270596352650406666402614335994130663835497821055987756798697165476225045433721806701378677855755737015255040000
595 5300853003089310266880140055253779436300613748531355036705264145020028758415228758297303758076677008671786837286109057619937649452591585257560082435517675537085822753865908228397426694844550099477329892297025546297532620033517615652016636636983264572506496237913982842445244201878572084007418323121113541102277555065334561792031432706719096626852765158337169184818142991913361347878672472210297538774552176313868045839458650069718292656894251450197143079650236880091384588015596998557447254648267749812131337752032148301425934336000
596 42300095440759663807520043796622441273566642597340813011023886365294054991649040225607343411766234653092312412974387043691985672477391911887509651112956484655000290297627952238688190202484362874352652630477606540589035471274177483290253563499148332729598818972347151675620103060628336965669935477791973156849718207870354321951177003277107422076026428008475799736568939713993198943810346103745260225523104279444222191296082784784530536705015201169693980682578064767977558893627817659629562320649599694809558124746082042485875408896000
597 337550510351388674001717736427318777600119740927523673675909203759230951390646612453590257979320505673922573426147369976798358029618584703906358421946607525789650557751925568618275608248970694695839258176876578826408986574790923836507149039380138454143733289085865712868767455579285422620521897179566097352147500070844837503811402418110786865611708380288741557696841589275483416697340852325364187126284872340489572059186831468531831619535498188228512770472029984178634992578296353987395703342671177464108433678878282831495327383552000
598 2693630493974626676147486686005292987805637798839703964517456054078679097050444205064435971701199754307622943795276337005487900530668706031841375233326439988408382042796302363622761208301150761017633678963302732708400809255689445732127282969769265389922901765079851474598258023452090362450050992208845178201417843374701612990280957089004473114881391957755643333326635558566232214849014293138190469843865235466247889408761805631829265030808356779642914616542687432274993619705067226133532268145864312472785025945831380722233615843328000
599 21495081404338423225350561534399499969467360064196635977284540798824851559100372788327218605562161645393051204242772772764995266338224398718199955952087450992641178905786853586171616987778799061209163581710495930461028160671444992653703526870612835665828832115328364021001124127046731106028787550514657682475421187531007863261340525685210987460990072717983263995494687762849065086775105711520117605765735935774064960557398048280707657507953164284963492265566019910307962441052122438928688216589701859131740273824831385396121341788160000
600 171530749606620617338297481044508009756349533312289155098730635574622315441620974850851204472386049930236548609857326726664662225379030701771235648497657858921276607668179091617649503562474816508449125382049757525079004722158131041376554144427490428613314080280320344887588970533832914226109724653106968306153861076497442748825497394967983679938700780289506446684047608347535539392465343577930538494010572767477038385248036425280047106913466250994008668279216838884257540279595937062650931968385820835871287385122154455461048307469516800
601 1368821090038856041188809848734543119453331716748317450671401211673691555504183353385494803077476697945781176593803226258042795395869935516963138386347366208629688203621608857567798700641645956696376048805841326273342606734559727910885114270672619127503251795381724416107947924592783122509853975767555773704349280736908045629562538279977453791990031517917592210144246804716772790226728432279126227316596850237637065050997641756477713685119773943040375329562602261711978640900070073465014758270180360613708309981773465504810628423666892800
602 10923283250077515650948575603522832468195690311061323975125268140997365834953649218710825637847505077959356764712011127813351476879998621633705841873775327684812329119930579654079244116083832518221578967546946397702886848426619489840352307236397445662002693729258810789007611012863339070660030730211524812085870339966953905655180122752511109662325766465242712587264055896776372897423925894798874412008191475982738306486698789033420160370955804023863726051858374194791271413428466167651048004534794771409060998592092571902176509879228825600
603 87168887229474304000604553572391160591969588352947082866173781582884451737640066402050568771678597736551284828846098751306546114007551189554548111271321520430044656260540546095239341105465011737449814248484089661270798531722873938825498013966077128566429456426523047291384119724541272981784523837110874619829532464213900819258253317885710546758062335374374681542146993325518916057054612613220868442095219539683145490570471928405999687736383630120783167100402150290772136055419202651304880593402043847463352446476201419557667272867079782400
604 695619265639182359739923755329346678896181152088087648038009316605137512210968741817688313707766293195657604097745357584929722300523835651743248172728095576941747091350671245329558980344936020818722027612075020144578226693550086730362417926020681721341374139032849483351773935550147244655962590885553668323805209399852652233153610914253517939360696120040539677207199516273180753965237140390272493196852579770319141166472971349200196183591670690698965008980030404638280953289934696654452855066552734014525428463601474904417146117912788992000
605 5551156718191689971610498992942290521835971243440144073929766910032403155296788571067436658811728369501875888568453861851306940937072857068787441616415281728057446209985191359423323565463390262004611486464625119434749881779272427659817774788145208844026701393802640174582420761712579995370227088918104315152614133855353066085397741312423115059889984905050786052159271511680854016767214733560719995296535958894381510002861992849485201941124935693710087708025763295196066847080668951153220469853415867474593005987219703865332200755839578931200
606 44299329850123783337802595923876100599997948734779763599875169598872444981873382062181722247547060057609029368179938739130231627676046760370719583592383337354597045992555091442526720730331609417581355030598889566974340640733599769245674519596485528002826943796088395848647833009310291844241614194732594831811950414726876943216144351463495353844270572608623104535053196419948201361528466091583567487217900820483876208537690754818664086777690080882478521709591734811168612660861575986430650482196566229549722404214842389261957958506997035827200
607 353518869512355200145495510140454417308715096657781177722891798248662476922890712865252491873340953738151792849198720349830052725638831148658592525406103601557937546602861388711036960819977456373581686603329523990813354305953142145347689246994029485413004474049838862423146792581711785327028631234406407521082516983421732970245474857478042000035661702992043358101808374725253850733515469106475784033086510007288132379170632646361793799590001238541558417069624980931302734315013960590230759366985447802205692464607407798327717217475936806502400
608 2821173609990045116950566143423494790759680343722951109064919416287023582285963386220732056857648532134066610039987156475946407606578303837650478508668445188748541079139939898068998904438372727507595959538412582900372360349481325146754914846077353722407726493568779869205770127642213128958458747942993238967586138821648434821761585540268848329231958195587819693272983937774558690393120158066810039685091688413424372210091956579189841308570207252308620788851678301774146162658631146025986257316798343316286216839268326706391585426304679909785600
609 22513799252137305859408458878552027394239813580449166486133839676773291641887983673288600650785175478114226149087582233945976257747078089738885592039620104461934170188210357807250139040345634574198549036710484651717257259931821412501196857392341443499017324727002085655730776388080715610407404786540143089297978053650593420745092456035643026075644198408139250754198196941846231913482042640730208198472160272067721591036201820976785925713712983983940717625318812063419294500034396337744323826863119784100412173791205365834257972367554588442624000
610 179667499605580991678033406263592244844523627064961545007376281223823579856902794297653947488561039717147627694685820188277069545430780558768680429588312571345402525370832822632284716144922211651145142148699408663212472690734601042714469347190029749103633338968928119626389212224880202608956141804717076325741896992083752085552639468822147952354485176804626020772847250349028617958738661598483038541249960990861751975679066335270481780941565255793153136721396683811024796108471215364162898998638798539345584363959979870296996408992222518915891200
611 1433811338914587422949412256859698503865625541029054817440207442303377701116625245491588621856339819412130658984104843270112915063044985277505868698318514071816992984792440005163699305929035522112902967458360583701839634762719991299960315117673625297265656564341233242714032403941924497416154087462848550187099001200327946267028919885395733904550686942879470502927010135354932145935858778975782808391382667416435192526041125124024335783749708980764999500251276972606476114279714641760488208702721410274712061143484225609767846956212891984016179200
612 11442376763494844728243348794939162570064894023506378641140479000342641654009146566962285668539809931387003494245699435508548165307045274665586050200306573082931689113931825139247561127708185441175519759912799167973504536243667381550663691233199323450727886699742782936953160556948299420556366933281948233846064578206538708444720988105020856846120187955920480288064571080185438890115578883198894176770445992911551438394092900499566758117375128532771662678475877016683054480624389396010170606706031646702113899713687839670108111983895039950874214400
613 91315019783061631991136153841504703577092106954311915681010152152815991796758148459346658222670065553581111082952629100339017332270906172372017875334257349953836579356206343525610226813618993765465974984491702332343204227249626150972017581586967520915107376403167527124918207903084960465516716211444193735685070010744514456299469940962091405695301728352957568628404374754106308402031667041776493169267572263170162539353837633350539283377160079579639435274231631917803429884526122227213302786306536404024047630341534929308595242781752912625899929600
614 728735499897397388854343898735135256559855576671218871069950725649508729322662748291202972786780653440631016785778310409871636690761303330004702913905311098980129053494154858754869888252008256434500451830634106561045115168604508370949325976834105622938153329601825542202115991408984212184091057713479721994880851877277069765256356206374996560109085454282560401106158691034398878126962815154242372197737954543214652187025740070712772782651603240945005265217809440386379163573579802790464468490068450129833604867546451390247747051515617706623631360000
615 5815664769912888430076617650393567218204505967971288161319216522744372103277445152216624699898405605018889480300162516246585354273587767062866799839751653453324346983007011458160815303318465890374842630219109260165218577638229149731088279502929740483545457791358958961183715911927308151869136441069525976505488164249879444565655603676241435962626652698567164957120368870889153973735176417523612297148777042110727663307190784174078518402039136108224529823884567046205445422470129548122926197315863338597111110064907290119245435006241710087981760512000
616 46412025988460648575091968132036974747878817108030604871826734457485930616415455143339167247890522653040358255122725535500346755858697180001709720799057026585296249624127383649867805245314250514744685665839514810019828778684309253373425295513640591261541348218052990670745369193238063108098497961522385877436655544565596346566173616351303407779663351730773024235720346378719287231951505306081295540232772628273274663665827751623003241013675962837713942555546317531081119637764865030149846081176597682700321780972539347769822335212149751286555738112000
617 370393542896564398028772854266045484049522358897800159463330373531054655356936306524800744778951269924749957938775203463215084968959845890321586167284532899361424202835013350230063327435862835550409776691399952876073965812384989892399912731133170618106693028566763251317261260790120296181972453748032784538894800488559151394638312620605863824808853069566169159378747140306019076710095967791157697309734477182524480460114320662871422947733128753667590685807957970053554996914674546853254201140540627211695922932753296188684935459618517626150730072064000
618 2955956235543455681355837730162032892123372611786327486202500650898319676732054795761031186488329552214994809957992400454007765480436828367420813878717340225971754317770689066884583059730866512839192586799327779263425241726023899917987653058169575224113608441571644588182415110383290130694964630882358727096810932054326431518375659943087573436824050710518359699119710187684928942288338694410986671733997478097428378040912345484274851097443027529269510133341179139650701043338470655469659741141013549204019889812846693855330261629188558142678641934336000
619 23590345401590744856054666214863396586574249922818187046591846874697413898313975268270588144187961208307066819373961968082065204318833492948398740809149694210501561114357357011970662867642133398102764747639223311084524546246458910492502433129818580948499556868116194290179532544900570671459006908818824090239492737234850681261350177897984834859306640565364615369388317168277138893221959855234691693644503298548136005689995131974665209081370849748935993632803594426291539828904757735089045430107604092193632077020133550315559761628742289539309355663360000
620 188266175882372589593158852308296913403821594545329660494413642477423877369125080044198177641035535578553817132681231964629126824144496972755930596005923688634776974828774520153598128821118187183568516082772382166526173314237868853414358127623132804085767431263611176367432785535754876907063171265863776771782274296512969630453484968127788649812660092770038898141505473142960134263971382844679442742182261808413188638958219214533295894410682200899573058863084169711758933989388292376162252884149072658345308898541323882195789839579059433291133373906944000
621 1502491413322123275400475478325152178469146252120215454767011291655576064800940252333407678565172486839472975377726546886798635330853666661800953355564183254225369866749446895138860429045832102547126514824830798739619508768700286694881737327697658900240037663997515281927531215966507520050571782276362121869489454772171139272991097426797617630388958808000503670192111312232705999053530069852224344976256504867142935418159314697628042596939357468048766634018430185332491589132702700509275564080262164403799276813479550982548042584466696540081895331856384000
622 11990944333972700866700900762710700022380774912419211442867273395141928594327761113477549383275749557349105867805521830781460491611507397603183171152766247064268064338495585831944217314764486426115652764614887596372140259691042159410599588576673920869439786115890138037762483852182867089278196667556047544952002658342536230468051137663381630092043073187965434435423859411452013793089587245573057312640092106367359375266467585464671388185220209761083725998822327073939691717772887789916469292756304476045755000164167992085801420240020388464576412262596608000
623 95696589451865599854312806729049117995629555159788634500699973227360624351521072642392256073269705937624003811764132492207739268527150531112402450997678620230402593725521754023156739147687040948069061871051719308446679568513421535456663169186553346007792321939335098432993691353215433656326153821972180406904265196274623014265088694161048900188825296774581284129899564997976585199424442672534897204569081786289744484470107279181936022563266264738536574102960851062003446582290205604277183504950795914766442794247581471349285170840098509543938879244992512000
624 763732396587004306529611822933757384003582026756005448419047863256820367420793175896015120584748614694499261190040672774350226854591682123300904176231473603761866853770990921530962437428656192181705013009355067557795615787174421869509907984854223819100650261631232035571007344453546249372602958386893362862793654931807087517692534770708371030353124964643292940652083066810774670341560455944268891151849402717504691558751817708855835564687605766663320735629399099821758275608662217803365983741434236627462956915629736742499102805743093874244896824743690240000
625 6095195510681563969551526036469730930255787439134328282742737187080031988311866178190917474362761744153859703705476601277534290481125296689639856049668144536902706986575524346554305020630619338563751367825060923165255250474281626056184673645524589455478469608026536629485095414614861906992869690294118550335383601279766004061200581498069367519042219717825192300756144539603430489061925686800021166504679713207861442392086506770836652474658844102586630126911108335857488445977611427845103243043638355676456366552257802994536839672074483591573672578914443067392
626 48644723276941044076484703000323922887472706143634351598374944068133929414706203556296842974307280629061794057048819648534442995596968022781854186620035223812086140742701788554928606841965773507131792066539943086475423692283563903796643178167796883258099735082588781151609483532613179053252998358960728877756511936092190026021977803776924217452292219984432365390699198274534726395133196056314545923094855985920887805416715954995367277577309241432145054495284180904063917373968285452897980514769995567028076688969776331886111902558600830708469757514786833170432
627 388226786726974457031466433514546906106719970562593772565021084716016240496315538430158536273418871240550586062954216142370578548592070153110683173599132790997893218941753987127372804844013924449262340511907296977229697218798969337477515890831986608968949081903148741439639323121525275889119623266729644823434745977998913700500760654066553084738868052315948255845388816851310639364029526420730443060871864997684406026005178052307524492817951266549368186115473749990328297510904785337003978462374892850731253192352090533904472026161465002974772992988825060900864
628 3098395947572605061531384975756224671030064478439044567031665090122091397082059679318399018793591373658661683674405304626690031346406776444889719850444034312868536326968265897264956206812416862005896258989935306448845927485064385858976607714729167012981485347927677535183873069243765418401699923268867802316966475862628273036480592990734974618966889614980147545059058519201861344733305710860988822645047432115277457010092280888798268722935623802460881128679545278585231571854545834568573152951310450585772358280364136554027410501785449991894207389904444594323456
629 24728056688099328154034264830359694512831357204712247577899775441037994933786867392970370547446468514732085297369657598133519805022197166539501420745992133943720274024452614951144801523367778453528774594800437580879501678815617197157492163319460124650504064303015804811801339916699049921107366637217355115470861222305872703725171028320333183763455939375517234779326667355156349682927177533421564212524861858853247749110752384835878074704510065959226746050828803336244614452638823671755544082377708206582793702014988816377134500348112812335944230679364565760737280
630 197353442901211780886482989788965942873835022262370128288381064948474664328698998812468290654858482050909404563769267307008472348653345005334306577001346745188929425071345631705327082634116174705305839147073968502638308636642735344933127932016262709115451484627878518402757360478036226989409268971315653207281730517069726911635174492689897218988343592349366121381673783272581152707552140695307341048531754644943062988141052366594912634308375574036495363719947973293076065822012707018391866105071614067775058307510101220228940107540176540357345383898166724833312768
631 1575074387401747271861059170486897762777548608737394557940233031823325530204957461203788132706604303658288052905137924180815636684339533196297255026590780045596590466971943900583244355222518313495911578359214747035319369721288138188721445745854039624572763354335968650834050819916625101614366210046823501666990166218642067713145386283971984777853087687910313450519982840825227710039988241745749238542640121064870467841962503515328019059234515674877639701574735330434122135466966707677688490816387715444239609566752566949402444344805592800696658246134972466340036608
632 12570688623503818416561997556860620752294232883657307199763505399551984136635768092265676173057139410842412877932777989822838720626279438990701510053993504034793041638301400371110576784402503755179395571588416430452770412775597102885935082819759139029026927783656053599378089138701672488200732853601547060772624048112073717634660329772713119018181921357309526969023407356206405964306488435704998669634615143435453543979207069195117924263890659911523440909403425643528025397619272268237754347591550058070798402934651815969597989359492737478977759799849368861106241536
633 100327202094693982054456890453807039558594730692317086845505891435286925526514850556281510310086363828713854438098569359533935571254287086541902099198696970590480957909476579265166878222435148453659251860449731132144385664047893465686799428760542133293276523164344996499301905732576381375023858414526091233844070601993991187188473911550942618135632016899095940359409563923467240018446097278328046254335032708745515488440685803434021727300435408962111253513911700396688126870098836491527859342863366340242770192141960464894801014603724028031272736980788327782478249984
634 800718679178472475071848368606094038117491068301458137915236294420428774706885084881363473452739749169230447092710979430980621436193521542432215492027455317330967897510964496974360258368330995544977625258478926701341626908647225451695907112820730590637191178567169845877709216099111182582997986715302873254339112375535639443491605666321403229915296538658399776370051093774044533901162858404321630988856885656549382289447744740340930504953001844397922622682008208213315334326025414269922662894146109907931257369461072480075225763241078204792176733632159209115678146560
635 6390617741852753549077366192276668638077865723073684792054200850586981149944084425478346588123598502030960481678518494104267384942722467995348768682826997713753299692260737119159146125056222811688104889464521575625825771926022265494795050783898366351731157311777034297493276074315425942252966608934102301815733262234983654645063712625065939479072004500662630026210108572042295587104084041563940198191380624421090188099088457234721001258428052515604207640554988345236349786400467400818847331570917299233693877714060969022080699477331943845490947537083122632753160388608
636 51004364241579523608674073572321336488810135865286201264885414335816849555214107773157369939175135214322571391509685339737832147750407621925142059487468302507880108864647015120836203979222306591397516381952691065843854745749196571779213329841302055977024142318522368072446335461045757991943488218474061767321795658969775205940791517743450799993348262335477217001639168414601717610283538671349937808206679323209833010677630517175226104383303136115105279848203020189339169049950900198988158891594302218412311514585807356534719544885120985785710769965776620257633714044928
637 407074078185542069115383029892749881803941492526083276657264437179423646999542423734273263376399352322787995218893626793135225493191636342021071005391348273077021151440919034339609514961328424977496033415773126183281252005320118321704113922940627398096060815615961882700654897149068498635856662641635996899629527676926745913662455378662015490056801516033855841815280270360808684977521994670554291706315161191834836775957729276795682126663599912102347319855987683897331766797410324351108005973101149887610976044198186186220587388062723848876850164059667719607236738154496
638 3248936059750439209930298414128342316842743072010683455703433407707876505519858968111159023687500786877173153063646312900696815378263028610613312789110886217097479158522193922973811363923329686497507526885762944396971998763464016448459793253312969766622479111467833709579521530224226951494956310613182595945005571992023495599324800608380850901832654106025695840945779211092849253770442001351822027223443261424487443359211218616682779606537697104114659173521456561763657298640146350463702141716349616344381018835512796332657101849553902568151913848576532959623901991665664
639 25930475594252331722448391098676910510012503391634562791999233770438450983022348571779203475440147125310771644169947098268472235413366895014284656063326321920496312532806242577725255017228452896928463829604680776877241304684924074940758913289352340860367204176034353550634678879723877077659275718508969075617415363316619448445315310019941063535753577372036070092055514830318515170937800010789189888637810067707176777984314890367890729254056737450680378380218197910789753087738257257222035872853494590542008131551041097490690484245265889041588044800845568222350391482777600
640 206957608336626422559791221456315092008037292694483354283643884530311886908247119538512767738356674243886596185031390278055244028892934530832759411205423206827961194402459823573469691606254589683610301940032358450451482163016550273120932076690643370491805748329974184276003030808796193926068094328349709434771496368470768972904172818096654613344733239400562884422218077739479649208047316336111221798690521602887904659287313218748727882858940335778242769947116492075490716831510965734203373810211953700763402399941746759347573427382528376913174582566748691374634062021918720
641 1651786465288893569135556769064755086915941949180931108447928413817590660565666557814401434866509743263219697476787196041389435962271845647020900386469493176492744883873610697974837663428390765711934952769431428755865495703576710136172680974023918070883117329884786157185696576626835145282003698258716245660360336070353282473288218623061599066882457492626021398914302161802149587126942387481349470705305317504484430946823548248234776675048890417849438394772929755785039792995335570508868112968867948725593707766149729205650835654429040836642435513902474734902695571457310720
642 13183417208941262691979116642815895740431910510285188473032998742058153496477376078256998367999993651839155342478282854386416619736263141893045317103223805352568262904935173234303844528671455270261611679113032151004758255428546826694312799549686224603123198128239321291930699779806702935241412694513492278448109598168987880674655501907426220589884286903762824996942187347467623807536530830925910728806829356531118729239133740224228965238240676792929162515290486088228261525402024086117508116592646992632308658245718399454446856531611223126099438587595452557073850635743395840
643 105221301891580964440492731898804318724566974710394381405296033505820285760376196008732372666525610297416088985378767665180544467319599446648691395604579423125008281847787416856061166595866109559848508767042116639123513789827841857846365921133732044577337873707813680980075196376311041156545769748434280517878224662213446039848105809936098544428127776656470945387725202903894005257041176087576631197879701800494092252651997441416396655680639429706551262874760147130307057773504179797752801950782992793451023381208439853810608503452921923924016047949517671108713843643289436160
644 839809769755785958422566214223376084230239518651284348483263373012292342870083303547957135878791361690556983516842959315260867332333448999649493436968227072767923243319297084844960242706136340275809526494715030318470280869122837188401119308427612902371920296363606087325444890332668868858144808240609009102319991869219119013694509104148364158944994987599783632442403016965862091647813113494012242790530539215123655556880849144224035419562867497968437098099793720884748877260576838758461804389789725090587360527036305665507030602093196722002239885808262157606815460134328729600
645 6702853790236877696061040109801457490879493088398157869754790456228342606349129994829276489153516170516259459139081479930175108568763713876272235989941756543580261793190296732995124541784790511224600685883399962913930241727510644722308468526798994141721931295627665329537039217724929204467797632283186323812005144407348875476743151733574850682556332087075482387307737567969392322175103733747558179667676303689079967142360637820876487348697119193087618885298818721108042201763487699114048634106414736071850747276252560567488672154381049185841133228125478430015327114374456279040
646 53498319105977308670109478028074790747638802420713470551789008656831787118167359525293729997020943305235036797710687477585112786037996453167274998086903555323064752021190665565515266466629071015284893400022926019789820938617716538991056445393460702468604145139715545571351353260974821947733691318966112516369502360006642108294253390616581935169133820806441466236778165480573044602375905342418591291589069693221201719173392335300989425340375149473002729059753420009339110823982264050513985692651198729390808750706436845643918875585121810529716537034388493475478369352499530301440
647 426994311998866803666839790629023523061525155642294222456628192741699147879777812347166648693378904525863570360707867286320745636940052062064618377311854651759360710104217305997404692478628319509940014710538469808647040690914819485857520068024468419703047612830743550742594108562092705623024392536539420455227372777549149686602047154782116094611139181830701285389060968379720560010307844185857195409220951925493486364468930478352873867786239987447582832866409058621680321939790435172881332483540634062711184526503925611909114487668576552666856564521765348233957185991201815265280
648 3408047193916881340377924995576095156287358186700533516274199093919858013633041428178311584941598293530503681953057237044522988324465971087960194826322395461264527149165141831201507823301644550162669376671149638657905084033042355526010947209602701646148398539445379080927001125745591780065250244134231300300055512354142287313434857846501704384766684951278375074123801432808510395637827423038971318914337597775698011538631648817964604389182767307220522240100413041961929976963882917768738042600111357056083713535614665532089413781206601744433614431645941946089547169670518192209920
649 27201362811231811006406242645738324976222673970891777525886519732673134839166648070822271201845114268856716598639193355763681170293888644430868735285593233419645994811518389346107566293840552804071844947852935482662478174562649309129024201149063165681122811146882994821574523623054184007300456494014357681901829821254941522779033225955129165967783402230542346508414932853540961247155540911158507599347101319688930199953947520611797612844324706704780131284622711182377191495643934536274365270675773235054720548712610119347031068392373184955571837836557749276955091431268542735974400
650 217108723484108670001900902840139123040989588555363910468152714420166497762456261832962989223342235118197916482677130968772273709976452749703610767171781069201728340126396006042470852203761212226961125522247737360081441184047730178094427008555907236236407914200044580206659428548315548661345797370686904082625681711800979415657883655777246327755169678110851836439471802529493087615758378841677442192942710225455645965170891902975393869902087043668306647853265577867958260737539588267986780037332171605329061856493878921803687973568664743922317991840094774228989252839109538021900288
651 1732867783753346619554342689949866180216562061649264022722767287445752876150111730390285241174326042510224844921644197409739991086079337154316377183140667335748357074188561670348200534640158615562657462693700834597516387699404003080458744602851757295674923997209572409760065116339550830790096410350367363461325717625987540773822370929982445344110386555244218344300300285627106118665868719602697372710492046592116031390211911409923420196637856035177452138626064427959924919803772197604392179837139729126405231038928102730709620139266946251029745446391908520574236801462385805778485248
652 13831048997933153080001226009967950309581271424574800574001964668508739213934327369556816556857657554023328363454350311840930849098093359740893292731693301863856518733247354190938704880778198520533848828003096845468520370533279803728078691584724762218853227732329163834956102554342059085017886072796490428608495451726440432802103709079185039218942410480814282613096261788962362333645982847871836085253681917891674581832304888001904108440649390808379541302776133869790566384446059074130762122503796242904620893138929212592964514117707344003617784207091245308387006617807140695201284096
653 110394222629751292271005191368993808596535354770113109635066217231650151275690220903721482227170154933490945528827065582411840100305149450183056419169349907066493377699364793327982434668630889263434027705286586154030517873230404804028707719049901164907600341410259727270736916559312116311046282100176582103993075489124360697954922713201703559585188121632471731974667253359987492316941596635693736104658790438057286248866727528738015640417556852822778207151713950580931748844920152977594995685282980119477617297151759657020721359236586029015093248525818637897876077323140608427854659584
654 881128198971409397025454279734170765862254666513746838371629440289317721191288919139795316859064539377404794587885752813745879699683302951002376923645269900438983840352728166929768056529439207882455083519259907834922482107435341096375923996086367096051488963549779474546248783546803130189085003918840609453889685096680677130465896885187909145312969411194957860715234040579716681795772376817005049642689428267062743454257366513780491808837380384915752662587074651425785518303491129270712350882533878017848872004789274326679152133356237112322303910251946926340845754781030544332417925120
655 7032882785072562332288664083130144677752469307685295375583020937148935948684058731699007506166701392160415673443460634672157952778540927981435765735599192426709935141013836422456225037459401799709122407081970684215228605278888493514279894124487827752911731757920987928134028458599521778058834199217860620190740875855643633645917112848492196964421685620957617856212585594123295896837096161830996029819817299206418355387568720815334978895575304812732144916038513400998483495710918509659975832692957426377578477619905841495997873821658637592703824187476608444137315429000347611862413606912
656 56134411985731610322962568809861947458402331242439339308769356138585104614801419998743907473001293428890147052057865675523504635287256553217679374072556968820507957924311657786556088866063152169629519700428656253888623440915030719574343789078991259320496688238527885353216117392114475655359841260830363120912681746920960466112838419016318816014804795596545864474282161845776794688779017535590084164842322223543912360989801558215082240087244353657721815213990329523823261560278002006981148567043178482489330653685711869013787907515555832980788450374432197886437474979033262341023776899072
657 448050009822186551801545983012048786106334589094903950281866824339026314459693525834723060560759182254337794735146800003721854349233445000111888337346253796795652559140167935209589238985746073025170778248170279140627003537531843369022616179498067220512457584661857276700556042015598645870178093716582076417147797687752689017192883819363129179880725035172430005027603739298711585004501016676764690046321366423537711447535037094794355048732891005450674579881530118756361010079296563964397478060235050170736757911610156835781284302909550666896886809381312702764806877914840833662600739815424
658 3576228953778303601917506843129605204605576385906437001337940062961346813894088750279582848123263260182039662536460476625451639881723485016090634571037271946460132584504805464621219883211456497763217214831900161165004593585284561358824893882559041097464175128638410968436657040525720498647682899999223503560577862395253985894068428296801146584701470949431006666268958721575734414048084102714845215992826468778753891371510660823495368869217543405208119898993611221441349581970312392007622423666192224159132906613642163680126603584925471280459649730806465524195692587855234131300880069165056
659 28544710617411042406807414256239337444954979954275961497780826602696030714845078644113210593518004170800498672142309722382208840330600199066216597638324810983885125029583121007447066139138484337229927996989066536764680064125336559556022673478392346240761094349981853860359356651237162098462537259477868935855295229437080372993626605221811883210212044300466001615439640175247895323054510440485714470595246169614940013071541845116214932097244731883755251394091646471595597573844982066707274580400866614684429573274291018144864848037493139507158964467438556384323737499421140410686842433699840
660 227838690200789956665244633790710347969731567271402674500468779610610136069399809541194535464625524199662162128554072147741630561911517952546710661149538036762283088872490729495804764274214447709889788921421821993448991784564049993547162793763895272721711280357127888085413773998056621113182797398377899324372265558597786977167310539861371213259692499052810449257781855216978655396744183334058702774387510335653793922516488545563970094376189769035791915672840596382372133362144493223354428014472371706299356048498431944829012150699263422611687007294645931867602195677197829823482251425349632
661 1818573267018710758495961706323430856109385399279758715074846113805717213165133729408989968398433079693521281982225846673955889326240799875395530178857734768468692249457278500483912157807496862507380523977944830313822814909772961824439986232826492373494324833833898241359520531942128189097053614332589707769119626455615618897934539195625710319452553139187031664574972871595732807675071575295754486895111202013478694001810882853850992765399057823650284640075502248885620840572881007937092227238057841335000608943839223813794051599227403657638820953837446197478773350064895234718142751165120512
662 14515621061823062912224564435367082543326272582770762916095901609289138601759164087911031711506526273565810353465379718769158488217305719851344382877770801384574878921649938967608749005822980999228094695920635171266223193328157598610786838752651337917740200033199876597195931254958014125662887157301214525456235809956907749632456352129435427987896209648737576005459451138235426217152686108554028260957352857158944741851312243202037229263396709275178404891478782300772840667050004903232017112878999446547044135436928185244845571979331723454627688701022757866280722631031580695242698334073257984
663 115862242321519832475855799384558975594694773013609166443408011035230952459290341407579456737997793423394069970646741284655183589209625745781771454282297256300407630849730734564985670797609676392028773952959278018613654810094434407010986350948764525280062049133776390576713225039574375193073904730675757569704977234226177693898882376272959705749542596472276398523214804560394985733291123509001383947189006515965513686089207226282324309595618982630835774789903040626983216908037143209508046095559072505470524230365345333809536601681181720244177569541195225683797261181627639576507329689163923456
664 924804042626589024280174302316509895560063700259229792394672377239042241015419893765317952878596845096368329584981519290169387082546711525065344439301469063843615125758392911437385625342366392888181478841391827558211401345633286682467210331368150578289651898206347695868343513117084621270017613061116739637705390574395695448289271979287178374205686387504615831585901301460984072871149028008595383915815865262977744783543370932675178977193946698709984346967599571269594954235838643087940729377203440179207497621892063658419493959202203489900814937602913698982116693166606159270314529145434931200
665 7381744147762307580269421348415089512229801685678183064708151847195242429037366610686176983277582035746651268326438953973261814487455556052702027494454432768243472312068495599864124660627489945038296676225726046133813711793415767985768349532183674089566123722826005367923559951316519052182336075381064141348782275441943385623337527317377959113208696759209775690312727982187824750075276752886653079436316711001332134302328139715247894753301457258274581825118824848569939875314032357159081791780745654843959996055643720148707780354053076878787256674881602878491842717786985704371172211584915210240
666 58920948783039680325393759591853777548068507148746578336319121951486349478622583937549124389044483636680477691326350569552342050773744348312558525766546193087060508725159343256573103146990595417152530226450389881752783321161859193111628447617249867057257528093908475279101568620418341263365313178266872335450640504878935492452946389217989835804530678636575326681234927857823538095195452279797969625050239693217840279205970556646032745508334154331813328802299809151648348914668762778765283491150816668394131139687390414880676517060279514545995580305811713066160113945579003009665392607785899786240
667 470307543209750012072558284958065234881434380899440454366661177315912030920819545552491061839989251696681953865999236030429788723117563583832176298622326734625952246555844592950517542960386701650554828973945840675340057574011601715331798883229742567035740748983461352902453900052634556051209786148564959990913358392766795445006726501044344656406778610286547285233725271236960295080690536638147511669816306037019162888294733498625904553352880116435643422104114218775675876494297590755841633143758542642474294134476261722375894717884449978175233087778323178956876231853467184442966342194680855265280
668 3754011707177226144267785591910784180221269639155413926172211672827010402499715294739344822950333368333395476068125638494388672861770732079331083868644081061415534997957729595227783741114942953893350820492633566588193393689565659200822083301468543963225403702963796307898030232156657863570434999616988572861601836751845139689784230095162343874193029266538727731835663392568072295464434043944015766801587640403272719341897483554900184249217899372507261566854995530706442774652087954955310760363054714625258886714112915424712979993652525873698118000050926931434227647069890759655533737398260958494720
669 29964757124553643662765284096866349061855874249760703087832003487139365544616561545453066299782930025262080481620016307264627074860770865924705512494109705333271983391770218293746435242980262143184593993169900217609794801647654140706113490029659229840992011620069764251383380328425340794418718831023496231810095378557328917703210446499502117022706691006452624944697223492247393210433599095158511501824331838196526638693172738689337793558779645215528814300456914998463982685563751389329386338323934493421348961215789190385601364971755587691402018116998430215035539066297782745232511446497329623859200
670 239181374779272964639505581119464529526574948489134686736903812909285562585984136037437311300356880261345681217468428673509291934858809837261679225102236871824385921162965861843217814446952898420524192052944218453398779998823364693278052156236742628641231758424079252561788534323013018759031803445244265444358791170932231420711596220715428838563336393287326325677971270502297102819998340240160775390681383090559738005568787770911311223809482899421862834147527733450425939406559615567363519607994629359428916782958269537585367313237237138766594019238369559388074720785911256897766374949056296758804480
671 1909173536986268254261090748846277228232988709549635442865658452968902344576052209562614365610598287153155690910224894150992202091063763768067889611993413838288242911697235701985506131412637442534020227474767859964834375072575173319220934946056622233982767955468507416871742756831680668365684559244006387064062124458290657957274678626157730043733576337476780626425058308212076427278556051156931613997748864132694421397654884204174341154580611638306255349767747452102058616187083906078687050701071885021015317868143802747104660699997976326727090263846061639467255148329866903046850527909307787541217280
672 15239295911301105529548349370255105732502606306583697195731238008519631214740988172758725382641739899240367747086973708669527041691169685791541904581447428316336510384440434978348593584668731014512625744307522025076445815311448258458781391444416252474826737073114693131101232362567165334990374963965550982457781600586712930480388952605223309456230511122359302500214304710192824339169902765484793418874888254773471542227709522129748758858884525041480288238324698412314646454207616178878091279703198796507032983697504996927781845230340989607982309784628384872176125916133044743963253320990367518409359360
673 121642641360341068209114016072823815742947995659684429918972081102180473827026134419108280468872848051588789802899290881088706193112873034282560343850721522905437940245488880688987585047311178320894242939702835540431897354908023840179158447012487530898616985968457847697289480314577729835911284259172273221044877798442528770491306765817622018423284258171343496331576886928909141679079818211269406012178157064848572250887452530283819216329758794238977872832511559986559109586929144298563308104852279249384518853525998281569159097440403857613790443035696409410594574177513694449584839287310927650661335040
674 970975386526164609740405647584261318541632368915581948017907709688028114524333239131754523623940537859863040266466149762992936674995930154955748738749082779274860709971409759802304462247083292828503007441544889031934136156387490000243134191286621537439999086810538902984298819128231730737689479694876602268874543851069443301547819584716330058037491556323186958848492064803458727349331486612209798732223271526536081171772247200188349234204899574192434652579988416509922862874894356567167058759800092524760699453961232573949667573040612394602659619483748787283381022366503970532294414489217790445931724800
675 7750541307559962840416749080272592569336763264766156349511832207109771083047566655469471664127098693316951201415880910997045841192411958036891221043526011873678443711594008571577505840870051528533295117177842758672683149052764142401940751144670099027743281599607679421154669685130240837355068024586659456332883025584536534087021706551780127929934821489584194569297296659497830552530663777580127993435879980718483563486679804317947889887253331712220500604594040871341428718770267841753920166811559849664312072085841660901393790938581954936472785229301390319826454738534405027004447859656156229515081678848
676 61866746886972721134450855084542765538670376592719200683381429866219415331545369338629096301227551108192705152130315674171685442417536872140628740755719467559717281461185311024012162007891713088706598302206567345854731172024726793492414634876686175079441934188584375971228694705566241950248442397440258027177865097713253162623622971232848476789834758517450168485100906471376174055407487786719483213875752035439256373630361278253915405076359434791629913110043557014435428056929534429148155651057954066255366776590534914532427360805603888812436611090695713262993416818242085097213018714060087299502042513408
677 493837371015067333841318199227280804979283183319135244450507011812481123266870274602587350682176789052693321480224853623668815555132007765211163537731031023179781667675399439843074923915283334610591517319238242152140276593237257890742996583269737208462783179254224472302097291268655792465498645074988411194784612980860295555122686169191009111628164010381537238542814325806967274143902605612159656259652236336061656489067167426416778211274219181113689882491396428517000078611000301410807434473142073521483016337806869539340084871186829269043437882325139785041678618147385860953233608760385098621135949398016
678 3941958483677794116149283324805374213197463994281946818534135616414672329085991041517998144383393484296720141373122282907515678148044876143543977973746814008036841276488586679101359127182173166537642023203122959479916190151327492189824627593887636832154251572454074991296387227648916148706900689005659707059254167333946783988678432961153010784854902100567668930669190459096322843166373011169628406603595727213518709319810486890512689792649077003226090920418049367454283813337365237810161999068797790410421953422139790482165987201863008855550274069533416691217647022734000412210767390282012026161633861566464
679 31466001445557649645845531105221101966907591824754273573571450723074409460450767960276214937493361833414172557057912773724204676822390616639187570865548942450014255844724800884726607465872427927296052674169258380531878866892776152678717940440163463373013318884684957957034490094045840244464509181753572330281528110382903636551748316125845829829033239153279478062190003370106141104509192519203808488647258971277277473510122001394077730009069215548579400277858361666571750026934491294449304911565366751140628847640644572037319073098818126652551524973300616298084899651278766176999056340689992903970626700574720
680 251172729186010179820072857116382560994668247683479701407861521360070433163715836012322492177520541223194306823103456670257327920282259216349279609791470087674525559889950322356317684301111086454945549875574609543422115425726454348147177912807657763512818080744220517339387076809530618892578464468468221483482550857585883734121896852839839947517635914888236774884657850430788432228346907344468047759378414258960385479724915034657432233072393679408366153982669392832575675215000615803339451558789427537046078507343262848556717542324095281573602466992758448920595346039913445306986585025390119827577296662822912
681 2004955882312997558739964833017115420803254911024075854409890205746465307897150197596160157822322558134044422746535081438353648420931514097025967634106360347428371429606123278016068916095212725358419984028815825958946577759543327219571305629988880473503199833958271266162860718849645292657939108444336640211763798035002737119951000428836079228642979197257643330797356938240478586774293374925885914273099941133199200393222669792067256415538226198625372119015845549835361777487141479452207428301878602189988961477118908729448335624190575551591928062514882420458672982486005122891011859321616286905594984815132672
682 16004369242392901333988810192001724854623049465711244796785105982527503132246459935063776978276721417128647855472341617815831762468550092000306990909200917494721486895565594025688385893287885743183634007408905214839450394901691896456519337022961092811952228586611185884150460048999221368372170830455965790781293425956825367860723235094697383168229294354648988699209400545133673645746705473748567327423396011039789511643261311360724551211422439040053556914842028113348547678357768642430817066972767023932991064928790819828616919557321837687487472686702375215508820698905882535217989094057007428026479614858625024
683 127753764435616541834417266715656521094297021503744812052814638091859366144960028647097675088674502439510085077650375549534282238621574087241103535046798539064746041807648050699931302913917354424358964287545170177605686021967824625887179246631308752577984700225774795666747156935788806589114312397724634687173662896510412746085890304152694191849467222286304958108476796152370115251260670926613746806899494951960369571711655445883851029582247639306547572913204593373318128759013989221863564640022731792800391341129967129876455996232091740954878039660177671559230000659494687528562923192970431182430991010555232256
684 1019788821372026781309822041326731878910616575161471745333871233891158098174680930428586704655208747543457696672472296053299972255663442275345651025373567285516832438990874790674890225014603443211988223698825481242291002456058950961029237845916587410929526993030307579445086954487436964878017756859029978643228361717758557885422457691043436092833466423513486946304507758760147411216203601256302715739285442160385406230329881190827231902805660980429458696061545438330872782199146756069261787915970929223231194038844474457785745233080732318148587860445277904551748250878422505710458421978974494526422822978993520640
685 8140445657317142248470229083174554618807666325522521902898697674331171504845482230048922775262308659222812679423472284407947807728420003447576671250719220317089109162630807818117225912963287047420659280562303257566200294058000501977967697140834890456879786274291564736358737908229642808690512546722884559446967418792268313164218976138139428548340721757331016966997150985256184006613432542583158028704252259464215184332034730440063217583272049986844204598634351031814908573817422572535362709962816118237413385407885527496602123991949553745454713023233254864363444431829509870401148396176689833679532840947644628992
686 64981166792228383312861478803883179435263528860876574256958117295389934636346735702256415622939361833679478473065501792154405532246104867170451678963467128945160294132020850746370159037007230133637799155042525712000747536824505464768733395835585801956084124836764735417347592981728169125931846509992005608646637879455482919660733401359258761998125061724700654389615741684056652507602269100853313943417617161553997593880790355524469649396498171615100385396678872084866529665049862984261874926758572978816436878270526455643430365859935504825233248564468372649058632228423317857604502357818591150479769441733676367872
687 518714292123115653693933551325320751125160396321757108042442962515165067752147741762990077549053071755310422047003219546105909663519125315229631742992217955073157282416306179757050876505018413468514833429771777299289810031944087290817662216539086663649440088216619809357691702928380319485604434149630507653301546042116256668732841299933297017172806169575339721503133518770548300366362217975370558465359843542885186033249278471173495716579906802237569888668685494197100507544590172642928853127138303079809810539207521226708256370270576868211905582427284651539210391762261244732318909651058448135707504539253975547904
688 4140666994680452282103318406800380181946774559010305286873687136821637430370342147910380095784010857674658194596136165330252406790766041033780723157722763094857238074172025493060644496752269079606225966855096803673982030080576929362166571065745151099945821169310575571209945977445733596824040047020015622139436178580381513989361576190746609328943388783877566497812804193441644281412879798140603353331041076653380002463088717098379125691071000229489438704314565020538482539876292482783379740369540058887086452734487945606223465095241290930552013748096871084670557371451073773357406179947111914478641882165091328065536
689 33053219841425961613306605569524079826861045100953090098411145504381721142288652849792584218885427746314397779794991160110868269011920501721036251621879821511922800301808621497581342136629143596276114394344023831940350022413894211163884094138749391944415118187529993674389989660307017100917591086516815561345281541643103522411449447095945357487937065763899297152351847698010222855980898243502639250102650103909419468137863489174289102033222788479233545535167064750307190086095223012058909393370784214628411451436405951863902841834291872449979790441992439717979775824355451020995259781870994963182192092754720325632000
690 263850920125469850095786642720200915487464690458042927916012448461064521814095507096605150547276718879274931842189581608537191921329939309390532860772918923025609831974437517693736278968917859316360634904415772849749924526747433789986483464516277754825852856488282906026869656592711666944716074934108145089695377871551035074554005151600676853686315011923996128572686923363246822450351865978568894187775937351207365841309205939669542571013030607164664302619855351658973917382916649783218076722733738339381580107988005772270111380903303816600708240223904866618308123537028730758901291128326725010445672531728984860262400
691 2106225290031970612342053721048666063428155184611526469442438011159525184264183526982451534614729929577540555776436660134140594266361715239650042344462258725628457066817651733138421584359697412429877369222514331460521828783703103886491234139322414031287126420245106381540105681281327865220049014958814078603125476612844442071258889169651712771249947331074909761515110085776656255623937616118358929579988524499652431231058726430126189322297940418408521408467615223952098593754223213030724907673805066107132844972014239999771250907471235676366869251917596590834424905108900837722285849296454725264281229645466107799142400
692 16813278182278331882337434617157270714417816820511665053757265279834128783056863877241419475739549322234586748712479928585249483710089761537322014321979071098802885602746688112509596578038971829859310097666429432063471939597075066284649678302914761717962552522303421461889514137858461166872183177214579436710498746834324708094846970770456736052579059330719366362152410569118857161945999120574876773121180071294913338324231798843955303202852345189723514827131656787733226346673885879742376286112860094184684733562726389824763569382761713694003736629469369317585784936158335588985414785424300436936256521042709218905292800
693 134215086442083307320477183697134230291716252021746798091464922839888023705440939349061374516293198918617220626085770512169697177322101819371522919522638126000833424465215986491202147575341402832296830390029852262878970807865828667657549812946211344623043059961590948812659151819095248448971020687375257494779912074296514120029860667102693598618856213878123426717788073980325422539516979992814167833919723166527360155280880679949149693099825647315368663814851840331515451875613184252142605504727766292972115362292932739553523904510011255635250607552993580180208603559636237342377077334729047643768212228583358440092467200
694 1071399969580895565641849564383463452184593712104434094274806444572016788657266288175504344121418331425272913931578052791671646055280178788642992758149013282485039152071032514641584866811803129237643285822428503654682274172300707231733178622077825431140718374909530052481457782532835268598414199723427848013084600708361222226174968437678562732490581303868593348727011426298274986842830070836009351296707876574296217954259479779421166138001490037647179247167549272963394241197257983799524545383561707871852333007352806018914297450987697919624334821100265755329042743112946332675459666331986922113077659576875800804196352000
695 8552700764366631076519397673668280910388670380943022093577879358972013156072681103306040433360617126255272124449489261709632075272941628660994710535555000994571219015381422145656853008736523397137330862939328544282269434687660897441231187043579533081969360494961255728298025579125424561415830187144716116225314193856097929368084496247828296460226971329299217120485553083601193707919455011508172490639043596020425060734146178152846949257024844214196475486741817793382606115341564451970880831349640798954009702913371752220052550011625536774209797967574495554770545523439750005299928386776781933645114899759002795484433612800
696 68274145756926727386697950394972656232930248040976193609078588675931760194166402600529253804240788438899844717588164278819993980196068518448975016861413197594594386277958594024812464535258798842665244647257053724184323245868741301987759303468574548568134722571845886244861824881639165033371196149103509686419318478540919677541777961426629332087673926301129957358358811684609529082184615005660066606308227326852703502067408284220140301827629359847809795695887269626485286748330074849353755601980753274408732628429157263411798804403148681490674766534258473135495906506079383662997704190993966125477382734283074039815392460800
697 545017714478537031821502720226151878450536442037290590015657485499116662439514869539949452176177542143527598290761185146849994986816248546126394539192113387971769247131365304381716718327374399943456845362034787548581885997150181641692816017932781618698854514189025123481221224736643205517471069402599609605792091843044013035641969264530510191873483107517198110103168476632951821826793684205871751215923926609194321786948435715065797187042940829545500291609636683216304355046927598940895690343502024704175306089784549517393469939310070679790694979909059030883643075752978035438908502322367901753452162888882387313533491609600
698 4350771783774223984683973004441430181556431310933786773018973508884065964345239044522347202758827026968102833346878687160814000095329709024378610848679736099969481726383907558760638330258066126769257224007532716648564854980115776658327178870947649254140426007251071616099376309788790746623708880675193445162569535457652207212889760375306594253752217586082847950565694486817775861345120928932832948101902749378840631800682928086456478404302673785426257342190394840804080037709857566330473906295119314687198861794096719070080823068532541300564115226437359484360543292400563916139825465530421129756784314637324730818063918694400
699 34731482909098955414215406816571073552338893726767568230966912989374947183185170054985260931894499013565112746889246172185038799044262913241820670294181584317352944253536772786672906842403446333866173547871291214447770945334829805083641857081384667865670353534278940798046523331361162183348062309252617201726949939704863113373283065656953928377592809914652777631125286461292116318034012565729911087852099201049972425533348696312485192412029928072501453461262379415860896438370536795599491269137003971322703360244720590001503566126482947721241434854821839660560560188262012377768563802088340349131411267061905576487548878848000
700 277256466422921375506622418987141655729242483064538816106633013978038864085198186096082340124894943554002642899453010871671424012941915941707562722291266704521954646412519266188468862050500654448063111122149679009048777203615755644010558139101110748619094193642215315970691389108065963257927103120148035604643137518672535825042722529844369359677126602575828173432468715351000494264534374596141061655596471907810351305543360735705953221712033197241625888487905965965472413282306513734014224588482254559644666252924998081326288467878266731237567339955349200033160586188583035952815335037242351244209037371917040516303461621432320
701 2213305543655731836426617769831732818061114030284107296622993361228395839401952994855459023308005854676460470278657701623214391977778832538937975740288057743944162912017771488717078105612841173026192824307488735712748869089063863885710532591169494649461413848247984177135505012052406748061854592097501294213385160562755364446418081707573596200789159012859250297472318018693578838665241598059922084200738740080038125400600066586320277073752550316353977848756521805339206312022521042589933809981664331691542870686688001801857218639439059383745259392853258378581407475479758443925755513364348356009406238421180825576653596624158720
702 17668610066448320813867188008742208992043423113550053120050220507583946273516445275170929297176730498015504950771506780479335402626029312746735635396829452417468787690808534790271375646516185090653539298317901531245362766916116657002167841368823145321341543027894164285850954540657674381963864863410822297395741367227465900794482806110031955996043371948808032289223461790254723378746458569127925014046922933630389821574021044372847340058845145260466797527680268087066826456658415844264941696776705006836761036080056356264398651360992149268530532247221737825598586171778584501082526918652148414639191681071648641782858626042429440
703 141047282635715471418808903421139796391675235438467849373715273810186495714045932979031657490406559821995752181692313018563343214135528453961138528943110792271457804439285202337130810993241579983993830074196391740183464933048715048500947262819111652266527367670756827840960962848038219959574978113032055096706828666970894218006596739529871034210235282185932684505152300948662172975142426016992766968465620915410736385026182220512687442973312880799060693777157417503014267531674295473705338267867522757280089522732967669069424226796426659594585130827038965401506778941708984665825236226850436561813860190859306084900999444310261760
704 1125974046040796803087650621060803488240361964721859820284488407405181968626332589974656129397847821306272908041350566994781234181025099305769316097528810586030671677484066530020845394576729658394950745762760968153169137675758208199680857410573021996786766770326212176798580413644850562745470705959147939834506217483489240774427661471815163653780571428813837623464426038823127005852699480419743395401671576057682298982737420567160942371463094304106137924755148702225767306147740824662250001513374258374877987383180793040014437719596474185968136981886305377210892184165347292360707141470027632780389054364530255961851728518499532800
705 8988626852649084266350776872808797208250719343907272437675320222519665417629786973584914462767500054342842448874781547583870618398311005521801008506229994295291659859404718341783429617982743996378415315110381175554660860764776164181282078732914847940306274302689251249677178110628679386002140614380261851615036868080960917841814012430320200061669582980658550560081971271626324523317720107521015360738450539081753161240916599931889054846233042189374956369534719001598040282268773561984600012081234505154345124812115607417306745370055257756920106289441314415521845691464644767951857861267114208919190919097271319933761032768957972480
706 71756233628229800177270507726841899526488745357310747108694199396771719962834956633320931886908824796425297509714261759465573378601814202720779722296192985620770247829468828008911344655737599381853751722325932443946272820496145129356523789998170089223181532535349320174476736305245378214600657935760843903261115847739795655745699396681706299642450098695455511270002818819951791803709165050975131123402134898392012488319838466311794211208738563426794977476908889933437046785930322656296325308909118514234970429803234509070737700999477950025498185619392702614562496199850903558323896467565801248539036855569718355731837366410548346880
707 572831941439503525036088749095184838652761639033467972675346621492757549462857843335874596279651212377686533443885846351377222275570918472639435293691249237402584552686735594458692544889650651925293599322217203272465012445375167058116294583804345096995242672743297826117039179217545848151635238174588688811889303882098170694524366895150707715957550717167115849516118683762104544469780095541306421584839673785748965324012967897968552373496634302660298236039142538591681318330679973227915785068575763641219481054893147905509538308968958345040893577985646978156422529776461810018642251291289083800218280074731952474894611168346725416960
708 4572946515559426445627081369895458627211029355673956188645563707170996708423831257816897200808741034404921309357122603923706299860913603400223288530992854081637581768058516355763460824458058594183276021707869537988661370538503452277504656762234687130250157607832089425442804295109560923380003342037818176786438341160478616900355539112135310749423837081113755341052405085626292210936719067795852958753550616154029875722205218304121833354523978924627126596176883655536981371758479108310988724869477706356175857234824960398220212602108125093462048732732876723926695110588364618962381362003341668981403557884724569757209523055784875786240
709 36506173875975110976374161570674606248257300639089692563799563586160566106740317234476217428176973560975817504881966062352859883233809584266944729316529695489518635835276731415544694310906363389389763445509931713703559037021057178971334777537726839431898296276910615159388254316389442632342480840527575290001750368079420270318776236071489222625865892636253674513902133687792403263613300315549404438004367401173214522690665071369999403084070127945542364646489649492721177100356828988773196308549003974578216293299166820668443446160693918235536242351576984848272347427263954503987416796810879896240823889460565676764183216496110573977600
710 291432385252150604245195419412089673542425887355437151340304121699095899567611433922550986454798712878325258616438005128754943405872158765669074261642380723992382574527251427694799052611573616466283350998803229511650383974415988859731726083216670036478872596193703333413257218965204733577629832963535629216521015614470639566432146064863663258934377295017303981894080695411841326335436881955681724443110921732182788612127731865528389600958464063655400172980708920175695256063130291138544333347684161306914549225943207802181320356111004406421154114998223028338038965095397315674085462541301503171680267331637304585773789395915429201838080
711 2326540391970755034733796343998623047857678391883911773569010119218098911316121658149647537436620948378866621528694960774701911071350735800193622375642971855669146966268184393242868386249355621747713502488336330109884077972974898407647366031417467126658341569613867961256888853511254666366563898594976415517543297648010337804597554239333548041788362203260502674023631543119003330914120593502741867706185079819788337781205353120589506856596683579898806444217304966128335124352078104785341260311470182247604755845926367771000245205746921252948622723952058943525610641183509372385526139781191746838899011778302870364067550789333299788513280
712 18573111780845184855936655083269906466324499971163138372143614491061340185282072338374433430884485211496457692091435613825007952990951660517276052785329567454527291230713988892124247061013114261255622960875988343180591431458411969872285995115978768466188221182142170634528309330558948769139816291592480260957466437965296011350186093112881863861692487027152664605548204622315189512522277322288742662980275272044490044871307903282908366534965659365371932344004440207125641638788219027527920960126961398729473921668884093272985103580709972474381982532224021116572431017538015832358610363084682428416154470432406622400786458829452915727400960
713 148272303305148376157070744367422591313210454187742754017168939247014233288394888849968127753989466793601454675153508434631059282502800633470315978196487935415384770947018267565177018613305254382983177970976333309093865957729706777718165335484082959480425462789275224756991776591222351183651941559248804551710938239689291580091527688637480461571884482690817625434474587251357726094357366786069457556358663181595003275466317791705910830739164843068298792289022824206113817963509877566183627075796163087753387885188342579116172804461993216443453358447993167174656770479419896378380378943447422696416200905611863246430962866279447400168816640
714 1183686454957066868480816866798751779391175894776097616103449514997172450621639868970333792994033558436314133961309521116802574104013954636947900666274483518021979263862750875520320736828907492973395118255693417173438425712968247385145017384116628668121043610502617340496993174467741459029154155304927431295171355694998546227621439531139549903304960155935098690443284520073864199912936961737529283012947311113573555560445394135467355371447114293402385316593039352905950647607851963763650804386608024650132088159066600421515665245704987862363703281727676544671629680297889929071103865514916399677272192103624118353860627924079622102188032000
715 9449625573279633126277626119842342876594170639695056213592293470774629857550098422493238168405515456719553953358258386761830899280715598696081981822510142546670570123256758038419567504642523034814180888116780454861519627929542316187982880039912890122566317382865650041338233622184431116277499186686050038927046291338533848765403044536705665521768828769339221433636738518295967626717544304332611395018046506064724272921709524091255474769538641100336804737221075001940092722441425187640445862152109936647488054841891126162253730381096602403317508156785423380399527573622875126066938271830968964136880660877603451138232817049855220922082918400
716 75438630973277071158942612990249765199179161140358856587840152903558357913067545506943225377941237919844930722619839299903108128894651343780453363264620076531800249754938029256433307062202041434354550218541224972050902504532491451578924779759974971984062947151480524631689027073193028296986292389800924612439939387278016032881346092977387687321830482186512555467412845489636523679214362072018445159110550040036262491648731340370972477350115743756320078041837520546214483242283779849934062217962933516588047097033868264166818886673670641532629715955566312908329189400598260084634942963388014803081578013374834255176171483599123523450594918400
717 602246476556538291929968642616721974895539077220940160542255279246817351038212873754174368289171054188552836061751687800063306736112948803067385008823828895492363500135655898833785564329211276388068961577308189316623941333255203722228403681096369232408335159686296405846287295630344343057112325856653406529436838288395207492625976340589354424309843347329983078794241461063709151380506288005904574743024809524640957464710374047815127559765777569401919284116426733063503071239654610684829249840473962969246836239082094761633014375620768134076391205201759518950176122913562678834658875205624821105772597696732986438812281132665806203948682444800
718 4807906411729912937803036573090599387327618371351572423716166101173756345614256535318840500046697050987165538030585897590477540684400309943150767229217530959557420031723648484840193390995876095064639676547535572650262439724538757292218955292540930975159578182899513925224120861494615284684356339568714939034445622658887645331103198306766266796857969452500644857449292555455683643054403959400898359926209203614543131180668334320440544808603672740684960078767908125236768251177855471372480863628964840863123767858521681300390582731278889894882833409772264014794442251449221831588112357491144115011543913645784788673080773610641227243779732275200
719 38383008071390403703740514505618971464896424828314361212977459555962950519924662743713691891888791477978206103331798403573492466659885645443234219604601707521362435301938445483981516083889191635147471131269616393619619477077680760580440616660897001109062557398947440793861549019442408531416141014081256954183195930545222648401296743088787721020813274905916135579636911360661507804078273611907032803861531055281609976324111598051917562171606511170419570030775789483809526789653533248509096185299385516765410886659129973107429686895049830315198141546721551383755352605449976791816084745478674854195079366240340315693301308101642064505279086592000
720 306424347769933389568195107469858122194756458212709650350270052121770888317398557570647640270245518632526012058265523921861714858834753736121819853176736965045543441827141923113785770069715379887260644531302437542396628825336818071967184256342827725520682749901597069004328033005215228109138859095748701350895847512186027476403685665658821972816159311332230482377434675695947703969224884335057811884161222924664852977654157591114475204669991980843849567412360052712412722204067373767264284545973427708843863578495387618640980333712147812016331830014660385213646898300175648054665076551404754252657383607152050186951522109678109148300478041292800
721 2446294793014891248758018084045080931141495386230730578940574785038714609091464767512687680160240229193924723172505347703517379649726549937749230339646737823581342650703230110184397909183469801152666116396916547148453530539027357589796272648417914546597850081045204894852860135891843069342861682323341920909509706352486510616060491943872648093661321769803493282336357827053918147083021406702625194459406378854883347766126672807843161273343236951091814299619340448561231108192249380588589766777563175994598167486573441238415371429746356180257983375262670148806867609730667170877464882981811047820105270517014148233138642528858802021660959231180800
722 19529699704900045924987834122487322004293046269022065175918937757566691145156790747843672837179535569354268842612632720447471158311667359890840115897124372320114763211431327361638323474423157803107988220099483348703166412779714250896933124024211716685027711727347037415418124408975877356914480245030114725931321256808493417162012016017288010542747726705190215068402723705178371467848386964312924682637144553628182294354507121972864240414889775326998916375354402140591324248781337160266802514828080535225573181984223428390895015126119109450148221849049904068868123133639287497143639315106868254342225456038877493650707943956152541347442893363609600
723 155913453245758042986209928845085508449210875608292337752979403508540721009467491281540359081881437491442378643928237983987280118637543570248864659693225279435273047380887443335237072053071185116928503466686331796285859660531826633716594732873789804572586379101309958453379549223525261554786141043310957397061668456844569853193822069781170673378616706144340140214136267256278783004731520827128909084621851125230799727543865986206600823893144928336705041934364604641069327197739803719308415097631647094497936938330480814207809166401050483743092028371668113811212734062746842923254614283259811291927144304642324887070382091998495807271701771085414400
724 1244723425083537967486593078348887070216075774883880817972680873314040562755141021557048723057009266160962636135228198269953700394647792591213311785948676954607566593731394229941533531031424654662771754195368781467586006682146350749836902701671968329322581866306038066105709660928143662688762286229747698556652546520112726176050126468694981342718790830820837030991308873952059897468712970139233555951815330806400583460225891436842752433843063101914578925940093114399697114921182410908290938210374199179831595999378700422819249974859215187893745751364974720758024313373862917260237114029339377441075820553636240120534265872584676472417729608941568000
725 9937185081908300352844690672390839120566409082797106447483968130678161072036905148651307598695130527640898948897518360808954507426512308300610549816649575466577373026920427314347029072565359863707755742459026906392259043691397349158697921154865314055336694954730135622923927610278752440886284293376247833442627502425396495319969837242491795878146705281091041014314063120599341636619187132642598374964285703044753899403844771912339104947701585150181493549436219236062685380915591440465086828085028779107400382957798507651417681178600189665557241943310998184479234104562646296692761953105953540177857723261305596989865283959338079203246646864212131840
726 79333229662177009428495629665533475954273976644479378746029034828389285913947523748736885457351207352901722187066138318524380613008354461309006538205648676865402829289298618063299422182629236597865223530705950343594398646329668093283489188723966060970704523357597611667310033649002271552860748986788887662029571630933330698174304651043364254696609233896974757188656074169412925793174667521758264712524793298687869973753008674936525416359336621942771262551697419686252513041028606045365899801075519013369824544935812879266689917508494076172961121630069621869478844173615837376902545840498769585221574881573728980927354250452236235622613726205197680640
727 633356347949484680499296608774080184922429381629378699094845279427746101024142266626779756801191757188777985658503255571823253202063946758510968291259401541302335655013877825638775579570811677048156475064948192289163534722554874296310001721257082555535033086062581207863916692295473430664104246381461766149132921246130744666029799442442484366243631352872134100031581643025134279647298170971506146343182806472605773490594858802381834273108101449457832748074349138733163116492613520615273290846550635974688392928208332807790740414331911441688949587263994615310117209881246657683001892789896641915579120512591365894501188541437110194709284823789501153280
728 5056410843794512311898230618399662135671922480810369504312143906640192773560872051696214212264459468106013259130797968933292235728565465055584818281318189228089525861182222421171103940199941575554787682798734743934915472263034243695266112642783192050507709198071046675968521724754521399752436648309142561619176563574878967031545596647631482330505474481995663996405978721513846749052331002316474893607937460465363675174913900219015413180363029703638631774461699442743329715734985964032923580219989417973748543542234656976483218802331139147110130496124088879371430252513469195678031594635823190677672868707666234311594653575319346774245004664649149317120
729 40368053650046723806924145677758619519356088941449040487101066579761209797152641071154961200794450074591216965900197776669082046557271614024010483398178136224253827862936261304822805119291714636116411953208005774624428050165787789172083368423865813078127390305587780046826881259357084426007107398023607282062561865577223028976125339491378912432842059650500362769660900081221657173504206355942227545676537750217306707157748833024238278065449702160736401820805337114905595261423344733431570969657528686704000717991503022775215820891038724055117914248891902987574381439819466006647659644417683086068664054703178989977340032658928118279980695676622838169600
730 322280844756811378557197152068461965149051077192828778025787693187463466709322728989987827230452130184544674626392263893736178311418875296619086434581619421801303162719441823129462066075660428629159518990816791307549543392282481144239591604348342409067570453015021345360146662985661764431190988925591209917617274729567199743661449970624323700902196607730296046878881815990903860283811663893741509775620358915433511629199123560089398198034850498894207876454319869459821656415856511104711226864608324912480707101992437831142407950894484498346886581154167137824086979494887462858551452613241447980285170014808393361079366726487990511418804786853914932674560
731 2572956238031123399808211463025368028194065781802118671078655235898819140513826876040450013292638347136802628070622779868460104822764098811311885680189235219743372445459182598883092500160812943200786529179763056184485821118140300899838928321445863610558606243222523353655014945532588313571040508029754173842974576363548806708629578698445353103235594258158697304494055100031347371568159877542921273666922591833748254265398201226650790538620229153962513224332983253307139790482816140638980465091455792324538175987999818307177965528618620427294706002210286479263162260372316324545152226334989179771469565261862905137153466779458156805253275972748902253199360
732 20541470293789460585354081680218921798860820257993963816644345899716801990659568666093428794647784836977424260170381865507214279486657641329653906987740287737951186572764293863214197501283867267848902290336796858390894998107120107183959968730231730792492479351628997921803152106137221454247487334598201355107026535886037194542665652887588310840585809897103042414567292355987969999240882956777092791406414790541563931594244655694736639218164780294749900659838735153452083245330023942478417811467851981345083470592719860911404413318643740132664292181580483859035410177070787705794903839756389025388617676762741554127766201993379055150136809815224842578821120
733 163995476342777521617315260562948336107685566370778548778994150348080116301964250796696787593831973896305438977513062315072602951645184880028833101899394493645962269882423803120776921933851556959688644206072217210509573709308140337299500323341495345972259193950522368128774960607251050409626597383449760341181881702599030917412932333831059747665904719669641206289287578263631105641961319322045766733029112352318188441595524863745700972312005858505970557518930802343794803753985402607617600317475947878351198458265479708122153651760850159967737295834391530072408213309983969514750037203621266816608718478056703376201484057387795676314598377951835987409633280
734 1309282685788387297925704941279124318243920189281692501151097712588214552492521130338750920027050908763419444697856328564476094409592347952273790159578272115484112944837879409111379785466444310332119148566189636040308040785484608142472849992889867476018309096117249424025369576510205933788027058129449040326056984710123053373351203646117180001801364655673157314516655597581578036869064483960746857023910896981722866849795334743255868798022281104693443415614352182199778678471872560327846236867042308674574963168168543718795395639398612993747875413609719844992250858305866568605497572225096217364205845070043980632889232392769049949868591954765339082044211200
735 10452885442457492060174199449559049659122889347897920539802233166622643529287229922214680814583312561392850750322477463967817308837398500386316463478102450032191530286134253568252485144377000289835204304471293584060581746026154667455824059535071758298333928946960570911810705680220256353017881329392662542358234539155104866931734507476755935034789670475496717172222768770896190367819959716845799397301100875494897663502855815337993793342577885064409695187517032115848028959555031542862315262497692880683545420232398659240668546410872191901105486975594334762468745627943979625274911229682808984344435236559208269869107504327576578375277411687840829569299906560
736 83452656059619868676064668431533934506801763326424159092225437618307952959363808455072641938167859525467922566433257579177845797185534766671189591572459234224398684730060970063928808027662029487869103930806142798831492309306636991807638823135980505110068160995027601464401775240454111861865585178683811275675252924015483964797380388496491676989706662654916725684756778937209258969171308826339561492583245576641329715683126047453874360979602788910966533861209348794460622508621420306873593046788645878935479469138008861002946166725930705993065001995369987859057539823096228638743720632630686945662909578834113850204994151397880400180883248746946623028812840960
737 666262453534332845712299198169804166401657497167815131748513534526626859176250541315668148119646791652446752212880987240003317056498896291849768733802374673237940109839455560184745056220845836508306387420438730296234058002659772129981203304385494290458128981403992411148629641132743547076278294696574688664956836098924162345817891731225721882506694712430841267203675559384720868079516935053164151726404093586102556373242216639373944016287629321508991974544580472600551292863946318976450775423750871576195876792955283769526913493915028865757387342931827691401213791477745195807826393761735362263609986379728529029316398353901123846220240211162868290232747294720
738 5319266092444836215361608232542664157775834652185320807943416999228842078951853915219399361410513409778070818480074223330758189833186310232491649565804324626989082828149149269117232887876996841066316036153421407730909308606600782371069444267532970676665712680802606079251661037336212709178091751154767026577135065440191279866611135610273649500988408191927529466617962596063381239464110814814692658498608291882542360638405339348497666861743512144079919666689252228404401378799961668576216759887181755185563829355138932208743325618085840212794750981780933276064975148220697416937280639626212404413536639226775735827550432386430110707221755181804363097630551572480
739 42467753647394497524537873575103813979536433623671708750833775771921743255501946007840942127634680808782974058230633176794957131279836576957646457967855907035501473188200244503101047413361679786591697717598357653061386902271914230026129527981657005402337895557152064773457104357623349098986118175660521592429089155747129297987829093505567702375956168244076351627937725733117658068793306911240442063791324657790257006450056159886517232049102465020394487190076573948018901400432711562381162223727161509600577257368497564318789744447505354878875549110294325208096553957377692503288167488220099033883445428197532938271376929742811438663881401316164739209770303488000
740 339053362903792826182391563623936936474461148444124939594494523325018458315547968938276062283872559754445690183819703795276495583244965536034831450910936079413165815670117627735568902862352438079978040696717698667954964619760093609451855745021121064752719306691424863083222395330863170914608089434868056173068998286694648503394722005987694575185336543224328493807913626528728545770852509772443961774161008213817349181225583503526410549927158599108771122052665403898507661451022243122362035699702797565838122211531194067561364608372785995438373978572457936931668163216469469337062829081627493367815399445663546755820668785027743215711096376994461188177463450009600
741 2706936160511252847091806329823496513067357832922325428665357085007839675296601598163078521553832744274359923248957311272409916154490170190529099680956947160335072827941182031961708001799834040055533183214280573980595911863023905254409147891423687205232236731965545870445807949767053332160352843585262375600372731260574278739653408080193253855325844790438768379713383285484423855304134207575949362828524324686833249333509516878356605686058124524058690901570267921003470074418687706223878276922323549796893834012710585834943364403688801550625398727712093326434208979201934386772015785218499663649117278165378600010033841473986678629078065001753350052979586734489600
742 21611711340793344833115715226245813131281708628344819190584333384887388458837018689377462482055128270999067635211351902934981594742856830469938526293785653608928532928198871101537949060191666918179216411538272399273652536221770370252183008232875907013201846900490422825499954574690059217948693053098509855871439433945609201150548233783106247761388550591050220864450246069015804472805513538652188713471938139413477316781280832867095056717261899838980707413614915315396976712744347670714629262112998260103502793384497992569008747611121914266718142942003289576544816701876360252341538425383277638082709913546769307896820049719537849324337543221545614169610608915251200
743 172544645590290876917957500298910045080434852736664155368164556714874816067054098069161652010162881431448814551916203887227874589521704869916117547745271194089049875276010367933140126278676942340025722413519558374820063048273945943924562052271090014000421744029218288291878506779355896744107196757712463613767669881783787054138697338898231846191866597720201763348477603878064269357580493016534028867181072736205582023077466891746443979067022328189547182203988798991836966164198479653673190824837558114312218802633704026809367282408041985774121162761727474788780420828439527613580088747474566553306373091735444864662094932619513488818264207793012898054010944933068800
744 1377574186567644904425628429805814069593794388784657369471636380223597321825673847487661576532752037234954245212879369744803192287310385654975454615063052275388382068735889227853296169482985265456656977333744861218321471111219407132946100256035315434358205859588113753298062271867438207876339716049478540142177364378757654706429922302493947804273773643088707626733813127736158279548424903922328133697655338780996179055215259861524028542551226652481062180499587991950956423407713668202713378359590181719105617859736830536623174270838399725132096380113791935813650134033509131753582966612901781353010559361436213032382854703978373822016786820282925557044119640997888000
745 10998404378126646834259916644946284679119314126833747696130594885328801168079339657525652425794374654326856175202961733210858238556942515269522153087778570381221606100457810909089135055147377663001604968028341522854464577408769172653373697077715511682634373762188054502841442138345667732145595477935970948678752970905839637844087487054005371194389806213545816058809020783590160331213464870510077502327052288683711775866336061283684458753147243126117258858538992451173542022052457581838576073131332081698309013462704252391724349748921881295417059421364878435194081875478271564658136222031597040923096385344728315592769422522501164420611876519520592232615333724369715200
746 87810316992121057030632792945442455159295757291450135761600299111284637744075800268395155292267152065912540723202198502686155052071246140677310916609663760309056147365049224898840332960399170724983323310424667707937253382100039131800929946105728669680657278991410258202310495142073454440561885612046438298030365542513647296245824494495517413986307889822893941616979259768180958354835652505037562471662095752547168012144634827085287716265073699811198919251284502733498145151936243106475280283606184823854059630273279527138217462606673894095849873878886348471871248861057085039013216271340739913857858004173192825295622896171604470897003132104912395894714380244431667200
747 701071928435086993481518041668833738380240825282742449373740540695718312591255786881805496871594772317406148424602291660000306198866013364122466273975950022065877995830192205216444104117564463458902998960338310856944818167128023269157625433165416045482516749537845756249772145953582439469225014444772366813190227704888075602155418052438106903633654959710494602146806298872063233772744085060299896360097374923950883566841502153596594296927576366364110246873709202546965110690960848576999426521321668392858917851338472690565366729566536953664857627595285384586666838296311184970113549989660204613451492820467097737701599669032729671258000910138818646741735694481647206400
748 5597328284243769418544954204339939954019783701321574742860933835608061180207191924141901640798347567218649088758990489028772498154582662848314663887947023438205111485425010494054283676189966545155840521111150257269618254136482025352151522843400888534253462604598950342678662106463628781430764420139278843059320908895175919112395931295668949770722175694373093267407389327358237476057256251310308798211900431879458123878579479761067996178143697941078163628783143526217213423858847844521177239552584229468119595465499142925209050947822672041826911433153802562502104757093008551659783583607287088170497747491750678729350204844202488765712274646188536040563697282679675289600
749 44688949452306730471159981497934367056125909925104161498409057859727911692441932852294488400499490590076797798102487482499411934531914985090683164285611749212905963528493408216881997841943925153580675989645765738948354018339335796536536857948647948511129113985983608877461147392059412700875796037961131483971614199189789047118995552934713377341680388053873294711743909449402216431004529216068954089862703047582322537775574484607725790581173983561612040721125765402909127202504552884161067947295665810706749240165133344049065587006648302817256248825446914984996777633399454124066095901163653921574868531376060158613503638141963795485927105986925828468051948932475912192000
750 356796572427216936081741292279507986576109264842031625403297917952067646952456391892719195389587932871173153620050260060275304885302809240964014383656324205715841212811491371203585870770080298426188117101331793659763658482421256999547710273862005220912854846064093133277649800778202351003792355567081673768029367766331275752198060494630751604695976218222124384978563373044027295985140161261094529453463821131897263141600186685108082712000093084755910533117468110976826471584796350227141966491208595832682685933478424618887739646661080049692973890622368169240214272625061241726543709674890612909853750354506464306370213046925438943159642014199615814488926760276887682940928
751 2848671435783745337877657507999906641158922972027725200956290700453525447572474734738674161858813908782362488822664925860733326354561443686844514306795366095169352745696008337865114355708923394625065179946185665491268836565376640438466139550035397209844843750999071141321955000620640874325884106498297890696543394310149573116084648103603177925109285491957200815354814893171754549569774176992706789085178523977171757386198028447281043863052673949662369582652914505215780990176350087832148110627545593359208235495521483375300781519813363485964143073464340269992443114061074840735494118789139966721016094707883834861512380065732266182670057945593736915679899939574192472588288
752 22743913963358519958267893188871595044572039260710720886358469900961392004288747749163563388032338707884713275121383264451918738607429398797625616885637470791751055698349513378380514084676031996447993803719280233523375125982076262224136571620229421340303779097072371186831140723040329533846553424755027308167615079040077176847037536188874308859516157039509353318338176354525550951618250210989643034132196619626248977854698088826430036374691827651293706082776726980472804607737773839553480393893329444851976390844562481629396133304467332938469035921648801836482218692583368808212641873949463244937474245513476787910266396163107082660573175406043612289550690475004589900824576
753 181588858894703083650871944025891141312041301507825835283913839368631990344998607527186378604051022990442093240411362796659940845295970180041600542784133432138123966611523604821810957074465211636979201524515687601517305786725421631462827448314501037314616626735191361985695641470011236596926267184099899305051396886041094272515789731165355039659244536681979059959958985715016749430450093318020894981676980182195230882951454063777552959740567420769691581633006218601065738780503979181136154220566662181208608315747024753726334068295428427126262740984000792351834128525645701560390973368106471485476886008004013876383162780521380851202345193281718721228125831521550590283874304
754 1449820862793252736841179181745178608353433203020041814866261688327804485247866866463742704504492252523158357171454116758478572796660133267706147569708863742004650237402350266614458834997719594236889646124117293582406075379425780134491009600601188653360732218761076921954758304574890774951586377252362591268447492379267092202314395466333471271549936486505986659096754766584085983516325678746002371073866605698694018455394898493290276946469782324978174166353710127292328577531344767467426589400280247123177482839253433710122720280024508131697747613691889615328967445257807855959620238297083499128078055395469712912236922995674685310660634036546348410866468840530151927730667520
755 11575523391944009930700169678887333312787411056695115311276590009589411174932637709991312612917985825443176923217914458039879254063930176606268420596298053823581498849087903850532394513067885713986716273955204034059263340910170334636704378638972139341004627569128174417938123258248267008487632691493035364458545012002943088470928709762990946787951016080341837855675811566846185839253524756928347407726182647883082838740556884923912303885191851463534349503020085625586962470674101004362446994576012357163594525238436686628635440858261900685925857768655245829407967894058365239370318935701747460588151679369392621768164465984009275566440135062650845325434535325451332212397965312
756 92420448669013285637177545213973470735429647008216555580509917060690060650652647113105241972980109050760603053628745593556496266573918711634174850157744778940658633668114533917742768890049944668814575965070914748123959690124058386067655594530206128389290915353515424320998031728553623893163162600333282354327748270436196404775827635091816606894275572831935626054046559017835420272135284964046964223591585268018899490261906557408379188162722242637425044444747667772543525757921790558639854575741812946877588034840216720225454392884218032460646134248152200828447743662085043101639213089809190042473655471790547440466455974443756596982847427563704368233231289979397144489463119872
757 737898536004645044109776860334551726717221646654769962917571913758006243821062878667910280693119919554553612755788822149875116823213691800682896690030923968186711733012000321002427074202723732600152307969469760551732116733302257444376367785126242853348578985992928962478351524131278867648980389374391490818437134143350556235753107300521716739853370623773076517662691417045967344946876700558388179349256989907405850091338128445146953518171061075958516471101789833576292033924543331752205126890070696764766369990190581052896494518615870261812609293785775299613128352303357992742810309002386716798825328496039720911729537529112371033242179461288017439368097644168396752040046362624
758 5891506517018617159567769866417819327298978107591910046935547786363395498159726308308961766167231864306277657517195186874728505295632272793842863810114976062620025604470482774019378170283488165826018163365740093481639538878555754687817648859609527372645910320882857626542194490821239719012703583764930478144038965482265918652741168051131173759356990785058916998541699809976509725090366479920006941189582193825356470650103368535658789831096651229156915149219039673883534814394902696259030907570854692375153128206640364818112908742299797921490648345635240254958644839234726348389825844435942493491412781079198404957502851089957875320820145250283748737540536863465880136340845101056
759 47038905788053781274019348340569150360252710582354380611896468491913276309417577639462856789161297888927592364366538646193484508684494826259140651764554354333962259766918479065293058908982790889203781383394446596177517266935504444543050002752613617757884343273452064844328983681655747954172574068004583264233038380530344488847972962305474193651783088481498072478475231684397429425622688891060924984991921073230118856573947843644390337781878401118169836369258735736145218676196456310052341633569669875880669244970013979970703856361445026883047864261593617845914871838949198512835763659132821489536181097944588055391919996844722957106943452195941393082339464285379754448254968791040
760 375568526739355716803617639119175795244754536597008396780247066853854948217823501468763967100829941565806092719705469085660610524601992902290086151193836608024319726665343856537103001920667861994327033466365134138954177336532422328272667653556393990203739730241193591414984569710904050770946288742962909536007995911918592576749342020091601851419762869612803031314983823501215265466682205514418016853856548779421527923277257256887053381132155444717177061958765800588064719641000127486049485569079943166899869708523743197976619737370063714639913737288618517222383476735189127073536070899497316840138877503062842526471277027439182768059122194638121543715310354320637302621067303452672
761 2998625976962319757291433344662433813281377876955877817131118499611067891421150584657305997509385972344070721898725926628743586790383323093711647115182327503752650012113836100288354585637290314687951452485722148525999450061459918615748657901456832962520266229888951723308076538191134050570656570830805043811806285362440694476122210399574997173753586328209449695492564667008388900099291827471227162160357937429389229516205801698877445918211532827991547737794298297467912268776237548758523882152075866862133519512470780119455902134376487687453503111387182799793957956166897682127207840716617210408257318933784272261287094899764092639588996655218431668349836679175022668496195710615552
762 23941785359368442786563097728249668398955253285301260681661056366973408203945249549941010090350530519345572535474866847256267692956288894622233150982636851092954229230578187446396783856978050229083328919846631957522546790254491003750938103244702587590516141394546433444365272517526062419516895770255404050591902152421376883455023002717866512867607374305546314891570555687767766493706156795715152302603172823255123454562462070257178977646192868406168735481286759634901283783772479326308214303166967944867743218784609220796285706805179200906124820117689790228276168248450663383283375988083857097275377333849269701361772552979218818397978288255051100092179010966011598313820019295780864
763 191157741034433228644485440839445583075275757554463014512030347821234603903583827337143687379312492691812880584682685233925534450183108710404514227767003534545579507827892946164415736902634707726835700890833134843024056417077797109896087712931491695414710790793678732035482621463655009514674874223323619234870075901115370870259502139655626207587764251991334404088398198230512756854073272869589394269277233078991103650320470422027174746815998629528676194694625084791374339201496650138754444999859985216427643104634127618729977098108979936985730542800742073487101463918167026646084307364884478947053209328715270014018241668085715650957383659305073789988931238276464819040355907666968576
764 1526259450667595150171938729215468660679557750107623545187676860876349586141179773241592268342678279345626402574037146501237905950414873211344943441595185288911040572971396559689706799877057221379185569939898066155035005424312254411473998755081281861295465738012356368346130878178397327276854362254285441534957412299481364278249951638611675217650997299930811341543493467547287718337496026838344640108103562541682895637375483736080845491593706335242048151357608661292386739697813567861782872381081033796084584997733217898236728139351803161797063234403830691454605929189553485001458475033763509917571435739742339117161353632621551663403194138430562982895916954825177220086611304670822400
765 12186134280624406767647322559539977228014037565565182501969059171546069636797811836548556307238011673520373943689175020692236770647234046503130607243481557836168151398312797629522521743332111775404007138814244951731965768799606862673572790060178391645480659774875127709618519482240066503277158751175392780255581535065662971256929025632209297031911492167290713299539422352652069782490752590756351714745485699352417158892927391712394515376018769013932588377114083272122742753038229114378784032030905822779718490413273849571803837222432436225171846059789016814908147732666395668482233157524480416439903698690648637029570650964774428183093738297429906796768968313819846353318982809058017280
766 97298168747126464479022225553716058389730879570491718253319537719550603000855636021319804667190181978133951748828974447198068001669038418293925318408790088415149365472690692300469638357988506029204840288495981886152353318509654793879335749357768986036239837053702716804212617693707893908672458122961752276818716277365006177816420262097378669252181052343537862323737737739973967088398750450477607163685888429816427341761284500930815738955262129620380823125887380277157564853239959874073946657834229780836499069670473712769128287796862637014557454963015178642269231766302448966628378578876921967293016998945178934820958356789243345649871153299061762361669726119219556523366708694776545280
767 776863083973145330468751120327193144170419695553704410147755996081522676371890371570485637264501531204813977196647509145555369546572609222466751825209166233969197802027063624052250411087772634840743731325618504655537173041138365003542440846241169844179834109669981013962187836709605139891408257555433860421431314840395433941261744048349865672099552496156226686923819955566623956257306320415547413651124355598690744512315653564146434922245143783305361357005129487375896906337994151589085853106358309227956610564096455041718567971926971041821577384867672691010765026514779918476704289983105958445505131814263723333563949122525849085736389755936706952676486835402999431745890122616442716160
768 6202766186098082247961434726362432760485694756686608649773489281213407619156812185508096260033754413213436599179482455834043653723415676760632971604404436649347813700559836123292186876028934631306563229802985248109054616000339133075159176131706840474623362969396254658354343508728253538820462806419167229302365654428782292874761737636043458725669864461497372453407374957727263150741930152067886380870696026733296413215520296426231691332301069894828744584837830750766926861542422054094107358396079625241966062472707633223721691150854409412044156932302824142289077008578945911587435815333861636963330036829511915991424656275167326293926486957557144575276324576420823587846091447765659811840
769 49525337298624479847182326683830087320392933427900880506643984638036830665309267645019130086615412349974643327648923639559204205281888498452908251821902784170345352563637703247092363353468996926166837751612912124043687051030015964995419169634174252944326981316115739404805811630157967137006035931617278007693790790887806603707460427939280671749821804673073949107830015917354220735442719289592746916184751110718387486532242678877844713628515694608905710989472406774654006410754839287565434565087033678785008613241124665791483983961308288413460498783276125141293800822723963455327510931274265866001100684178417638735172158035796337379335019401041440431985218334491361286573473978258974310400
770 395430874950575717013606421366477112786721759369785212149152230590455110299118672053996898405859162503433905426474782514298685005289675959075947963897478333869198996832785194237823181684581030002693140905085952907299464921730569029599788383001173126106132832638285150468501467405469067478328712866990941806884968548543162337134372351909996844049226565103972258590829789428433440365586802847293776676238766011294345801558737649014271817387161675916301702809449814091653027809507470051886093124876731243078224615852512266605251342070290074241500190285170931647628944750788217303056541825291151356071125982245339796030958996888410236633963245815068539968630028987601154792017815608228797480960
771 3157292433457515063470507302116774456958572179870814223074164891718341970170395000213235935909817126292009237101658574783427632804880992482583055338200877591827223118680448321307444236641090558620725000533993678466064210192183376065131384287620261691711224017796735909577295763097363916208289956432161138473649632146344626909726583914861142116688766192970237644468415283685390737860638597053100504823509524728311274649021516170339633343495936805370626825544712134303782152004316453488211140436758959185978665026184261366046598264312199347640305021265255843349940056920690357610396979865748803823571791889367460161305555881770497297948998367363893556481045990204504161996967150303834600898560
772 25209262383202231672580579028818390871363521912854532216359005689834015419857920701184438224026052806300446810226196185187885917887676732723629472933510634036299227077132491518833013309139484719349933812553804448270491958062977111483769239312035353714647648763858912107039444408979470439777071621046426499419140327137394145429474952397932746123406159084803814560237450529322213093488311285278900921932788485006879141109544851909292098354027143093658735430903634191513618115226174377333333509912153140443487682929274335570351336400544555413024404340775954687058329677278672751697521999860719723793389281355001326987418972092271172726110914425428808137498921610907465873768530459161705284894720
773 201282752172217560004097456359465858289852079231744078705521064835259434891802181846973289416156271565959065605066083900361748881245460277322433514806762785604189947632680126331484292553698447202882007103599069928493501119229876755598737056964918762130407876029155505206529690675577350005568028518885568375698491719394562309949184225355809714196200276677114027769450898663617980870646645863831017451706559546523231641562885932709121385564108055852602477463825653596406275559089195675163433923904022228741534254902304267969221795943287187592738193520399990075710233852734758374485259745330352050779817133923762212375614354144240204483255580638740755271207431025253401517334243200447664965550080
774 1607141354553365013986204496513564604949981717896871326098346486669125720453924397692887504640627594673936725373783460599787607346378481284047337366286555574979191054741554497065339700234956593945491994703155364545335706610905217505943404408324545154994729552790931553199423111595695120199496661817458414162553848612220148676338447690825457407923149495949049989166933531965321862765628257672449209110525242890844407680695910935584457574659157345179694199904964520963553983146216058491615015051326689113207599089530026325645724417221595373802483250589240230837066208281525590121859050679769477614753578666212985106564982827663313260602738357038007580847625224465201578006622251910551123368345600
775 12832246067066093814898881837968951968297402413349470665672991044527161236346947319901403714472520717215897363371576844118046082915341989917012804674298330190930624834504179648826222019424401810754457371900806962331015938720363207647455208359628755379493401900219721872513587373618272779089658507517977634629526729306346167753783631368810232826101224620558350107051593155872789273282203430293052523839909939365864767391156512089544030286439826647705738979370219942867705868011335445091759629854980067396811126665821681165284829282280299578180343683414475546348084770123974647321372652395372293522703412627775421728289179016233009621431928972066052787464651469665377244780617412674181098584932352
776 102459531741677212985970968902133539169549878032362526088285892412229756469594955662511723472772858716326933071456559440921924651731261558667282651755093368380162566333231826165112463443754630952879662211723453529127544789061044374463443905923015165375439585275465717425379107431622188323762273340955398742480087132451186669333045592733438405400158747099200434617643906177561600950072851100638857522824847917926415075715986789828369602647913873594310256077548817997433383451286384559005853951780227445348765129924524660438279384320887546631965733843345477429346305716092972828354671332785730323024059722476413032253195558227551195379371432874898534885478067662431285320439053465114982070660104192
777 818093867342812650405358933164525710434861574405118548071719017407301684861476325521522178153259736777467558269390598161492433126564667580401314763820591064904155162846036357179353569118473269538822939976232053661141940632348416086449428561578360471028606418338467581604957506442450522986642398722377469495941390694629552247802078323446913599874626598460025091850531266313503439246141529251433039989196082989466511106489037379787908641991837415417118183661663921307692034661236460494301567460546372034676626597235200763653906435427009445694614430841847286964819151431970145980839615120466757945999056008035606759457947546002223444187413603032008378931153065350995745338486341953118852981177974784
778 6532132524336185326887004746552742561981182648077887430104779609426938388636877807377500990601606021673044308444028786348574543164806831631687618654053356934684591094600999808223835952909969087885820183974747451597704029830524885255814717512242641704408358702723085625874030886915813173255813085942684884972735114389509998153401684505465587766608201066367192635701157103264117435214693033046146586648953814306640060402969023397483918359965673553433339533298529921803834086523908602301544135044876687762739337303374122292825278633512317065109183604613824352989018725829561114181202685254935090437719969051307441117934151871164282821712356429350689010180363550077616413936603028551123797839431335936
779 52156436843865305177454646371704825077693140014177740456035595854474398943929884418341535509039781071638428239437559757494394940288958270537993566146613453316737043143027238520092759469961499007252633561390152951139562343447836696137570658441783352248292671541640041839456318506567853578499560198412708580911954315151158136731910754331188646865600783867527520146420022056871386966669307657955111385053264088558794834026273845356033340435155955715475445310804693342259111704979090508749171399202994862495813450612306855791236499487094495693169604647879316399989340789037060500907677409866105600157404630935984959889024935351273220989795708588653768476664776998052341584962350240806148937819336212480
780 416449088030247590570753253337150834081888302574742266102807296130341739259994000201834721987563790402774527019509130986762938061691836037064902474309113573405946544480479027568125264075538738227140258744022913563714351634606573004544602642019777843336367638924787410995043527767826400111404180661172242361435450608668478045597872023044413964973027797342258199322953714577173074395405702684287735520656062491723300290148248088304327749013014477174334709481655936071268907305909968831397230095174682055928110474889034740856180665135416050227000381726913310947607197992465144614939762703392443176641430822396556833575445253035550795287753427038635474452138757876756388963007073461206019980434392219648
781 3325193998664051184121917141882807428085346293029568209240853135299373989789145435670475449826437640143024264396490321169594983038041343824758939602806187251932756275774990033181599419686375891913504037807588846329478485010763878689295956562913360603131355437048622656805494800461159322784528131373969402517172176690981599349997861633425051838120104153938952792545376906662293587618117748961867245463266588602287452764871286912504209785973314058462421572762620252676610635031567945752359957584518972216091801435861742181791475835831567847907265531944982595479229816492973933186638105273182171126166405388559447393311749805287701356484545929594021534806065677489696340042653149941204533416118911500288
782 26550525994447999480380115900148656753152048917745043348465328614845640910797217519599039269458154251985989139247679751129093445127276407726080331048493392840240575685344038065455123755142878604997339145870312987827702890546303911171309402530474454739069288169989258144620856181687313058141424107799315791965758403143847962073384460408063968896703235725313070635106564456776676676582515632375830026435596648635144315938435186037949214710508149592121944118068799050783576477157429991403753932426772969970942721439284805860749328796588631256180263403407252335258709685654896724830394283025255085053430991363382595299026298956798474769679673637321061973566590908242537016913460701065065353772693712797696
783 211997303342642264050238166804252109860417126224447012790044999361449485280081997359557079837359361920072035885793734104800884059943463730655752528371878278463836627311329407388538229523822831466722048965493227075221964842522978355865934079975129362744139450368803118671991817174851955606002788661508713066883680123186893306363728794982395828278657253837365667446598008919243655915701006045483638985025990098680615917301528458632514036232563156130199737709024433800126334783126759011821544809108792603139634603369615078213799238360500795164289919282378214048579122547527987641940772742623109568012835961690763711123259797034360235325718160383820280279359292922518954571830084678236000755794228725940224
784 1692733570057322159380728219635992611895677563986018239879696040819736961547593499325034846660547966351595592659526499357211140580671024175899248504601987274468899600725665931444195557167258832884795952198963777411848851931369699627194830791638150268849888978710086126130955070809404645527522266608475183416698772412181061349281814102793109547224992868650394232417989203870491436265673849291744362303906502573648795462127000192652471768897761935427360150584812443353049560895884580885207742991098267468946572215680855088798958204256039512408743488147560739724624116259598472753251578276556971805816776939010434734223987665095784532065045515309585401210190272570113081147520829191017046851112081408655360
785 13515992378495917573246375134622167759696951555496002965052146221475300987236071406075564864800400831964077929668677831810190355617383413419791706531013065269262500251399330010563334716336787725505606405583573193398049176950095894602875413250940032974714782316630343743425256539915093398938228747900538152427857204432548907690826001014404089989816885733376651017574466662242344359889482404281087468689026698256854331154919792621077315984014231606698972514478476936225368977955929366864308449768412663051410337131067005982919579648760325686341406603450841677189737529573456340404306869601858725195999436756327904349192298961554620951571599095491058974249009717795501646665809627222031655621363727731785728
786 107921587999288013600119911380265553256816880359151290850721717157734082691976570158435426325047475345300958125446084061629458870044145423183985687262898215814111261549341215198849222238841831762434078627789447025147781977784735158432119711912086064821005055749582744699410827028635020574728147101556968759080447601804932499577129748557760901750751621962686847056357955180957955728583195380748225131669633025776104048763710710546922690986861727180207062978202189887723175198029787158321119377540149966044085592664855635558273895516055730289413063413813590796492102717052178107350419737431635317213858098069610595032482020715924683323235821785371356389805069960412936812308678397513321463969056940514869248
787 861727139755433135277196344489947568825714455116781082218469212985007592930598179003314128369248202121818577967348401833900278957252109071522447342770079273412801991837433540418765581383585858697758259335487782853911895741295140705956086746703365732319181410839107964029348967024069211298083451570754754360942227102594912105899216442105425040154667334705875663153943316845158568994176365657715180085656891911025461045020531264392455133623175468361399216969533114681642227375373802417903321688008008115147438201151147158638110748949039655830586646114872432738445201364619932943570568780203807285097692869465607343308916160328933557818569128461592888886321549722026550099806524841135593493750386040909070336
788 6880694369722316354269187055242068658694664151770033717409401380839679917156502211026462557994047827094520929658066173018909334008921662789364516092270734502935723518580116543546793195514622110312557065658488743295448791883539372235882865241443625872782093194162014352376476777303862281075559742745163597003868645849653790571469377986963622274940567093869758467721588007093575781867205193805004965861615690233721067125976120197407776269996218333667416082705967458853924993205395894433309264036733993731608732438633271474810904609628626287418846671770022013693270567241356114315921343610459841926186146617611169294542767107601078611414260096802465046792811155902272910187795246574143596780047498692131815424
789 54940905613752335908613280669233247845090474215654261621900163116970828235850397882720803695009507364633056852783037883420949054824089322652720470698739705156520986270031348826799489393842990234434866303736982360914229897168945557777011471509625910010807588242358289505667685294061257757637549276672408949460548122753889582509831535257123980142110992004283242517929029714435395976886429304146427484066132887797772779332889172678921407479057256656659976325789093777921074090233199157072051157707761927134518395897832205692406462662433898112469878367745422923026114795463299772104314910958044365190079497707161427827147570060693023132965574917434131552338035845607502324693422120934226438167679647351622860800
790 438692699508290803685484271470282692920038875129553268748033201192217701913600392207851683174835408172285218515639750593189046377000449933282735100212215265983967571381465504303102758349824787846601438789839094598287293913090770352477706787699645873858448438775691253419938935234099258145794507388923488168603971592824728463888629524559415274349919161472175561776071290428681617496455184874121094391758438299023228724090968229441311694149231867076216621092503295634336880204039266180772783168127293970081698786485475384186961982879282315561341762966757123795504724214914550585359517035852333994454457558907309223713477053092217202433856767821739875736896620397584967929324185745383671356913573690498781020160
791 3502886333874038831956407912270929821090980449201338110508947786005116315153350287212125449977573246543809658842959121044983586494481468746667199611808282705378937017503585493272309761994302604347831463206856790749409037111354368579328945728332444171036612312651410817446693192084160448102197356091581227905060283919444987329861673928087568739309847564928269087455962415104365481804817885796395489479578124268812531758986795622188779595760491115617426269052150208883023685674730727177953095436020213293345144798283517732648358892371108855986642951830642217310250111430341721235310631603594616319815870976053811702875247872731281732708267187815561384518633444287163915855387556470092627421322542894045892444160
792 27970016635630582794561014693436060844165859041350078549063870957949943910391145475163486547548198498917995306215749345313732577008965667113539609021560075541434845579157417499310715826833295037747078501666871647347553978146723518807672036345927243608125677102534750012036474427702311456816030403943383440999496509477992550346016699395487101903277116162381784986201396860000009225926348875980309438723298052873700064196758201407477073438875436635308843087734593334565961853796713533678504262042161400084740777404475967350086138428478399501590315691132552250340936495815001319560737922046884284856711575823944829809322054983778567774806921333012134085474542805141445206905897609996042646227833031896396747243520
793 223336879365463871696292995004838760738030541550855860495173305051373322623703320490208318813461781708888709052910624028406752430795423208276081720459670111385076219681241825479994265593327142722590795803978097441367858498896662447780806222121577940134491535199558684837597674749320348227691178458725730073655500501910023743746504086471909620745965573190670192348836374423102217425681766812997880663298768311218497864431113406446588687282420258227964179611015693561754943831325082087329494309269818392606025980485676954931583138119956148353177653160468248233491563545397967661360141894578652322462418282619443458200034365898216760592783639193736233328152339271318576355773195039716194244532961863767949815316480
794 1783319666469824869715991924849720079444727498025725636699494652425323508103626009959597910928649491227146618885961405969897746109877812519484078221302655549346830267983719362145042372621780963301291744832772213826539323530232795867670417441121919572358534424641312420491648939434119657132949712126349028547828555644974245006741606937319782110238566415653462241173328229020740627807081110320411288923569510192852993023291258182457647704496907351593567882536321784863383304648112116415200244232708625452294968156522911705624983747708465970477514258233461830982791577931767147321188034775350951793969435657187999401748385239036138869216937370892050024307916663702972007677080675757935354547026420927315871321292800
795 14239639299057167638939769482950972407943559946499756404740115790686734125084047687073619545377442729949593379481865415216240116107552646381993620816137430726105256026617170453958149662142220823945408800249607563988517768264047532286756993605335780434379844688834026723623883606953196960352156946639073752480019712244398122393453736903277958284018137869897079631406651066444857239395409922407510518348200315351233710329374725713510877519680965871592413733761724138758185179756246182394580063382684722479457179695103702524914964566607977334077057246875491450413535769447619938609939175791104203758638965473999270694715408172831961687785054629462557929945477963756561389602651735486004566873614742196982580059832320
796 113702446463325826021483887981955252041318174648181471995638412017091560425922370727437092751782695969295999396968262034063344444697995754276320921994182801124528903649722029403716079463035120046478666249229278488330425797847093109566114888637580678945877252314358132984112316841450401859294358734721046194425886044001751841624110492157330028710074477765158088112086274093371247002006564656811729716860755281874926460871238387732506454164688717436986660416821003298928423370013443134798933269925055397084710846912159715136130043700201386853509768669774652837724162500765166243473333418754093365690840784613994176552275294405175814682866591991035198747152585348789829387329716621544026415890320730407061908115947520
797 907907615172654400000907732894809565860663567705178027327782752919411155019535718079560424432051539709660903591350087308380331299947358820846306584154302818515058899406312415464553487707346930960840943550934916310834165341905772332846618759459929034895310958254172093238256944013789658008217439131448855685478467734036573049053750529597551195371284788579003855389356396901147573300840373244604577061608339540592260974886525846335848273907250938229589845536573230858695716846631809422660491003517004450498243199183167411701796233510767410207950022351876901705491305087665643630444534350001317665315571835989283487551668724710839253000957329273460482844264809485192564894562505118577395371048934916324393956398858240
798 7249608175288413329330556483716449315368606833856383947534626192484320651358999493236790757495028083997442703864765358808270013838677406524351711220841124761375883843379727708446284240189492035191075804895435196406811154835367896372053452049221388233524964192976923030218262214606350502291179852312772065699083704763510079534549496710019544131460935680232346574612755590293373855981146438990752337138556816482022414701725492096305795991650379672179130947066471963698758280384383320352371740193496682153602513364906193919002312781867932252938668599531528342941592225587224913800993199095499243312519829246771571908119339741676024711932456268333947614891798704310334615925002860420520254767323074294259446478914191360
799 57887985179399345483265269544569395033856960700880762935257716030100082297459845765770619565479698593121006821848814754939627895232492933198202650299081822249784904781930741902236912956707082834191569005297717838642622237609070311456446838640841623191350777911380186398989377883840445813038457393936778196696062623768703763993023515656977085805658034593094331847345908217861983981426425883305381615699615130357075101122664129630076318431451091750316464883960063990485704416586189716956360078140812055244035087945058219278141120836442312607945814349200439083813965455877966145244476358234399464748280989479853102345183213456687156022689700866045789465594087275969880913143326970566857603774119166454787570132005683200
800 462235561657503773683873177313386619345347831196532892038032862500349157145216868439678397230355393266071239472462785818192928743431456071587648162638168350664532464683716974089361749959306056431019678507302276941561338567308426436979728006547120361182935961622370788395930182402465959817112082290585173900618060050793099555484292772520962030158179406225858239801057077119627942091690010678193472201361426815901244682464473075096159402675136967626276972098421110964028349766440724889896535223954384261123620177241289880935956849878991866174447327578365506084254514165185559669777143720501679726015023700996627022226287959451646940841177261415375628882768786898619499091449465859976357966136341544141478747504065380352
801 3690959615931827885745384322217753829379331745734112830805565778467207501998510724769267201854373402409228024551650409604446906670396495672752306676945973496692071965189829920443892325517754727756306945983402451083927991855811105481800674569132811273565615993179380227940536138135046540562108462335309328674598142428055761244541244161103711791375425071436441075864620555876579672432520984141979336079784876297758253419529050921741617402634427022394091777205370069570443601880343166536552108979291188182455274224263782869496104883677942541887347199989045913751425558802155854741441462217638880808479515095598534874106539061988431752334793712874834609655666867669875550797641427765803727280159850831871283481942574497792
802 29472450599036690499143941645240019355792070448480372279898807039032415015958182894541629876153874400285157442928639929060945125083814411830805201944092287123212006066179140661499609043161722289964326286879936778979395087088047779931984438828836064084681053391921135884951612753886331727879978295256011148169733795647467699513768238912354327072279578749973776371367867880091790800820279778610019536477484224203047200621775613594555259160188118019216663018981533572978953648929822491895361229305961058753670294429158685157422762687124119748437121532082107271401657454574820565790762000052069068201375080638669597673040244579767976236847903911783592070118317481992372852005106862109983877184717811380677929449326991376384
803 235339169665035192379216629924382321431306046968438539301010150354017241696542800398257697093273527589823698037432676494568842019971877968442245273805130442134539704727696948843755284165321249468556986490005173881464360271990737689818037636077829194160616331692401398872116738453199450858239627433600925880528434741832581431235718490542983742450132825585095708708855253856972058050883728443894701454412987354408391843570143504817295543879360165304131062612340713910262827891579105626442162144844112464170029798106806337770105547135541539012426928099265842869523571106766811292466209146119385884566895413518243412552346261824996592317146649915761385247320861387964003396085610460584329539861034379293781922327627233755136
804 1879200832399907879445983537455888686055951270568874903373737767752227228472394003180117432013452794933666842537708685441706425084850070345023898828145444575253414060139072651215060851170848783069820713017205492934081085753955890508248509482114009236954175185902011170098245598096443376256092547417559632031085262490752702473300140185679049286728672562507853793421456131544478373988399921156472616091208182606096860243433235448914225611573995349816568932800034058835680789880519724032038160410322390572103969283390170010552335339067383930920125470643391431868583739434630508081633162584684648481243120093018809339037391792184674281935424741864661807571890460336727489804564202931531586624263483476450348185750456269537280
805 15005593727536158818731406433250251520456713996542519104206691144237660403255339940921484289419223063147342191096138422384209814217908387798526238096048345005874466557234731679516038697299647177109077693508816035503444992827861446195057663293203542080921041111774071802970835657843401270278463223354128341237038592907525927327171802625521650701977524511553396502003875793252058370183148687197274504638864841977628096453153835361019431343102661004498018757811948981609634928387553771525392913189505995773272440439294425873081256595683408581310020528317664750374231400106589945277935365334599901164510280693074417927120937192749175508423490982243535526797654508129794167035700244029670855677969778616922780295657059503833088
806 119821341476951263222525225563769998493373959406634805154682709930910151805646858386812249239084515675454459481258991174273913603357888813736122665491522516697032340896231678770924596843449788128875960341715558318238426766551012739096018760490146398055592829522801397176079774558163933716516363902614354843922556307633792640543024468607763453992465692005406525914264199262245964851735415571714216764089000152565774725524191171691713474099514548666190134894885488394093809428166620438632045644277494527043153134822951519750807651922851634775820461687658176592318304331372224426561776688949733205824799214070256766475124505921257684332771200945061283685446283392460738534791273908901937502659321954315775451591623864722915328
807 956789001830822726401428195208096493545603214890154503614343720935297420366280490018114168645180444873145646712804137703867533159898680936450525968311488348941358618011545152416156260296394590709388709345743566050468924515061618451963748317965927371834250549498057253287060802048089701201030296144296037935857438471365749412217161927767568398423108945827558429977098513068045845730586143673019098919193949173647896321286106456482529897270473050315897434030535424053953541456140894803649197189249287152746070385128995778530612774462027180291681604851634807882155084400697167539980283746706419799671630898969931354604339920887960988649786392676548837755905638390355637073351882365506921024952503932603292453601516956969598976
808 7640102276995628998443087519161681406381475176325837694702655553805122470548566487124842346656812166239524396771054822358110549440181051240072764291516983697239660647785259063600297266624180568387346476112298871482209778429675200807017455628114063617666565031387952225505094424275092515035949840003710441537317070565905711890625159353906375379487498661484414591846831195934445292888294305666236666122078415926208201813042028288645152100481549654255161193521057618807064665191857739199436411219104456323660453124817179162227120817857672484210309052602410619375822530387745204168258404373452748202328419010091580569192080655407332052931215105877590471783543538235859616828299931958231007986378162590540152117124984413821599744
809 61007491606170288417728486246952363269745772112564785547316631492683672632563336844037678070955508768735880844426469904120388318150271435118504397185660957582408167842636308468303980645725842363142470007027751186372157192405070206691387840985929358430316452537411831120844140890997648513142442480128516010297983035668418910770628590143677608098256169781445387222905475309933889483384896433379343464955039019633257087406985788312296270171954030613706231532936999032748625138614834357513423011712502827998574199241432604929526823836045196845486522224736183685003477807546148354668664143699017000478419761193067503679827986444908980299055191080308077191250545435109583590495448158776479989606925748250790337053927564046090895360
810 487156118158900525291194875364552945220636609906258065333387620363799993317802052724982347855481766316276144816975811530679841533081426718946279556786240831658044480995273633546901415822907096796056167907969746510438410766019745798617156241354309988058378783965407066283481362077744185904944836989470668585935005277411522857857315704999144159480890007588134277231793350993398021208066061890243942631270607875293712149812819850375225031447158851863520871055600629313355688143902158795551629678711689248758985087276032208252073452557457201477292377468634118610620363529887021676539407014129928344561011130119457547902626439908236153795418488774608201571615466511467637855956245297489225398490858937884088765512103066975451742208
811 3890040716642465846838197303157638561342592707463535426755879444483315359711573481438946590273859332508266724827047294047697476902879555403077813082302953915927861971547955673057624622526690948028680324749706631814548887941731040433840571910000630681462467330406875661222965845641764917287820917809879222888427982955014823708364952534617087024412137717806112921520460839745062374036295705056991088138234841677437829694436277868101057094515167354707966906234364581298756395092367916596784653266753267046810342077927971122861193192061766753103508553004777499534374197558012764953476202001856246559034658543346001331957347502892401149172786847477635898123035463783310015727709795988335664217788905649491194630649049891162793443328
812 31062837446686882451845900632603606443036171324130004565375766401514552699962860164593755777507024522147292418446520510597623694874718026149700172445384671417335291900882936679933051788747615895342319243444701724982185947554413874597318064365078927756899800702411553925332155841306901137554471466846375469468678622512704577493889596347853685057005296751545364757559936065156384770013967181760505191488072307187816364210252248395033564286744267398924208645349285646725537519432159570460039029287719437846697362109956853153487655981931644860989100317343568112045421547987875329997955287906448156020665918713122503246812119715214690949798460491434718181563746240358352391599101375847744392596235547082882889144246846667856591978496
813 248044207507861304892230734202783041855093264743237379629052245361171557353208964561553090415222144154711220640288820608609806921435017743866978498788975752572374803223286623525369461516051073053582209752082415250411256053534138836267882993675390404671332725904127685219257510112871343400988473262935632900111514904492593009951206961242639758167378089189461879466271961789662054030665036831475030385166747131935183070667844522239308609286031714580339437300870310477911672295391857234227027525382379570111635024376186827395377444815129444572621450504544211787698495313083993410020572852507578633316313830609583383860152867393817679761490289680681661051306076989429795481256292905293427548259238833532688457963653786676168505688064
814 1980696988699138184028869499162272447245830738121674407357296799567094745449457333722475537713690340301748076365942670707572168291557266996480786538241206869435425332864082374588331080902127733228850569273385379763726246127729609871917984593231004459906219555745491343888419921048726943619686825809682572298187772578872057204770080157342946471852527739227889700897749080629979546927914913273449259832412599947885368500418905890117329189630474379327034818741593388337132518329296157275768647315706962169196102774502720366179303920513932911206436644078055745233464643163447121824488603859090001371690466706341882057851343535700018327333767669440332674242616093895938170304872117794112136441873528768995669504623771023826898386944000
815 15816412272949682578723782454660207468313946556682033181694831376175033869184132917626835336737051208200952737410496810999852357351478151672511605878372729210166562044514660237817004508602512009636023932308211106137828723680078896989499685561653223343643775299130868301872192449306889508069842775913391632535712912813864231029010652348451405691799080401098289783365093272073505388229288657157800960723118037375261322945676367525010525602595248172589377423767226713249151446977986983497794302736958171530218695529403317966987619527245000473780968932098143300588206009457317630470885685785224207272345469110273580898768765313295361072746208580021699440455147900705233880176819316078627955783696840771317567038149081991491355462860800
816 126298703885465847650691380483536656695506955592328588495004315253868285161279179033402523350709100089016431417851467181954703382968421122914320617528770470016477105737815595722568138943693588547534720518284685744600602896445335898019093077352613239347037793932765610116420595587847661807087126872367230242160178112616592315422835062135428136627160303791123108123047730099057550379536819718186557671656663151393630858227974523030598755914841467025235763839788295666092488760427160765283857446855415987366305171653911789059915844166088753783280384266607232532638174457872404019789572461490834478660052790101155212176932934781167368566193989102232099943634489854160911719647248362216102646919814478512138807378161051784997147299020800
817 1008534570561541236319596776345891246366569618463098789891564446409102438668525537348736918408844760074349080257115020679403286255184797314434550439115910093497547904324980350665892947942052596920583251727404271478303957523144885432896650228455873651774877071747078140023902038696595037490130251793541995226258264390098712687660435673649367397008070773480155639406075142186354294585187529793695351591050269767064929888713960573135405487868330147946925487504013269186765479403949567726697534863261608202665575201799413111171225174222231370479952542173005612047651713785997018145786010696164264551748083724137009307518127865988171251561627398902034541043171862678758614515273743347732991026321749887164251627093173441671140010989977600
818 8053481436317832953104652986664256260716910449634427011701343476704470818316392188217542238443244465532577252126497940192985655035289848481523818420910910428760370306908033802627888430265877216485635452669198901340197372299733975119414326763170863928353908352875200990997711634188458172231700250263345125694277485325335930655009738166598615937966648279183834519071494900686144562628905800259679751335868413347760540382737885652470010570606274482138529687501484931941261749959166963802919679372646485060894299777694091005098340877774590845935268955347277087891517108129746360059014941158123442606379563430394798039985832788062022756968887737931649904760389495131603019576733608248645351325102286385032874851066759072122110699005542400
819 64309851762538006731751441431970984059937233627117402511021717139984418988753607949869018607348985109381019815515624577365233435812937251610703018892255621738819074245639244284720867318606638578529982735600196355024286709206666907546971547046565873127514726041274498755952422573373035954084639361077261443272985047652865673362348824920091511885594480764178605317127688217933315555058661701707332812865176341018747172287064434880529754739639847513047599702392810079237914340333274656008662641144210027226188913975725708392360377705306256571937312537205362826386473610706399505233159603387212838395265378308647105227725697721520914323048261057476178726658055309109503965850839802132039801790194081755940172803390237279216854666051584000
820 513537694318413253755498095727495126371303665598005794685573419308070701876047103482612602245025798166130387502434524064131156753296479418959613863056694891641204022146885087288234438051507645624651618235012299674023206551079579159289719134220626021023129787949104168114605442695666633447983193336992570647014031819549956620947146470215560024179113000053465253190917198111008963725029410759487335681269725220720434736750851121460620529311172831116384979086912341949816906220124734692127710944161325924728152449650063339698994820993104107357372588406854531447778816101104273122276498881682280080258777679469538103696521791073803593886975626102870754027020666053718331668769876858976337344051452252851092989654389358175990200430860697600
821 4100795522474442498929409885005430022521640477053015822117684941514873960413355432925710377976113438218210499958539268897008360139600145031302348947868077599999675480140047055129920798861978227424136430144629277299508090315320001179419486777040711563736466370029630847940746994290853165511544233273231782170309369803860554941448833445472852032299957159988450913422232826815803612888298193592203377255060071311867442307111546835926709123220522631911108310467475412695492858927086188357599601644240746361166586431066766449533020763009489071662527027521727537358876879852423403885072748682471410726159009094521670898702066823726987042049953964348868043119546268755392670426863961860473651190744605322401663386326646324240915656546556313600
822 32746498551730219662983754848145550690793245853255469411655089970928993523300809077523555865006336506647607933975488760389249240822792399009085910576406400689048503469147529038774696014270103509503687989622076126756655845291679425476532252073595171173194848239506687209103483297475863964011893366430040654703054383689222241649233750287206570243329584912608505834189216879828387974451081925473507260708289912519583809372117023638714012998563881454823010887966555485320213048658629854476014337217513697219826609894795930626197990618484533170794193927801240334821980339843439444162551730354917688572393839046764291702044241643484115503668975452537676198341486262908026141948826089601154557683756191406623501785703292545398260790233084723200
823 261494518204095994684239655968423522648715931649568584414820475442217916689104395209580570042310623963168990695123830052585839624164509898283976432938205182659084768893362771376460877528290547101407335926848462096044644246970737769418918542682463505407334802709645137713521375736344323173130210454651551862343224069994615518977842292694436913291812918646006197256733333334425474809346914233550291272630475461821026482616710910514736930044425065517736120966848362879130546969361501097954272447379708405988700462003157783809687963966804801942235045557119989648177466334691475123980911265969038942038605480213043651355813798397299644094911915764371334113609049477316582995003262528382488156862266937939647209885348771091564240478021668044800
824 2088147973037562675997933175087653858044357803706506414380483893701206179386294806406602124852431924366082474240187866196619932921119508653772530253317220997447545848687290091816884191912805582435995473784785049262104076632363415682981169916080837215510027914841583745333702247991681609804850466980105838900750502889034672469507527046030819040606952675595534924695758899685096631365901329680535092929500641430561109533516939066974476941374171032896485043643036684156163833808736258767644554252134079261414622621335895894985129615171815044635808980298361082384718117090133381451206791419995480872104398130827460225632590768755135507456942239963062352509159642670804752557186246889267927272031209285974367282822323924493316386341483708416000
825 16674810722874500496332586372699955899146944497961774858107427747519450072481103254068720967912510930574244048841645651519190446162830694558852641586489517492344766122608323787745009765238258396470712947023228975198474735580618403053915087766230976455490986549062246926373855042144482964114369547230226989912902197615709602701958288702122467684264974820391980707752314704394444372652797527194382051175212394841862532856738902513003459502755198502693386021236758394207039196523581179104536149591587047483878222823467735946863071399699293956437223711764367043333967218654301475152182232575673003618695484710171282383596979375222827543183436941668672458582234819291226314965749084250299521052292856698180765647555721229772082852385084449751040
826 133156236716804122607517844690470834274543881245225020537622994458399870070321255525226735477422423847539605019563552926659298042239747289721782111264509512565987987100150730876472257156793646952930777964364671090083703820689780855379689974462541792615518822369993439136031413871652554033048888055121764195478817064737555132472296455543825419909699484158965502116627442845261204699779482432656348679844674281327996690948002180358076051913042723152258564402031063399745315424055134936287555015382697536566175251505560758239114792920601141569806207751571144089383592947026358995283043590882735026475684524392602637532936653703353233020384927442187122925918185070272310863818499951228784068838890657120097252071764572919584332317593240957091840
827 1063317759707103295888812389765259237665160570427407540061018446678685298602662117882221718371097566008647583493588516962101577111186567232554593788138840170478578799044008980300148471902618191628965970588469513759265755782146690167989688744075726721200588032565219676002843358172180733777817239076208138750836889837396389473817467705455166956570320910986466960070384078053331312983486943150256985104829781080882817590109560337466425933293511661061082901222506823085753401524135563626654187813285773314973423652893256647413680885668258692777509305914601977710144193255335036039720943015948708724117799998898123117614889553877805019185758235584285078358843644744955672242632858135326348235322894679106556532868117581089401367140732482806087680
828 8491131675342230667170081547255910723963818468195674703965524117680515935218359810914553142354706650300939398622714099219100999829910123842573640250210158462807201714105057219498287072729603240399423910061546406976165672984968496848729253593996020628717739216571536833008212903664805569733004329434647600749436613049353776812658329068199956421307924955848453550706980101556312368897120372112921721634220425732846847712324170231072473757169926452821111283675380572757248177388386892149079093987253059370295020764408469749636785043524790430730545326941241879975209427299849345766467240605619398652013156512940084605881219480966240080744243301549870698198881858760443121821604417863258230111056738669387139849425112857684929757891936203277598720
829 67806141967147849236026465431645511450712277755675954813331447115856472245048904642043838121095486158012326681402131890024666609015687599321878767739917067579956182566194787446415754428793695357592504565268319920605810319855840107525437465370631672571907640064781150584456416673414973307156198625883434399229517947390496987333894014995758397477754479140792234626876005153561867167791238677186419538261205329736364453384301576513509983440850317391647474907033799024913127785658771080852718458619560015719364339517954245769114013254685298735146212381605574481828572266254526741826312584812063231696413867449533606864817458340164667472288167257249872161732928715312585604896286183660759328510489276225986569123274121975722840768690733010491801600
830 541468805973802343055883629977043915536531297547735215063567266848068310891788120442730794056169737656994820776305217068775289499465033022054713822385747378216806720540649459270895928137403147988100144889877619799729290120487359316480240386116321356393498600420927067558767626158306557927507571677536630359148487897956884375962710278785405612629586370777314374827631520672057898298940156569146492409150926416256173008471266083291017072585489040568481281546771108357980977064272692438423877040639088896611984147379518965009262264881992963875360356223231021283806960217753015957620240737511271204438350739103022585903626643227242669887139726001267653840922712680833514926810343163016280517310268581717878289336217928259145769415520696859686338560
831 4323931403660833151045540034329318199158148845399242944839750159812011204666553510539063236289702020567770915368906643162927582573345317851209483664683296753124824786411251277643399974873414308121579496376928862805058446738332270065177948498517338773799346224299966330108281548960917350670204868414119228716377094694153892561839404825535441209879585025846279411980941962911884732986482405526902675844916423222955432110969099553212020810682677825767077959499847262411024986520473630591312693190951857903630718173297819316247249566494470888419845155111144473212205761738879679777097373687274122397897587851609696606566144891042096699604162721714094044390328665884490018115900646485891741892744816255451071393544094069708413147823580438460744335360
832 34529086834041557037916548062600949657700409770231454477782812574268031783418968177910500170563437770014747550133432376411647666607339293032975732533841134167982374856870617173873496914734332527836267035971532889996163846309470675857021982961717787035003433070010788818797382946269633266650049454018519417778376703302834690121227170265453691584663416961205144727405502886522310295627631132597044925857722014294850830463075357489832531569922730137495752359275222609926502416396666828904665304760437672970820302335806143674455199663208250700314244243459668125026316203116726673604609315839241910110134102988094740689934455115485204894435164811380337537174691894394893846588995066408972035018505479809154949926330481970123433839110418789823540101120
833 275735276854795242996663718742402781660291867696974351964239218780349276618611015989748676031918352996564346582818237896626987128777936347245323616824863414748401869805406176999527612817302256872949397747037979332838513692257621771669760180865962448207494401898813646125618477021111165053728846300277540416640770504646406192900844101567584581538032472540140003273351026652036504305540218840378802937341616853648676739784366480218926770712036015455728384986673206243974902849784667161913365674989713566148735475555561185741267692868741036804910387403954036455792383413124208682854575232848303944841070892048987052904494592350789415315465445768669874306465846916584434414777905380255080404493515548247897631344478230570541514883268314273596865249280
834 2201914800782897264217962070532856745632546569378716048059752034864659690983152717615978635938340804504938307244088086800402559085924527665052584278241715038638317089812955801938673742641766223949452025174188180283818346751122015586715351084613081420937545223796281634528320212182974051867906614340345826348714066619838207727481560811079272557605870823881693551319565752401154818555033402250506987485246005090287994109069401388798623852448632929178838182267678121804403900455114967983624718699558144305216520704076783569588540568951816912614752014520784032128989536608401954229989773442169909199809990576794069271395604298628606122303357156857723456691921511348264188492111330734411073733725196104713427128002667884412237996549840495278363456307200
835 17583674121701028691982480342889926682488407813912908513128654573027006969431930923429156340642941897531651057130035165012076962856221258048587583194390126799569219586673999146499492833455445726101731860911960222913174534295187544829003546146347337622528804254219887352137531945911462248928384795714282598914042390683929543864487482021888131034869397189991775569100436451510060275598757755935785140780383666996455502657814093964681705207338304636843704190851350558313491267346954019778215118908567312846926658748244302804810046124276305596784630458472560390701918838448891294377930310553759226999201218162949525630737592171563527692836868888535688633798482200802665399838800423158147352882011506139196565376672801740432099354484235236546260510965760
836 140416995737411564052242869341068361880732787757993513437376672164507534124315276130159148002550574291771892891626931533039026081373364974560252039959029290088425968852434950122046189181995879984994212803167758909292288505926641207270846500087338308574165427274129148280945171376680528676849158966732716065012137560054920615836505299016896127737784803397589824999180040371149715789350845428980025837140958565631981980554505850847147205698792490138239915284836861635527353709100795497654741786882291125079045901678563355891042904217306957134131809737754561206131591107039232393860122910594373922783094895282118460658856657102103003441840833373043369999089314799711237092492621561009320248612809587302962045998406249305173080491072672774142147333980160
837 1121322819006999873506799687784588925699901975357740315191667475206174860318904785727579146056210320867626442159658793747709498599641065101506242096877122789666713471696147200257773869166619428697373140234615651791767809287471529067381526889586343195352116745400572553297296924111986444057419090243299252304111263382804168932199762746271127500357650688063907276337538100168177658704923597189130815645699124316229590869804440988127039334397525691856625560052388988257903025318554022827149694269439944898480696304443867945968615020057920790304106351597552553287674498159438744707958257508259014695199768554439282904472876817288478464761366941774697592680899617827084717713525307662827116537309461507207883292058957431727331983276379623443687112043397120
838 8954525423382867724949288198871681492582033435673028865468542654033081342785335114664629648458424185257942900874029412601040530583291178591025981040932823041109363427912430864111005647330569471172817487410558403091300930491359752409209042893928172629231939451337269124899177823576865493594568677694699995726864647443586513716325551668313108869204532702295545934666831702059003451137647628149956346421263174133900265036672218487525235352969262446186799818461321132961679051827880096371462713664787722268058257361978955005276815888099768411354510387697877907638565324204014414780019879767624494439471182776023485914955240645936154995445188036224673377351527735678819726657412122768065708672643098336796127673578213762672202424923069737571782999754670080
839 71508129125941851915566425426031306317401220523253031464409101051277288434638552167166887538344984554503238898517278980246688384872527886245380301518772245977869767541136217865963930675941377183382451925686223242802999087356508153923361844325767290364545881196614664048658511821174015264700369655011311050500587768619820788914637897708817436738582084750155134400795914664833519812422215862460914804555975288077630245227299003416470890184617471262755135618225091288251787422225025799390703434510223765430262603486601905286477552384110188743832204526312016664098197463846122263439968050587704544391486203336540352360190837101039616769347747130757224825095632692548381607395305390400524729566994945001828433150147833384867409114403536640918886887194624000
840 571043488305735646011451883045021431877532603892834922694352678395200060499470723734947001913354948085247293489587984999398554387767758405873822693557052650023274286507073511243911960683588997793011294663694268467526806997604115114902275299687198790196873536984394245760001544400518207613821523387876041103283265180835426014332608354560413530526676933933381716143498804252027679644914552387366448224954145514791361529743716327282960394474302377655430297294111800430467845271768420312277188855588786926793097076414435215073442168324537078682888604717263104503298462604142604932327744861121812004497725538073229385276381113421159225343791294944189838246120838216207790264771081617627047483256431060800315630441894840887726881356451099746766539570597068800
841 4560199842403472768861962956635391125433423267234577099661441840787352682894703187400599363674306577099311323514949949174745173921817200301841371236538841376404649355744953271717137607551704767155605059407099532732354382634850460299267159230320127318623308768593569268161914830194863593738912426959542796729667549291903354473552672662577571071364045527106529852104325766179093812717296235236091636478944163231080599326704873786007564814850671543797704966263085436017862127045418205490194530742133523187089702693459389898255930561792617146770844077623233067591144440962451527616543560626984648540079339730915349050554311008010113385741857713252293642878653447633830581947922216580241677642746957198971367151067497920810908127455321743043143971172568268800
842 36416607767602079451101946461302102051560971554495601446702535555171210736085491962092197293760139458926091851917486292459603977969476074619455320896065521870480834047540458193617616713987723104933834227379260401534858514057879447805549143307212038112141482375324417766176621518088198104869889737382382143955207365129166455439629656749609961857306225800788962856947133553192668404645011740768978816727340324899983313388080250994198177927619852090850080989492858042498936986049159161182978651674709988016616580654181636194623369474457907001053628952421162881808616652056441890372492757310979544873507696378473642536730626149477437536494360170912615741943070999869212390757516608415136627636378313783709587557930945391368819773170526603589192472879274393600
843 290814476265121232342607714801287960867269822662947080592172561515317426661123999868095696538070295180890213934885548897791285859656598973117643203170003669314444809973952982870028227424158187357549907495512670252826414610483563988881324831250476204710482158185864745435232522016334222588355987796035820395144075898042169131695832561374109446291086016715197269220602732004855330605065503011692485639630433057208407669903388196551532780318786292141877515090469656396326030593218196290728128449672773000388923868284639116088024345554033961958591969285527008920920056111084183636995991983650669390377762529086458554634959163983727294775421153820384020373381677308564101796654331919158599973010793367012969090676146055011500468224180290741829707861712070246400
844 2322381007140897045010872035261470208821562327900785927951709792195781345611345686150432458135774632131753604171953317027385387078300328292432363968442920297605874430360714578843590346965433865864794284976013504151718050325425617636327167491265651208232997329588540739613112794301057654319335731925688897468330653498583198990082833487750589654030710607417570609652680584967683564310594182818492124657712226072967615752546014744973140923398838399332055037570812184965921144784704553316952115818476883913058467858102449813309578304542877847868376626758829431430096182688041940418664675319674776885244217353131197462369223655509860150220780304205436371228190171871708585437737200397072232011958231390601198662508559728409375777050918435544943401644477906944000
845 18546067498445885514477354430703433099559648033934323599784778316848677538680900225021441689349357653994169610594486370770173481661977059547140345632015178897330699001271126601226683622867157073201931165701939794101530655143162210425959439326698951897226350272264464983324597794016020179108730791756862343332893786755549617497134864349515951462010929205744102336019276434747844605879159225632171428627505445609923634435716576921986692249816995880109712891748923815562172644978918728737032991175244985379075196575710451290192940117225254103450657369666959767207442651809357412952839324328006383930920684850803929557476356482107143542828195849441756962186777845905668088205740388496382747475377686892043655117879007156575701471644494204801512513960872090009600
846 148105475200355085739726958077816068582299033235532257967075605565756105734430451442369810937640969634024361571130437258774576881924724603192056944550702776158825298407314103212632948647861126698052301365818327717434918565185820205245605167956475317987779222741629699086691468908241409373591708308639907791438570240331552264551587640124503271959037633231686944896153938053376404441276122610367553394571426466360099378543382025632319258675843527383003806497228994442007137576214627578424816652931389032176160789675531689026647167177274015038903831193226926935287804439271889694928348079385355945434160930085143437458995584389025841342018074655825661981718523790707675654749387783311538820264363655605965642998097603250384679837387946628414915537020865059225600
847 1182745494988431877147004893079513444971275868719173781451357020126061746384518977043907203284773929875490887446430079832764153517519288330567973049517064436763039336985918056824379297112317191246311412560088746966623127715368226526896426630528452244237707984208244728007533761151528799295129061392727669777202466476508405569571356313815985987639823555111133996785814919708427390366932341601565680237167802383069317823456240875297529475423147130128261803007387152781270694882545148690041865218923158693789317097243561209653177613680143373935236734582038882869287732263559695273312097295115168376524987640018784192411624714058289009253140799258565262862271658701708049738754260881132524888156028059644334839715622418400946841109907994090435051584898620142387200
848 9445226995355731924574902282941586143096085121422458547156355825818030833155616170449692901703406902260406002107576062060706188231887524262507445154869764582263328290175279576432425235901665116886817082378444568936287524632633997688847407007003158724030375553134709077909220083158199326446478778008905400626432904456267597307944840751370114514501043767939386115841437071067771565524605916657786304912854195445926203184487810386220365103261264581637486945714653064427789086962966682699249423658664658814081669083176175131805800471511711000341300903997131267442000616614181906121308399625613113497437755068640573762985286041984355154082864967663919764272763765009394944375995111659232852054944129740461598507729003558267938688674878462241068595911478131608780800
849 75428314521215385687417947559886871672781457153409032920753936983564486512126122067902141193815192929712076200576402474407052951957829699057479950706733809031502197652989865168682971848543332735562567512986871822600741362790646059281961624861579995463988158127506864014398718685291627129925943598233661503235824608025317208183587774198220702483294554471883436826154232440329200487935015447514477205311132444197149184441492761388190901531344374397529047693692989136419799775746659727562910591761774307137189300805576522253996851821966313995658445381743875139289474888862371405774406300897122390474237902668295748071896630582631246106810158399012221439068714165799408389716427393462424896269165135029834673595291689193235128750548499380441042497384949036875776000
850 602361645847070632995521209454720099899812389596871194665973793228747922875661313643434981674844152478688909705308964701500088750458527055531969300467422465536278726668817887958847074009308403069410245033123395213898626318379888765183477070071064716717119549846490109329104120512658311715220358993894228569370326399148062599000228013244143680537180512653111493148158740947005426955415158656150907376061137683776763134104532781532988046582077192247561383229162365009432471620903913212584749525739910584526165851609709921247212506079420399297093561472091087582937594759526796591054905847634902101810737509779284162249452151052824586556502770838229363680468743244054569587523657819791694348088344631273550311017458807345505945833792016228745642908528275367426785280
851 4810399230524902493346136474094333488741627496710148811927095063199260733094000337862261028745288907456133760701856315054517747530101233689066114413603528878712749972316435213358783448845193780563703907456059452260464235557825762688821281043716751838789123925683603740306218099887221958186413113657467893487004392724571367124330845567576028734348623694465976154447575562251291282713280162429144026472046406226729591374117984469210560240389890245022828625646753739840309138819815504339278446271361260085123176413089998384014167087327545280403111449781822598370909393637772161730680540705671909146775290383619289267505613182790829483240884642322687139333097037704576797787086696290604412208705511297455990497855052943266813640289601107274448165929915580960085114880
852 38415441742360841038412103955091367438260602684995132061445956349774377967102791430533831032374349444051096370675387755435374124641794359178880096795960575693382101891597447408090566415425702444783381908839235344108214388187143766824812202137850680177372299519191596066952474121634575356221073738644849233903260432039886833232332245588952229470079854010735330698194018926711016299977885240807389619854229751134587018438378833718906868398606588294759772263967737612527539179025850576906632099096645555891054098960873649066704686457953777098430481577835118496849375016797419939454871360283323556143966051373410380488389896825949300239402557636576952225378394653218240061201100799954545094680789083178275304398363591814539201887946532786262142395524818794427721973760
853 306783105684597947425162077540542080878582913822024430952602408739347084070227684905974744422665965314039939597937563177052483630785349560054550081329523378221944757427387821505173433085439490098316995970706765725750476450563685040575170833485391363854935643991480835179461024286723009761521634592788643588920293157157923924945659152346943244021317661806716380675378261346723848810608856108300044654685830087607041933883044097647354733330959061505162448607442237534041731403896945052623655168870280805076038126754362599580764741092123246886879766129206128019387974928984788543454377146834701130659667927263389814638818261639351269907163215264199529377816675706591619339861545896002768094918564167186883204644376069684221621642077117631908222741283781509544715223040
854 2449954075841871196065111673098942613105310857454574495429447807496893575361771441520781916818011573116806075009290609915102972320791667446805657558158488805004289514818249347383235144780676021628245799204004850409389050811293128778363776445398558666850891208456556552604126681071956588493650524499787528426740514440066792936919666766986127545931365870634432922957938808412946895653808429342630333190816582198454362984873958718916814146741382669163006908082852529253120150087326891403856356266622148818054543354174183757776130602164262931813255275177032544604480080814609201248663761289710376710888682978848148168427096656183109673029102023538455258028934108101820660301938809146064260430145910562312111774794666036588280397656868784835613675755919660298706039603200
855 19565247286372276639453312870081380306763815830058286145955870911799753605345234389127367167290506457592458339372440098830787245621480123189226935446907791298911448897285387770681555050950240790266271715748473822918489402268432144208968263823603928160535538212095167416585937986385169106707188048286022507716706704791550949910277759865475179980841363935312173097025504308589007489501992930469567152078240495030463614573940807172823399992924164754438609553672183707298601619644757911702375673202919335824182949733685762219994642984301271694059540372992723057964198820821229972077048142790809885592921552490731176250316042068325465318646442826573769007978435193121908150341097296899797392066709096280078478594500561050087460298480818786967918336913940866104754196971520
856 156247699123412246620680895770883546468501688100792574875881230786288686502500026032797525649062969794511735056016355742531847676481820236123312302237221566961867598904022092056517652252682063133481581131841783940970553217181077263799657770441771557132501097217152528574511065508094644875526095208041179746204914759293273707461049960794846180314289210118918242162694331137283242054013579056880795621036042084145151015452639436721285937326670082081007400594512906335389299850340613416352149651886865163194059163994714802027901144206405950117512871483385811710564559741978887954577921850605112591020107164517100842111168765863402898269003601825301734741285727780585705742677267665428755808607503951133897756626175041283175091822914576200598936625167873552210396834693120
857 1247793760560832457260140082445655766663273691203995778822090015754212100843769169391442550224255502069589632115957921472448034419885154837838914114949293353893841128237021234579704564781045554358865742434451772802803344478864985756645108262431137149375539684193922876970774483474212076462194393936795605814499926035709644403574592685740871946407229117915841831226931157880474339110465501826478605869744074706988813943708126376803361674520105066233856067291535975448546520625123871903750422657542246414119184268821269667536704120126770504789099291052850052913773450261497676967481093518718075347656491754906695639916965033336207042885718379104276630769381004586147689734986254261603739503045224085834768082088147004133080896658141609704666420376486495439122469004247040
858 9964898423499794868469090728342229968737472415069672583320467118820351182962128611503688058434264219324974544590377247003745841311250677096587691743161489581445920059067680069160997293566112049495277467553454017767842093670376319818802193256617892479628435799646572905598772448444406932306475509621122949931181227501960936425749544385427103236343046522097142456371715960136375491357703518082787188134599533673994584081920841414751321904209510389084361040887650936798882003873366865133447431293099618216252506538418810911377035700592810604679380352324159163828876085305107322355688173415217077251914081007716408536959259217272366734094338384175411974396035714946717913827652464103157136450892628713449686361850796354685163524360823204774329035454178865674670346873077760
859 79579980425155521301161772289205701496553039310102391061208852660195121205029339086048079255947674673538213476006970796793593098248171879956451182023385120522373703847734907187944634963752652688635161149495569920707097511733156640229316700512687709441502991368539569420730592545202132195136696153668106445317698743496451715809827560516914933878129568267271708091629768901671170978712277222407357521074915949945987016067493564732472722075526474120045071874842008645448580380176131193033119183551412550597779039410422634286433602917423376889523340182705159329296961519433103878183959103176238824153819086976640934299814340198473149937004844371878144521952043078619889276900693717983303790515859642577723921353080864951269175526327412322179158536921614689788403468625510400
860 635529425069730372437650060560772974277123574397422350939979534965372200507141280049974660848661197276581918782809157479509764417172609850628961300158847683427514648867724816938143898757038626355286379970622760715600401989050371866389473371071092079586328540371081119513462453023777027809533522306270412867955761593411198121141739169337409030087202180069328012992224712577532095676506883678481083086909910167708184681804123026258863552575250958437755294926063855089466104710522870969478444828640815578494821444966026339859565098647515991252611977180022132876292478738914601669031896651877218888707476150413453414850145219166411155543429385053557089042751897516234185527620888901289919108445260494446288246340650442424786857575368218405495884687880988011007854677348843520
861 5075377847595198653752940553328542359035425897278369436775028202580603078614521999562863842038785589400438180662712853460057073324597985287949753658411424705281754617438415611227267651397674326154412483946576193589394151076318649190817675841445794586800923395576717511933295966308351734283800812285615980116218137881876188479640648697286904170591872462435190960899578540863078617737121175578671227997203881896819370350853832669635244817081795110590017895367729462944447080127241882446148416540922471449164218647603248679296596536934169518992984849117110552447604046235513125524115355840078695794137753786577126225911264258987506510472265332901577867895426303509438164562045565720405904517618596004428197423737877400827914555967748977649465392699035625509512205297852088320
862 40532367868730101545748541495491514616705187792185957311785724067940686302995788219246815183984918790525077071556978286797021917362566740977083647545828593586032017153649713535601520315802308655738950741865696655068897141542201370103931415884585672779045889391125433123142470338824470230637685373287912305243672460764310535375691677067428130290434396788171525028808235122159435272044480478751244470455628216911490191989881420067017430766578976266011233401057366151867254871921036100648823317247923774310958794860905758594289757030458031286250240952809964087064160387801940088292355115548841927896571110286307351437555850532331780531428160732824201905559297764917601304924735121136049010091979599645572750655465832978305526453923415269302691140765848313233737843701176074240
863 323695341079128458694436787933867345003861128926704076237343233228559918887887569417206315467003546123173616659525717673934038301810903799321043451779664735799458473027756460819658954827936861246063555634922805732021829779268657986971373485836111769169390810757400330341480771234273752989055536028621427123684114252129349026430205142930144465772507372727784647159381641323201422821472258933434040429177508309332549714014209440442507685797522948349188204635095443242953789776685725151415631868450394730650206273674811689724038245021919758545581298547817233473981684116721866846478460551984494283966591068474194978108499330091344879979841116767815063190167647967337321197614454756511761040039308691491642407320359815627441122039907506414871549643288790932568854251203366748160
864 2585066960006928663184738236971857269128057626845206164395449432033638241118546561317967102687875541955900410822601217534889889215850967841799999788518155876176230860985555069045887486473106878006757562362230740221007668376103865868174163254941170378783329391465349860365992270273713999565374072450796119390532856874644106808296777183122681497488774157201057946064506163345011362810368734537841295094125934414808556743863478170200582212966329101399766912016387220343033737799920721695333171171652457918387063991153010022101694317883386960607072870347151517326937060654376019954515483574876169628899859227398084894616487705590601472061231140854078629643699966405818884564282103958253647194758368022329088669572317972024703405179816891507654736734597983142042933256137998336000
865 20644673479454177115930834382660797705360256747105993275888745290738003433117826179866493347246062709631630101690785214717941450523813278440640923166570428661994685303685797013836983533591008454648186405547156015545342165482226017823522681809403011533682357729760273798159855032428689374563704153167745193930405751780394785932617499168799403219251389454271570279090876966921778606120262679985442389029158329407511572238854227976584534019851331135802994021051101639456274058637979590140302365842514658150540853238017333216969369188368135403322149581916904834328880017341537047220569896572537086469873095425278578557237800081179046206935242452046214073501363431134562837653249449877012941990047174911270918531104708151152197830037196631832229966893182505832638824200463921971200
866 164871318457165229715678580358524338256664590834855715353402497033191722567486011385631256338976639376226736470315785848717416942058536528516712037667437742062765870161998813103575725309833042115873969030905463052553794938192927412549056428861236983564604140945752948716020274138887777961296279357168736444829891662024492308902982245094014633561596546727184965415926680257772541385597848377343325129937250584506177867902905127813000735890637189532579106985669074986696987747737028689850266930908581265322333188214928263889792329453526587123990746545655096806256967898307240437156421945376058302570025782865157793651104648223365223518665284986549210776368856223702813608787382442666768483606427553910334494874272703895344803917479505664840303061239318949582598277333035201331200
867 1316688591692516782642858697119287794797169119885283706005719595683759500642760257017428856852450116540938781223144753421590997585713156774451804093205696569829977952712433427830632436038389831153761662710483767215550722205360818228938485251943719578086873208660200019503719005925788898043847102963133023234143217840666187712623124642480919634118217404312605190934113418806017389335501155899337004843927938924014735360276488010354344977285780738550839373435723962177497050940405059571537771891131507129287006914879081083244431475358959733848341325354228247158619660585789311172861667300788728589382766459698215182514704249479331958066018954148635219625810796416284061623118611341435645882919151537802948145916337026264552966925753283994641589845468332649261719114479741331046400
868 10515305665452219282580986737823620960292599468945606739667797508386890389925822697747484833757124663435239206726773537694088473806640095346198048357260240347997012866592843919034497749560044135435340836300775892094697703142351603644011036597320119948500236270083532874654124595711484609723442531959030088777742841096195867769474078365988173852197561113703893068612067072768793252158633655177654513338834645877039338153728818995134008505236212073311542092922164177205540964422681881278686445563736874908084714209610357222408293764041830501194357220455656923160773602742732148675434421346851920024886333062935515720267200296533098079854427868846013067334240139121752436833477204860405411590317463663652115838124479569200323924803366088307437212913348481480048660024854339754393600
869 83977239721793327757321113878591403296237790925756629198267565832226719569718307850825713171777267162532290097449721923586851562966722970889084528883067972399423785148624092978250189162194138434892135102333008850560646789192083002634564550040738357241187157323797144016225114722943271796870760842112392193460915209675027988860932225385452159418010442035794036704450800327980926547734082355503938230807264030364387809881332570571035695082093569377194593929666075247188094698611521583514480934651707608587005657784460160096103059519505527823117191150704555865058422097853349956050074665301671260037642291664870516799372117442968585355799458469265052574568039776185226595655157424316701445842121056186128520042098835684983024209591899485447197074359768079944232106527605429108736000
870 670659611019563265813640343940750655289954219945008114562716146439438215598164141319008109330469485339395806433426055086300511102865277243376275065148915255438156849669701377026301510688419395224862706541390512061718820564720221496902246544463275984036515366765221329453715054132195232695009248656318276965708550433128844214489375979285197245559007530189306858646579495033116640981214257708093520491550425842496283336845400804974202309690098988543388550141747000939612508006842358577308751188459844212025879666995895623388188571886809663580480740362178453046466570960787443097282665258064381511197170853433931437611537324130742219600108778671785730216205448695327533777714981361094760512311559883196805697991382425677312703687637376580330029049024906459140832961096324737295974400
871 5356037031288268745120186259990656209181310624497676745003735378453194291275349904724478080944599012653085223364996141424002704054570457525746692713175493130686359410220944636733585887885930325125309973251334560162245827609866659853561454607676863082615385638598024761974789800853673982349580176410275470233603532506135752417896784514245501768207182985070974177664301914409138179868342567873132638965814881929281454524795187140528761499660537961317807984828923235976974288973129100188013402143429019906833546456513719812041607010384211274243196360458453868417016610336667570820549046538571570369560873084370180344461370409475824201536574815661241721451119519086909672741429862626607524826221826116552216343545414641804118446442256706650718349098756887864275125232360545203938918400
872 42774589318682916904835982929558405780663586225919519325924327036178950739038459560207873114332783857931290705864487533115544531004620030056536660613020796057453907033003048681436573535822957321298920474452171877259036632425586489931424277394336782691896267875225509681642702033423148638856050858395823824205063073821937362199808724033492745772700484298204431391346557949478484271333873443427173965318732612104949597833341379870002631976646773351625246337555758503834459803221182401042804280420687723200904607251332046755800173417793173525033967264028294426211128066954762572470531605613087633089015963485726990732602045334391788692087966761771659802965133407019769450655180691894145416158037611325309214009690673813674175299339307001279360760463007989778454096465778482569071820800
873 341608747685976284834497678104102182248323623330023927537622460591339799029296838549563907620994466274337868042711577412235482783693254123200657042146599072293893058229206478129410985901211521699995502345796726607388320047275130593129312785788449082391638922824825032646521098026375936208596090016879362774751087916021245463066513658604251344246583936457137795716458421562158066826735126744071313729899431582583858643864898167759058820322086258656965884840136023240244964201670198969152842431950784428587293152069057308111613756092616272412986047840555863390084747861178241300417578870944383708930835392236527582345591592292530985980798744860334492721962096350219739530318350267910632120794774600412435097451962632106456300328744156257639980781154744220773633402702643276599735091200
874 2728179701199215638609603882341685620244049074191724272554467705866764070050906101917569880085287613952950021668337311598860034130639489450732936103184509753559923966178330912292092313032558834629254698368033354370217933558329990320414877854466103655713546546129609528458486572338791801757437881370501089436799306240078138824032340202583151467781642879257233196911761764878562135527015085438921933449311249938713196034527447609792025819048240372340528462453260231369462071084276875062570755348989102187115910985631601842813574390762541855197531594882242478790379336465702659355737643614635924815031156793834053232004839032267581558519422470394891028832145803803814395791329616556082622658063531705810980526561440700346756265783334337160557283584050474440503388044467334176963559424000
875 21788022573691564437261613634061370416303331349087736247554994661253654081732264960228546653755416967203674001620961295374667335434181431179110579987489547609001998486461915902968161238253167013016264951080933806101809051092125682696067618796581865538430015159261384439849033334289688126492543902876641843410689773720761181831243420955029785664980709074570909234307875671967305374928893048053927395364328016653403215873460347311116201626867547110760700452141008567782629660270773489071136501004269538381218269677249867060092866105884162838994686611470983362042480917968377352660451032661800962979928827057499844554571217322840982778209970540707998296547468430835491426045498697707320419582340525211665293622412968701740723183193074683517684911640393960445985915033985978546995832291328
876 174005714526879206396212612995312040448011536664632194963350162842614799036300143449496475330676823176434821136233156646622343240522298279142759837434334332274632398871332835225074493176734196829979211869591567245991159955982318808380923585731605857656228751203416262033314882656039564078700727333932632804225097781906900945309793348175100890995667854664038905254814952284341630597034858178293694130101414160396357189783936746333982815732380547473609429638331616370099631396409054029157158631308070422962332208518310582137453985475759821029231538280651826028366662673637862967137574685504520019415048029787978210620753694509812232324608394866202232971057179385987554813486653983059832939952116797238368029888585763741299200216459760828641237034059584643013832718696079801272583153778688
877 1389664794237470879816503011880462407409205020295420631155421368927792534150793848027677666152862565025940122278423066308942864374707157522367035235336462557869470150165125630463422748243838443098260433220774614584859845304105086583694399993687762174486004758755675597812243373002167738662736481467347959134313095626540403900740926579952573136298355363816338075718043244925346386204825708872028544683272867479379801319551531324199789784936822525091403016176595941911263190764480062052698676229967759683498488926410772311619985991188394283339495660339436019957445958228232146205053105013995049277061569442001139552095506130383950826911695778384128209497473756464603003322303904786033146991362173372699577743830849132547388367521190609856104018456731278038390974186713047808566901264613376
878 11098325213204038507145010386453077905186042827234042671596599816539500284129118977642455347453157523874592411635879887196249846236271740941728531970591429904078274137765217449669157529254891985199319086268874256798447876164447456862033180815192014085986179235073801015785251174819134605356615271126473678188842171450229284911156466034883192291257480422642554199242504821658916697116444043975699493529737296999329347212637058821513583111591115655969154839897825449523664571344571976211301956406075092142017544820036828529703122745117335666032509761161873999933497789403603427323271494713135860513389208345457847994639736886392099314697962184543857636670029590352843119927101344373194107862678313997003917015651382821665475208494975576664010680431206972215486914575434955847005821944725504
879 88635088733438396268666635850853932758141092886442525090566701606492937422737673746359541000137845071216881376204638006959811058678757248476603292870934969199806011885223920929098391189271151008076473248700224439960300444453266379034667723916550556181596107201613291388865145901285921421619384759167059409426248058681012036491829797002138805329496601327588999406919663080825478058882181102058487422728959982861538131322766954410722813928748159163712704182119152054216297259202383700800158969249882988437955818699270234674079546838138448663877381710303021023359675178172122934936707500439378544714439411359629229718283222915213352888714100722978248702415935977561955292250570463594792533783847285846379405517488859394871030675352364673698924888085407218376243618110982241235473117237739520
880 707872049566596646563851269045228908436608637279452348109662248739127686598864058056153243351100880864218457172688858991947218318629893116242690843519239731291178013101538313965572151452497328732683470445301337913682944913201768308926869049642633305504838001605611604410163915220724381535387541008438742647099626541375173400527931606057990368017843311511699417990717491059138022497527237255985283644249012226762374985155006994998363563967320525684741914763560682542081974020084491646844905949872929139479492606611899101465262562702769337738329816659101854263831587672947363621289977628509036832105772935267584348250107375736499368297593977137603558955203634148074342947655692293345684008446453096509493706791945117985401822257245930598586413765300274921304818350095435444776028486303219712
881 5653334552497813853828896173668820204040838106581415120657870127274123045300349049356520113755216569535347405978477652516845207820522052174669208598185437853989476163657688509718235706719377077143201927415596156141513280827795280160737174385114152028980749352210083142599220553340541144702595616952752546271274656464376526726577215414556209113931379727351097735508159213498405364690807765417834796505035244072077264921169840200690676544919486059838642579201376801777626298757451172789104152398758149177500238342929991007842891476931538093447092610684949655618977356262040465878996915543915531385580270570423068642778383082499443309128117165879884949839742077032748100998530591346175065474948063549422017844481414131833470171852420394655679917426393569065040524303372853336485966435447734272
882 45149760303621996356429415699912890609142475762765859535049928771563404457024556353364317098970233011119033024617229687447457646131244144578650686355576217963154047728803580342919787208765637337184483420312312158572357766611099720467383964136898057700839454010167602785112142378379559890345899689132867274302560861831143145421779938072714214284050610883742780554330468820728761211884410317010462932632050180548426591955465254391910573222690317239799771346819158947530158331573113447989171938205048075744117549759182377164677242135494052528618277040436264596576050450691398006407771284684060094195042432990997840725318515230301676496029996957435271640216715635622083473280781729526595420867952561952526863601504627148112203957515248594052845054820313265866378064844624012360779078879017959424
883 360584495652482806688041041354230696008689398730492459163275308830198333217369390038420344486906096482912141437826391569512425051548735795660979207451328979701203108248610247540510010641240401474320472344328907522369498267430889273766695034080866481207610226137827785776456203909776507753928974640730441696921471344997985800129549403498052818948046328371635434279885012597711465533645369825093753794927766560846550766104123413331544011739991072678446192002003067834634967785111660289036965467975083839351661337374579981614160715220276396865023884132680110911726282874604460635546549376661372349109217709459248893312509818124674317836923599709890753801594879572374782167130320222674463089423331219580089968423341597563405733078592902701314454503502660420033633197377450209703526686585316704256
884 2879781153061683953866029131177453296177994519272937513227062986811312480220167300533085556648820182318280224605265072942033620886803251942722300005210840041505083647324873696420815243356512708607129564197920913018018843629029500308589215996166196105572090720060027338893417194121065774595858100637507826222019895583354954467097985055086258938657474070479350866533923290655930935144271844983214821031889176379611593222505782011448756473851059924332387008522784682027740806066615748462218298873194674101609421993059428359950197567256958554148267671919368306602700856441976801003346876243472046136550992114007123514464162122126923850598054993158177287148483992964893622285000068746698766302408052500266329385824424976015434927075640150533122227143358351318368156531091400996048527610059203543040
885 22999201344451957272231744518827389714560525720023867054789696260771024418300725966291354479541085930650400709050862752038749867150198174837470301058565217416223651095245431961923527841857437089757278824577293800238821679966079670261139636904974772965179138089699743764179291218132986321857090457972774368064674149133506009235535094202655003591447487830675764886623468721306350112542049039933742774071630167967338690278724143793129729669129142988905436583320951562228329963026937977549106142865242888757260332934400044800144628706635235096858707237430616035104960060262024892080966916710576748127844533629155196610432426982139093532233957843663273520412977245509455505435458176160075570876180920985177871298313034723702931146407485405613681244575431443071441955211021494056577393387455876431872
886 183682109157270936408929824170680146298228306991973908893557438759837210817038303541171133518321358967587173157160163468878322866766142534029277483397751104330923877144420628174459235901786935493366258422922043939604855764604943280776325136274945252259150768761529782026334835958813782407969268714012811995965727177504163116648585018711046055770973390394877779162243413850974868393168779917123209784797804817761725251029629843657094771036972704051348610906974100738518806792752385021599858992002775034815320672509948890525760036939222261337891887598260766438377762287149083675355442328040678408298677110564223669543363265604532986268721767157744157370702287798222242840249776585224260428351982163533993924725579044813681648749412377799235224025525680464078468707757548636506028934096656638410752
887 1466971884182759090778871335315781461529480638930262875537723670997392109839796327266805309857709703411936341201040133047952693560508854240206766282288239935828934324341686279580461360911227340512972462985321036378986243784060223450980256218006439872608595316692984189261055217510977265589689176516422503020767994729920509039840559495545716188367052421146915656804207828320525329985577944681962590885577958657298829400556818277865681350649283692784389582485912660238632725276051742382202256030831632859787747062074946945303815221733315106333287634437518905805488239055427405587618887769831077614867901523378760400276420939732256679512542275699503507118438564557617100654260898906120249012903541878776564783264940195558197068478959734306406231112541060211422629454063669155590427248185699691659264
888 11715951129081224630409634583400362753566527805510612965443171480533226174531346343441647812512249117789924022294793495018108674246766660215705390173410132460471624130891035016649360328358585922204955751680063952702444190221345838642288262497862242766374051786020995349368697750661994107614950044881158098449647093045716497872240144079290787396282810552673339907720092250505817162452386017662701232613196940087346056428771345975927265922077387330210462746610464624338269468083061888484885585327317500272088628563328292495602091838437692268148283675034779369338426341645372928409226522594191444194417970274551991845450875342996806724215033580248737469013475562885833871441462043966446853603053962842661483606886211561822898209068448688852514629560969818715551000099346330688566790590239844834738176
889 93569463460603706272112942117145754274828287310602195787003956706170872709980381370568840797341922088086007377157518351663185137403873214321156659427684972406466289459309728479426837268105691842131817589345842591886787121002874526839422568880564593522222460833238545534890611956918063176677328817386077051735089269543967530813166505020207638373012322749134660680329195701452533018461125675371404669914171287536734533908072616905605835823115241894819218786202810835547483940820854227494586789453266875063924930033330569987373286898658734650003165458657967966594856046886555446237917109582406359707950043812507471431609915562741651003292169201086654701907397633846367252232149057549800518089632324165237945566807763879575452513370062644378913239463313512801363442863170920009925999089654553798246400
890 747294096941540611440650328728844967848853332813213941184296768839845576654539944698880135266861103597882404985208584768114516805243517761117732062035937959399058860086262415766029167754713772599857257780977808025990205456279137232331028786070846214332536237755797282766294909876150104561598262060651950206441589357211821583168525300768130217477945606854886705748067329265083825500249080112966229655898797204282145019122000180859602562955846224031882030485763572380979231293656889718012947078015529155004919553569565945472190250871535152687890449528248130681523861551988355181864173949339038657083268439796969783074026157101087253181349144585757237776581777956606717335804624158498856272563041078838776760774010770400025074679813938512635185737196890392125945339181369549921970788235128728537006080
891 5968288208570149260394688820689630517634613149605870264273238840700719554964877942174221147653180261731235907827995835252416275629756310199903233842253349628601237764729341583154953487926535584534886920728886736153699553341057621262926600271245950237026181669888051025998826687630397468081182079487765743736294444293961080118773542132734023151035983095824213016950894629686124020493571777871905376241723727166859420826119139491579048078556455364995367597010879440025867800096141893640157274306575202544349054481707105800202138973290509704295205879734022107665234342091974338354820944807515823887547180940061994361789865470181073954700875996489616727293104300717411223974843664996495916089291358380490163220727116321174611034143160478626163840298420956263039536513596661859982877810416583650133934080
892 47666014795800160685035608922189380950256708607390380899868333521470769181132052085256896250987955363871440142787715616971091421060968558143621791358983029993447553627726266186542476062767533076487146214431153708922595984306832392238889125933134696736070087686415331288358342289998824621760472123622021478001526481110065846150384208692373521219708905352748535350625754867582900809412786261837952803078519991408863804893803531096422801022013663699806052422764019204870271533503267769386188814080764285791415542744037468296681657001930034902913729469983378357631311046035005814394332299112940279568257978718611712817702916602656917996960807846403620588829680536222912062328235728066184872444071342043286908951188314654762252250264434136471739011531335081185979437357469303913136795427587154622818549760
893 380687589612146412100418771369602088395555258441106603110706556187155124075961697057169299061641766691076272226609168846850866758126346871982430700976782721067489308480340123675723336259415504928898462263519583708886847211731610998261766233096435226340035683515693328945768977841289604929894386546105551154654968491911522524909899413655104091085065971977382479418435480084659852825007829361061903014060475452103042168535953845218015024511759741889156512742612525161405124946187352442622954783901467957742861871053163744559836033300968655014088150705399165113803483068669273760649919325054300194715359355230838449961766182766124455939893036461982779439566944663316695216713300350020190940953098333093753902172312497332322937344777093237756374725914313324768651004740729087915444148924469862004414218240
894 3040390816365464633553680120334405940877253406341723877192891287669225487586539728174707824720494646727387677514529603541963298269599683071537533786324640523961827363030904343450407853347009737351605168413344326265606363637319577771352361190501731002313036667004530613727953581417010938701841073757487287745230956411910817480824028874158213881820325548007282889315021619468088757461471925769554795884107152939614900540656275676573408585026805992269102350092006073436725494536664089977995410690219777649087286084250099704873858252537937580313858384828355748224336542628969367618613449643051122360478373373991260103721488305313342970258206130132614144517346739257361525556300855144456558521705953130077631836141287730372243593558957992972685140428443173533387212722425957145096500249799457287149348454400
895 24282361514391442682281235195698696832838667428525857289580767513139244452814062544126046403466028753974711864663528051528439839140892217424972392742624056385786750827871401393277670766172542572725445523819648317482183561206212672524722545016431701904506800106981435560812751061417647139486882676221809086930626677578031869668078389265344036678493505047101740885836619593249048534452068520000868917295640144371360121859900624062733770464549284058926864355818613869190741715025782028114761112417531810766118347408066718089875238870548802038082077915925236746712354867834495016466870321841932315790725600980211762258548825035061201733414142366690420005597759209174994619750210628572710033869445980976307164653338463348269047158390426518177378082438560675325867929094861163880614283559292201886640829890560
896 193933681916278084636612186451361467115840964418003387013660683397348697884305169158220968820538952860985533597692195018680262822424357932916408975966760878902555791210097933448989968753047672600918848402291744821319760674097832460476467111760697833514119041925847268831669694861054333627419790659646502038030763956192406316233001064266520007222432502362790243056971930590725659947030136528042653986794197403037335973247152752001029979290529773131340001484640625946349272000808589501327266205870376827949043408540318565458869653300945566277360881212456466695841084189981748144907281275782218361382179018542851976252427892802341472772669199526826613348278532255419934708630030421949010047287673481993810346271529066652023773956966397504550577631618683250705257701565654563314370327176668523103573413724160
897 1548875024802916609071003014200171182182703087057498622704420441313942108855253324246928674058351235558640315154812580951867784682104905497673527206048912972639810131805063093900294466161464355086937157139373533890674208995804762259591315929379753934554235023809107953077014151599323574255111906673029588183336001094941358806569921543372741729923641523887435118461702241640979518239157077019952701406235931098505546167606022648088493613865502000794782352994387340334053717518163584378493350165948026304823798192623012489350437231045678970803805298780421546721299361356777306254309657814608486444751316041071339529400661565257496444752956683846361045738090752595126435064242517216101123722150382190639528785606727127642250074278380458999554446101355905025699516358992585609346877395645098438700111411281920
898 12370302536621957594941240108957269174403503942512672741688311141540749225734829444876361303281174901365889020367835000653447385011198643907922647128934079999746902299895225511640213709699356742409257562364796197175852368505469660273707035462707789775749413798172519197626219927917982933805860350399741878007667928566725417996346856691613923927630687092784726803571635275110362032083780129607016452656485632336839395449967031661570908907175256514142738347077668156877319890913440119334692992639397822559238619863577110883765407373117605321386293544379936896531357482907357283358473124550525684612200933904859295216995038692680138643394438013971159710505107881528114468018649591841734141798733341950185635245402502182015832441786798053390650876880762306062713731989637888630552121026243481071667259511930880
899 98797299458226535630342718556521905085892278428521679961426111230547919288961151739946912299842976409129124767787603231025308369722365142668392220673800549942361244174914036900530294144206208465515538707207159839513481652802304961919039504585363660277954161369164280132320644140657527769439463087730975176968916270421677976878498810951933230033802372999103824749326297302883647820201936963935904482840452547473311300701627683348252642884892482504499289579552455357485157749453281487011229907843021541685576519043919528526624721845366414023975069687038873100217070886846301773652766445242240729160848393144482469030060487000493209632449460445286904028283286528778489299637268152862793257079983754396365807632914311086622554985571980003720659951061038217497535701541268120542118163479897879971714041485721600
900 789061098339702597901003845538088281952659663715793150625256541694642715387836398563042672901412571587577943145396991138455462846182622939444892535781420392206325136810313441378901949231726918277917435808227849918247673467047742295860062176621771100086593902135058717323467544536718121785256511860678055080058411279767801442002943836802773397203301619019509213664619361125697400590679469885301423802952414345820179588270333097674711107840674626935934326108692276788448126558966874809596356197306265379595471132097437301165976111804993093338147556567150466493733672816279130165573428009334695956897975833247266652653416422843939100931163024089691406839222515076510867873102981647530842146545470251778974916961542297878492139151434880296382337475807491897080318469642928056063050398992784401374089477999296512
901 6301979648892896664257073998326396533775070965703493353939340814688844594817836541686631602884089750437525947696200608470949512365294289314367865357916871412116221625401793034586657521278032079831180763680363604896459776103080525594904558738035810029104472496963243651342588735278827529818763439899488661882464292529643839263766019810913160228940020477762917093818646972986147052886270216753195389218696530113786917111202349579208902477271359173619293463571753189533488034093591155527031497442636943031708113503410831097880537292506914871988135202061281639166379033946664395861782894511845141071962080017810578060481669898762470333297057848334538694356320997214841515221808053202699156588835964408214765263546346698705471069182825081701184573225206117304539369264761942609799900855884657660696945486884503552
902 50331997107122425243135211844726563890593804032070915877803781850353033770585027102339793866049869802829198367187837232178182136451862594479718516672320556156192084910636936830556852309630757320514219757819666751301658788299991248764625766240365826440874301405901560159946795176218041601789769202922301907096754726589306228443647901017537035797432269979827111689434071833029050298218060578148580469990565191729180655065522978235721655705391210074005975733448902413968123944135510736603918966271348711308675443102629298480190011812882277979825416846618040940747887539414379498656634115369548111177843486084598009254667350277921104524470071773172967576655140203919865050618520194315127188543208744564056728335463283389660990667841543113719882112543663934658427512398386956276051536325712942114923276371968917504
903 401987113108047542473412123836287905624543205624911899568904623150327884333841877588122473269049458491698979650231098691549335069868032149931040910565643245845467681478974073557005557981237011955203270092353750399100291452070362000100200471899798826458012692956104154898711281075176651198347525461213334832759462999072067020526676259289564897199425837313968028243852188327580853544572151594249792192217005717332060779991751626839451363175283950225615832768143393366044418477414510999321665099389775089654670316341265227728826539528800652038206983718504220669627646660306207025815775459629214814855600466934796060625316644744592476002744360607002704499265638040609154756434958628350716814810212032996652408366955924480880470317246078556088360792541422255544384517626984195639959778495062833369686233881107234816
904 3210560792743477053825260546568582609080975602446752118238375419408592173551259243568854266595726869812020611808261651054188273456246893940820924086597283445801190995882956649426526690956339852120096913790701413585734628632685855797260450671589101246711119074273309732708733904162362192092996829457920660943056773067810092796684294902733029378075060337839434915841385840403909029415720060299207411092706616459222874813650936665686768630669856328129365390028755862945620244919173417494582325240701522286843716464583998832081999574555244145703378785893363355348132310716162405670785286303675808587674154171757995085967683821964554952145812260600176467350329542757962497059137612053863025888196604953800697332311307272955704641250571556609466775356359589253352274576622595013850121239750391213417184301572559994880
905 25641915370110333861932578155356591268991482491143783768648593957442325116495582113276992971219794270719651913978027860574224133195306684424589656682790237288675147533969072554756834168212623702899514356772585433588607619621053442765302251330658589846660738860604953312727876971586247430329481860024144240106535199706222486999374677963485454524559708421992746488067996524242491121123563089328918416992357374328467336080739193612799959848046101148860832087434085499857395724061641394089327123579879119435697660338136070230153251850701994127230963386118486555200331869454609799103244253483943364057136780501068274565054606259845086402331415491290691166859869541496743567672316751298698288530259735476322033500492960186656169223159261006821244035663831062014619050430749300287412902012061688055888848764382832754688
906 204795694942735514155567478512318205764263098571651676986690094785930093314527629328556645849609747619125166942102659601672280163136025572291755801055927325630080979642163586099581072893141882024482214001773099555681197279887353986589102749038240128179290404409864726457945825349225260933624868365490847374625704972488108074975138156450089126865026545410087763341788104690307578093212033680335600072137635718146566935850142168854548023687043695268385188724804682866410723465022116034912109344618107404234777340184053647003740541271169568989672462540787382685904637314981850448466970660275733093065608988637671120036131491055451484776236338294679295014788097132748826110018635775273047258062869145592346837096652384007333378033973965392227949053050200402580334932579361961235893773685737720499350672912885405974528
907 1635656024437900842935976642054281237658568782858924749825339632446833071632236104582209859464799351436541024618072399288328552923657518462713868823427935553323381054606210603864790840174112230854850229579762219604580587756895250583077685020984577164863042656609768553981653317342654674975941065534306172416525476097799178495170783688340072364950664051764802378884137850470328661198707797111743204986290003464447332837153726429087481679811405213367345432329090543202071974399801773491624388194502282289169489583564812148726677487285945267652907738308118853557544865170593742721824405141165832994671743675514100985161782272553131814464229365608221403624173071256485662999972433909678009192290434499085954231453307463890984554000118418193273718787536550955117912074536822543762750271862716700438033378810299758411776
908 13063631596061296159660465427508422395925044948560487098825289663551138144798431971839411785064674996275105187808657532642024962337405643052423983158038974265089382607934184250250510102359759799734993243295633938956407954199344005758237193581696204404831261393980221975192676054371070157406965426492057667802469991917664804457024805405112560342094951215196417237519567942302668998913027472086301456564510027669793015126694740158306626808361575558744481360408110814208618896858328701939713725976355232556230328700453763989609983631935765507730051672037971284140215156626812579535980821678121829160087538694744780114970534185633603434465408986113239668593065102149817211537224769507692646104064131043360506703193156088257070468732223313587688335514554039126117949740683961549964168470868305629489667470410015251103744
909 104336595585704081539202397143796640917949203879592009172135976850804469671327410468156358151341628683121302160055944650144225771803701835600217951295228771358139623469309326355136087286173659126596315672526185255031377059941955425527835011444570345411523605852911343828271538124019768253877413637329305465617087064160887217115511647129941901082078488253383926451476417228952009826302067598841087540878264907461713190120796274531689890680643606772810709215140687030973127823092922305921145930240196906884743879389762735494574786763315354880220214674362674942638022043026027862960638905812062133885847668783110125010655751581628119839624718634963828376221840089777417993135590568345267998586914841996476654197120256546475612324527988181129391986617890345495727519381040220960109860394393728129917476166311012896604160
910 833316897491095895194420903781443940869950344831730464464927779946864709418909471739077374773572480515302883625589676612360695504911324111145477000015079901352701959752681520823218771863637532452859365173538807069854998320503441794215719629867183813682366557515340271366898394599313929306792354193526804531983504156397064059335756759714744766004996101786367447746517143318706821337981788250963762908904647634540364248129612443182771566447162345082184873160046717957266695624438856394983394088995330900261888478466808309422603901314039559636747824454140573058344114515069418140657058865320953394595978963423785042392797804939860631861969730811996818283934432717035465905614804671135612982120546232560870684290846180856906319093043316593899363690921787946223019352594945413118767544336762215437626611842580705200570368
911 6655558448018895426382663552045868401503577068052328056472902883527319018366613958697614685897380206618379562304929184447350626228029411890992854722403645842197869878332064484642963539055792191138314754119284698397656386147072494505722915507040207934525685041143376305670200569818450219139650020979254697886621269200817824473904463428852341292483371719646113666085245592521307170203244227567521777085828996914287256058607091258614539975268444810996681819003841843970441797325375542403841026774456671383430845849972005773171093288650880171149261438779722074173997560056690544886301602968249458725664481819836948373710205080946680524069914117879351097512521330899176783676458088679673677341283308878279797035016681462036059690143779551632504687393136036330097353248606830763833317950158377474779551292828339419362623488
912 53156894446677230576503641790682133154114095793523199082619105925014245317743877275387527820259339281807320977882789670520287238426498066024113984427618592450185618633520567660240511423774550789749434944084286999044439820937802686381234338325965871266540668683868808125550154551049990566023257404400100021278672505327584466521842227648860146901807982024015670990970316771847808583070647975440601561724976330618057426678611899920776654802472973687828761370201736832763923302322407292620151358580199993812401624091223782951511231923830056103784232807095938145047585775715936325605066750022729229558925532429487206090027559001771514185663656178325869949869742734944740890679079734586341080870512743277839957898093758519156424104174660366328030858521494395425909123972425608863773999944028093778831416246668447730962006016
913 424556488833702481230957892593268472026067893238084521041027952251044772022988338545592390871118403113843356594437351892041549334727298901914391209689150904870485795263561861312676680506203750666870623890758620807264025382561289363737087398765545600520935986903364018457296524628977580731042270528899813094374676789538604523414319303412363845791877113821601613215942551917102103162925701026191529669330260025045865011325780913715556809221941866518781301107898209183477030362031756821233454224279100060109564778612490498666396389034576965069873631576498993377532306107908661211732909902700702674637113890992136590151676845827949486792836123606081318372891745918090964485029407913037896124543021822543273792982365484251575733370910868993717416232572548884387436289164214172874742615106081993247797028774048544199534444544
914 3390877864864363362129094765788686920995947068531747268708428940298278813750344498230661327526438011740762038445725020581951105189835100638922380558786435017018103178800877010484179176909504791978288352738006490036134994849778350498118969377449105999784280858199734501901821257977610874547711788688149491891613939347518394990070602751542949753042344563345395816713764364326964281279384701850326221647823739806165005013871116706918560948927982084887421770336604952997136019302879458200223430894132856059956042542528644026547804857715986701323936007120834411002172685544565893704212518916537340836817211602015970577797856646109443384669260068188614468404934075713417987681307087270433962482674025497336869462550621482534467017076202782991397306890349679273553922221989894378540066838374615482176059420186602158267616460800
915 27082552389539636557857294588397512588675826422765037201881091470710187509166685894065216373293124579018020739848479180779124236860453459529229242758045100660511801126422742287014624508037880895931509597605848556485327368701836268240714129191691876116309862854342797529943726506339213411141724318833875941796628053280507574412498322304126641306266070020686505604966327840985196685890429946581621888308520098910878531848491935403454473677339555274707407975540884149183683091874801180904079598879041433973943998798687792946460500437364405260410190535561811885905877580283811531355612118297327745175366319549216079762346159966959357655915795167565458508309571830943889239316931359314023385599324347906598734461551848955586759519992229440547684719950464979378286408304155353134831484650100207588789772942867419205048897372160
916 216305625853572031721925728393794980457153216276145209791443302619776999800287635372250134265297488449886287917829119745174752092654014748816420458534779428419546219476974653462662656005245782352221532986991689999177570992819469583459677477255914591339435542185995531363611684629233280912568619122913358504567828425546062679477988783817675226852229878025483051316521456860969103661544088961999067396140974938462868274021361353069511931684952168547772267193293786501558761463052451353159657582313392064359578924903056651961031682532486887429215015238177091438086681634668520920739801591117084916706310036923651571551664308207723428614279429526101413151520554055879359907033482341420736996773642935900301682664534199736978965773213046492409237348425329464117405418289520265867278538973944452750639714901766418017617612636160
917 1727614398856664733185805926669743115450589046899113976567645309037346506583758605743031606716509057150454932072170635783707616495744824449652631884742338640943027820555466043577471420482464678241734468480618470615023478682017224895592887506458362559400246358746162782668584490975468429011616757313214217761673691808832456995089192860066143251325770585232974774091824591112036766867119855569990370348240458505236692736022301581113528230818527461770865959567812096333060380540235718332106141911519393107273234510348949748050813569103526677787972488118221393339745753862935929360412548367875168953061084744197190959699443177004761604330406261558524263818687609493195672801650190478261153505310971496765332087061121569109742579414408236107312163947510483091816660069304739833382713216406945661881881430687608773785203266027520
918 13798331996097021594464410734577948281572678531442596597161193252572793666963091609267873355605059266914091026092761548546998087305883499852781151393170835419819477102737120949357320757056025077198689676361540987526527391826307508643232081914327575474425497061358241309941243450797532158511082859063710941861210793401263153254895383496737431719739161144801929241439278760385025680468107604617831585395750590152936199499472238772030924823923140903816981716286708377248364607974954560796298728208344433837175768442133441778549635172839932027822891375689323808242936674643841213584471464742114094513991147434045538253285748773201429284259846089049128433898276201311667399762199560551863592048954295222530953009076408872235983215976515454399578198325868041426143520292094065858782193140191422214507575871243515827225610399252480
919 110206481883952272582555794115127465056304091861576342789078518469950278036462559751932742579043672490913414724179401269134892231583443839955836399592898729033161003192699094415976860018271190496886161288894135852496965240484327653363790512786903595192908757813242101430869126146739810711067843509823327870795742354260360767019512638592005167380724094453586681863073238412650803585022752794227294708166277836477205336589908849387058746689440537795447927962507551130579974126807580496457924553916483290930217780593318240102888272218329816196104486069161737489122040469951898267366725300551814421907176302683236399106765392813164843249692350700348860396967733751499062801147491593526309864678263903083109026209598303723843435043816782845802942302189196326515662066315528230036410552392823763933063772464556481144544048237772800
920 880214379220957933626760842562996318732307029346590181319727123605646351099920531583914991816100984199164968905728522310438247953994723191299441156748499848843116360282557549748476051537235551925129905598689250265377935420737869127083839878215399584214666904795329305776115585789395792505354906641501970863703385672940359691368890074319623880340826789179298846010719734626258809502986073404328436430006314720037505231807228505756638772471748991001034102900549440986414836830197936399970466980628607849733956795434459161169590243761182053705408438735000485945726905840441900509359453813537752578449925513170022891996208811294712248042108035811047202387955334354364253763947574162207961832234655608537701222378400364959566913806484478642347847865745885442649005286180979819899505151067901105847991956597348938532727898316472320
921 7030246442507455548054780410307710011503637902142798451452673964433370856342036297862408990010031313538607504093962008811708742616270557866665243375724174688479873991572739778447111655926063756744034294879433360425754715477684870031301548473564038372945808633739893999228128392037780075645375345553624861751793816514820071541487030821601686497054421130513487851525357619881389579483133068362909857089170956656455904978473369042720776124106607576333992248573769476542961498070505993657093110868082561718396293362883693365432688200985076207445151439017007138563265059025288404068239025246887847955567483251768391306757993502588385772635989914686279284219109054843326222244949354546364568119346500169819033867334976204823641930467426519970804309338139775587541892383438965857959565571395744337261486246178174583981266471244267520
922 56150471586361065787283517290136633974742721812776103900756497911157638813560472123057244905025890013989485531613813701615426443195462460010979232341467269420787193138765353284690379863600361718723501678407968835331082130995305187538508246159789130779146350085532081789930517873065306374243540178586652366529511567044614974871486437061035595839814270287528551560339190360961554081685240689180551179614593193945923301802036756649236220583428479601001647417025204365794325891313672600098518078560260286870141327900515746142132663679017463331481665072582690421236316588570741656787974166939351531827330744757074222975017206239762334956281377149403211116040693145191165185045343868632785986584455127169791068762532282833320281101911202703975057412110695561200280363895492998457716096385854947179602586460798348846462089256228618240
923 448473755725518718292366294109303646437490081477557354232260999567772603828350813099867832545883923275330972198328314851905659522466900601517810293414189285124640506846130210633518396917076778537843612538703733753045219360452210013579504648634848832181870956479461004285338870812824960553546455250856772747622491085864465433101406299040037283348982449143727499569686361149521751560328921300800675293736490818818360325985498342381548665374902222772030492695893614934599968007328704667309073970906000904449276131400435623575083419980191483943318347686976808001467091972853204218679247625868796850087846425080337130847049668905230696963928832443554141221508114698103217490958044419892630870098161644090682295685144083474796438010064340556559180110595934644819574044027707892340501692910642113334810690562302738565675538458198671360
924 3581965711314207944802665855548334318948784416996074972114811879664677290317347403330113207996345620965305816908726151089895852030092777531603290005840602731839661191043767266748231352000028815594465217029906444910685842943871547511057082583252364049244813483569721008253031240907627931693909999730869029088153662568917483653991751609215882198176937743160940418641001455934491911813016709090810588385038205890562228577676382864476005574098245026036347441662007443958168575642950043771364681715677799431640322348198284525956835107633996917209620569188191388583146254068892475253087497271549481335117214953563731629492669433463855566659951064321893465600357019991343879960249315821220363442991810533971033920082644303077919602288176226523167477506707789695636857624377147451810500534286297398713098372672937457375200729244054323200
925 28609256946150668428326589557611993457722831646234596642145113694013660346880608233300406898029190754261275000347750058650973572754946422057821736825027430251709639869655516288363171057920230150931793538829133854054212981264132965418042947162236179022508845423365512225917183576027627199302277922174767985841382982766662020795341687447445338032574287617808678716669966223182731075107640482986928245393148394723755399710133099029998626142094955948493551242160984860500485877675799917170640290286948737514549947576744784948939565162378345107399650556932278896056523810876732548291686951180764938490644307110193350571558747864249691812414830771037998836600473149941674146104131832742893021747917293216192430920616839039069913536978428066543958187913034757050124436896106340944838895078169908304532292732224499389284305932600079286272
926 228503309258888060146763991758205511461466590556750622856701145659746254779188961656036511250349778421723963177723498308620518946107541833196165837535532261492056691658717276964075608147276481853446592886803751603223498066338582518608904575822784859665740195195692579290370939231425843159870029711020069139614328877475412857237955853521928423422159212981979468454094028279329890962738778630854558642470545925892975093149184017738520344435134226992503569100456419036999561070507792858956863484840467454273878414986613854732566980497786436732535437925562780470015172899831872491539218888696476765741690383787246242794004858751609849508229037130234383796433152718108663050309027035600903659662630994197580150203976394744018445485413017257191268636938234409441382651494171163745171131747456416652614294867745569636227566606382490714112
927 1825068502430212726350205604075246609342716975708933777379736011288847109369056172709055371410560689789044469652497067397007898896418813088440573744458555408939792605222376179764849841124525427878013563898484333193383796853474503740863354346701077778818921688488573740092671449913135860577861596526852849956531274011680643791790534131042457440148507888801052841892246154671152656621486426087213756406528502734963956407418078174040997443579000880962779315663192369525290992627874539727849641037496031317630847664035478943300890963975847656491577543043006285436884940831019615887115832418456002128965993097692309796814252399349427535878023506917211842102255731094796700350041031468812395572968845610613682235286128615625364153585758338481385278304089199101946059494781923728553664573309781347244828737001929015735306260144181187969024
928 14576947995703380094512633553238930892724373086157992627089012193613076265779573655301205186309348957668531906319297697787308778685620951090001651502076306779161360764987340780621839463809248352836030749585739092273017998144345928585430153467401280707549404692971237674102242227107934265736110079156285909351088149757087210974947671313886524295668901370467029810458328123300197727239717015256927114746971187792621600098903874381456759754102968243207026172085756296251569867842463457395281831217586836342973968626973027939381685156238128049477987876115045891873050842068445466546662230480167982521439591422516595058175903862045212172336110165162041135411551162580423645468215652205643831882376167743392901646487915192904309381872457763818995347833953818689250207947547002883663536441133727743295981248554200285161734913996412678045696
929 116427291849428504091801658735234518002168835628947583738428924086769672650252353630069905793773271545641019101064788931735017371202699092667182189607541653715153172094947328947485520798131994378948706309931306851093426852778306555547784433507123253875152403468080283683356983127169937838279802785080346014408045286542074386904318322011881604169928146575743122920991167572537639543723035794624756933716389896040099324794259147373960341631263750661567421094592369987283798083305789939583413549660381405451955702058277575145545859913118310147606749236570118964152892624486399743569681108894344919600733873363910802294580416207078013260208759338538584741392583020825342787270355370684474954324253137412244704216297449656996744470929641127596281464938576248303806827740364651664998321198290914806519032146686938768460789087032704059310080
930 929916047158661213326777119446582795397967861346045862375322632383360353167822024477590602404460065635506978368504572241857751648702848236915945488607332692253933077764805117657981127407015542200893538139967470204217177056384151714633271797947216698693152745119247685161264162009266987379292876438254634618304258482187665103145458597746512425563684164263032168878626228740655469387929795572551284412521875427726728800614792415799760664125835634316261079452292606737144142110532696420672683706319691483545297800955791213097972739177035277178949390676605208242717942381381696016382356211685154906230377646609816601552842292028145680104118993942650115547380759869559834649294838380047612860989841187847477056901782210808786901000070294941704493248993273518710405501564977024266244655764413887293358463210312452873254560579009597583392768
931 7427342348734484191512260644688281059698484443575936662323199886576442090393044655225954585907159020478657240760687431998339679118962813630190086630810017077980930576003319930080287500965163879490702845981523209923264155307489314876490879795419445082150680787010446602426595390656186163429024521154523590785940350240115443294296058144836806011269125075681962629195987794753505983210146036388282868841581810612863539593309985396226659826465857977202703960050749542102474587254480269155877632696233325318628178784003505328245462178861905822881490514577052984417669838397373030695831579796015909648473778926090866003380166792181838106610342469342154950816673824264282417241843628565020461046531105341389730821827768549488871531510765535109038251127297510080698791954497496404343496520154867525148671893052506336805070797492497709591953408
932 59323107772510193478130116136330004515445834976372609993920493514672784249877494005903439847095377412492622854316048544845107909186222301140702794935353827391083741639236817123945987293116609355073811143225814135910706407842221523541414280254401662222671317358911764494059630995756062017774311733341495289496287518441437081419248773422924017111467132042249495506153361742644955513966016196217143428816239268457249129541415806104625810888639320581863656951306630462887146810646299488837288731535151152008442234837040873029462682896403462387907527243038178557945423044023653262338809313306375999381157521808820178679358327898070389340780460667149143190857639428994976731704167350899154841234310673992816691242152262963943304378289848329776481482179831185666010522864033651538554708257545959074256130441934396106413033279543082564594958336
933 473821864009374021220820606053516820631406604763053257957873009294042431114777154696669275177443464606532717588813712493232308830927897736442140651509385553824604547369338436449780811691645201408370890288658914191646928350739801493494768720745767617238313673053173064319112936956456778302737589535756509000349769118355400997573678306053193757250432012839060279219565757455723696130841106853387087707972792099189089510549443287343699402724694766319451202144841382861130780313972372766147347939335419490639776563778808773650113518696675886082193883188767959929056047721397925092120907827180186438787123100235078211702656226684266389461410496132470970051737544506828045664158044050268490757639960495814008556416418717692717582236887405952298327979854342974901511700303085499748456255021685409454830315169662507808134966772942177139723075584
934 3784487264999925265853663513018453406756202646180275486472947162027362458368562713101876651845533453923698151191167339614039640127111474425972558094496805387078747241301139974213452735781234692191056575538967344614224930938457086875236589568269193174087601714107784860621608682757138721775612867169960981951401796170161982271841156491602596819152272822033607797620942773682760999075026399492791942506934720620932128210598337177284793944674756913001184119914900124351215868460635868132183314376276476873846609385214040097890628318498075064425231658017354369454773143470694348166190548598248598322646614911941845245505155729191249748803128802085903037029937989315778608837921850765527774145603967129306749283582958922899007669686488274522639750245945822904459611653384387396277819767089692884939008727158118103049985923047268352743398440960
935 30227327160448600946946694240878941221021734076657002495165742680235660790477461327748465065221865062996981596893730152125826772694404803222634292887381970728025758714477982168370123027608834953243647600133698534309124902939462593352157059781640999597953165348617045282483608174150066282588531435321142901832158945239325864819368723721163842829336014368927254580356364314291827958387483584398043023146297854114568057194383296299425498586985117247372024606978047196422331663811795361723149723809660673041589816993345937380799157521437031637569657777618826129506145278544540526315626756076706451629438417285969732934152409610267650400066059779655105754587782785251587861819893456167873173603604734247767704438286136081507796018415715972336977170948367278556689176286069096337329152963236178037138521042157033148211010559697326265548341772288
936 241431087448198440896766545026507440778160773458427084031900739612651495800864851374196073533759255567270763267497357497107565120366848620611553390626140612353333944604099780652494700592311591998343493011324284447110061724760066611005049336461055676275959256566518195012657537083275529410931475438526564459505577216462820689518804036901090693367645345536431789789256602151330882283017977859999753890001840552735588456821805046083872892560150359552727837565991325684245033673778827055814388178633571785960390461369929730618434296613529111669306369172519598444645237288887804460187634218407539991860770948322553123307396810092265976913348144137501678014207547118099220998894790040930576758398022428671272818782721317676658422044525526291870984326933754032574581497772064705360975157642258191245349982170049123735069994598608131582520729796608
937 1928356732617200780865956054405956976290026924826967232545085523224208958990045408414603430444668376377219202021291593925670242647625928577008394424168662052136981047403503477484813595766125885288796906826841990183747814245575601405295399396024056223318334126087323555469294565134721517728293662947633733633873788567777748175409529788866342315009026431157583260173742167023009949846431746322559400333803388150131423704220265704260090424674669467334701319470521965230405370346382861991157824043643171020413620291240719427906469878181058561081204767222130922902587999861298109477101659008070468835737470413282804242083839622978141484759335657123866124075057932371242870817213029526493528772519530262727647572860070802019329381623510180115648288903705672550467628526495338585828749284732828498698184916286710397047239956858039761754093000851456
938 15402184051991543976809960298091076403374074329214966424549872857138351301442878677870158742954643364411648466464303434638722236584236094774996685528647778352462965892480861464089790468528587561389836274996482079378079556852721114849118477905130308342325116495358452108289930577813788497676307167168093744546889577771632078177151596138791723479794910471463340922411168779676322541843781069774642886248246251621305571846501312000337523946335419668733030155088646656189975516668550535221486586071401532286715184671615639609675130412934425095544121658878683234953293491429472746484483613313927454709323164537649007869607810719991722818568169235791050108283938197575001693137057587646577310835518465595261765048899414124444366446826586641179570341648787738537423745117807118001097003881895896708152240290852915026309085028550569184500708701896704
939 123020639392903705885063580655679523988610817325998134381388760839763189308649190717812769512417279268463645898277183982737398055784633344848216338088241041153857555051764069201995131537768271257107318490387237055735459719270935422117559727676759651296526489579540352302635228257298630173133443827221196042706785764949138004609837029862553701915294812072390901936191443927127176851787388736219192382174490827646210637751607923325379584235905907897228675360132960512699484957416537821257880080442504251491335340827600955348842894672000200443643144240245073761607775490650740786617281256501018008860408662441286005348305197444023345196231383672452476903226343431110237165631450380563716540219796051080365535534340368406105163313311394897600402089846547432407537900301973785951254024615781922589075401684128714267644449109828827352242082283520000
940 982594638895660663601124854854087091602648953705951056314326400409512792903551195648232205850243545476196865323686273768502536811522369311830221559964376315939534599285792161243169625091025724040810369389178059377087054864134237392828338761060756874398213706131052090519346057187019271638176485377422063711321859067274604402777294064051120419127695158552671161422261022345607280641723100671844357878049018227625265391743693923752074381322533570736588185748806667584412481979024857406387408131874810553401006105248540396552247290635507983969013539314638312555479977004048682793534625184903875755876540678307633327824548321712475825248197051715716166584492964341250702808043541975821684876564073139905728128501944134035146346974831864777855126479327529917569994207943850196725548102994990079573168208345147219916462259485739186979397397643264000
941 7848226680063534056988368128675152582875142971364429478489348804971198885720606574380566694123730592772683995507785370503788593703934248403523852544837675229119598350937315498303573753649467950999713853697196912091590121529046682512750046894933739285841630409437818822894160431262100792383139706797772827687880013549028614974786548549849331636730878652159273591126157113655243699578311184537281821266117344313317210079007017567397014930945974832790857390104177378920769622268173037477585291731318890668822488721623835941006047435086586617971419512740511750443132313668894686372163913804184410394440042229713254082815414650362346761493569650048164408128638809764973732524181999458316454338209961444773063351562818396820573797941377572444589936895457720361802419199687543122836577621796328839608854680044767805411403126774511933408236812632064000
942 62685836030571157372378430785723830184238403096120984496978620391298620399322551874351787480453236709152520575584476780966566219775372914000120452810359520619846983006849640986450200554626960576774784538447674699126458677690602164783366616600298783849970729512324998751014504336322766838525205046652274687392366477646381421518358801793064088359621158151641586517657331340915131205549058760571664992787969106808278862669266242226215647919785047390571561574462665179405382842829866171954725833318941967507664973610931785159373143207634265088765350757812749904813298862043273482233716865671638539074062502904843443438538407462129826999445454402295529731167599155702401659779135205864514864586721602877359372247514485793713372882920302393920482680680917078558600214499415153350554575399570677483245246934879865146407003318313617608241585751851008000
943 500688989376735903848095801355325438968911614125114798760596997653511356148141527802351710819484389070346537619620656536840060198672437739394387328279563000327346209976237005206726310262407494235702732920029571403839328483950811776403305786037593255522777873474901262558474280658730731524678520054490915106510396934923165288309945381872066504267939091408445842683981993276535279151851018647535292392024372547698787267894924004716708653374147377461065749500374118909100046205932716868677619275247371049064403585617749953149945402587382062193616778269189429780544821875832381620556050299298813866708206544940912848334115890779174821802569631556829193992740569290297443585849890106650610774196380819588834349701250378577146473546294504380709518081536232699579402773711129305446847361515977033726196394393971520978512777299616296739422718857838592000
944 3999147224470962621837544854045713781594908443329836422303920934647749603132401609777258368198000311006793319546546345643828446925837055672705169973758373964479015278835621842435080910358636129806354455738371788543377687255285085586950133079156200367205238523305885084418322114583506054762792416536929554982085161959026129527390877308596802375190954183495425480759771429348597462717115127756796721012567551917000906779584456563097439879704524603873342956814428873490057572449928691938378442092547857743586443893599401108845962219818708420487150962022974894645453344220101861672661672941433322621800717530566189487753425653045527708041710828324673858797949038611062208302233232419645768260000753580190477750791766794991191112859174325244226447388541519655538873849345248901556386764650918256668983912850153885781765191566850505736490784097566720000
945 31942394973869657004899247151679415474580284582278947423862428798646787306289277619681212871067202484105053942790827319491658325287003276420718119536431964744854610925556903351005281176070884135215199398849979111032184955981896112180211221673514286107582159125833672610782534731086035662803764190498142096301353230123522990129890308915649380241207748335474573046322491797590702273638925909320954127198793525787854861769633310199216376943925663185223272632841596970479316991377843139418921143824921936770995215353320930761449018873218636145859275620475570904533208298596115187201323076573480126083970175577474707146627361724008087979152204584332950567414729463953754019328313691326440485530672685738918228638070111924437577269694230483538011878189112582391542243190325861067669425713846699472314804840415832306752130863435542452168288294569771008000
946 255133970848371171595157200293963703304364302646617047288271154336760174298437401368193704496600192357185821978570286708328721253560884520755756988601775819885963467392714547272934360006756448758653326276649516028498086181183094105321010561273862522017854962320083752903882486710450407471612306790067612769189244193248773481418024497004911963110534615668970268433417281207817490887543048806373286876441949134094113462506711725016151103793131407005863687118130133941798857491385816872568042455328869084822029436796715594961425778653319254458892903370310162531345583408237046886356445207811010393964565165606129901902659984341020203774285473402980734130428853942531253033873930498586241341088544200257152363202175228013795278911003811346314183669764201556607286669710467448443245434137236428343351654729579311743994821146003127662350514116035084288000
947 2037838812562913983047274617765091290173401885130951790589739188387807770214762939756089948059433848986012204272339650118055382853151563373808390561545757446269722985595029393423944560814261645628779049584558541963632020986767606982732971367978348591914524746556614051705350717505646126837672110411902241801634047600563593044821475496668589323091957584920898743854665591400138860689942577794516939739606022439585928437593207484711897517519795103054226958143121787894156872296559998758294269410884441137902672291373132798614809492855023063069763380246067655107812030517323149575924130466612970031624045314302815816253136347999447541022909525681252664163214204035170430779537920054177750268208815555169060691933741736743767148556317665283548558899785027005467282333357946969403071239507979243916696849392331482609901612617072500145743705146451296256000
948 16276915072496186370921902326705982330372361892628235188128169973072236746905258417545477939563326059622451910074004040816366412409349828973077144865004720868306268403929918319626696428782267068250121269466537214924706395476586835520310189027776429892380571076926879324380712692988135519424950654049497652871279544758931990016232291625289618517354749823861862118636632761689716722725997045422027708553055698219983808153434353453838067513354312785154648235295061369129278309102903281221312455674279523519197293871600592353492972025209108263253426492851502409785182167802922878258330712967503596075376868269937680760199101716299384789689315325378106722620103325901171415466942120939065321762528640700147813881141658682092621148595398060682520767921067747347466520915808411869535923444677656998878933062867862854770226804574338577113471872752035037184000
949 130009500789800940665530052303931871511298738826261351660707616855519024806682675242354818526754490549987550556755480115266656908390802638162196794601407570265291374606732118928103644815774061514579472310386040136068782379043759971806060308567487185020278955493262113044052478622602810576650290787876914866980293940224135389170748967881659966661273976464565769082471734808859908069824085989777629115734628232357721038780856058145513753162513899801340604450512713570073687653319290697215541005280335920206022642304249199198605614279330917424089539321195351176155617315011754918017014546147183623025665607466941644006648251854108890100995795749595415129041499694763834909630580902758814688050544885676628481790362247429148649427137109905135413509843723419276919102783801645912626237840523329875134154495825500989629419577105886632792536138525211361280000
950 1038433781045273197652675828297089516871299821277548564633104628104924589719061199725250908401066393992953193289116403278571992232494116229868157134142611203340032579490403493080474165117993240813293721990746602686831495465456895437962511180431676589404080751876708330292916008198221185953286743682536873695417337282548146666344887545564248238974470456224342163997679498662767349930342278410981736558099325291716197097125406072850693009470689970202707901653147863757599096750933450326812131734807567328971894536636466235283178317001645264646306762493926657604914551775062311913592743553857715085809211188904371783918365194809450797985637998050452642104386210193545241362396681989614616687292141676330796757710809193149873633529596199958071071276520182426813960159919459883352639887088306344307913646646656738430850563948504702915399751809609793483571200
951 8294366982986219988822003776808298601634483115062312194482715830793908710311239614209259621676656497129834338826633227449035597263959313230366479065139090116268020477191487837475585445043403425044983293629559615151600462203586306778930846400167208594230701778396925843222912721633741460043287176669348152040368132490258382836546546578450083725815013233943326054391559907300084952755920028191185353202231834822162179968206713490403642586687025250956644816989811959098551775941209767279142957578967698665478980967708304440810749207092005710045579566670732798282787523957280043423396929584756260559207958139766149390792746603336054954257524956037053911067210991198916565077565926806637884707330292506213177888087598981247571104406743149191911521994161204746665448343583824683434965912011330169677089442616198301914554031285848289532467418239533113881395200
952 66250385019566404196431215040809141351710724377031325553410263841761430497065825658032783784904722693461407891216091451179061640331036363239187717238779034920275239189668144449752470298434915592481148072226020287408371759029485584818266970616461611502657832271985529529272088587503119813202894633816936290036721932201601620891911701872410122532665294780362448863018299931838073509197495687359005699316986210071135731594793959433854304862571575638943620996208540059858600529681679695788448581334527710769224969830308767823450564044881944768053137631264970796367979340515921691377636819918578366903589615225611134419735341566982522974972919921959829768650286110374539454674171541426128650540482714513912820022077838921645515417971507254679931946684455673207609316391398532450461639490477053162000617774846188957729274006194947892442103201988875838187110400
953 529168867543483178114621625278739962192258167846760178502160470475853104872681075455346852225283052615559535013574908841946502839664059598086775344828526772101925625091032440242933687210584026747079222587391885023874633609372974052084625582720362840249980502890192917919012736965449892988562889771893514207512620511981732988698039742552765847553670749074626401621506085079907046749224907840689141010703986391460110376599760355939663136006185554841174022059957404969195873275904455240652330116598557118966779087458877587273982889307073833761196729957176241030380964050374812082651176781972947039737800788139928599373583861498290624224022944854100969778558213926727171384029164505074177636845912301028231254992714071218851692929275040107684828938260311211391733595352912517327296956769686598813377442289747314109375901086207705516546998503189216033872281600
954 4226694728177507145946977761660375798642565240033870608161910676127883290492484061813147813371757715860129619290818454272151311989769532638806318792026597487858148074626485528984438885266929018671639073496777949561765941408199226705330028239338747214575315966481415130548089156893845057204244465473614861909063069498218873557525223100893161172284036800784751761379325333657119178437205238727517038261597878724241133196740224226687875363068274557536421434063810718936344396606280868903323643069686588308728361264608644879484014273081658923752955012865495761689206442414943467578408770522676998367717025163130247303172650969200182973361692704180554915841314035766940299734069427178894374835184330957898450904658785348729192767422511326646287627368494309675896236893699364132111114057216993588006222337786032005779291788550212490603865962887108832471810048000
955 33760447525170706292443504048110310567586898063851691098491156688485333759033160652890776461151589378618920142356401224280597076291059680595617381932543335745949689542671027869207643787242025711442160055113531098698587016818579791945819325036309909688775403342743701168398768679357329943826153699091868237321814758253836196331730263679175951227416369336529933440629836277629848265046074932998429285716721066919907187460454900943638862062287746937055311726742144674394172834882419338214191360560805545150764334792078265068800063743525543738625697212709949392843211248943653163024190682248146747171670647062154477935707834128857587142202085808889290992709469596680859273687415278032048472505535158687800401571452580774980400450155933402783122535672119993934802612591768324188213170710420133077813051301185185486999411270220964270498732528694100705858604236800
956 269659808893518319298220289656245116625620871982815390405939824762838921112946877348822143365432569555579575530369748691011128948282982971786751389578348234054468440740414193315135531338263711644950140356534438775797500481617861183366397872361153211698210230047270818119134934765243275576418943144629190230323616625550515894549259721186388664824844556750776748695239989347261005598213209402066951909762428940376999250468654417997517103250658196246186569398957130474554292643475056555024649821383170651434347762000323882913553647223390221744922409954239721300994519975872108318883598378291682595609704038668003758909063829924640727424534651921211951904110365941689373863888183120348035707167642752866154671966121241420240939160450530819719585441832958445278402457898266656382003945130510602701025585497751125919171029769254480302853892875636143294912449740800
957 2153897156930046011197069899824804254426589284677785626189136907510073890268929916880247088699442593190021186367969027162057544075940566182171293230864047963544782404409327161651928946237918298656216168114262539187247746793612257978738500873906640700335547542822714873252526062012037198021051621105063249864779232482453650468061171691482502564180890064579871961365114397670285398947483566007732267918729369718120984608759032780745058241638486156850418115449977330561643691710264715053927297005906955548133912531588793898632397157132283025097373982957375579545247764572169692779045168237890931829509485550238475165204685387611236907453649821615197659723113518556189732304661725989488385523081986627908972113384567157174839852604476340215189666789311530152255076685657628340004219599349658356370574269116833444645917817718057729817152724285645432963752106393600
958 17204197332806588807599142874174741289010711071351164521502375382324723808285857749444311819131664637881046052283610642843490947044986651801643774324187573086685464466117089186806430372246921525383471939885529175220062378355658661851051157293458887932116502920333417755875082908680697953295497917219148212907401552145861517099795496642196356598238174085767411532740976378886246213722488775669276945839370706767287864536768391271671383783943315315469101690420904523442272994746289769929699036210020901726848328488222808885527247438806085290234974653016532290897949785497121596185024663211212328141342988967040513532511745914406247198157962875782351244468961006254659531936609109886811196265786390059247864939059194036223251098256213940841995125544688756497970612524689114882789445067039233552137405331192076741576788247576803495366234495024800472900450018918400
959 137418301949216340215025479057537558158312874667935266146723874273834603098508519667094294613710689391208355328980664780168029879420852714077780303778182283466121645266378418322145210272587506657390401521921953578921457578940923201020909139591131471908250690687960354546405771721057503985655384823669108770459536902437225465051546928341213859794060910841479011825647423422595042749858460919318729306704462579601068865851559830178313659838379348609482084409409936026660908383479227985048482395587862468433428776037316700795765083817783746948070809011581477943981538432646456128026370094054104727385492487473962808820688189472733945294984354148584786791065945055172775823393561816197052933676667098909112247584143301686621588542901562864285383380263103101954593213700853618354710270295641844639595959162597818394659226252803247940047295340865455289277838524416000
960 1097628686819365517467516013972081245789524086410132938346956945762253892249336800840915678227014131512276738190233059931592138661874061053696270176428230989185646641565197616348134867052292709425905832156351604211635142411790624068154511752484162631867152391870083331939416101621946813085422386279057006304045551008217338402099231090125445705105061525346313606957358794587977903964494456593058350337301894854563537565989334143549280357959055047018238149220161864012954005713040333530574753134758051466612012348598067147606173606994547678747715586980007055077552538230763568322610631126257161509991621243698277935455246913413462388043687528761820984493639236128192546889356075006873960307742378452536534077578344622221889938486426233378479499749851536026862313294435568276608248283986439234058772723811250074427340569694265942921127771535162824123106735213772800
961 8767323413137824882498077963839433551176261068974173189127202409647305803231955549692891515161873541611067890060592058308950318801816121382073433792157233166481814381534294384066892028609155918369670309710879202839241782677320322941887650584878701729669367075957086010371444324713906074134965907469346077408796721684782819536434649165247576724647713078624665189390932473732901551333464566918122681778490473364859224096289416114343679529337884017598330940076964066767362068525803954402384812760044540122490953993588723647268458488335221625460421275399099016415497693506078200254275967247814746878975738466834528025550962858857166795653845443054878123801430568699277825101662051771867345808772629554287654088960846326925314430615824940076179646284974391823303971746188784694323531558667957919495462464074043258381130294457008717859080930597200663859487304371404800
962 70029223603483416213217495919066743666567973029103478986749920286621515376335079463451328900731638558980712751793751950151740384275628977858474288210952369699840188885352929362962576245148393011177283430164652593156688002175186446450587013611442769325134528702343294078684176913827083444545819161116897358429515602313795410933434349465449458993963645837995766439999922170648248981752953983574693021606986275816609436544581989004799203226021102693581678735500407369064875399742492292752520687368172813202931902792864607594190057197887570654925028149861410438811522117360400094338728204087534838896101428668561864187456963209416288625576037821656635658305813399049117264117641586086308404568200504672709286922635283966833800504004156797864204160139026223253916547710722059866093572242000611905824463174578948438046367133687791047847378243980135032324636639074713600
963 559361150527512396170372771141704457199627049366421558012544534625849113473280821633299711219551156589490802166975638629872468365366706228128124844152279987259782692529734924880486123029783425796444095685178097348454043730770025073829610912460246917600139973809371358310735917778980192996309907567301323448639495340599911008203506766446767641310039837783866495801120873662124954483534498485624650801870133368204942664486941494729922607699433356094527801488545309951035328738130063048652532842404969137234633640999703594615275098614902589281083402418207652227765553610317962124250776060063673915668548483196861743852459980277082130953199255372983220647651419174959304252952127809113067754868741725796967637600114853865924811502388342771725294288462502294152778904455736328650043362082522021577987300871091662913242633429207153416450709712040704744175602313356902400
964 4467926202346312707999865495633946390494946348673699166697710494418089391850894529643576531525460483131824872080614540923255193374817051822185229564286883715664239349044563196659484592665282550448775453087003474671261552621295843432041497952223963968382860786651617696050483990558244280157247187000228413438303022948775222783368259441535384686812558870265323669780737268877969034775119956783516401633195048687944044104304408204792950289715390914862929534711409633426319534526557557546290978098047989996583691945744520413420765829185425246332305185290662782317214484231792850992459518322085362189468696390680327207120271626694535693298375794991670953305929385526127222767356207603911433311710903826386567229793448521543175361585467053259631500021951522474041906187042707189424620215804377143309649602393574485925278296063169171479948614919827205944141221797560320000
965 35687849914699873941205143254245035003041498917696241634099432633134334748587248740406930471500776584435343123313343918586995886562787394243941709307278030756828970883352842611244877969185490050631255121652458842244646681455905037486192607477453175407559679734207947358712052434427924260572084266733430684748642177087211831310054449508139632296322490955445714867015464112447031419737434846515382822578929984753028696327438734137351358376296614685765244407829580781813545048840109485561462030238086950148877821261967630411033433172395085801792133024062620441555532895812082171450650743240035203892668095108149183536251869117680291320149099096161450474696480521901957132736561293482849044525044193465064932857251711092284762370052621809870714613646841798165715039263963924368999971630487190694954175269688779417110927571041355413230511838136816687479212992347766784000
966 285059471989466073840930523136392018719946382659362526344421555069632015445237278758778339045652165761390380475658138380763209379625742788805646199808444394740882338857091649677396975579953665870259590599037652615693264797219216634827600578981396171267836944957710685113687574103567146578234163770305539506750023849280462205370993925884891721323420642041634716266968241295694921775045597593905480185319900375108042878739665913668533210384580412955864001915955533449765334986387458375354286775690557875102216634427890513717944068693789318888848963161146148371679598161579737096183458731718542063391125281422856211351676420405818972905041872283625001928320956218421843929808806356639402927075818837242692569282147207855144126757066283524805832255589059331932357394369301905208285487682028119464043909297017207021146912151299273673381603874807119627939552224591478784000
967 2276938326418444627039656009002576993374214953113667170097530601197350245397117622681286340008911404695945500304015988472611198808923720062807457339524740956544545176144959567847170878365627833693779811568735086663510628018325986853576408347520479862329651047418156496192474480223322275253651169557228528593730283569640424068547628835092971722339297868799986089396135155913079189028389033935187103362369090483282857492642377990874612737342811902452009876730962296138559924958486792648641686717098106543215637315740461559418200606608923163492729463760799224429010564839753763527322683809507775488762204419555471950858685285640688466099838078095883676209256531366174066715453175076197257713271587072246698454121308204212133645368748680398759305421065040620315955030101848930536501661691815092802766448200786873869016286925166070168768881415729257503831542277915803648000
968 18187280103168815967221715146289179042117179770118672065283167983944124067572844481995564029905891509410176248296127709576683666519213020171102541476451753177688453824331433242349509536697349597231720561001507944299859685782744349537038005519657386668938906920079737632810137067238355198616974011380672503188762967521136114564060192306755017930916788348720550044639377092479264761949900837176515168592807652496635386501147589489093497608610146311734442527772521150561307169193202356156299092661779503917503417071596331381633808977582844938146471295246383887691229015848115805364936974395779049668501409681821187111610903541915085970954491756030343578977243285664522607276739617447476442808900734754763917817423507267529150150817319005003312964375697204624259260633003611498872139305992886671023750183355872013176894556307214932381116726349606011383910624889302679552000
969 145273011350388684815579025007511089562422055129740476558608586373299814533553989980026486678505263449777878391962877680210042909038915145639147235322741557889895389680418259335175648930895238268909718412953221350754297180555666940574483140064136401256539875708376851680031435397755283010624745973257384081198168595060468035836765622759838842915682086500616158251299049221661000265729858080233464814146884654617087607346627804587805646533170828124689974370443048199529945809654681358771676963056938452344144941314918064905929495858092074118940854308779165418710126504297643275051199362046780025215893612938385952780049941604151460696788200404205221157155689402521573767102130690447335054015368098041148321885302318112152344857921619296930487455384825968825352608152165070176749595694927701582790326541975695956645163948212428871651025244526264734893156074967185489920000
970 1160386898910114979331037407998140125700666065098174445748556007443636044336058056046644555448514207431834022454565336356976713875498468606610425545650104732506092246643175951885506111254202377430425255941816040232622984077263203562444428215687555501995537069060313244141117073671966940996206733815255888516622072447967532310993051592931166345268767841450282468176355704504566422741108185985205036474237177632962056476001723948398266133339183068360925692187827564381400020755880898111095827948211504256456118562173180584423857457637626175539746122870537086251717587788967154737213085213544795500384271869120220991896728811906150018019293790445136137655301321124471292317017843906789641235578424766621461028832291093539130276246573924033626202891053228460266837121611314395597377182932267867900473659842502775538233742547164844224280560406793298109229044607057477500928000
971 9268754673477705231402189635873918449983899074048857879738208438447828177003569807103784935178863226407110894086105817491978777361860064379887189013452329871593461858871753535349109576609262244439112549005896197779839201342176526086837265953524902650337163241639330094293001053964753444249824333131951257811452928842879691662267876575462539828943937567753234627369531250398987821606627281669670713588242584676883326496260938150130743697403402552221771028433357970486239506676222704170606839924128143164854434158820997541494787272335147906782977269808327127670774058590349384286122233693360900001009693735217748726211152075328629804075842058385660024360985629908753185592987020948568957181407067445845573367274201566930478293067381415864886539261595097773253953362736719312310254820620668983971239655755356876492833066113090146038640604032017322487312533442160448503808000
972 74035608317778707218731070301363274532587440751970506767785442712046232475571724261680850037786722314634577141650746468114941592013869896960333472737082190455814442255432401695936714766249292248791429866750800493377234114424545831829428531752229777960100550831366007049476193603891302202835016586868795849432222777300532845746756989436102015670700340818967195109976379247014137291104788286916999403599912991184487805470133666458451742866913598164043035251807192677834530380487852958004723770751986526267417517293298585300581819323467169082575139426740588291394948344542667304112605990118574102477200886996122017603192782626390413373297158170068173281006885216678559396032871636465729818473708304166198592205264301404987894513760441679809649270398173188386361825008526634506972035419031763365794963670045875297418061651545300302308647787761916143818409989346639631876096000
973 591371786069656847383327727011506032546011911124681170194479404684504952518133032848698423940060026546084207137625489774089749283794241355781820914812541402078715154377410715293751435933493832844405953673573711649052274961261634331940717932968478760848819610546121898035487129177228366619150821082368223372854301567502303470856932499380662760321359762430640329285443391066591855114559521650481931515702491025165302388606247539275526151656374599106826793398813465048437790459559705230845542801936731019681776921278023232226230112828352351603056509377829241727360265707898880048883015164647027671585616951422261378018514189694045521826583261354336940123315017373099448742001519381923589053625550811901023081828688746679923860391517114836054053576089005159443786335011581709545926679626633982403862751946142387267762769944306345271883669688063321962750958311615707316486144000
974 4723688393862351409283665006313672416024612596047247950834753355693478984179748455403361127570500006702808143255365821809464321794578231774109411414005720850279675463096771421956248636101213572412195399979880366149514064885642212630902243858824193798155869168427955201967238054413590033159130788522407369446413209645962957908898290395463610138911888040770412486489475957390230629149151004559290993010436735293414838381269615868135106221649480884036049746039803653056310071637961505848027025666394011635651154463596530540780359628136120426562402097494364990388976249699644031601960839816174409943466221644830794169388131823223484763666137344288235517617444389284100319520299610668753103528959738518059506752183981980667153628178648001462526218503051807125741948343316330287748777790036152344047281529918878616984799127481214955046462987857425713419099030456232241193287680000
975 37731369447589736180001213404277826436922751690272786708821599111939296747478852277621924575916978515078430584279783610514982705780692583647963175479258004084080115391382211111995142951750001335329413102608521324689656961363468258430222230946177252615423496496119912936329076890023629926403395467705137018716580591510522580712307574974226252063431573396430740969005167955030888348526756947187444362631057737912938216731618223980549956158160161153715646586828708564105172141452763289789163565015258012942001221499989517796510195675819595776479987215678066200153176443754695095503662585116273132963810188892248435888404892963348204450699361679299259703799648106404690552229839351680255559265167634439638398549752668374805940980774677574759132502258223050149003378151535979775371775824411850723528439543598181199053964722896104687078824358393468160110711024813473532731614822400
976 301387045300624573011567069364497884121157553460416644653661051922826595741132307742152176223205701335605988560497124003662710219535122317745410774627351844097836659417229219087207104971150625420315680889278721564836645154497539490493865279156145349784673748651384058659448241224000224289181220354743082169994326118254133236919210916494946578982082526842801287494225706329324595865896103647821020749048899718001297477089852125156114198984648172494228668843152266358364674195456703490979835197601384701737542543866719549940157259722018000689997930669494061574174347905237298119412452370457444000600270730127017219452873509776908403583660065217025644109448828522060417566786708591904992151671359506241209994973229305993839258080040354890186677241398675101395113049251408297468031110990896299426872658485544488348181054282477491947199297846347825590392523718694507849565234790400
977 2407394576792296998753602261331158124546073231530288121675712230507409163934285086611827618470723943933540567785178665020044821446522102935194662932642634382128472149531276177847046312379590051975581958710267290779923417385566835397967374246197091412200198499974822102127261079336845189716243852250168897906484873108347242355084464679965775949207955004586715708909864290884390118871497638554345185184828672875416709837471039902475245863742266466883275876818792514494040857135459686840948448190461828262394863881612977858477980813583038359656851433925006813229126521036306934006033549947850453409093667121710585855281704063765602028215847644783693067175167510528310643491508161567273857473534585042688232139990871549617115220119380685325503407565890747688114086219404289000450885148590537073415879454269385043059575176684190734038836561302864310038304252917801370786087095500800
978 19229618030574053327467424197872195571527529738971994689704155362703354180628461243979138400299893098168526498504924060466861089100440355960880068333133189972584483059446144684397879133240651826209863253010846703039633677521521593178855958702752227108494837097958394950734318560101671392702757641900122117019897575380785948136932349774941351447047591509030084987734008016757521072212821628207100804359797129348420590235504870877440307451487306379644326328945201557492277276014530750103772267140989572991644863643313479581216754719540588615173132312701588164566397118952586675311998049276695032752392359462988851432986372337563275096546218610480787567251951525815094833287997707733684432089214906291902320529252237776696220960708181915912916789268648794416714970905916467966791732904692510856364877604041345558672189448115437642445185293351713691226209431282069845174757045043200
979 153601239018477116466593725462063911511077918854709906510200709843044156989289649568862984974816306463409476218905522117314457320495856571618061424274873897431675850382909960604689902780328802125598703410158142204055092296443614768803527678299818606729754469975520580709644914341159418070414264310172579116543002083225481220051900894014342562120441435751394550157385028285029432875080965406107791920422485752303012273382684464005702966568570721030458255252657279039417373134252942253127169692586862574866867041563545873672231891631059655741219504275103594940663151654963460470827195858369514970504298519918869068647552024187686221915210857542349089658743882463609848412984823365145467067352053694793336206883301838012016800728026539920775290390276643076954761054631528886108591778666696051988532525907664271980405027052362331321676556684382432140336014047625930734695199277056000
980 1226929080649631497653567023384730917661957090606805253226378731276887409094040180433734128962104129587315693715910639932997522351879148206761413091044604968464447506936142011850523019351442717386925153361957078748309451527102669806320423128296918421918895909151403169178673866798567270056329450020439744208467979905601088765883959386065585281917158733736649529216336736137969796475646731835726321584762467825538755179632299983914941655406909800231048185834491000327101221321359216283142330973030571669446770613632078672557378824171362229737006407617868307342358317505157110781260499162567921621538417157066231703441874740144089535869663870246437422294537869311365197323311425818733383880848853390655342681104578355059252567447950769897784666505189348986124356669036334816793935146329486423434931237556322368431235256903971764883759271148311917137296242821240597746116346878361600
981 9800424338400114592878033838167942375941993641177294560939759162370733677534045722608298302290568766000209761424949821116175927777089709835048351663022960787856687731245268914231089072006019504020331806059424739114936658681321631602779648963643886599547878026616101155641272599626476175495818114536356611230943007686330409347060862129673727083693023279878069022364133195083722044019539032278034103912536898961184185104585833510660023253586692349246170829968472455212196911594465666457393787466531661163898975054455625359999613115399382703587341702439975592594005887839358939940833100344426334175713595150633018988960785386105082164194379293833928278389397292480996622044310227029148619867820198949210260192798650346834152006648463030498512381992521650005372537062761182083993145572515653021443548600908605585144912816615211773322260600120460940558464178131744468846654122465689600
982 78283633920988288051461606340722342155691444115473216431783575223661950067797407991995409249661121589109618501646951524272183276459767498926801701063902346659824703221881761062350980326695740315209249171822940584131938035332267696835237847729961961799239872953947757092515419828380935968013439195950286413946554941233783840039048271430917225299886023021755166406745683077634130054266053125446944512311547286610518073279400486820384136864698589396626236242640221933487242947603858134105699459152214205875380407665122123547695483988994661840060191765722167564467802631580378334924536496030224200890323259023997353308969858012839373213788911589443313050597181631589549392378380265597394882121366232747052220929035247780618216232332529543004410513594032405949228289939204391310429973391866377087783294527013342372583193618665703818675979783446940547597345227357844820400361442587443200
983 625313421716785389399874397749086297666825248417798265943402474726544895149893435964545222205838379163467674949065985115549525011965508038223038613177783546259352563273871401690315256892385506566656179549495146965009132709490301073804972106180733798624243624043131015961781359605744770316217217260022023318726703355613093298053516813098231997003769127941832722915327673983299276893282857722288309573418381784807515677914397377938612657844977949076611604249451701548058831764583412074260378589280962303696324477097191163882507568953800696610531664033011657900509853777384670077138820515594425661638675717046212836400845702051693548804344388403162659281067212788648160558448669222248977227280740243672282847136098439037043981542497479116653745018047143897775524448222413917161237183187115760827339194940090299399311532343604380858844143702569051047542578560746487822770740638043340800
984 4994881600298712561669728421044530792338665094068998343816202694462035442965612201911916104205172418927699110873636832325426083937041558110196223068676197839022877182248606928136054795908689107331217043962430747098548560057513990284661667433516837049986336265222570920182521835875156397038076552503834454558121837779592391588110408689991975098017911936608541872067556420232451541037808192781693204519378537427425887427243052226216966962054397032258300009553547128219250424461001645227323755804622320840501128445105612345646859239813895808291441950507593121034560417368133645128364968752614009858211373105674017168811633351754381395937141151269165144257305175323957867875413150494793659559376644629333478839928591189869070828174827424651319548619766820159060591629093672143178175060823912479779355764460477391543281142500742310518816025916862541904151084844987189316034574608760832000
985 39898201452944436990068449966272455100630067979832364435681099289367812045942575436185742038463245271191001628785557966229900942554967491584795820410501852383179693065920852091953785923055396849220320509539497581899878244195451853360119796311584237471362937801798160406087392695092112215122422654924029937526195552943992829457109335606961279260106529053031479644088866918161348959274593767316103688485756682719783636829998309559264056911110655685084573071235846502364530294070214157003637878853572000378744039194000972523400495937924601238210218544765220991167432856703020832355305151416819319354728003650196108714933940316348703373841042211356133355346677278628325385222081896541153820724035979638168336560972746682121674391958926068179271277705914051788313436484983768956879067389403597351171544319568564585444199014412020811332024864887182212895290086863308838110213231494142361600
986 318700035135284366869958531373592146422477094735456087520714338745497857681383087358416738635838255330527716864416891016254259455946170348602283855530540151490794383962670011233496975588219376860506332995063978656230670437407077887489151638691721556109994420007061167706231546517794600209233469401806957188596669548668242925764901751765138981189248501847541514885237237167787813796396247983145672059344644658317460368836781628893269485022218584356720180029466051777508154762775868864665975592140702915804247517943155841373531750514294279261809007361633753069406390648471594397191058187179380283202675209684527943447078817374809723907071043059473535808022748728678185328609652147219196239373739731876484603199007457270172725670454869891460385987030201898463242013951046819781317986570935834419702923996878311029369687056297237231289074884230676580895846576202251936060891897817307545600
987 2545725508618624061198331369148328756225744088038840723417742499158566474123631469841699663024264240147801945044643129455064418997649044608288151891593493976041968513841631579093100461537509186593953322525921385740347118265975078080004530414838432369170411354950020512863150468841228599847615676559114539488243305695745113704894108825649803168891626330867292100663840301753636397133523828874488833349415581039690838447729672099487879047533101640393497365098592048848910123758586575611982321751202940008308700538463870976077937508667371932826851280688065358864437673629736626370267783938928302079807387389212581870452653896841945150236421584073849398490832169176189273688711750282346649595970176338514898289382953184516759644565213975911118219981505685681341641375876446937341348537107657668252216669494821280806028989616866685239597838284979386184177157453676346771939282393507246899200
988 20334884325929333088033634782711144275438838403646286426328769031740290094922772833998677875088556055917462500295874066456850601952880830008714670777789326375428355780605421479962296399244962045141173705844708073140505523638740198590481532422980676373980654264438827821372452935318801730766581902231307637288680332541316232144761444182214824502927849193526993176557720305100909358479524349673548454244522029924332082013646328146921398221792751159904333203803733248497569531075673334746725185486329557232360591750563633343327006901217509406750516505253250822022411052920932647079102581827957651835870345420714267329567150358174727859985667147278157340981424574026807437197685357518501779971049222331538033704261403372678408011041162649686786429244982663357437483540907812985321784063617038783245439226369564319960709297627846032298487995693377849965107415611754786158041312398339263692800
989 162432341936139263291674130215791749015133289574120993698682785996712125126278974103730591722143167686297223207621238751273124120756075386318347724109742849712723974385018027999698828669398584587073076113420822828928203879419663871450762493570826434129875802516751000797616155903962116959611726013778898214944969289258238861419226904994435908567371090625746457123160758756620003975721175290617828906503259895249973152586254795106854444845462825240894067047572793390425479570776359296763527770821034885880332330464562895260144948958158063006399474612235269458015214679550422560085854799232422092521107915898526503441436286986431092107064479740644532855160014292024043229384948760764574379950747074235743646373776629569423077135718083854929841042502894884250511749214531569852418699800378772889422618693953041585125989333933249398542017356903624888497824654532722761019743546963478446080000
990 1297489858617160903141978809844930455769367731264796786029478254204039884342034471931617696301725424306301455682695713176836227825190953691924741214403885308614364837814871278203654885977377784762195844348416027203196198261061315045891545251674843879898038228588350418492473293826800425168292453855518714226045269837832477693033582186561615318132091499665053518111065939643788880242427327472935142416795736617814937061264750423944449444280727294954535638598187525385338073177474191231117149102679539270244109160922993308805279046829408042681421257811673243307054866349378526873897918941747468593592849897904593524459472886352219269073399904837390874564247871738713266523208257373864903228939906932380061369215985441045452216150766269823015336327386760348134390820998500661002956644466055894959145523870485507934521539043175895195626538644842288503273532694994718781963769666047664193536000
991 10364207589115485074946422057247698776862073623301847990120433764156589025682689081544586966624075135023897399782259601925162037804451654314103180073886131284552282599538366335277630754184583798362807572010152645146822508006620958530047903342339116199064450673567489316636143888933352336662162527467493584070004395596651759251315677688013871703666636035669589958998181612734846393540923031559792721868168568180245249018134979168460405449976021460000105060689457569071984043665878605232616904436741910053735992046282961687691815272150952639622735294487593737657564401636408091557796091163343048826317860536642545246842772319237303465171577847318654049496050608157067828251984425198299267366587591601130742481043128911519475018213386268333995360613111599309618403369348265623107371137833802688694849613480084037143968217018950944872431563988467765683060832304317047303759031964110302478336000
992 82788287234023290054309927804063271278079709063552261566244271317718559918860512381208978955170535655170728826486517223442524181010559383855799998896646879333459967055183482702358816629192179453857749194161743508209094307907726285677519744036991085444946277356198372323613713887003915237611870834327035443720478659987770705955065957661110805826466153172022006890223378124305365748405518248064312024277588441794620315745666910212580899985493945613952452117846030017466130606863328697442798740682200499259883065498736077029505992153754182173760639590241625783466270482426308182967717970139445885987643877915680976346756177275843137760100385949751022871176113930480449063577343331926737292956492011942903229253816283765000322625325476603103406489413605154162717972075318202416837508967938560993163294694774380957992746120623152507226963420407881628298965761269564801244946138390735924232192000
993 661305835186578788228385042640312052142727343697982415653020705027334962010474908567723686880576725898100927544502572624719135754054135984636662226836055434917426443788233015906455320747988285425981537369678700409984427039601293955683873725781886495215824644500871590403730089175946682441830170652449189465851799326307147270529288193522589035060956220504006604887464083869073676854332901051003144991510404350770320588614934473118017823449081547441964602415664360622901659590775350682896555499588332688952056873651535310169226112551438240687078945850751838584546281436662111286304067411023247500155076777066648040667139977997973583799714261181696992360693792242266789498786996282822638678480256433767480779900574786328280522723143686219351682048367287092465940538269309145589481491574711647329074776957653967531519095900083429695190608107427308233300499917814892249219448912100017473323008000
994 5282463110041685692689514324511144561381544375213259939924531587441689736783874018136545345907222538864106000707596002656207180973028007764602714367281971985155297750179648034504280932333025137104922944381538109914764940336452991959889293141557523915506687804161891778476475762632813539827094119698638394727226646530059103951712825207816254465175042646681903866002479704145316895596985145216262546511662586061485257015696760278226420038416204714979073383481262598939476033350861453141044920187858512626035544845868400767347741784364607274703628601664959354488226835620822096190396675295296363331218621337936806280580574874551217560734136050083173158293670734812473147505401157430192908558484140929691949086932156743910007394790503891933251866664020381805009625627624058969799278715395583983695023872277437124949961389785374679858967231763554152286122705580935859616501432959833137563566080000
995 42195996782523937573363075227351333642070869039391949751276559856267889475334905222260565235447843958685341199622083446343250929018720206746796355569002123957803323134098334249487462160987822904231082976828607937288996729441335055374070454159898693548188095143194689301840230513975479411603762877753545689740700891076291214279611592715300090943930893422942484348731365516127616770055113501687291175552456516599683238955535528333008629613398990024777563067245301644593925138766479225693492488093567294825859809482373918893346584625256179516929085553802107486906961698004315598513841985172879895232689047632082147053321014173802087610768757111619156042329743718883956358163747134929822348967670303627328252605966614874971596757582839128729131493714205019684639703003372885117552429376848343218500552499357859566936978016094631111074443776941435580271460566791234384152716974034928419452485632000
996 337059588756787597724574926213661857887867303290564610663811556442236273760807736895888611459059283669980496570475196685850305613727849362326819081231908532337633773950689103703737197743794296210906120646233338101477166646019339056783237483229070287017454302167928662736386419647780034336063792625910852919254032419079290061052801035786071810793086534209769483412155365508344697813813737971309325896280465909705903462982169340780538812454018438390693064019079939642961112855447900320901030356699218270717410285383300099111913079596925867707517876170732497154449585611769412551984063086380956271557504079277957391522311233701575711878791397168716872964633976935181482716416437957330990570669462786806248572021155007977182754822619546293342339522078529253625495458930556901601653743094583753661034533820171817986496583429767956947498267760387611924337088623886607189075317515483825808397565952000
997 2692419824332052586036624586123974961102282049554720721491068440828455049379210447982805317612786494631619533287125843937925610739948437634474209792307843080779253135148734224570273864424852332019715491300503816088429443499396204862810133717589083014851560744699482316983532042201524767755679081717907755916689181730739685101529094733199875527739359236155069374016454694993437485846752867806928256206597422773217467581935804042102518658358879481788846100148397832814987264574510609985612643691828058483443786873412840510859855331905634513964566064015760890008060681857704715711134481865534539364778297379508177197676716815646287832901398883702769484744578728497277159833039630784537621770121967536735169134981422751785640380548989033781522960836342434278709574558598751418611404623876895701260259806764140780786819248179209638044008229131120302272237285657605756924569537305228875364170727424000
998 21506984809193510236356684569719767925758910319689612817361520651587618891433933558435795583175484905013297514393754737347838646111091127076180761988254634308589384762931572383040303854904732255371915728103824069996953430438062670507337060116853877549495633523791856744481680802034624697944161963381924479126098353464385540710811566345760929566270713257142498045750678184857398434038390643443719497473942539426943538640473176175993265274986961151122926964311650824850780033254507598001306608728710703637288445846540245042660086879711140626578678018370386588320901558887396787223611312056153655126265116943325840300479745946224655915721394690258996325033849322224743004197386710034402726203819965133119006356785473123482089292321182943192686416620563012094060850081311870049268654971489591713874540260043817940313149345175009252992819241115522093902079800864161417036741835067419433269708455936000
999 171797536313677889575702044911275023070626731082205315598143077877546745499141931728045694448188558100106220385247410214250002398364872066134056537203475457239783073481675623239901526288428191589457344855123639718293982357252993103752302041774268211056031186706565582403367179980216521611205618085873630974400665526171968583455732031470642860799639931723720855260350762677839879383009366701382263853695757221848858296647623569453880137031427377363324281456663637219528753418789760392442869607262373788814376174029420576016443937237332234434532382969565250225025820260181607970014432702911017185092688321529269475072901273924797551759215945573840631305075192784137586760255401347421955710817300622384674345072220295821208280833556596483160798403035127964475080664313181904898061928601088029906625456731881548712411343117614188026909607151253119428767364175071079187140340184022029106598872350720000
1000 1372318720073658981930707934751264884288166327884656060997966906085843403047145750643629007252130202103648488437356312791429019158138598064278843619181361952431387190971624878440333391991964394416585270702727634069732331069736908912773388709692854469915577119412045872238097033681969574630310477269958564223512516223061685044644387467387495172067523774609082191819681892270584956511478821210641523663321708688128680073621217072797594534607041890378234360275829134109595682309292606014833642422811841825049236878147011561219354170651809888663044675160887218797506252238330684464475288430853205274520394312375804566882335376111282843452616973243838962864940639959691043040920145963206582218008597371608778668436895723019811747298450092707488457643444602180226944346533697056325718685665491182894124148374269811114741808823502133958953941924209917996993705030467780546877037389967968503511792337551360
