0 0
1 1
2 1
3 2
4 6
5 16
6 49
7 156
8 511
9 1723
10 5942
11 20817
12 73938
13 265611
14 963225
15 3521667
16 12966696
17 48037862
18 178936340
19 669748197
20 2517688316
21 9501290664
22 35982633397
23 136708135198
24 520914346328
25 1990230295787
26 7622765394301
27 29262526895379
28 112571409093256
29 433906487660704
30 1675550192060724
31 6481258213540159
32 25110432917365348
33 97431396857415165
34 378577047083868550
35 1472938017199914076
36 5737950317955212903
37 22379027582934880466
38 87379625148568984351
39 341537403985759583804
40 1336294065186725598656
41 5233349892458966502675
42 20514047089819962194344
43 80481873862533050861167
44 316011274417860403105899
45 1241791362796409129079165
46 4883386772584603100723231
47 19217898477981391096577556
48 75681495686579549202093277
49 298236049131884099377200389
50 1175995138097463659949341372
51 4639967183709404941259240239
52 18317996215535535518319538223
53 72357735563220738040413628316
54 285974123584630889704099090201
55 1130822932713236197240241609715
56 4473839277817466983120996802838
57 17708276331293958141463606139748
58 70125341913395086184718895911124
59 277823839673176986865143460393048
60 1101167089525239073508894542856264
61 4366363063244338427875208740241569
62 17320618346135273785859343046416429
63 68735037588144482849673874116334429
64 272871871462642204349080897501754452
65 1083677381775890501528179243495411703
66 4305235997069919100929124112371462096
67 17109799661892427815910517696297686804
68 68020433800158550988097180061271746438
69 270505489594133882939055570965750013278
70 1076095634499082654453784955014816623568
71 4282129732842038819795516347892193674744
72 17045084799354943144987525572543294410890
73 67868037719650312128449474221844387884418
74 270305407816271310246502994742039695585963
75 1076872202713016948201182372834108033387690
76 4291315021414772061956188072062422357536603
77 17105286721263132830096504061741212413908983
78 68199486313716795315733965398512238592855639
79 271981771533166208467085632579331914147946857
80 1084934989136171922364827933830251798008205397
81 4328827005535638981998920409886606901199834816
82 17275746193190262379025568043189573688204513328
83 68960600389175059830443468922357532272576813187
84 275334440767020785699777019421223024557251102584
85 1099545150389446396947064895625644268643055997359
86 4391940356483203166129671685172975559840096998353
87 17546420376574177715598996107108595001026196110490
88 70114415931552390666755902570792932555498032516922
89 280227556074684789774909057336634574555109510742173
90 1120204171468764782084202403988193783597232173092975
91 4478829423484683085670395141621803619539192176176631
92 17910638723598206715795296455258978328101859134100998
93 71636625579802865839003056194678853609059590494472218
94 286572821017572216449988130937217366573581556909223185
95 1146592506142200293158208659386042914427768310466547989
96 4588342842068990594298551702667824627012287666578035580
97 18364274424771152519481408165536912141010665438607694412
98 73512530654710603983215234302012176688082232913191264107
99 294318282178938221948383959917342558434779766136576252586
100 1178528248885589137127127372898838787166975495134256366379
101 4719851216361993872228645202335495058656093220309447744032
102 18905182729540553266022861998050830847911657296458315878801
103 75734968923454967273099678721120711986572743909708027258800
104 303440680576282278526711927130943679766104796784366219321889
105 1215938893032507732577821669488385388869633890165858207204040
106 4873142802816124008400512093892786537816486459675940785036457
107 19532815526381281552731376616847538429963636061081897028580896
108 78302890257355069620147909472464256652660133140584235946676724
109 313940187051551441440243325407880408559172117466401461725387371
110 1258841869937670206223802040810103586986156160300969476195923018
111 5048351570228744165953080071363970458264537252703464778630737586
112 20247955416972015800193542457402434291088802608578221316297797694
113 81220373758629951221131440878424065189762120512673057100275941583
114 325836770286968469786844499609008192923796037402454266457296349034
115 1307331131859350561739396330654776467463388328210857193029895581727
116 5245907654834297444561181163769212009658609310630798804015085714276
117 21052532857882826644509319443735263775934001522792638714089220462021
118 84495953305969452682929642932010651716885817580051958921684291911756
119 339167711079349506717037720620019962171721004574298004808779164645286
120 1361567999242494797520780995490276909976923688218514333253357356859751
121 5466503696089771996196231907939889697596094649951781608965992253978457
122 21949502502003072802371909808337899247941798820099059613233652541265416
123 88142164008640225273492918759751417868088305244631406814853649390698234
124 353985941799915859532892684620028374979443356813938429426633691262998943
125 1421775093616449626428012255555539192628290834711193596086808221307210216
126 5711072722619153923204044280257840746654590162281512592360760411811283008
127 22942762820854604834721269952570147620253664559910313786492780663570785108
128 92175251018122291611855988109923672234297448940330022322566924641048683243
129 370358995564497365102910171485038530629655321951746150901654411187421451338
130 1488232562715411181678211747857115335335921608040582465222654375620100142745
131 5980774665553538766529680378337960969787848871490570226972354451477862915919
132 24037108235659418346235381675573419305764354789913259485554064827961366967240
133 96615000978302434407971816765632924847212537998912965289703502711974054701940
134 388368418603674435383897019256039537108156069667832833936106531548402482226353
135 1561276057193622002000908511789592068490234350981807466318099745601207355475812
136 6276989503673309957497072465785663284616021931431906966344992959879439921293041
137 25238206388766263045120919753864974426710452172969204920392025361439795145717258
138 101484668900773538603152654399726314483488845802424075787634592134097544424472308
139 408109545305158963824781517517829639455276494020986522463195939076495354625249110
140 1641296087520077100590269663489440716361534440978418012176586617180639798907414895
141 6601315667940013634056990948076531586149713574881264843702281786842780037088945031
142 26552595483917129657610341746092300265530242307552821642902786443496476928040857083
143 106810981724101524547156774522758464225982286860818839769444718324252110932840956165
144 429691566676405513973217963724277272625552505318413033431373646014666094713084752433
145 1728738505182847313408811822331484410247523983260738554308367711510946221690321907805
146 6955572760213228758448439313449273131753137799948424461976022697872976016837246998110
147 27987698204600425796928005998943851869724153396223417646187849806952718643530899508456
148 112624205669741894665357805484991333295651807422339796082043459784159818825655655093344
149 453237844670283212339599734382240579292872120798714353958887356287138471760121686230173
150 1824105932800730603102409271949485486403721047871801431859196083580609038336080893952999
151 7341807939648400788511235799130566315519409135671278213333231949615251462319255343925286
152 29551849829436875603885799409953325080765761749037766619464058293319291888230862848880397
153 118958268633317324745347911855310599706559745427687748470713445044507582061022490492813318
154 478886440170650396388890025656734799010625820402346760870908944196994653992029225811427308
155 1927960024924537097137755100390230694236972102455676239086374789938383842226376925862562841
156 7762305543433508161318856423536800832948972388182808599344795546588858206048100625428614775
157 31254338958823635322391026502495366861913730520008372799611613307161821989048880183233099131
158 125850931819694384967209106804032807430936338262942764754625390066790676017828655706948015572
159 506790833534270817170437521088887384773257063199248394235972633112594781944689722915785952839
160 2040924482834392351081121043478144698955454841093878201459989269076162991529857952832496084519
161 8219599664012817237901187246704602414255324414749011654045982947413669172860535825582104414061
162 33105459849872174111960447693408775520880411327044668723961805175762228381295087802279771496034
163 133344007016952497263734794791122739393723797289942868359200211363378677238375738838600973106703
164 537120824797975801511846603142226518519462736419800820747662576811438603023618271010230541112119
165 2163688777515209252615444323868528273944386616890568572212108339799887967458029514675741999170027
166 8716489521150790414699424616848118507097862393302690750190698392259492580956751794988335860999664
167 35116575794504327934328997081539795410571132150482801527810420552857286617870576333266389271661421
168 141483617555808306965613986929612325180653586857276392698502280985269241189067336635924789303521779
169 570063606896399188612858825028870088500969547615118407136607599609582283487640049569687078159497262
170 2297012558570727848916500920500267833021728280533039224582623866830584774078214641637771378942679788
171 9256057556439924057637125059103364082165590174511332103892957258513347590912594011753056462415406633
172 37300193313829632272066369429305787933218323376872709952118662194539990862767231190211883349647518366
173 150320502284678568160992098058418976739938650862905762947633690112624687228306654753225688819590428236
174 605825010112997536388773074909642776548259068497368955992660061121860943388707241248382602267268935781
175 2441730745393777414582681321521677383219797787820988813701554842714484008799021740877574168513964613817
176 9841690248557836766145825670221489622875038353888281204635304253182118987923972882899001573455316065319
177 39670047211666652137629052026791445955513616218061947008557256538630478353751939313985731959994709068074
178 159910362921123684487279186776765740823419075551838104318610250944543093508042569706713369915918169210658
179 644630919930046217059833851483526038221283112723952713768397477307147422561507151310936053491270311734654
180 2598759312018502344061965311334105850802854840739058032862340697720030653453299039248484217088077387373188
181 10477101705553515467085860256550179230056204298674895495574335361448496214381782604895845133989874167467275
182 42241196752872149157953919383366206557994309275115620484096047039670517765739876127611691651007640106504062
183 170314255997957247420039439101426784184424115296386245739448553071819868705171605766882353896457057005573292
184 686728873748974293561654065423493300112592081522747816433490795799042775135296590290171505313157226098353585
185 2769101789842733010657486007301066861994925637784273553939542267652234478118759924000363125857746998587753522
186 11166360139791966112322353120244093497823766850243400040539557114971465916245281142989854142481180987775811661
187 45030133423261401694624029213992518871196580309596956228368593685014456815552398400790720572921896743050964485
188 181599031363626156052417598894222331539343214196689695540584992326181743897646914160086484215835775818643812576
189 732389844832328813332292289819289423978574756160613142716259690772986456578203772607337765477443171975362639568
190 2953856523614193578375159010559295665417940883746320456388917949209722326280172850985876209397176381191212926268
191 11913917374853351227715100832042028004023554616070996870526517872019596035455534370440526032923695562093687677861
192 48054900898329252649751218896900649916880917579957596100688042106284701304372952031160763471011656875578545801072
193 193837819862627048277166603013453948342123042268352721357910805662306788464915434380245687168244174976983253934432
194 781910224426445018133000091695116296304265643072519180649051218923332491710597101382550692840592984554911529700687
195 3154224726297862748457359317680569548647660951346874987926378553691750214543455467393743961337891630815224023634075
196 12724641573821766749491315862878127333900276578172176980299949720369783578617537028665457627450493722490833933382492
197 51335228005796074789954574353170499321242289645321972283879738406074309025526901958180458361141069265502029257643136
198 207110573443067861972852850337320404402729869401878182091214101098543705806165953364209315278846295685290245327328511
199 835614015473559582819213483918776208124967999636234154898518490099613418951568565881839070329715375414858222893682418
200 3371519388112450269724058014859373959652597079225561090136362762978260967075628679756814397633300077762015245185509896
201 13603853416625304051154883627537046292865281582636877879138955989446164735958993941495031749175037097318986681329251840
202 54892675618294940403909693318217748678062825466944769781263613056322953261077223309408662413894806369199071353681772964
203 221504661537989745641280208938070773998601718539808947861649519216967922165939892129096349852503506572905330399341840675
204 893855253700475704470700871785465099196922291670014766942341249422908710692704324508670727493795418103703503230721267647
205 3607175104470130775749014746298518919917511559939357574249599359387087676407431536342693193428965217863704439004129896670
206 14557365991647270982902473005491255646375100077836399849840298495666244015661349238562656936157273777821524826406039436862
207 58750798562004995033938674014855064068425684956241133473881579234880532672085198318780994552647289656609269447368974682381
208 237115528162655281437359704143832050709637069848422284857873132120405723431883953861639446180897954481688987662737242989149
209 957020674246118626229366016412628758717765953412153263379327227867546886798595375951976388666619982083959588039047483076990
210 3862758897034881577869917326416564626319221262078557753150533933176873922468624901602477590685889321566673489175613240774332
211 15591528704707923366388722108889577241938000619483320511137721876581561291617106966967479542626619475653341848930036219985208
212 62935323778500077461818075779928969253619721283522147356974318121975410856137082016566768032237713091972712472346642834318173
213 254047414776135339372523822707419051756078277087932576251955352449090413812993383323342179229519772588129208960896075928037393
214 1025532644417758457197704427020986491045065387576829653555160469219849490924777869650682211938236390969251621441099439374787011
215 4139982111843327522149304074021244494980710188556297732951137197070008359629645578353402047306272293677586656913673961624719494
216 16713275547532535044224778916029118682238705435637799054420067975622887375600243281514595012511637985177046473596365981436010801
217 67474346133660039587207557746731757213642971896940729318453420914601968788166757008442061328597797993518392126730241191168072116
218 272414154584287288781406196542776693554130590556193922751155393724599731268305396557247078886109950630205773075981554201737918856
219 1099852385692028665100680842927167488563293000655713020537136236713514191170180428331883703044098895264311378068605986295451686544
220 4440713488588494869969884855820834202749779531409700824210142383037485060414620526427448345091054802370643597728498469582347216515
221 17930178108674530325637370946966608300616761577228306836519953748272518162146242441456953571690924785240801066884164959314321078980
222 72398543431898241918820860315584261417632201247955946126874731573432221364172818258541222780991342895448035044306546752037360536344
223 292340044623154330604506424665917278986484621714861321079793161016236573556622778534843350415367958746775797899266890152785311827190
224 1180483510743164279467196630399125026963555114259585170698075606318926685863523953252490514100971402656677438288208521755946823442603
225 4766993505911264861483713998674141613590021363802190069846443601939451972967113475418917116265296755266613697375779702716260829484808
226 19250503753176228377654486563980504188392336761742992085842967661410922033124895330441832677459689860725294481174540325049115505869793
227 77741412368634591499370961364187671147574068376713427764658378795839000780399886256259564125875349566900261480097998769431453695919329
228 313960802666495222932685667011671380399399724832652573315122871202662591283440817243920938242103094687741037936417693210148651127936563
229 1267975904124648941961251465786232175115532956607744819255723770427676765069393630279333468259419285045885303051106011774906985985504410
230 5121050119024024943223644142862989037825126793691088042201268925188654491893600429361303812793685381654637217207208952025691316924863862
231 20683279443604579890554880322080416649651515799782070013716227333239336792580183663063668104457326770862169403035431494031425933459912365
232 83539527341174928414714628556572040085765954692671183437535631467249219058750416067331893880233079613261848461140354399988254511643100733
233 337424616757594676969455700850357514927831578146016683910187197601893063675951349226253693158361352042397048698362579927842347972826275805
234 1362929978287331403819156481149737774325898452008559102399598398075075533473164103893136167625806012020958789147121577961328877689396134502
235 5505316018347041756609876882915421700872059451101616653636236743302032944604753657125501632058143234880187791695987393243499183041127731755
236 22238361725053710170231527352815752685410580345797828380848570657125080964505281978175542793094698713626997115098107226547015298980968959119
237 89832824240160302933129788769042596830583355675786044763947385937035326214332155454462776703409841169146186136128711262680705662536479544600
238 362893295982506812137281002482455249534358815791072498316960409918951295866026729139608706464556866288095667284999075178172237645280225674191
239 1466001339922037066563466782276133244105420099792969683535654877568969282910000193116485043610268783770209546853841525218187875173653431877034
240 5922447551209688143014719556195254032189593472263358856703628182389290348460584653752634001898744967041817925154809315891621777886025769833666
241 23926513450815035041836354940735499237318875293551977911743699527246412535629694956550279410979021749809508513338690508479241353255591880354130
242 96664911562737116205509864335401148918084301979036594269482821906293146268113279749342260771763589620607590862296945758174845212660003303731193
243 390543531988284491181827609411404926859720407046368596397972345392814488585209406274348598051919263670809617181176601844936370503602173095313254
244 1577905905203074939666444474806996451031776690617763903523743564938419579865525933755481533294968377376548221880143102087100126060767310084659235
245 6375345463197106254901118346372631688822230893888285602787906203007456663033150207038269632136558675130515235133670389117479809368113602350176046
246 25759487884244679445115109709714594983277902032478307533989321456688731112773202955376677061933618593179876129466836402969844498015209294925206468
247 104083411426836824330285157193386383859413608067984979599400926142134836007511015561987212630413612676430688744963920268525253407558569789351173488
248 420568281714629942754337198732550169340456781963818493962364640100205505402546304786128513590676501240553976286025166898196466139394432151821956573
249 1699425506417272397657495602567339646919625304358635130530052934723179944015515772747546774011324752295753603683291279961714756467403944121788210529
250 6867177631554519559862564046907126131315819831245314111855845571119561557858713773295982658787191769058589973830146068261150276737727746451393133489
251 27750120876494844156813458325649267119519018509742882332061846319141769150741880987845498859514514942465801641071520688775060038762940422051268910776
252 112140333325805509802741333688368443544770966490225373594516664819512897871142982537953624771684697338589626830403003691466557646891705154880144527368
253 453178282860274109242161015322179457629640172550112288624680133418608243496012556939872712072341460827347796871778031647523531977869895648177941431488
254 1831414036729522256843333450674781706088550505986844742137696960003172731412521108050447255146678213109669614497769954419020052637218687667086381653290
255 7401403980350288929554065191837605649330653123980346045853971403287855799513793215101574424246326846305367698274524571856761501520169663390057431947371
256 29912431889841319207589590446246889677063880342901383533492979146201846445537328260135736934594834359672485044070200795061671993867102639635988538916871
257 120892483746590712526271675517463241930261573913404725355280743699250013414270225003074507007490071604898163450140391287613408986435914677733786850771990
258 488603714756340375364083682793973183335951930697282617295430357432416189915369042133327062484713570093263331235566977063216265310249721269063196791383066
259 1974804184500986032646286036304059909546980520910672172311439193920909690078669661535261170089872637327968264564906140927570072167210265179848807360772337
260 7981803786009123889506181453718858869137969709297075853110200068312770036790846049676141055552493635926560455634470333762219551362446363678723832326570366
261 32261734712996278302528248815309506055925458461289408905270496933113591910354382365101733004295320948544824031343922786681106333275409091681129028487876388
262 130401915085451642433735060280144816752371270856744113343225956684193670867937778942692287818289276113456928543876817590453802886734452952251586425256902077
263 527096018578782391748103038064784483749546751089676836768215379969581451198805858499443378179160148120912569924732043374451669364443729975254515815005325453
264 2130614813683739324730122159749160444731540393907332776857800434878787310848120363168302107341826101635293808004593849531497057266101947595415222923863448071
265 8612505602535125208156995699512394395597113635990150432673576671223898095776875927668468333001839242891152523440218844599290780591251925136321560713576887833
266 34814758798757382119868873095730267476551530005385032129140607634660069249540350171540373078748335685889959126389351421538462571871897426422424029151925690692
267 140736417635594629252563115306237714654992682506644251257691313307602707863778677136169956954435738251386670264877012111499289812742150369969045323791752610148
268 568929892212375275138148110143217193739597228719067060808519738686095250734232285431819293335017441959696019596947767857844422940257199262776417879187636841371
269 2299959052412977303669458728423775350493308424756901644532857011224819043760707062966250403204731176285351786650461957933612434111617328665931797531644492290174
270 9298020058441553836008982968636945166683525179021676392873391757125277141856049264712365415962600173286946902230421324683911729213577778005883120820234686221555
271 37589782246384033909523230726049811495388540585247763019274349520641002594750701670065187070015882835305003206204021182255192335046829257006147890900374850126788
272 151970058794377003904542985478806144512560300112327663309234683616160918000034194478814082330073049116163065443180569280428194008795566395177096548542677320567125
273 614405476592349732304429074924779739037972422752598281189992627596981617983217201565787268931076984675049071437669464510227256857805332350534895233089417237801844
274 2484053158056199180393665085241095347485673787013304518085384874223470196228841642982217278074942012952533510806559975896600913253362878355688309136076952824593692
275 10043275802298041976682559393384635424154821425672561335897972151139973897334425402443461528395168530754648917006998763148800532539842195836272231286582991883184386
276 40606777552050328064900600085564346886494740315717321224697936403118649254798547683682184948482811634269544417324986379397818809605916184872596813691137962032283899
277 164183774047175799507298936746985954881070819654149202056686197808930720960255445938548397657030451922743470098502844929979248550435528434277149993239825340441743601
278 663850752010388006270235425417323817327060052965219598555436624287750088171401015726552571928591617192757435880224445029218729264726094948344990903264659234870340005
279 2684226233713962393562535674903686695311376424417840310865624248514152262375685120343260146412446631466870420670083578597721396122569659126101056230524047366160216423
280 10853658901122886700027929906788120447381806423704836641926516264657016028187128840765895301375241316284346028554166524936453138635973111637054614604449488077156748940
281 43887571361519631547932720204339925224164217530222195675955017073403722971369911327184370289179448339731842637565778531284283805457373856124762119143342183815462217180
282 177466014734402190007862898374313906687357075967950906220861157431770046502820577736504276946300673090757771802723434055625521808051707525788517661039253099223459060586
283 717624164694423516212197114303209614056740751584581944885304427124306600333230224899155671660849285872178847221586388421761874934680067813699539412389770093121359444197
284 2901930878559939838902190216167362610498748526758227727446114996103578762840779717636823112941589172891163926413326882557545440747391734795745127625050517832778525653040
285 11735056025835761715258651142243584396658210964139697628409434311713657354507426973452602301492632037346290537412617407511161186432854500517793226240586043026071914615058
286 47456019580821820827231542787380368908103849004290610249330742765109256524705893331940143966430035877396580119642303311174892623811170865486281365589676773142474855248580
287 191913458101528617329680981117712438907352720634186013748182981699320157020824704428232798952603093127969477731796011509566305649676328784922784540203790624183792692823467
288 776117505973004217821262236626430632343121488243404918584387505049489818999858271670866578344798554393967959426947503456718018091038392136978873429557854898198670286109607
289 3138754862526032441147377979902177840787060876805970384057424350773599977432806206857018660322744789763139505330294725395418877639843773979977636200122725609185855389085552
290 12693901790915932545615353833683202159959114912659569306936499107382917567440360639181576343914764503598586926931219861268126258321693423912481514433240355765040744780816255
291 51338199334290999403910235641457625545146322231620124381356178730330006737285415230524501244387619226267690488355955044135548963532380392438597602543268412513226648208751639
292 207631785673843870222120530848040318295139202771967958050281308155045110060517094400407136213753484883179916256079837472109587243560276695676205417197346754053892122375488507
293 839759068532982831203169846817300140410610604803419708072492396111609095476122667497247024110568602926054877811070108267308977436994263105630987629139506449170322752032140391
294 3396433924754547266649889815717124706520954446020744210404682054868028906258204176698544788530253818776489552737628943732593460369986436157689602607876625779008842443290953827
295 13737230651580395455840355956797294342731522065254126012921393249972354257929587782423302525115462102055447155281833397450013049035112691435585339213644712584055907598520986347
296 55562619406045762548094736919243472681582437092350270089583627854226896098356004946182891399890834926271784061534175814575749080031970408597219338152269907407430451454092789004
297 224736536592856323735538202944909324169604700546571415995379417691372636763230247336927863878619464402412048604861183348360499513500445402550289234073499272367126054602082936858
298 909017106693836907739298788557517079031835803417146641592753928859100480874430505762885044773962244702210570543528279480372859594513273917828587292357417812931031181541481416288
299 3676865805034470284564855299328259126997890497936789261630666231838775509740404649813702878661996034592488622243008880794361156464743411276305279071898230633507897401788080762373
300 14872733801531902039000444674265352942600997540609181910456298017711335332128000109718417972381870362772148747028857061521829199261644404416417937230643000985816236092084945881246
301 60160450962190661838330556466004671017011563087710607102016578766044187496411484689921530295771607420990507551326054536736804218944292244488594408628289068096893083940745384319357
302 243354043205201610602544376031147199551462710124416257138405702977374618602033823014918511846260241086693470616103890085221619064814894928988541063614499526942651257126004757305127
303 984403630274800371293663066193676501589835149985676983355966991055759931560773185433710758913703756760060232905185552169770004479138732542759266457451254697571463974761330575800021
304 3982125628201087384078938368424080829614261711665094266030561337535134030846923097141372459711876830890144214112148811609208693084998508469012523062182085693181593794250748260641946
305 16108821557987379564548916401547671141177205012279186205699026735841062400330306437929562770448022440917671962655847989887779379368435717673485582057385501649090682049584330239175054
306 65165780528142055301733233690124544832766913911015070814506640136092808721343118191414938489706609797228022352491711618080370138025415415256895629766506271903350969817682626210339824
307 263622456913483466666883491264456891705990559959304530941850723721153435982258434525934729601103640081270528037681691357140911221186402973625071782252570056847547695923387551409062717
308 1066478564546163512264446176691759713119224775033398022041002553839382541876293282243182258648823004447098609702751590166644712883974152133379803797211456264028359164727764234276071142
309 4314482773304836234178343442083862320799276776254828375166444943775225152616964169451165470885595083333429312893337825916130932266255604204556758747582648460542447647855341334885743725
310 17454691768677162094327142104448646366117181424801931236818803098273655138465045846965189465200892311729400963287194398984447134402243590632345924355225971544019982921110701661738578291
311 70615887390133969389229066198215673831635447386551361200378405721605572940020772979348912751640257775383655062124220368952208685990917878714580833903759947540621178298269773805851524764
312 285692873088176834404816160957430815115392968045523957356062013759151121170023255978558126603544465470961118488549916375170415718847122222418753426433320407499557742719887975868599165213
313 1155854311959908380054888191868123123361829267514262758448721778948697272801102884520066728503047997497122645658586859105270686912108169437660329824358399586339324170397058613870751005988
314 4676419372353167891695692439949735274543944292454655700026362167571982500175752592518461793831990143193515416120312516473477282728059250326299204732889260229149581541539922451468409345472
315 18920404828238296734725198558995868325187609379829751544941153666423737691844204713091392183419365378337109112527046855051817097177715041185558732968343180565496812172755144541948272108624
316 76551547803899215582098520923281517229918842730371766156761453885681626571268603388957126711201200606316507189865225384295998228757525406622258368944213808647000482750895780386902336696425
317 309730564707688778998226764017608806772952791803472595198875307256423572161798788116661201804792486961051677731582857520651939843355357092911119077786102741410451512307923307076990344616853
318 1253200754876254988821719148234594385684757631679263223195808446524262520901769637955264029716024685975846675067018739941184790866097489367090487173461380274907947983303944158133918792255985
319 5070650597715884438150067673193722331564457652387438352855919790089495726451663069382419926883391380900645621310915922378223761063309666808709335828935542114466117011010373733925727361582149
320 20516965949387851446914734097905162749073285204068108718567705641206606336055659788411790274667620534380997803707108681722981478212477519958253001376619629477564811435183029733470250727777497
321 83017368628682771234592760449208253056388140144894998813127010993037263021446211910659672643447769573078392563891364123505208303615551230200811771033842860036757125692304012198569475746496229
322 335916335347756924401872321670424697881998220851288941824327202894916503782595508845402689474351809359829644785637512286197436869469251079128846043593680366918007334102069044644092768600162524
323 1359250742373560271000186364556680248355056574376777781263313740438167378583647748943732559155627424443483216633971005504775658979038022494716866250902848931266482305195804797805647022700063727
324 5500146912989176050702564958586507872870116434628471738691612231153467339128282711442969182003564202502045202530636670311889092025955267974369195222469506881721304800471447365624525362213922535
325 22256415397979212563845960613150982238569402179884958154284381534594699738074547595165337384805598581307315822708942770978442685076128918698203715884842326478597165941045096061942359670022920148
326 90062153263257034933848714735723936933649982865348232697976142613967672573621542125869712864323126640606511482141440610064899358055614486187206608082890885147832247104379523446590808566922275039
327 364448003190204842081560268260654165338562898994124457410524513801145942362595832238239009216903506626751692933890534462273148440825602546907841891818819034133655345559157113240738007740537503956
328 1474806108484387813496775030094216728667237505544972845111808635327310444982875675255305294956444356715685705106282619264342847559507146680040174105856640520490136243779680409626404773620366486492
329 5968158479378643611306727273828419991556772792881822227946223222146811908899392877294303257041921701928715581611377040608031387165451378178045010078812124026556112096591321755745866608633087589480
330 24151927471093004608075037343426875319577080750008815336987429339594596008107169966988050316630607549864946319822526508040268541946886564202892426599951828098819225088826639643441036568314515470091
331 97739303044814182973827804825658156552492536608241433336603453619711624588451802939700412265760836810614485358850355629092808954206857142620785744834523961758320573889261901418733023333432540391947
332 395542028874173638167403082786258244395940119778356000331803397396439020154891570277012184812876235894043213194474315932881059631489591805202566984901267248940869485406554216128509265626321457737147
333 1600744273879021382488598145528114895030901418800332883979297015786266267628680018792330704885475449507068962820176075553284236099873064814772306539868996499074014688567791721967063277534117506928563
334 6478241928643476054876733933667770889788640237079561713735298877856627099908829982527987117756431256021158318973536917640745282465677155299457683417005421767395931598248011132944622841299487576462598
335 26217919074329635008626772065219117624198983483159590837582494699233192465529155903765391984051474319841157454657073046007325057855290194428726562063159097865598777223445091186205876725494773276893398
336 106107257584086930180949756076278273551804615054461413400834570249245146907166252667484652701396310718534642694455291935301925458515879007404905552490713551817345974121873208786614176678260992411072658
337 429435301280768345234291975803634734162372725525726149404922622437391127751995731543768545200681224069097661219429447547521853166100196781096846183685797235782110612987859610101781087938470254498288279
338 1738025488161674521822811807448062312241380589889903999233262318201573664232851136045265906701989555042254770800582479681080866891533724927386229175778088940861658496651314326372935436669620760181927059
339 7034289734514903311995046463754944799225695140531400627698591679886709925248315755747219832708177633893443085255166020815808660802809846082105629344858006141753795228296832549196741336765378534327512205
340 28470168839151566294644328834771441268283093058260984170800409193984798571114513883341615674880919623558991664896883276390844945715651514061517248881335182421115829299246977256971633793830177374958591070
341 115229977853632193051500645148264138556596951680275667316046181393305890286075342992685320444076923742077564187390551134854583810468240610964875336547968927229073175959906894483697832996297711414454708476
342 466387096736108230422028339627949687016582077177071077198985335721470961724658131975871835438097415462952498779730087066557733299142938114142693910695284707120584461687334589762017235393239467389815564690
343 1887700775600868118504833429033923462761145350354763292826048934974073351633210200637904841753604180249245530541323497054817770393500055155360167611774119839044377940070153849226767201279158007865118727569
344 7640562437451648148413829454258367126205743848777918068716845986880416705985914558734720744534417982564058115408600869077539508421983722598488799991144779018237281560026231026715566221107574530489167306154
345 30925947814239610630205327271110620087937486752247021525487701571178807105072940534718868745636472262365487865144329699324983999791719902570470127241957752143727896460735990250969460084288794258221062064121
346 125177476224024701439112157952991196768008299660770132211167935343116540176286449684396147754773569150803534814615728550381046188812802119330487509627036807911827991569947705481396284283293742896733242959740
347 506681228650722516915384395348438538341498301808387623341717398064221535157996829874989885953766110090187802581030184750804196523255917515730141011423760149526847802683913577003722362360408618437740677958468
348 2050920653335328624937681140297115406667410723133067320099437171374615373690734803367794776157152925840975262359799606302560070378833787612779456054308413907872749079410943224037760982450508800457360714693353
349 8301724002832032169932635149853947179367766374771336014810355650944353384217654223367314790174612436725817479108585040915166911489756889677782778759769050272454625349899870060963047883167789871743481131249594
350 33604162867225699258800910475298537279361933771405387569282661814195448228718812435203326929301546167623808185408879308177918733818355284242717755004527005167944895705667613152452762716885183823651403129806016
351 136026398058186350550095347404180839410979592019588155710009122692334047649190147458255226243309988074251885326124343720061269689803582293601396103241982061723519976680988753528119519195881195498543610472638728
352 550628406299034976477654032576146026978495950149481914313959068144713980595440859752010341579898307259813304327724132673060896845788322184641618532719931350269239063645930512495472241203906795501103241651272593
353 2228944697936905511162305256328941600415507901405673705018832646618021658072411484064478233662273771335701187486024882159814124813893830519793384165107663104901492010920949221693657534651504816351460155939990446
354 9022880620436368847140291748391370822277764817314789414948386545584546000770338559652163048521531244604532047630690115184596623252732623584461987748332378094449318883071934387258392479943980267894244653770866165
355 36525514045776963894775889490113284499154249688427181827931400890412956395138228578581982362029780950168975143852393949166901846643471319906979433214347106813133872509597861971958329767154319833099223136677014960
356 147860659931005452165027445303687995332965221549955541886288509267259119621790736127450392849121560607931791561123661331940484721665229697163346348383239018865647514667206667421571366776382980201768286179613302903
357 598568823296686811803092929996783289899406256106888983615137223412604707817582180564424318569662713894119566012466061549250934521396069773512659605090979432925775267279229600072105899851304313144811007793099411479
358 2423152043734731135630456154955736388400400269629809206237188433745592720670259453792443537953721816023104112087789420182010522410532635863982592756208876232636164569696291441440362644793993261517928791794924277476
359 9809623283597190878338097803444460254499899891063266140621376088563923571294009848993686573824016008529307185084311651591969989856627190990761713928435832935754817249422628532649199272238251834017532161071805683932
360 39712667270858904824147661374875450373760668790869592364438022547421783161870686186762810914668736115945730187783413201380056823825389194199300804988205402485697041949917929033973396499428864411451776552236793476141
361 160772150043943256188950058859868983377857168359845689033415034835310161660783616276584789312366597258266379270832125256216638651164218449669767262935059130507201368848760766634503267685131086073959445657237342132535
362 650874998372561309814613850699019282026386595881872125433075060426788203915138286650105376497056200551850908242775689824037461996119903594078374485050467270595986506835535755278941064552374085307429105374674576310047
363 2635052904578753162422732188344600770919652304521286849881795083320823099931685335910933935780160932714066230423824270810815166774943666828101339653066538049017036067021367043954857049251511905615423466484161096031373
364 10668074519967131960377166055054097451418862466868872404324771221477264318686630446488961842356859017858901025281785338880066186583894611845420978425052149152434954807292394315494293326112889530004757904725667069722093
365 43190443871228861835953286240828638227484325553865266970312823287796568437654755738903290279381927891613645446756918515014124286501280176470677789317324205040765805340626573125641835765567314536593945354110833481696635
366 174861496957068991585425433212680586446851035724450217761854184090376997032276307188278063405416395905885193823466549734975390207416481962759044948565891258327637057199707010098618650297066830662951086438076659227894149
367 707954893275207168457124372293348932087250028861883296170587095910800460857803562327822507321703262443203932514160887720713019429394850675050164466170022869389946162849201346855093967315616544278673480031355919074413043
368 2866301219821391668261204341559795651355486541565589270772065176802467440512648201782009755741984495828987205637423395128944693162632636106038834121644721041486921780398751224024284735552291246687291234124966415382060083
369 11604939682781460189370759901985456258774543742137527383407426469267398914737224637816838411009012586356365706877570095676841639528485025601148879907076628218533995006602637278794087320181649616855340511095327947291482332
370 46986028618049054657250975454838428534854015420804964720415503617093960511823906048300108511101203523083744068158725010776102295798980790232483415745645920818983633776754150753411123117171929875024391393527734461890969728
371 190238913368958384296168906692640054380661588929995347520962712773272976233554714032982890831941364001077745374783387137664615345316117299938828601012010204359864757767387472723653125255185032396135077940374911372382349084
372 770255335120402104910006238541887459681960475863243686866381716809913612241088177448503532060755861373738171939740299105690034693289088896770126568900393699884714883642997888885603324292035022281782163688694001651790174464
373 3118708535306576371227893717643508604590736682299638356883987713061476798889962602319762904467147045028246321639727152398827687189631471717817432844415121807811486279171994786659764579260175925947210764317520318852044683935
374 12627563252111871417517688761140057157750593160562863883226723759529613915190732455777715312393322421678737389963197761679197581365285445259725643922516943862889926345255249414682615474904321440723679988142887169119233999179
375 51129198083330983849170692153763918014338025051878694178853528655396789501666337098295120790240594260320420850909713803953769879996215514265417203562233832001609522047517603072141321931199053685569953398607730102559562693931
376 207025122343693758525778614165410112749978479700013611742190535710411336066544124857358867399008370858035451056218533265806483772475782297518194134253743934844679332767262340630227661702848783341104662330829481331977105483236
377 838265773200418120611502359616053291845099045003777829820476805937444062980176776499021171672252854352065833598387908522654408953959481651910784739872445688973178217476553273278739036581214937479179956306380658238101967513678
378 3394259241167379660957053359329969851646992677580255563069360623876620786515532758221581383338909196198263910622457222334937292422490662196954023866217143696403417298422989477970079063091629758035066635695510264769784985915510
379 13743990640291858987346633542264421005905971744642567733989138574232021077559335287365277438569169146823772502484156325462478075399744391460970674296056757817180577368990563162862649317078476723218496403321366696833029485496228
380 55652571327238391092627563600393823961514254027577594617923199107710848767851150140515365149331005965065774437370843232668735771436199783464849547295596018724513111928570281709860343515625209167721642618413473546621677543234879
381 225352374119938373066613408318398990705609763036174600632238161747948649699262569918578701101979147093199234745945346831134562588231388997064576110255670207373516671417190539827523599215489709026045375330343214044842652518093746
382 912522403260990936378352063630951810297828736434808962772183534502395600089677442698834310253950462459187083692527690790522007589704824483155531321396914149530458959617103354730215965447978657795874670636750678272542928717495968
383 3695127300347718661984811570061375682530222518133921395005572105272775078541658916004052020412226681988327761256737120168651249231568545425362468928915979067069500610260912720723037709322658858008290425270005476460659801600357163
384 14963036044851049147103648262729017611302892976928251687660329681370194116885610073161679781102549321970598489967941505988891758976108146660750488830377328532920891585648333156153271764111639417342319365412063977038715313211769295
385 60591885118745315295202108059894440888032953212339512632785202701358829408538490456793387431476124251638178251367443821612236482241977915099050125914514139289605355549422458999775580325587055340674764627229905032955715518795011003
386 245365562446465084834733433740796963210209896982034275784534066484295687733890264366803305399630950306840397206449727664182000474493349497011680039661056789648544975436557701071544742668598501120050799306202577174597088414566042090
387 993612695536419625943328796986650672604284514059700253495519357069788635697242232235143616374328214518280556733116688728605687460469635643969466576539968004011652032574750990579992956328708754683752635647276181728621034667730568642
388 4023694615091201837408218377396936693258715602832913153209445299212905712869583804980289634605170360069000850210874785409551553148945787279793860882703469133803021461240277168269541904713562807020642841117306170747334121156939892760
389 16294356946377027133828423109256873891556486970608202826477753383930683266874616631488222223594392497670924256818191984298803928807001433112453981329712434053948836525183888336409374880719580504600527274102476986288034981676956495644
390 65986296113598258065700872470855450221531121814404396391482084935868602993202579187151774641771844687949033137894517232232583449804162871203452939400051366855926278789327397082776933675606318414018716510118202349108171255126926608528
391 267223450279023841522344595756388680169777726112867341343844505721629098036084347195730731084321719427518729454696592268576810081661903157832568778807108527612138960792178047304388747869880753599611423800810051081655964109107342935181
392 1082180366446759938639378479122122263348233522995116068804515025078485422697468225835480871922369939938464696115767786809952377882440308247396099517295453302998569091781306887248205240918149773386706578063122107284128045492967209644375
393 4382571193303435749651684544696746695196853265005347969224289649758888121904887594320934001873028101651145528716888919798652488883942653223077593483174557777635728688770886856996670840874625248879489253078653048909254715322699419091926
394 17748535908224721618787819001645814212964236342615885401679382098438158366836784221218902177177488992732396228515166791531901269480770419163858938565196531406430416183487030539567507926735511018360632580227580482365006951534353923592460
395 71878712654981576922057678601227070265142928465698074022825794709985886829733149853477129992164809836761808921612091132052176402509879601576224874637933019990537997623568102323935963391719358420270840355760834245042886466885187467193770
396 291100015653210002844982488810107123653384314636349647113288141403953053301697155242835133345102248676828705563935676521568145816402236626108262858536575143465020425804186482655711533301292797898363987199337300169997889043640735885113870
397 1178930837836910339255788842260239341430967205540365150868378350752419076900560670802497600628899873640819924279957127646100447734650813202463308885852838011094054572327640554587831607682490351319946604145763684518681422848592305101601983
398 4774617292827669029908499022069929660565656813642546557843087689802011804610769512878963039546488425102834780727965988518806992426545581518518400531098987029039739179035005531194503402147299585544539325107964259279438303888875181937407657
399 19337170400462001991066967481434187806427069655662319206473022384321251131013000572824040999693328697616951026369905692199202026498390936012219683908796320372899603247996100879676176511861570755602795989172012926682022860607830430532036402
400 78316159127951585139854857655470478672980459788317045470454045113877960704702298676244079866977180361964398014529583565573372991571539265922516812110307631797220559934503110193431957286252303301833930526686605832040881778607274041628058262
401 317185929626050804432964287491661914818695316839277556919823531877585082447470810687793316982975465078110878236257731242450835853134103993834254374775334322512881251417590488868847181907074040475779296655782311893011005090953010915584822971
402 1284637232012070894281972910034369608093658116458178410619608201450561783290929687655920190538173128824950657757323428170489222993811192883577597515492880234459391245753468064630123784097893327952468446582186890342665914960336741098761751818
403 5202967739425868887631954211543185075042586651975648453322554244290138408808906681030711599284273071356856781782468712371051878428480661729260031795085195000153166254269246443184512035929416116516825566324093551024941513163672635895377080672
404 21072971442477825103427738087048317350308396846601461545461785721590757131278282523570004827997386718149454839131711841997839278533506081235922535654078420099955747980918174629388990060406413987489916007828002636989116439981356737364670453198
405 85350176091031010839144525679592880930983878620564828026464900092385102227331903037585967328794697189727303551052109358824936886680455137281359216595606275720015127542817072292494787848172851635721700403251787365718043660422065069377424271457
406 345690179365278140933429696389862555678140145560960331009252811712230908297621313257054999108602910701291190018507388157601887299932184049102893864725756688976739946416422478708874877014099231300175640941990411020689696652626312930297920215039
407 1400146955637835221113500394455994698375217532749950251381445511385649630366893174132573142637310747419805345372824037826204519309616288519668963425860274104365140801793752711991706878770227800607044239256959858891782247904456560052411272295093
408 5671058633791578779087148107945659613414109392876331231487876883134659955932311255925999540390328177011159118301550249673226992318968426046697114848309468947463342750607639717799017156732380162891759784862647375966679005707433064456113405449891
409 22969871937949156137888377579223443770174739268261773688428663243395327008829289584946947789282608111240985802493975911823570347870762379589335733801377412614060454518060472884663715936596719020425651583556686229686612103487073989901290979180914
410 93037259730032856507263105840151019640820025478979844553683813667341266971964873206824292568019594809069634751058611509379126906270216451925638664514119292840519815120685139507152839702983700268282344479087686782020866520614727558004279765843327
411 376841850770626007882858545507154448479547297395694715848508893534019155528608464943929166378818310895845272238851152251124480844690185097336716166085241149578045734338088388019653260717131991494780095049434963701366553191004219217731015261401017
412 1526388930870391746709444849593694138902797210616045794390384394603456599006183230769509268072707147896508170530257267633433909109747873967867462409506729715588939573508974336928707320016914874387560910207796500120968490818185431124606615775960034
413 6182656684417147775063178108761235609998555130649795118948797386018496194851087362213529504223195611394040933810020806958414604770736924991776614819356361653619949689270480488641675590535010459629613054760712276342830338125565707871921716140890430
414 25043145663095374194399067930990146065500813893309527201509817636049080193749381387265260513284201770163468884531925687936911017872609808482561088876773690927135483032825809967874280016144767900427726860458825337592454851471315790106481737910054970
415 101439344533175808368641245375741122018970533421968968851129425256157863211558073923414517019109947241143537818109768949535018137370134762909187259763800676169505652932382725883871603109021685882785246133746914845814621779515163527639705154338749024
416 410892086448012713870992593219002285745989289620279254961990855119969310112678883093511892166885514539796681957154815086246016119464260110049264298745476107141890599394949865907829474734251582123302780623117262492592572916340378163562101284351421741
417 1664381537911799212087971413351307811728197600350253873293368026250725445488533005986344146179102539896927164671263782194568471762671352705167945866458185578728112664463916358011548751484017207258221271105834908711176517660209984937000689652368711983
418 6741891426794371440309936105155967354619848329756301194332390272933106840705952677427576422158113652318795428887889978641549789201495796306282600688028178519922559297854446457994038179170972485789921459440609296538656581139197253509849549321133629716
419 27309537965148489484557548671796534920898749050498215266209562010008814992701912389399381101587743673440945343682038102245205738695915993883326603574705707111062373627043011003462913426149918327954098658661272901389173936294080260660634752159416621222
420 110624333476127623477487815334181917270235615397309748176486635379223581252570047946765344830615705857240693056184581020352462822735940861106669027269000878304122316564341183143862728142962424148268891217043018060017306045288373238067524783869969739019
421 448116236438395246066388025860414674562965566957284559582893715909158794736302141349827192745974327735751286105112414609414840799793269780424869647918232901098390576549670503550732042227388643788144692385217569968909057828235695314492896665095657228526
422 1815241339600858007806870513525760551988393288708678707857086024065463324489823151976420324072022119552273697736642688158236475892933905044114210309639620702203185574815138062264870906570473503605715647463187146290893439427785049445259921348849440543157
423 7353290615462587017453309713041513608063330736562686669068813885679017514314825082754700064028232386523951269710045962518496433022098524674075606015158642001353819722126804247968214121117749520064063233605482513393017505700309982915325830328823432449135
424 29787409333620479309023104461933034425108715681089795338504799610965656136685384062836081987214556872306892895117074434726752795192265345477091379423584035732534434850628093917285177731790552767489519608609401267973399858899578433237826096039717684451683
425 120666680434365460563392043399102379390336832018259305210128797816419464633687945711592686321734421797708260673510224603402666198031821036862865579293381185814148583170697316131527594601017850395189952995092180721788043050465958120567727573110637785935455
426 488816220843016011891073023724285924867860842329882923727553948659136059238826135493437337824599298022756013236102815030784927525519839573262440706203421578529097385414127614932820215087797781010274011332628364046582002693549696873374707135824096314894582
427 1980192665710983203438427764719514313299657949793359316314631588752985024347770659866014783084323056101213712523170917210739056769414127199561607655427236031125097883003710674066568111055745973590427021383288370249692743953139015977076398494504373633640312
428 8021819104072349619898515002058195868570254173869813996791003219199916860038845052712758501134125852262190996484621689186878339803034907801048179111391747918393246581718885468312770258800594036626620070610569987034233036323197172498694732028448930134241343
429 32496893123231664255746548657135854686938731354120521629026119174349260842516676475055879177654737717222340049168335915735734185400044540886862863643853250233183375763020402363683014326418604704428618064449968555494760877756564264240753757233225285995035339
430 131648030012135482319910640679956977418305137289416688693789883523694282114174288288610149681131542437214417233487413005101887644440851952295163703767632659987182590014111247701326353931591915343631130155578789860519696043546633560050285408483839057554707949
431 533323125401784188458803455374403756628954624518830107162520868797082646296072348422681945161875885512963943627309091163279371140712485340968667301864047709107824502451044894179779591199129013056272031347563540024978372059155890096862988139019870142109956268
432 2160578142397978668957937625292340259442795786742794229826448681355950147338089355271093980439911233730273594516912371361440485881839209289414639149979205771118755531727058804252731912657372643232289897190348735607341304471198140413645744339451294803573002005
433 8752921560170952581938534680978823756158215678958948252418908801635616117611285514343688768848731464672488530955630365472876997943748651881840955520959823151257471319690083381093908137719197077733424093613913197385006543633045867218348814278418988874785787679
434 35460068835351789153486397326070457570590380821086099258258064921428353288088373998226094536269854403646867939350550525706139069865656950028489282429391238091587929457122641262259637622683818201027906228499843618379093330929690656152654791246092854915472556396
435 143657920496693581503438885801064548841770637246088081129174743621078946568757384411674306164567518959405254747930738901946226668506743987053059792452177685147216542050534640901213719199320449922277630718263661030277356176503052166302869187138879396978983426940
436 582000053189363647065762329400319427021807913940833749959209078800007027847992521737753301241781135476864160830569659139420555475957852774977306997176439026223157347257215984619412940498571218677998602895811764651673863000685624444125637011530906301372126869047
437 2357870260794632770803480049037598382952218677041033828105106464942238975227422659785260016530953816547518765273492727780944256725136741516351727680982958454428803334256298652874353734490755521279339474159923096564685728509330512234718743237808422679024987763522
438 9552569396130155473066250375546884061408519343611737255089683335174292813552228528682234196555549806539742039251681912603209564846099216532738335546737820643182392445024171955853527902669918673936233240555060770882057007314344200340872672561638563953084442585806
439 38701152505683195185323776129901185208300539119173451740854081247991575220769376413276333247376174069082669989126848030027830640574850691734364238006693381684717222660897159101413981678106723529747825287941081103890171501733902742476602014005106975637352727732490
440 156794556218224009487135635320580343193228445835337239993762978157827638597158038611956813750019220640282986926792113658751963355817639246873879801422784653531134536932649120643803400651593967955015769360845407854741333472455683017070785458116441291769213334899187
441 635245257913697338212891158277479251421128125272136000343248899693887911655329000860710014219223232024675540072979814392266612625559248624032947682289292717902728444599169627861811923923840944563450721221321227294167103531795931679268446733027040447196770406664922
442 2573684088164837419544655517772306008371724994694549400195302872472617796577616031373454512541003538274357356447321188244330500798803014372615700379959179645963885493329013991753521486357516883976907149103780807299421827515157744153512347090822259607867138628687134
443 10427312335848149872789415611061074325994791887675373297927554851650414595519251049066537898167463206009012062316556716823385440901208498867996296908206901024265887649136711102538274888773018550943391589839512483624441192016930876218829782572254656040043907829211721
444 42246705900988543587744061441957334604110104004567563733743327140832831896278465170440763641626591347858496109816666065506898776647572606414907283384273733659787887627208969627400835902739546135658037660653749963641846534880342565800221848706928122485138422181553918
445 171165656225161489957056335320975910563310110823357762403019725570348920123843647968998103181309340393689656342162055404357945887074306292587546437571412547063475859155633680918315259130142898112691928591295505664576618709637462470193872021083120893068812842821494492
446 693495586855690530658028076748152751417737997322421751820795893119962714916167620907086396324373097438811890605197301318923355085618864362765327173046597122979085770734104541914835098901748154113150346549807654566892813960159423877670614706448153115044235821689051823
447 2809791235394767950798217414010014159209434039026917902683694328147973995347941258144226209089619240317318857474353191033336654651455809520850631527065051566594731978765121040767379612831248057533746110329314176405058857827965296360411181178634284648114286869594560045
448 11384335078921352268775135022506166395247574811791105210782788574865187782633962937518053166412574426673446510054278177422983439233366345030039412281640105326495563546049938169350831446401947527208133173036771531223619155215841686284493594207500749772742626671614608959
449 46125866398372187807031925658041585480209430481392004617793946881740143527567722682383991912190725064848319794480137385617015365739161799752052112084536686485133168094182370253668150005033325855056416227652568552369087115415231359053155134187589597000736865371583417014
450 186889386877422783256490612251036737806789958468072201980644021240244953959911733314673709139441489444433627822481806215182670725391899027363309377983515407401771167359405478163176751522797375892046499007216728724176437416034296800883868032040910028147463287773129166079
451 757230264300297681610202864833843500156269688573158868112403830333162983710604899393574150939589150051753079116387445869358145587848258520845584301097742632846929716937726318704413646880944681322952729219201558650301361359775879694189859673931538033987386415434807105427
452 3068135206008730975833751636226068376833298447938909493162906496216765457679284555031434025832617489647537760163749482245670965838808387873508049235256108039444961846760754709360481470368969163893435083430764562646981241152329955742856710219020253021627120270966724137762
453 12431519570287460231412067428183640151251169709805923348424992807850651689214964590136231499768913237737587373632816226069603089463887262802458138601885533012467934996192917802125633459353957744669489124148872463496063084279332738762102191191729018752194393715689518036539
454 50370599608549113371008172796141239728865480328972344797315813691679269408067022171992461047568158954986747737186298204695066724959341068887487930443531254374276714817976350560475225830111561736248851939977429217188652320068750948814400184917640799898960104241767690861356
455 204095386722717668727621925613076408779165338643866501620230432377733250479748901598901230973587822473226918502003283005428256883982347996310297279733939421994918820966522823329445115851476831064546311528731859983467517044006194246658321416069851841116722465217898500557653
456 826975049404417880718371375186488975610214120251616590716092459243075756716779636206496249413816744161428529167938567367190380676650651284399079019489091247123801150435707836186500969064329952583771838586750819411007855026875328547169132875440322740909615246789343607386592
457 3350848264458564124720945629039754778053377335003314999690034227292786497349267162694293180284873154543261356183224210318768976298892063088593524173834168396148465971447976067294324210798192249760812232885757592199026271883599450182578741334990768923040098638207426025750103
458 13577513434319492931754445795973128165225481649149610968397699522141491579787097867444953305178668662289106579456762472046745306307650510676518716711181823428612756269317964033995120406356091909104168514748186294754993908042917038322375232799091180655797831396561683471404220
459 55015977011424379033108269423508421136019032601264720773297944004450045906434335623529651862884454481906963142560676630014022306594563713504154928731260256696520017622330090839701449064182934413502652611061076718941422273375115390299024899269036493991732927136150928937212055
460 222925892860744082012310767084905783059509982536278445215881628821927701092842214541880093016085829195930976279648733307743599902557944917489539715401286641895555608957339420178187265464757645815872810395643198486832032473921875561305917014937829842165050208793683354130478904
461 903306805854568984972441230964019565589071680398585957975579156653019474032890893885741752918444987518017166481496945948712068995411120156859795158209711773099719451457036281084358227363061367160095510957561771505344150205855596291074897775387886798845006212242565619460754054
462 3660269975264723856177312678332332603655027422280923867859720109717148072905767522377861554489149365400225816163245693660305597535717583127459544148693489230671905469690911061263207648565486133473007951810754601822016183766000316932581336735041478038207384699149271502056818363
463 14831805188475232219913002900294962845410105089435640543493885899439363759938030341518583965774457335095597375718405961943579519410242446938137146639631177158663601509478207468568367937091376853022688043526390860375323154220179627227083576470626416812386225655719649925438518277
464 60100481100083092885579297297325230502817055907585244544621702596447264793232874246752210823605915964294195339631789364339033042485731530799650349712343720901409310991865463566710461698071396183512101239431077689493301849752756267887467140125581303563028795972995022761651072070
465 243536978924486945270646305735963181374730834356101900248492974262853416305899866225192091357344331091182175523966911010495431927630355197629366661942950716108021488330985155252866294373757330523847242807773881555313060376410476422418956659141485750753786315307835617492955330798
466 986858524418979314741283256020943352397840510998187036203345933752399024323107291538273643546888489115057935067622714267385692588031694370781800833893786700149682165305182893131592320125105616194340370882295361475634227592310660902510649938202533713343997395215172468628111155703
467 3998967579813093023694936998944483906494633772308182379220192224985252840720801151983965162818452860248880250165100162947227903907596984432204001623170041608608951758938292039774789418348507610937523730810688772147303445974236022363251636481337676487188128846871723642783904332481
468 16204806913399862626080508171570038606498865533960267795516808751822202779170748053704597240269447030981579040463755749971626093241286360053721040145058051792542011950154409372739148800170332052463320378439236584258177963955261048870299759831123880848251730960558622542489859884383
469 65666340780076124996117766165393321511802646303894558389972277997342438622958387714507420642089366643953359087459390971367165091866516275555556810077637210976923105002715803072477401588218506755314863449779113327757727579117658436950930669909064330385947877535881018982515400779784
470 266099915825640324996654117715079986719892744220418649378237743905645444616516601177552412812500103353180471639650702596892877164212754269930946212490718627101060044271651042663540187514961061804657285372085098205899108769524802830956289351938694364738485088539092053428762249395060
471 1078324843629437977450773778265078037878507218893281041077465370341710954077487670477616385607136926971292885041777596552602290961825794634013411178121917599717399444033994543623057150082367553616566522694661191893042618758281776375618808776212402890217237690023349984600922120625827
472 4369758394375863639793398684466659983361535361973540811889950896004074706652347966523453793385712297587362657962815215404055733577331043107451951241587388635754827616152961694112326880074845620488926533987254033102441367420905406582061557915018421215996631293086131529701152769971828
473 17707945124417202692744234412201786423788639453345337369960175889137503056588436997485871022544109026462412258368384594761443505468130652969671365970627486967630783649599494134278048047991232824573753385885639763716079169053904084535760395171333571612297033840971916310187304509195483
474 71759900047016132572267494006912066547607418716657048975315024812399452334322246995450891638501106901717878963176544749698659126260686797695205715672591928512372620639210404448149764359884040703416206969453193102650502659822634748423312865697192580143554306154471424264254723220622999
475 290802667531840683696730267567480613932066173425788505944500180519219940682846002627030057511778392475397252487314315841530172076494080109155194331014120734159148557140806047984538860272032777954281915300796351487166343764538368727816981374919431769605801760277639253867055280642618454
476 1178468118376472443920465922009804901490172586922028152174687904091249285898731638637944765837729333594761589631812123869186487030429696925697948296540344392468891956357132329016047046072951762840687558465361742003566024905798230415856520245693526035086085326620010736240177473425022067
477 4775734431383847200056329280814901777195612488145800936276421082031132975813358595244378711015122284865932427660899391777647547180294769324099449709420636206659905468348506049212626744501508210533783204900683311444140393521055436745601039710328077122379799760339332090144107988151669402
478 19353760664260950352993190191023007794843760475753958234264463094677924732358071081088358358302671503458856719692314060773030945889598199208331944782538563164710562247699518867189443144899592424335886709655403234990078935478247242777925110983567408424620407786218020302643062809705572523
479 78432023269546481274813520247313042574036467955128053231151737493466085619452089931347474212798001168536503236810569044975579544651916612504252773952838351980728366659017210800313857614777938274791811464878264258802915250004916131397615654750754404213009824455646566697314999761803985733
480 317851535377385216365070718019985498031829591842070663460297895860925605042390104294874169134845749789715242329630036582328505697080916803804531562918131235516678540291608850376228290690108694495064304777161349031638407760974260879339946957044095114171708694623340392370741742673635412053
481 1288125091209593639022078098137504891848330420845555757112490693792275432429405794416140202712029470348218261281147348435576941495988219151041772863752575333733271834555532111410948261387166231179868012363490168503892680287414751971802546025580881221502308069339642154594376210467905778501
482 5220289466303420656676517887889918320106097796430693805964830473312336437986232202715369461390926707239712270486143604026454115153956708010536155007539537602240779648872705609046148170065587668153945289860924430663283573517930635809949860741768600327651409694555491028197713251693399026666
483 21156018519390766895245191534287608570778029194786111782245615131016851583744564466857526850418886274043167248929074788499443871638284720903870784308820230046316460959121359673158704127509153298400054142897696472977237892507605697720862299672753121837853255108626727836841318870924721018451
484 85738540739549406219336520540228169196525979601151735490489775341335637389413671451222685307618929215301795394432011592738640663157545689220580544072305181933094742735921958003126598780906725311988070977064418290289670167353469428973522238509139165704516702876221693768205842769551875384026
485 347472965767930035010765274000001491785502893422249436136304002925095258412369593714886059560198584695341275944347618421094774607383286700102990119087714657509143717503314548985577412690675259583848563642568918403100002468321784717642076683679166002901404662623608122720670961847399131216986
486 1408214226649212263821026241569751433879103968474985031547744079043137876081438739129885808483405746394900765534266214428976918347850623518511625930002551673263924959122711555790293945867262730103491992902555154192506819328270873000509154560047258917875728586866973257101288880213191543523401
487 5707148794853789961410937922084986106849507350464892819194382755101518538011330851789555763005135644842721177239463225002626549034717203235386850765737475803581771562330453136878270191896943969946497465395496118238022190670906517110518627943397846617271116271497177649610366350638557234606687
488 23129828553079072898795983161538835708455856470756064296243511198250010583707353458108645292187208808186932321393149465324866496149841111331419442351472043647892298832141187109392288950713359115248813038956497241491460446740415214729600826476599101416157662828782988844114422994225800461484016
489 93740738520145993610268363676185312911375520929916006892772231589350856195596839550192376443528053153862185397515919609888665671184478833091418730550111672103246873485966456443762662089161458224409140236517924009546611588325603622100451101100989067459020622325632607252389820258833024779195926
490 379915537636010397677964557908431173181234797446611475310661790482745718980399922107033768397332465071928473555126440985497499952814598414503712098798366569430705540813695198284566111183117613410340181896906863481743883287278029665395086636913469136675902449999827138049347984048459138791012939
491 1539743774889905685359071586529136954370581914093616826412072057810797284883937662082668200945514733100355498657756691340475005904743206684495774524578545147341153590441124150406872007888107120566847520905133077674162611315253670849854979602960509732139977601862334165332479269021244778426738783
492 6240401949948478805453554015342428222939376606682207135527406930039341243468134956637155291649012935154332124684902543702443737970045540659158838465572151423185819357616054640314541238547276839304718563036654139573684979648003716069183796785602119781346759283628789669156794423842891646497110922
493 25291778248492052081662183551162920754804965107235081126215808158435593042730864351777204159321222471845024125604175222186601647334052843660896314763325364241205171810774345004960054562394854581677907124358057712874403999106695377454523937061949403166644781196072314616922417614011800051688931811
494 102505897028055290930906430635638439687383854424016850086249279900439530822375730480640027605466919204980379192408477136304979760472784911495316872975208346765544144745443388613804265963773584056655848067340848648001091284877776571880246419359881678728171143075292352069473988188605981388333675363
495 415452147652087542095269660715625026439077285765914253138336309785791056758361645011413518906139147825147924700602730699783894377479600986982955212273532039465830740678854260383822806542060709838363489699736226175461726143839538067662237959052580569591878039705050976939853460234122854987216809126
496 1683820637962784656612658807684545522206560917173709108464610660962817826766732134468187018370308119742020737072941485811951035555974429224380507216385526509847744242717784988533444547893341470485682723946963984672211194141088748930768925126121117070998622329920708983663126322798189184858588287431
497 6824538674889422056549563974997142849684166111453263238669663991858015518217813398152415819882677761071044383109806982611565268314629377346339397887603575002661935494029095310005460004205494515212214164231957424641095975590194201203848227663846796540721031269400867780851985929041517695218180506743
498 27660078665158196042250553221466435526235670511027286429425957675437822990243955550652858209579652506284886053000817991443475579964893847640458485014553873368731663247879552648537826636585517269162705616105370079806302498405225678546655824736404306866342560743155098839789794666311687868613929055253
499 112107883234021102843048115497446203399795077048018869259164312921517867602994225373317264726415350613100008610084502230751884214630891842699438366144955468673155497334315296607553987072205845467403493607891851011605534093946566749544371164832350305359009129346596203873166857171758588403034059901360
500 454382413010621296771482623794904738806794578856176290593117351334812412773978491822135429614471842526697049201181781268713086237295738550347356990872447772153969446273105647310773763043894243810535894451150070052713118816230109772692501092714696910274321929990948941456832431273688306534163778859648
501 1841660118790356823958877537915924172849972157499075630417180805278190161231558010325548346577247277070925709677314235038563027823395601268311750756867074266567062454898882818990144955231569860744018639375556256592883571931064621887033214507051472049071543152087585694795924345789059755572938591793359
502 7464488479236806574643926584733312540945427176418619288060162779214668325196642702056094784167959254777921250414336669023309834611094833906082751602960413541226891761798278787363365086572887848255841440237467945124925808910790563280885335312020454646875719547686209490244581251077795084151114294870505
503 30254724933551021640261612769713790523904761301843383057521117805368606302833453555933070788212323958537414085351460177980696978417601778043044268213059060342823018249984531933054353094196302892077797790476922973669492270761103565473303986143479906296547263418802633076624432977652547002076257842495106
504 122627801857468956255166470167943532994924183974433533864249288482682100721179788179916764457910529689700385774190205639156828661685460719763061195166283477889419091667547739277229122457758536856945876007655931230818133597996278882539620333571613609368636242729088998020917072733625031186299764021505642
505 497035313609387437454844056692579510725561814698097340967491823497394778493441438923396141534033419920028650080888203624516578664783195717909581113754002653516457708501612566239210053865859953299647880308802216813576306674019519952607533688846652257002691210228279609608994652480782645688531032545959730
506 2014596641679489254832594124653222802113140205275086079058746316048232815419777493455721192140710169759407520832026884953480155829538472309168438048545948087284329272733591742988928269039472223276202709028211844466428143780895485437636386294251074997898384634097416991331807104958926014935298806952665203
507 8165664136702868315564846696863053890629415332038874820416726164033586896205428824268432042301452272438144717818213715178725600821536366617941254135269116267058409609959648855399018451998263030909992662480508277519901766115719990663771322137547548445394521452413641052857629353185969386617614947487043725
508 33097672746146014487970891827171774105929791955822108104067442449062972092304307581279756513408694959411061735258605433940794178315834554328271082370735032215709773865658795137271534453013385370036654248705076605820295744440203702608578938493981150081687772693252590770113885733158831848460350312164489915
509 134154711473936415420071562330713483378918635272557875475130623173456290435185442867077328706149407472837789708339320342066237211064313230151212735858819894602114364927523794354665308452959205864823843239746101009296290355386885337080244144157700453979407895687727300371491911406951346454750143673097765679
510 543772097641633934070969588893107393554211933377019375690987619860542823951160278775618707322911908649864596278503436040278884147342390535354640809988968091700631105504001096852912219926026252316514826750034843459895535738762474245808257727549593950320541759678771382447337870937468228524180972538802476689
511 2204095541732867518270619136176272064650411787969276205090097188641028019637432202248504142778000093823520561429564161395825135138336737856667255021170180366155505200498696694519249057928264088471947933382837009608871419532981624869618600707127302304284326143338049072184931150365914959395773499676745641991
512 8934009520681866651399294780326088978840187339046314683754984677469682050442555436534274121781738865550700077263413067561234822879219190770334292679412790449484739539561180272197327940347046518504396783621018058242234463508808484701226336368102047664977281855714788228337613924528505114415007594155874020221
513 36213032450498289083270464762099128523026574214330339791950203920102596433918118646877471423431952234191762896205273225810036383551488785320561140682045626482412516598173931459268122252476208466654482853688773218929555535267308453350995288842898077804819305554237573069378363706422378435209304269610339351944
514 146786412051213345801782466416003929327555912169872663569494200152671417060992789557114246922528911389633119498995993352060662668306761901523597989633123059888142016027261896333703254477339246351626512255738320745357506920319605112979179482504696898214083786339288214005340641940232962109950563642270659340347
515 594989477045346552531710422720375184393817684656903641967846817841775662629619803059249145490501253070956394950150846891416590320470106038280442662711351790112685307053610776331184939923248672792063116959737386289664690177254059763478265896853494851656870631951374450419662780390240321633833581854448681987003
516 2411766030500543103897399822442691193522221191614677113084757889138847308103345471656484929225413767304377524415107089810461377213430947232778438711691711522559701090248477501689163415916893374572220025835431794156624558652404117058789504220516514379697408924350347555146260158091826637758937293293895609053924
517 9776052212971627149111347059742098001781021427729116681887062927195343405157493227775246452953368912392672912690897245920166985588991788244843815463647670185114408643283027175068045752351490516946350966628296131947638326550282103366793391735873432399127815168919847585731354434262326950747839922127430885298006
518 39627282512007963028579570250147068158515679775863053370367547434583434921899283448388168406235131989022808892538464692534543332101748849118087148331779856871062543839273113529953849363129598869409812733660970007716340812938802018797561040890042160639213111327571639193144563791056179822421186519233834645281400
519 160630311088141107152723467352617324092641964403229401371336827537164124490574261577087507381131883679148374079593325853655095524798131761529650055065186431750150940399268845171929950392907378223622920719650209363450681269716219023551365686321750851625792337416505638285835201367401053390851730554274736562182520
520 651123141924629713146577904783450524722801089075577550333126144032238223745103369036212828077997325611715242258017941042001030871039026359993605906922432597572216915985631512733920922307764332048580329814353992631186589621585020823079076272044080949991940487137162957887183795923588757575887850519351209525377821
521 2639375456033137985411561413273077511365565333672313263854610836068415689894461612832339598105218547583239398599171843389622882092327603409044691782333754437440184249758432298562401055259590851185189792859748485530970379319027543102292728755960372652613717518365806150473812798165264549786183824988781920994556418
522 10698961365239396355675670852017578465704558510655298502580207422774705176266991666328540918863506724947584669340642749838949735780627618173226319401750531416553785067370695875876608276666986816777288080161072031853048402420648504150436086103839565687368680560703302062647363425403532185938287168418901791932091071
523 43369504292617196152995448391141175600276516857982434499988759813999753888532606260480667035265703636616384747973525144992607800800157647478681048224319671017133042083803298030329422850355428963847988330986306801538285641745272352423397827284859144391702388159201289340452350839618491294599498225587817188450943600
524 175804376254830967316479280911556751382676697851311021741625609479680386081590829899455196352409836578173754224732800675729330379816697015871978379349210578502979853483272410368199348913026241984299023925812602181690492032362092387187984158493928851469887991709679103012559895268715889462853883307556307661037323077
525 712651626000090169023657323051799169245681599923154509911465325540387351370124322344474257924115787806825160074231664728759148354752199758502169063897207556303507807516323047720784689746299185996873146367711005250309047954506876715393574585646699274287886194598604430963826858044843478907562305332180044234215357936
526 2888864987438874279296160500596543084776470606139983544282772574769624262781421830171878860393123416034774436885863670645611589551218928457413633858577311235321800373312131675706132881988227054239588123252731986784820309442560302108690098228227679132245986363873913696630469143707072793643137506051957245754623887533
527 11710611341249696731204408276129511570472243577538089796679207151849932916614802128822581843885272336673043868720898023840590266191007434072374080973972562685552511325943995227677779604643571394350943810225106406813800994154661212287671751058142018906974528146739455365460455193737900669441184751647935735623864547207
528 47471640288394459745879636343531413131427841970272261888141068829514789765323656506940343199458594008405689308721335173447021963104673635355787543224337220070701440680888044609579505062499615335700854810459580719926723225146873026845712491711052547165100750987213873045522877416635262460525376878616547107933814292999
529 192438183231484889925371302370369549613674807886802773328888668363961726191223639760131210494028738996075003756413821461887013293141417693424715184515588130612428500136334269644764586568586649080417175119318958637860247368446041499260287689834740385662138260081327991120157827198322482943480231853614458587301869674716
530 780100558385794456624839657792470847488296783717741440247778055538632353228434494446494136691354316695481580443515959993985237237707694688214732050435432376943439513603409834408734922373898607020617534679317070866819073931270905165286825188441656240760099043142106816427740403849102157026596590610409595347864721169640
531 3162366867200084524329366492925607878109264069075402466229515352697635346986572069606720615804956003858408041524910825448770355300695837524785532594738356381341888321282515945357626233097856117606052274738361934527309569430078591042088779236454243424811543788260253186006536611153018566739152722107959486752034647599539
532 12819651721260147502390564628819899773667104517121457260967821442832625775164274830478111057526787208461918664476792603271840143089918896600114312047701360916648455127120095942623035589056481606959460692763373703074402016355279824976804655784557004927426182994487193238774400394894869886937684768766357457019801001527624
533 51968778185657940935338112372559277327916244152673306237510954130746378721924467491967304307026481046137064278754765986009898793232682731561258192627461076962238153609942719332303472615979344984900469109186387300216462280228504216535231456955248405942402807436540802276203344396509712911692861528677003448874330459008837
534 210674068322546545937941352149583283864594643071327684416144826284193995789966529925547136170210212274539820624643664389070559036056069462682026148541095167862460562206323831401101725198319837689181575178294459244001562058506948019573436278969042639451322936832997370402063862851623181121802731290358306720331318944286713
535 854047340560344014592393292278076735984702927498895656634999887090799022406473651551041794098649445425508005862714645098747706742060598416213287134266811776455205076132849543512869076221963280127848355977694230795061198437663890779396718674267900182655588911734981088721990569211610564788113199309765090887280460110160361
536 3462223388994998909635244491464886756700860245006619072286518794982421422041537919085597741757086940214951697957621205239109176006296490250342888924988021785737332433052996508744974032280095635646159079569460173691618791875025211618474533175253993684846443328218028010733325980045644123399132227296391791789808987201518730
537 14035584308805249513930051809168185020515608258135115408380311523362940780618604733542131074515539383641713021939771437455333000516125814646860241597592054343993680140405016944397740726855539427118077491335882075693161890138682215836173151918867290888160340428162958415539947655082402961297221526259208252355124576882328565
538 56899463334010629406636177233435444402446269380988213714733545074826926120735432877016119354582299263507735444578103247164603535859472311383364086466889041772339898083731212384702537619187380708647674232974724999450342730064907807434978866894533066325894078565492514736178709135466702866846671693635471235303382588796445027
539 230668396391856588626487603316124581973890299872655384020221639278065518392959961116240709050410637677563355312180039894251698989911967481383650348733781128785594353968930937943938360700699822840007310226648369147708064554631042167542057845463820804765587660614688854708997573613511704827007073629383016574094937377889525812
540 935126291332485660362407348425392071487959731833393391497436284305490829789264576274396084834066152463229582830786126612028827807656666343405623286825823516206533881891501384004940210365537754522096834627941627932323446600078591210410149637416040429497104420170714889634019466572222415948688420005502276257222283206889185602
541 3791007774733845125512486041488842362106233293456849005870373134591994539470831120780394616465234024826976898831778172390181516895955224518926446350328967884032371902471748319977662266170974854890306386004099322387419184357271025393728189937795636248724945818226041603889910939780154718159434088278801557982768933716575882867
542 15368847844881820685702498816414382650015274621518216661886720767722677646149509703994793483014951567344601509692649077988667903065984256438681205046126979230433850116860138259636006737444548098400383349205616160549609710073562220525779704211326536981538661082421670760749621457632366047310070199320416388867790983591671854316
543 62306042497653151575912916592309000122251039610570767930966310697520776678955462233503781514498506384283131355503507635046079678766375209085982006605339572979905822062499671934592659315269283118254976630428644519251324357859163350390911350806227735517279850408521543040688499891442266057524607127530945932444255439187471092939
544 252592955731962050370851200509662930340690511496668884772598136661429687457601276333310122896106540617563988533011126426269652612384856969727348601902968398191873177388860132754259925126080510697499442723650219586980845718373165578745675313014733773425385756103716710852535621554437941723184929789262892502496185015436599079713
545 1024034306934505684922934350382517914427662390393304306192434893664378322955756778560565990522236222400919693396466985236223060687012489215639449803427371644210132007943430111868438239552720294042367318356907081536831743987006538956552420201708371205706649542253436369049849436179855701627665541052670315407708620577700420865069
546 4151547142105064182107518387844795944346809145760035819296212259080065904147970892866445526348776055450078345847914359221467088919840397439506344082135813133244536487155784515741076761805814025978554761783824930862015405532242934502718671654265346171850475977476214017757330729826622570951926009609915323775474874266920571861188
547 16830911205933788928650930705261588512783897561761842864241655448488145216822872677166893426246987466171019208321612868716372538468805645431485345645166736085869495240611743697252850800258509210897179636985696939434485131195837073036559841973480092738590526634835217428897306024004692040398128155820982970234376024295457039868187
548 68235042036085874798911061896256053879340383321725983731777505691023214261243125706039185440459256717266706214346898314488707552783821240680971815910314351951083367209855924507924535061867762460531264518981528469441309057558199709335586735851999158824048480798759811012905340669943759725851001746871071693211505999925403885546670
549 276636492656799047533025397220570663717805747324292368442769606045658497601645608544256211526587962271422562323066887718845258019581640814406707211826062092824105635402585535372895647245313673218078718616020839699365628653556803828997876077727802344796713534885594961643732073537167106147195728356143268997497474246263463828895801
550 1121537088150298036214647945775492550265040547593188401958144880732192837650699172829803262997570516523221577501894673245684492516016876216071500442222326860654152243342825158441197672533260099170305009618476611992343121984378591952805118274732932600283657675229513902843676532513440121376342852998603388011716676138896843650920113
551 4546947773303594248503217920103983163862824072778849714039119366446850199927381412967394940855338606938357779562635880482267839042697815804201132554243087832839047603749435843623278311820964482095129591820626448147287094419996794080099931183358429125389582277215031531806656212228590960769508914686995608653822450584507864027823440
552 18434375940681690998585736506645114539396873489328989463082387882315658061194109534858009094697094375181863977402554160848649930059752600924343311209441179643730889942643649653311413266810918049843719986090976403257137413894176357569909103528968697159975005415659868876570911348373162758642412202741191341444833815598533534960924479
553 74737583984542466936844921169493599875326186338853467336662436729032440164904338989275408717717429148124159140038789696746454900760296035683989698313426181436190551469167655009423112334443549129764569647259625669651165501479053568167431174804488352554483881819110362000462459759771691526779235082584300025973235927828023482474203910
554 303006399902726710834861517128880765187454604012030625154249127876634235947433202369226468016891857679495908757846058382198860736962241848345776372586283413460940813340882613255883936280694863170435346430579266511262170958620266284037797055282458880355819936010209023708825006616515679413766446487303877322167548670239863647559708930
555 1228475991644495567866388763476559354375234667705546156192126261744655073391000227255660781065040280916964720292673099713238995347597769514848639202591736451824003506561834317999625516542861379831631995179702772172784106959284329578520656003170069132615371816442015280720025788774811043418015945815576958496177468727232466608971265054
556 4980622916961566869756216888591212721355910361407060586239838705448024002901748229820032945777220740051309059590340492130484128164021497884864657802125701249576064489923861845633164122831074201211562244375543589735678386097089588595550949840569697374950203630953643805994290370368719243274588299391644381016621214902040018447287617561
557 20193089087495835584593544166572354268999297876511284946947951443319270249381862885568139976487207514726584258191493972892487147517895867863751454636733482479710751588590362635518614192355319163299560952045107953956644087960433184542000424443885446258503968973453469315967282240814161037509502804909464185807428748938470200245358790810
558 81869843856226591143193509248167748457553535009411162435464527093297943040971633166836687852342091119040867815795492421396837946288147416053300293965410145596258251282516998762034501514000459351553997648053753806972204462052352915348382767020337618347338002640598699709325208890869631366253377685983069215786532960959692174600331923751
559 331930574350572507629104593298409589539036093132802880079121207717707962368694437605114935355635216950209790165064422054467913098141926577395292217784897593749701379173251730995413667414589381046605670213258099995818373364651736753235400354487559117375223870071440501619589035056661902166190651214662647708206460358872307756615218090446
560 1345775568454073789817120479169051056670061036721959432619828342776896579054769253742889295386882951779913681286144022460682496400951609671111404304498439386795611993995141648369806548350361124363721099592960983630045398124378568415616660608626654078315832360334360919295148174894508143693876263845832530394821233416383960273688356081169
561 5456323378824018958582713561874955811683533489593119300209299144387523947246972235431749754261024777138199830827079511591554537782596971379061033831816702651842009361562386449911629869082404844397540935296832227748590519024488150604857153184993982701974338113140846866645015180863936347496020036807612028344372905650627575295685606244250
562 22122267309490178979844236041155036501610791959177178086714677747892241420098259066957125555596800421615626111824189932346763685182080604771736617940585825402311507198902971153566657687331335553523561098790304459688438071157500994752504464270040124990069695633078816154008581114666278263035127684759910819104704608957572339281364333688011
563 89693554375974588800289490096004439237956721052107295162355221258915410202363790050200698953795660972622571507216993037488984329150117651911091206590057221568157875598816454743363436630724358807269748268108294969285214992320306935158553104021676836660936568757664802705734807243769671380342119628639667689754430481282524712645887298857625
564 363659461154444396056225308201635874626586484330836077315952314816272447902703329493525581982676954580963217574999818522873704242226982012854076646424872547116276628238463350724344776722351845721320627114192541299584681957019064162503893175759454978076151506501929302201902863348542613922073359551445504764311796419287996378474136700690724
565 1474451858989141356900411055896538238993786002010894770962465746948480237452014198887520644510163250733332872042969206297151717946239906879012556049613013489614332211052909030558884796370993883636052848680953146116628616387674819782867986504839899957237813251540658263527385429770025550529549592923846606210266712496341764882381398251973020
566 5978171182630664942807718698495710215238208611330141273624778004751513920198573472083736691161209251940501373807814654387954664925144520942667363838938012815424563198886102730572005643357828769910045047330418526510599269831154617931130773574865048983186461183043763620836025673272328987450050161415563949862398317696479852510015747110768789
567 24238633489719051314282725737007048450217701302619763350183299877035048797394768262521940906120311508090896470265455493495093767942836589896819991875717136877419216079466555169179997959124651859428796712729942586236173308054847015108017217271250729028339589114221922543238491513765115117704773278951055453160695365003211073708540202580241364
568 98276559782003761661446661029109404510781980040883206353280691131788191031069961212152329132514533765318448485289699132796895397830561841358876703834698093284156439877920222103283879171652404768604788363685629095296352867349786029320690328174974697295429699641069189093920090423751779227039201987838958877238748785230996477101229294777390603
569 398468303096447720550313977328020871329389418592606412819313793551551275385290691139781050775917947663733271478674461988411988195412925804904710955771103839687814258029733114893605308472759065306668818476865955925312488096279343541914310964835007071690556596512436679235290593912205130166974096975367998786137081065394736735899884243378168277
570 1615621520925604644408501409158072846942549544224556975699363460600765979076606053799303694769519544595222579627637521781280659386349633030098713735845437763357809568810840876460312148168367768829976167813691149419993634337066828066215445399237046882414448975338995852380674600666584478948885427455371233760351542880682473764617830835905651983
571 6550696611224534653666438990563193880519017917165091787542860591766642874514072302019904177621553371178628027540759803503992701598776226266585550100989440101306193824889961232487954285519236676160852535896813785588826151594356801519697823674243061092271103853555628309783873057996942809030880056111436597103889148040243685792393377665365613980
572 26560567044786139259831202588390006333461487450631909116041082811043708464600971696710350221981007905951928728647396178238780215907473828782341198747351433134498098894457989698754943480727867829532843914565777996160345090681400413009828096385521109220454183803126805689612393593060719418831122783802644446765627324336379011625039593075716697370
573 107693425802968302249513037704923200007270572234953735487237806174101852005985835257216299962926984568576363982760011336133646502393821135087696200695717826238500784703353949522927032533811395831760320032783078593698023346918931648578500609136507586776461595378536695885542437569567295702546362681353899261972836487792759775417215902668424441955
574 436659615896515885121311527745057567819006101729361657926826482679960597293902927411189466728276245100168291276899803700394391343693982271963438280926972629579738857124110803000258909278219763630565255350390981351029166333483779910283135159692336948944569812995485698507486722963811134917528754565742692396366233246117658608208690350498248497540
575 1770511874125619827590636732837780545214938500289193362290037275581131771983385582289333783508283358071682176300101650711174433610192022803252744935687648419414799573172733194453932802571911256345495341716215869362049782862839382490055342199443548218250680386555645918504760794496387777346154299556369197098470491165104241694514321076553835924272
576 7178878969379676444333194090110000622654869670429723377570199106501656404022992204001672509792665092718382908380796393118031443839160054882458973209527584506404345657093861160088347663612565448200965742841319148901520673258562160802347969632382064008813161558912339115495143609461308097993695684442459413742016653486402721293748913733892804441349
577 29108269342921961407927919831389366938752923521303689833799481593628596125365007920483847071917314104409604659488126522761263327209379316570797408173263639598706471780658921489902953722004382292172316772188362106533404303542852973482049531516919731219090221140221358357944689828307183955906688803680806238528178531921543989599436661271952429091867
578 118026110936088080494698521801665751143605289377453811087120739704519907692489333548034941052950389625807935847691797336762001170612897911489622206832254649042909206448942129052003250951759306984725130219577927253270754049637428863502156103216784543461681097059956653516714003602828469828796404234023798573062865839715030800980507544274885539041961
579 478565912311409740467035438035133836600747286875555680713697173524512059364991235772828414180600795904617105630621308524346650126985736054097584131196932288685663368033946488833364697361073600547536588382798124457130578855138797777866283864553334427664956077932598863881514022072185709650408519701508867999768046275942031856559347125264597233694060
580 1940471955265649132566421871746718887677571131073148822650124381367001404817424438544740885948257161626653060581658862411038470873864647860405127210309194074457645411265503692624175794654060391157360358325766397805119074842441292371409686397892555400438853510435764104829032522540803115312418272563220155420102238987979089599069265303925553546890295
581 7868191444521232426803188111514950787059515179652449871543647721232052358154905682195586127382814381610788588498351619664350738074039447169389542799068523897926364584316116924596957834633912644036382281652827564417168401579925775353157762603056252296358844244489902299175383231006383642182217690517910122589458013754863115615983350167533023279432300
582 31903945753362587052101100337489930897683260320237157857360834551416293855375841959891498325276450618156306877719797885282339537730102833520169695159427451525727663983465107242749717591651035155173913772508434195939531580013293600933723059172075755596537212945949825110545919001366839894068108268209002049884859715514403384559033728109814848539984865
583 129364705223552125411693373686856639471272898609215406819370526154306986715334848117676173115806251208035536259415671967142803857539965177956551974265714538169842833237922535455896469584443161314982402815222346527049378808393746384094249380566033077735060053426147134193125787270387988018840037576170799583681053598589304054438091677950395873394075482
584 524552700176505689412929310257731850161346229203594729013275997384594353174062660143367702101821400002921729057923321703657619851843480722787737886239426083052992465227050338073682598594801014810405118655296336428889573399714620379491344261172335068688184752089468801524223596372799965345284126797653095394506088981967565188221116732846098969682377317
585 2126984684267487130020796388059452481002958672938007091553764833440113589769014819816051156350334360917749641711324953254225316549698323995126700918238796127672414953047540113643172371906733625744994172459456991020733689135557524736883456654448962817191359341877923129530073841213332593579990464674795820107759050822163783413495520565695679138769025747
586 8624650479730724965746489546038799159918441678652398594014176177277554847701422675897680000097524174759356552048910915208699227874091234859821986538441183809932078273893355580686730834440694876182485246397105643758833794907312457710367533347869262287493343157506644015262494269561691428472410691258773825193523353857973206014979734161334888447474972492
587 34972006009003028844841095505060183221481104173314356478212246572100959869537351812649426021384631825145527582652519103632359618620787970946882529362012366841147177296148328443019324866351418082539043830928821709900409774017726529061548098569066144502412450041862830869679303994135467650177192182187099050381847708634759345189369057224501074418084908345
588 141808243354146388542779040215459421513634876484940380993816985607074429321148466972360130827664440797473582629788313123607739141177323463927819414910920986909881171914133579306282227450704381450454053156780693795064342705284639120260811652865235358556922395997230659333170292155849632095638805741594967901702012690634058584708313236669811188762436410222
589 575021782100271007075582658389840541240012023444348286569231868802143674197909780391405106862348961032899372049696887927441747887065782907130224189876821225247566205823989751645663750355329986454757525781506092587952063169556105830359095715144167593821996221360681887132046180545999380738146880550978072132284000862517974297778092180085491224666911050475
590 2331680255004109255537549235799231431232986658358342088347181113483573437358689021561359250753569055106102769156694260868332862921874691490867481311134510476726954142543492195652747003867664958820492010553802125114571374327521422629881732650157335874111856071304788005623724095758596991400307911339497958461406203931022665788254005182538182813238532885547
591 9454870115549850778281555682352590291927133079576133878060741859477479044128255046150485095061949169375901886506274872216154778747947591199379984634392394830991630580430310234654574433432198213653832494104482645551376538791696054098153626572096340730367902698768675820652281522028256834838153993000965644260218205743077207915809242787180619519751379313192
592 38339284735275247644563825201590348235521706042273613060296123629640214060879821667255669420897727857187081938884020007802833134076905451415395827600079920500946733882527838504311822035365146562653416367783651379328595134338212110853132215403622770031924543247644439925021221641524653313141233174993424052410286275052801372290632008939239532644075449216060
593 155465599611088843898323079819395964658474689352570518612201185899829777618191787810580997730054925846039211036042006834071580152403328794824355062717702178062180327104883041916513535071476145400280188758765495535462423817280832751077297235349372723223886893898699026664124902721509112863303831262819159119013433227401426370877999271150506061379163990917650
594 630414887338572289092245802456666061405935672319873780452383501187969232654930049612248840746482650697560654224341719776548071320515067558529839393761645582166154968570203322190725467963963948774334430703940717847927502349558657952659971546566606312150516137698553007933686981926345973380782931389441716985883827910442313593833579902139699108250738496150176
595 2556350874188089983155325083683183556447149815060594460394839244868777788731144225359951415867245463191750198818715251681500328231317575925185508407215106275118236280499647291303937777820335312016978777321521996956767331268089837917622680618644729987990071705653771713484746159129607924524309113291946237846798531250771970870551008164736597341751718477370127
596 10366121803517234827091234175576024333149183438360765847505507025886077544542992591245429082695209967023758135769747795079471924576301000596883285995931004642658561881781941181088854046949090406892635774291679914881539123580432297824387761393054123535305719077114767186529365657727426906219154594516962371628700217354621280349655543605122382595864712724099774
597 42035284186636037768033725823578593428069594924937793417862948152330907073268010736375080336063148858903640165590353823594274586409016476050211816776252232918000096137902560119586238899313118290247983022760397359375725128318423132266627332018254114246558345490383600096164029464221171776151405556305382296004787433804416686353198677229005115529855898414733058
598 170456472951963176388436247831759870888430919566618222447845637966458940340309499655478258451707339709952568418035987522341633957842841593129519040529559492584163310112642641399565322333355431926511884370044984767339059548140132509303894889095144908960221613784563024073828062004054808298983906596809854381498997630057603039858267070962168147455027037110962896
599 691217669480929285637418851337390559679932339242718251983601065483245206416902158129557829625282570034742708081349341270285217356594799205650334145551327927634985506742352216872950693768559424434544266909146426935881901989748400433782634569344656930809922898274761765122839581492154189611781749071350618361046963742239834457651789601670833108581933916310369521
600 2802966984954241804195389847973853057173224768112820041825632558012010103535008773441395156947454838040363912794127845185625931391220457981426925861210764042793550888921679392101882747498271114185930032320330209240698228661105060907831546804710208841803958683785564268655842951524402951176300079603563630323915398935486776732656337781763842115597873693226901411
601 11366400245535343193953617289220836391415832997588824539036179803644165943341480819275966381766406489503059850622378924844538038943392202300075888086795999138987578401351020011370262360685853919303493874477512125793421290421278828928145491607773174871828738590030829334133453247432157365263926468256171019338759415996248073336571752339557637267663050196632926434
602 46092441439734150651669766807191388837322839105606278688404955299186468156430180088608249154338791471407102464840322409928582184775972295477461132713986271050523312598020123444905967018440306610327370188374042337389758851128531836169570591824323615277531459018248834524877529784402782876573391663130613728597871504166138988968801018587701851834805689921402846792
603 186912471349692044638132878163215388837231538429606811146008414621648593139500361538171858854984917622366172435411426106274724000914797657025013176267133674152426111033805267289887823385498978813405693548597884230438433060507526989738438404037191364425991277092098804935941710836630153808008757195517571739528696762462490158704474343929207442854812234493954327845
604 757964107003013541057210679888542909587076325227399401434681558957318184491549864383531756297354742875748320176560991495378123750348627839416601305030526265468660108746698989636507098010416385024129737216942889967554142387569864039134637842466445931622949904012558967191783393062371905423796912415708024072420605612494918748295685701538494986880103484610945133151
605 3073695125539810711272213282131925889265277516833296924790917935037303837349736084894771851524445839067157594824112655965126919706242408611813256203357684017449365730950433598562095627441640452659701395146118470991412906384322005785313114405392430339726165852203307498564800572464375770374475396319382735383262029624501137014405025685940508359612280049673004084443
606 12464495869555346874096608331069399315120329961305704641435978133696113772913581763410277984105610991083751700017516590942493236076944875318919925614620874832332607027810873188478455274563527600975925993704428228458916973892790539939960313163604826504960897438940234078235866738266648217403418912847994006557557255319646444838453847569292490523845760324038808040782
607 50546422521232974797887840043707648647591685243799543559764645586419070349560004617108754521348434446277301215373289003934506240050582275885554362937759066825794459019894128614279366206402753374379006057585136628456559785055457773210504871524621096894418540329181531444546897601470392224166100528502906209826393248228914424672121407774210380157378936891868176977140
608 204978305452696732295933685034021102702314141163835774402071987693763899052392646797379271408800322853660535247013819178046961833461730218445361310733346316340913524095689312494505804567509607174428106383799515842301163228573867739636579765704177750899666969534879691605356001303191297150934714593882363223075501685355641027565605589733295844657464602343774719282984
609 831241347511637041193493591865420954357232043928676408789304524090654049683029587408802455036866556233693335503483123861352968525176027739784681639795366524377557247729776802326947675136327423608527109546801785906506589664197327940516845208541844991907006785937399806154763109044719305244595291799211873563675061387419551847060894934800810236870157084399511128680293
610 3370917588777127599471448672284185156282605324919609207714905563374602372711863656956452144699946189285095892547094083600925142251574470976311977563361091947457550125863867404310400575362898713491720317730943276357313453518453081219338597500942937251333192894103232539753718565924442097463021124309208547992521798851237367460542904937061922423634538540922467159278989
611 13670074614222465959986161093040077976090080205566837674340654935109551503299710157957917959476632816591990619343589368883228606722400424081379133270464373374506480465191236016221635417653796287977109820233231277737493840948429068403484755319399457603910124206231199522395159051562202356488582323473531044565997337945717176145901012556593031083694816751951550751615116
612 55436446200572214118185230011437610104848288545378107782737464635147983506237941919778514748464463517450034468010201474386016726226363416285662751796976752817878546068336691336728460293266535154459910097477173111430368880246464869893569313450093256900268039594246489735460409904708521147669563999273384413435981655536901393390189924753624574524769601399214668383332379
613 224813102646591425419269342279109110655145316272777936275795833914789953256238052723638497818473377446089758334238240187464800807563832266182419962355112580705025743595038222352724954518554291737624062239843755035085441502349076985935726601432407613311876807970871271387221744186902850101941300502510181853115403307749331515166900286608927717935423288900241776745269843
614 911695040666067612789767667597992496645524479654120610445054666371814562091643192852739347295970744724899039539074692516116373172861590567198067705172161323575753134242813232797090540297420159307675326726687005942128816458538837098513100277659099030284599129301118228398701875669382522008666116785676290201274817126510712889054025255351387602245885939998297252365700266
615 3697254064990754815048831240182571125782347301202925974693354838304753541515868057349551281932202671250122306387624736318692634756768626922945608909432253873854052011510852852865339820506172681260067291839591698726026623493303326133561177837895397560313561128510172331692024490515433377830742077588739247045639775278490552615464880438809000114597201439660154015361633152
616 14993765763634716558032864592976761428757360777373267525608608590393755928540358622150113973447282766655872815488874674195266969815366686790489637734146011519354703278133838444934583250329713838092547865263294423169261341295084089189964822644747743245936787969998549714122042939513372805167027629954362316675182739946317433326101492881233857483463878915312055435081822819
617 60805640456060753795307540375672105288288475814994410216421908412921361172647549168461461023723891875049221914573662940109907385298615080287206044080630963027589496779839348325596656744261498318533294905074447553345132198613068969350850478684594237608950920350907142206089564583725771000281436608627239328382378787681014538303173230606613767992198758031134553505514760717
618 246591853728707001773015485968330750870746559258038691809524708712834840881685549130227376864838268489020457174879983181107814672063489461944205313474028328452568505119459229093879546109067851587142050531240713754257711414068842054518750805071847788624120007447934159122683023724607836637717388612084499157262469327257056770366763824937085697844609627276005123697512024384
619 1000035209342327477707282356420163340112208562051169894406337283444525337200577150690787104860789543361125206184921064757248708356858644201202736061256854907219038575540475649280280399253792577065778601379640738833510514621811291398785421091672574130719397658620566968235735310922262331237832737699610621632241133172990966183335279035275474253054311287575693432650299197070
620 4055585469494582922376147970792529376580864865302901553145693316977006160253648224242683545750345604985002619643253418966985277922906909036758096493973121909448425251334540272373437827499192488680506699505665529369969779878329595758249698014255970484253345873060996253172564688400330283516272859393835683231000048207819650590432107613170052859027181710582447594540067369405
621 16447258648886455320810202342038600955551072610540512861580319940470726761655417249126033512834395828871108681808806690694281671469178546202686059735350342815467931651714685298057629325651382360393332536186399060576688933780192644481856286649601180948397308579851880713294706428436102938493559643868846671620612309928208766609243372228780916074881453280754678141981868318408
622 66701434929252047836589941746666989647578537683258903829335579982826768648338790345554232066181579828541385420704253469769367778923892612309609361310899564116433036578338456135691875367566463257657056038158809713100145684039172005645982063866927260192661837699936768912536015021809968970147488034000824246885366251527063123546494150784178867633037092674948039604491459495097
623 270507005651184856473623948080428259393583788789454438772665051075819082910415706795280980060313195046639090501632388454511791468240628844605712006324015094094619141089358255168067878862035069822364659269825071959395922386376699108597675932583490641409446858783482790320103174155039069123758178655408710990211416175020369686545944635914776466476780443071457005096583956608073
624 1097042713658838411704625205729325006327974967763350404278033514027626866239298010567041234943187201423826630291572837808907471399086578233944337280864934406201492597719576143668294369222868952583787489934320955622567881206412510882433910817889625410096291859787893143767540039816398977773264236836278564799330627093136964613902858967771360204048431513868171744928940056475408
625 4449080176391277341804734109963102220071573213536719437252837949784625822805757736081114957530818909441080432259590478575918761567416921464460455359564102933675056353721209213280129358291870798277556963569494544033390321691491885986123872983499178404032153740028817755272879888538280376522779518869342892110465055126924082415461149563444768990253425583350379342403958624008989
626 18043409116314299569128073982535597814841570373343834801238996856924047687187338758541909647812416547727371816039595933737373076323341983238391556742502724227145017005914432619704767546458211201905482487452431759740069620819505840657966127209467460955604143462704352980231947082534287015548818898538533400051795597039847304905039879648076336100313689600051151908573073296404800
627 73175993020484548677419399792521909983443453649749102323338168906038496977234390791242182113085285921735106118734214693689040133195179594864921052612644323298693653901052629808525120850973819353146999932146135959475583230822621047277507939840393703199126653105180207514878746432591978953085969735910640212048053311899687310346227583409310034727044447367324078466637576131076162
628 296770215160187564615194913496532289830580636066948883810545691441114311249489711214978595870655386653895737891146672111426554387818734022916709473302082730578489662819703145475183533296877831872952260351730110856906237787252070645438797363308921927892230216344726466162762135318133280708957741517473795527704985996397847807399666282557455253701035319493120455402165797415092164
629 1203576368050528825645039177464393932191879290039907710218262080898436843969281019968395521443611536314616793876714325719535081777785997270851165593428443767954180398087969149655206493576814825201370347420016250529059195596612430204654129568271294091003838194294101161020865099892386777088016219433187076440457018742817180138071606321347613383202382567237807672809504409927694060
630 4881222902982463750797010590435205120711054152763119444085457112222469532470253598505520334072305582747188903333596596870490707462144138273053668460835901673091539310982046191068846910773334094942946129241111844259126723936487838525904287932131739088936963011126415998409877520000410662791952667242254286342279531940812507029283451502498558894654097462124700403698348607989560118
631 19796356754130676876462721439211684661576651821150090999592382938681299343615914095171388540314237741914294091306403473227094513632619770658953889209814739714133309565728689813963626830013238682950873718091440330555170811862520660723257933402471679826274220213937097957876206488999663018193934035203894073553556407802774360274153387580945208797044439338221582906882237280683901425
632 80286687650995635777765022429473176119681651428153684593310224188307283365451144783042624572081107306603437488179486977802470283020636597790636183506827611055032992270683772417036266576118799224963004436224362542532223515320489979642732505753061290310525026702115606111765909404792625461481990920319246810591757570680654131721418918443931299365827345434993910616655020874199563490
633 325614279671024119607430436336539493716293454983673243422794213843198808246212232184855253258466360699968081807548567982613553912999308487214353830379045635221516525514621947908909360926748776973421651335762237927045802087542794417963488276888700824619645237572342271082196309692796938489963257304764435432021533419847531096232241184441314440246162140507021347627670840226704364985
634 1320580777717435260760661948181895222355189594925728104829659590425388510939308626733866627350174532859882147628679046810409629276827654068570667556256790115867878903555470054485839903296947470766635752893937046959761342560484708923761116851181739871731329643356521880358699819562468359473279514369861177372527162153880231568723133521820661787423335911079721912696770510814370238551
635 5355846514018741784244162666754465954801030025001134233191381561996303418576451107538570625361174663302366589626098875356459217598399156582990787078789274455463774167937132815497899475892461502677039648654475239645004906128347637974993115650605825650528900757685031003335353762232857950498645789999293571786798179171718332233963885218729677417183926676427793139493667479941979124740
636 21721653970295024801150703044600720492776077050765984263321915456572521252398641519632221810621131192504156655541045261427273863699945948192167369747960128412839874232942871066171380250327835932890666582134611889563068257903451209118062557641380171120313143863485015873047030340657696928150791623987722070924115776891794168440165266854897919529619051839387547926191636346993663718961
637 88096625127693083245583255383820967974941341831740682468691168334834968886618365247049034740206476264364201477077847702394428632260189388073191844743305179383444972566540540286893486581092822457276993028186568890442312559597546404319528375723549693271234488393516921492316276828494412494271542374170067294311836690329224314569083019672826755461015232633856128704600932335394476059350
638 357295263386115848964397873695193033449502203795292557085886439094841348777719193651930399089952199015397703877974729999481619952791312040529880892024810844353279372054892385901571654665350559895335432914464494032260036203927474941969470490374214514877975869406434721456151445032355518644286815597979810443607363874920793713197533256790846795447944576725854145770873166396546758481637
639 1449094967541509882485585669309849197913625819584500733963957573167085306514352075547939529085321897340279545099891939542579370295586287426122869645854572842346798415152385805991455907483389655342023378424821305954090210968029112061781919027581081557143793389058951151156579560410408312263338594525498386441227374798845284931205987445418652758080694046709363401684954989584344019322577
640 5877167042491929482286143187303373033981095415177774074563882215281862243645364806375088997987789624654528085306853483294630233174061633398162303138488926776797872944621310439198765755901872459639362929669634320111761423427096767675686401035778623951898029421090246067290617704833830399159136537698771544233633105756779155475472167108839012890906184094930050428467413565692304699842566
641 23836408126000392103697555077948187754662019939660820810747104574712957625308933787750373086920755265458205162292012827537363532677210652111790739371518484329846394296488754472506658560010229160799451239067981479584338528927127590671918047301059304781505862367272332687927602760384680083971684042800390408894914167796724990469773836263306573194855963374455609844290538152347975104537911
642 96675221999414765776751827599337402479424556521686591535902071800607506659687993702054380466548902597686322190079916842453003564651363347643855275067633193471983196226880475256760385082649542851578181214771492850582376055931087739248888309485472955919033856726265708811040356427075569063162200094526351761431004277279303085589701855160374922762409137769130001491258555438587824304808625
643 392094838500655860163684286978261425232263445605079433568278188635684282859929500941883460676520031048100916647198862124944396527751298119966123216390645803912955678397001744129097654585555465488652092372046117621061601874253921251346073609458134787458653292042511332865386001051638244628736615219506297299984560014198436755727873685465892246299738759203908368230006981881055053565254211
644 1590261884026425579846566111776767649262058050273666149972448989979304108513369956905509739830588085387358320433263486570720159399750279127711054411706496847050962689873208250203887412808996603458233580296857661094225214386979879307925445249593521111062898662971417810344134308372216717034016997741873787608320386949405234656237879839480306246437899462062200106287556336375180640815953186
645 6449822253960300375713009106669677131837762264711381010910110422349196801818844613528932889941978622075472695984664253530258801815894540237204405123498173855557526986154043298714268797021719662372359469318049894307677242884416075886696887633101873042297930658892896192888641105274790094644928680124946691130494618495977300832322571734227407906772209916313766555793471834993980261249956006
646 26159438052109371016847525905042870230387737194824061065788451471686796378691177123936218298596431462140437529336164224911208020526313105294969929200748117905263083926949373778425916115397303828157797266481890239243948289186927538736740668074910546195005016171693475130441323765526830842470057136326779365307053988757186962604930763653465830047559297760831319973265799756699191227324663867
647 106098840292650908816874322442948383828227441422163584758431690051476896459804388688321785256667838206678083764130230117146716540301376139960827684249961914393378288572342839018757938148286848317117330010060682163975716202792182818391606321852887580715214767472752025578794803421451499691921094235886586438021802924436087584728228352674587587357763994244043432301273011111479024978524922187
648 430322863367103092966508292260614245491635366411626638140022795919142382819936705176185696907873164009624955370439476006745083275015199852308904149375645185841283092757666190925578503610545549557590960470910388280315535372967258126777687533046524963219795262809237439214723107800320954000190728903003176735398145549025368413264047914581618426549632715656202586489918260218341227622233176152
649 1745338859040957625127167889697004365192881313360487791830123928278281101354291350543326005976871044695854052622514648913832266223481127202549135871815399514063601233169306006709631020743319216254801261564829345490642555958820585454125684275091496314356213083376114625237220892193842145729225625303263766161836708841045061842326095804654623062367843199645766559278310626593460284171753154382
650 7078914114790486441664724009665179825140570702148209703557834628846018159723739060264300091165269993739047414333098707328709924589683229339716735834507733642776593590679352676005739512736162972355262189481874574207723545306098210855093724609259642338057020330210011545541832390845386851479327561480123416360835307701687067542529593412626060320286045238638545965278958957296709937749290147871
651 28711446411433314702453408869738245570852591977460179711225723434655495911518986023184645795894959428462678877783242052100288549151883227650110661895158175546673799565747896799452911225225641242298321075847731662493533276244674891430277655608189682405542513561589420700504709786586704109297157950212849294968656368665859714691601601621639195941316249331300468835465616902647394568915467229653
652 116451487065015895041882822181088229181050541996744461748203786117373834134367128868695137812580814924414713255876196315307284932135567624199896295891905033112823145223066608687952081095802116146280702666951839579958127764008071842227310142119030929091135060923434395055415513841628962993795539698600604455187721375280295672838566389606125581919602998774175054506048715394335383627476574284765
653 472320221723676844733471812059849197937706810113237655890516368597352948314780971930151901098347231645107670299591269604049220751858543533699730135733736946413239511048624001416141149553632091470465057416560620704548241381406825430840511958875544300649817372899130886633479149789932756064667582729423926466844807655336745444036553422767617389975152732140435709675303665127459738373667416201789
654 1915709133215679115217251137713612793608770663841482998851339813708762999135741577953954095387672778507304223200601186193857323655486335763544625923904113165012985111741083144395970365839710478785788418105254694841075935428121221083423328060365463334135178010341151966849885801211264157472168348208352960903649134615303046673469420544579936820510739930568146033545208078053141786976460430057109
655 7770055561516560832021188964878417358188634969771025288228525091781680751265051699317703149253308470028701072113941117965822139146407181984390106915390223895158919881012039741172853612154551538973720576572079364722285678064980897833976783642086175215200449829765333270921784419183957593078085852230327946947003099411797052786572651798837658528739617398245363737955959700451028433104852954549187
656 31515209519209351781161965958088521102667824049011984834109147566347250307166940681558984678323985030315416773555972075258589441193685381947932373234493325695302399329902220860331263948528817139060161280941646436814458037946593250906279954425085727452075372715328981259898447833240101816293855582424218543121665751961256743852285883686043851426621921900423205103986728468796919869072770381976486
657 127825584821503058021185685151736324265103157469481009773208773074085705705570582703681889500178548752404141044881012948045629264919700378124952475814786649093538854599783759664950209110417230255015282913956606687957956466596616026633104731702282689891453494948680642230176744674965015183124355159964059468120388254292217032103003831086011144865951738382858010187447493850125768890966971591938408
658 518461949555153604381540955198803222663121759092721688200291189451874096527687772315244522044450370756920831942879438095417445670136534971760902777403704839442904910605075595551274272771985576759410080485202215960401433497007576495648625927280764457411778492476032706488670294564936235504351220382822695462260024391149184462881922702828258059112665509014720796291037207122378401515601947196792544
659 2102894546842018771922105254727956089696622824509684981652741473155244758601116128487734027553224335582989741554814696191492113893369752194160392653302547496358467049214311866850752008228133713833432927499803827905603021713945297130343329954746576213801550542053370407221188454947090896137858978044108410961867196821693047100299526242845666762357992462056207549165293299029176686913772584804166339
660 8529422009109925299423470790360975779623195893592396643972259688917801757480427051494233882702623534283086285997542552638063394340789102468366200401672642298112438461611890601277299433490056777292524878631480741127530181014121277302538560767681883447234779692609654267393511451292309440805239679279401748378214823013093842232165856428003528826396265257337851719441814328409476311887284715366469789
661 34595786398921328799436008080441990593254930237197622549954990678758816435790850285867772147708011692039762789549800725159735708636248879345482315110698087761837180400478545052586929189812188166131206929076995077011215371843749610589779194325394068588291663448804905960054065671514093139644876683606491432251749112123648772547798157800119447457782413370928981667719370831903083736115582161430507428
662 140322820007544070475859059941202643071467153157010675022306639706675648815807910983199653029607120598247623980240908184012189314013096302618678037788826317132233546767916294636732700469219760341558308677889499108364963770626789343595189064962652381070206211750810445743702134302648157829766286946954253116390722722840636232207415515175497697034845185289268697964187026954550651084861150936730191398
663 569160678870096278285642251663376359440724918898076257294743089170577090309189716465866542811877836215093442539697481279443895112727083687663589131589741351423737259221510720186494547961620930870632079829598197842253064247328509892173507511924733060532754834131671712554360671925925904293821622876471930126910076152093581400318763802549638919438325279233218766997469258072413416618702163663045512171
664 2308569517147935257549419188661129471830526460687097745983176540284664934160235164037587514318855325093001417789005959877537318024136276525062445764663364491079823440189865170955927796523806565549315346798857777086873127554493829845513742723341126285189940602030086141051649422923665903977009656262715635079718025365152308108295300013468317076803386341941079899346236324377034356768678343651356272497
665 9363808080711725619401424563411180547678236248837888932371383439326542422602515151376614993081417468571732642932715306167062095839832450975074204608954390158875143450226667703331465428202066572107022764508734432428217327582884632568959700432075321476869459788270313749992219676693257757065710180525409066313057126588745074153859596593701332231561717575841031088036071610131575757426563820731748007613
666 37980749032311716805031062538421948347345509024956701247984370393465102884175129388838454648178126497746815143381589420258109544311892935209147075406708892163437522509114029479548432144469030330045843769036692689751477421695687400127267105082626344076788008621800542626129640112341871139001275396744129396376887486555319938079937701671208297194091504297951317035771100753873745044956496880889943779828
667 154055077530532207812238409673194273323351031647162894985774086962688216729857699459020147440777848643749593771157864670670894474823274511456046496100636686441602977624682014747282380308040128216726989333613001858897475703378041823320736534227041271748493024186547696403436345543878227187249631868017252973053368337398085832727347912751046215069320529044218275321696258049378030529324665304387482535495
668 624870430673182453366983019885842724626096654844147652850633810125550625568393122523730012208330407040142680443638987216268285277835181433772822395281621778979747290361685298070381612240469186990176124922213549424806282747504744395895618851042869082381465246945531136167650728946736021172216607713943424777304157257103666250944476015603117854513669198715105969377908049254807111634396031876509090734758
669 2534576432981189677778670442710357207104455890924964977533234778504448343161374933490371914805815378078301148341693232774771206505665442052697855004010968461054325402173321502079299639607561851966095023454521624587236252447227998762764111998666701044736443258908686881878235560874662349380993461796011526165152038663773453663353724119843903287817840552027581970566805298751718565369568301221656867493333
670 10280690090731463579551552215464742309131467050623943983802103518182868716382448107518704564913826078622440030788260191760057676769482674474151040402694673963271762757173037384744512921534671492949715972043437488941613555110269958630482022080511170909955526739203386374265015248389836893303369598180309807120271981069073322554208342314827250487287255944533481481127842450085969718598529049795880613309470
671 41700435962782926177445613879962865816647034628733550645689589498030682558938149177570452217583714544391695587799237436992477166922439471716682933434421934458422944130394092329163003208649274065226188066080308420209451216088639685455471582506983042609057611762564679742405234471215578623290367102306631747481099683663885895433842756057722987886202218174377968239500769931894504242773646366272561655548960
672 169145470074825472292979749604033922998182270379645036343259336292239705149986525237238957982419981785319464106815395049028687641232995754041342656604543924754741914019951167191070263303577477563827636378057047825988607136494479942251091385106736454723696781510563025491973144019215332879814615936289710227254332587402283958587556169603083091652745194031769044177623667808139435442140168151198376969318375
673 686090792713246356281206734942401924520959382556501776470482018891236847885336022004585009684209065339495107247813838252628541640788849339980780119146969355609105102322300006966627863101711433634703205831419413386081280708523204051146374171461455606987918513895436144916276803535888402528552389727870948144595217188394171109446485449800599787978236348689283093879743442714994914832518877070023153154166053
674 2782942611335985609365062674212393890417979418679187783463113808240251318063744456930310796462272682878096036575283194953100257015783706624082083477523859368312198811437818979412680365852633592580542738379997430158783415536509802585513780966328005643012976596766770560772614031895186614065310566117804037188579850864653884214675025253723939327567609802764207364941874941802547511413257825191879835423789946
675 11288294867634426016246573250368455208194406634439551477418296454550368512646515592304148106761856746607876245674437038746699118069133487680941818642285763663445564738067147186664314203468136275144245696367405228164974503429471826733107743365731766840460166597615598431014543037570623195795920610848030763852714637421919642404792807166464157324746728941075384693447936049665712912635277504042352708162831874
676 45788231632309474245679122948140291176132587676530122371070134734279578760261418206635873050043857815045142744168403569474449227280056897290929582802265876456107331241596477344689711218441978036526425633507652732860840669404876141465842214976067239122951877284674321800551845317525662386354064038695558216417075001261421051070472284909708106734089114063333737782345727771412750985260662854983669211111278278
677 185729471872121180089308306253037613013397944389627641440625051092295311054194925664922533237641687803874176353749473562186442102222535144882863889277367050862732386351986627809366814726149300351509085784808749441707745153445552053239967476429757034473818023322609679891614201494736063839331497011376101311475366305369768286489826385936155266822578196899418139479128979885551327105525698265626601722262164786
678 753371521228677222346703885728771354206238709379560609935503212147446222568322987090502169660697047962365956947364547316019271693207612862214143470657659983543992094867598246267119332575148106824725941795463483200263681372945722617754617976473089530456327044388958310892453351821566341273394445489766126441438926198060908069477911085440681697089342711546087190195913255304954180948516208386459732512115421374
679 3055898974940172766594264458427924600867493924174857788681111562113898862945281113929037963569682042910967408071268077281674778686624483466359802242233983102118048691194446062660814660471191268103623646254727497224477187913370518942133486436952579397084762691369780524088091339994500955538891713168831820012877912454201860946019400067295601467413192577072260943421162418774750173569941193680111772284102383405
680 12395675562748559259311841585958655286381910655404589916485503864755875155799582418031988179433561377941584899592236722479179393787146169765799329579215513014000947379705119580696486476330697981798830780709702198637029351862036651177077892011631823845453369720323635758379163643280961471334691668981402851969696138390934321553272218133968936340841757546785920913743137209106429117487204687310638168864903344042
681 50280874075596641594050822849763531456857009746600008171903545645534346067481375078243096197560780206097553027349605648480051079640787008024807377240218726218307711832222477737947718971199288506423840640473728883209022503304902001629195643416368773093438380478315652424694781218589781983643730321349325905461413533038193963956062775678746850842719456533708062197166216547014498327732023004332442633922252788354
682 203956167578094039256196875311898909898501837675691550717260260271792174148097984065464960439120695626689038750577613009941732461124230985397956155308555051560684775332561723540579494847626744654330118772527367567064937665359404715136873769586636663557979750322793115415920210835186213404376383739043454966640056176727577872699518438129888600067093555505474792884121469083344075433116455091132477954405198201922
683 827317609926866185228182535222191734857532541012371537443837987455858672140005291409214702679397455367862822687269259352423152849532873391343917210751103639564474984656930236288880362318998495185909394043668732609708036163593237774695960461228698000597591008481987607469498837405320745361119495777574118010391874573009611740357860834556376530186801570186590749128835100582169692111809568692965806577859105571945
684 3355900626420143660422337542382123093619901587436859835365926682721405818382007665129663038431369622406643153573917999969182648255146186631164665856825703996228003552430696508084301792071245609214598425541959650829230498603588976036759596559830116428373494652858069764998721584935514208417146703214113095977243795489181617641035435892184644282421654485865703375255111895153554158392991150873000708300476006411256
685 13612795157594486241499602402784026727380170256036593834300034861107193926886410851172859755329406589016017124483961308463907859870386160355939787639366341684102079115014521620125459593665221341827936349395678308396661462539877099084490552178148240013731293719196407425492450071239326958745792146634384809746154458547239054822597185647839793611679194619396123184500000039920934279260703380776114224389838600610351
686 55218793863865313935478325826736705694571099292921614426412286444601721349397133280630579911747151601656413239885132072518216880487972860646344496066672788314669057251401897301470147976282228304769990348406967744992420588635306625447051544416434718535193990209948133533624775963105434409847196155748772726587438203645684935193112461860001747844613180306724491989466091213826033899676311087730032677474536905720608
687 223989627996810424598613877558104663457126364862306646127508288164611181397318677936484527651397224040329004268186531827048779125575681880801107952528573801456594223533353608179329768159922045457027748142303159993163451662655158183756348744632055437847437103080420139542870462450830703702468169147103477735683637385032688106254189751211175604581663291542670316481079126499503556588449385701136829609918140168125707
688 908594873862017732916187628626689808509459600085564173894714745178682109651131917888413358290661922440810695085202818986343045123627823394695248620796681755292130042114595141513823602221498706817569482610826392387961526417546630383588991739578276917128427584893946989438661795148032825300890847140328153749572015993315362624735203871975777045519467477147901171040781546900496248039664553094936503071856451945517922
689 3685649512535525316240166613431833040929925669696160085412443080488162971721039834860448413427864636019264125550301879550956899318548554414160650814192261436818540686417738519627261099259190489392990641502974349443896231870058043053919487716695373234366406589315085891538997032823493301607852276396380072920456945785302285171948137862710132598738668774985481790374480389078638597077748121049669680444651406043358425
690 14950618455216046668492851798930566155647363113692756086712128850538613901433283700811183972955469720811795137266725646467869547082895111903762984100384946509268397288306018564392788818393548248289919999485249806452411309579877221792662060166938125167045978602198189119834619975890686174517364223678371392392525244925442506019076076815120318920159351364078344955338636515618488916990004551804341223109043065467618178
691 60646487486897104295816582056137828731081911791175776732773397405932257533852352749432181109335056253303445908249693424813214257728222138858777254891759391614466864610487579003718997672904723441146702969618247755883930521610518381183066391366236593303438532956873876973787886601767326813709071910637162204881105987392300424551279139760885191700096958104970176162184827929523231335726556167557398332428822862953902235
692 246010425597149685014018294776838196842993670406816197223239581403788590885621407797778637223620230409064173448241252269936383164049089431262172073389687083591257911812014472630777787367180727737484374834697228544527821262774574897967415329569933963332434738688822664810748605049602611370934528851800595587914520653452078227961706132485939443351370035756842863296715485559436510770011285759868533866119961353934073454
693 997936100758379759629636633347066341136704757199014464413801801010722129135731842706267528090865238410910918121618025532742751086975162665132103844670322280536316211098328068025565624443895585854160742224910056390720339254779606331356952938663396807036754540689254694299590956304570641533169636053655817313441344648317419973731737648498384597628537569882927840081159591450482779650757752346564858628380674464256826633
694 4048119391798499345941956603504462595710271266158341542814830292830050583320666025751999431335583354640501845723512548370463438743079149028831126983364434694917157817433882936925326931726110186619692278720405809559936007464929086234280647503531835889717002882729989778788864934551445448735404550925477952234454636743424393314174662415403849639165908315165023143141651748658288001603684897370853831944161864588079169583
695 16421213421464313067389618054720886236848672718797150290085888817433855871817994542740766579092859645330407131262749678415973907175311061495561805173940336821353484775498674404027770343946564147217556855499941369499245972734999433844533635638656443230220162409907510729997179258175027964704510182822098096567676508083472272816953220704375019560013055732388802958013370816042839742955980312402358278428390281893681896419
696 66612928688685909493869378842128566261538709399904462263011374751290244096300330178733246291610010409727164441369016648412774148888972994449977414155186079048186795386305283365833149726117402141943124571918129845869825336887377089956833773216127845197702440795361202955473606361713937450018496666079263400638056635369562467415065274882397227842850623264464417593230553417761563797166912978057516370246530633785074920703
697 270217304091839649253569161738399908762864327944003081353261375913221460944094482130549518133133864419676801157132181650213034277934616932265480828677919949180488596288545700802970052226421592715291675181279584154242174656427693094318366934767098716839441463857222572840966194988929652556865926699806338955103701780540981157632791466081004123467241371196058192979187583415377105003608492680128266490759386669201156573575
698 1096147827710737447612425000202972628610387467542903706486467600578223456521196664329347361353479698882894501246556161171577262071751972400276541489161139738686229012194175890307010101133146879299501541332432015349373152778737227714570967707948250436068118741707505882910720330917024979704245792012570418673801359738300180940186642423918398915362347951639943797199707280376847022018605034806927724132276240098959006719595
699 4446583340653656908601617225799705500838969630937585435527735309590971622762765549141349344798525344125276708887830123558366926424355999949306290344138391098134440626449523353760224739479057162748064530282308527726092175656910755045160177709494227400146041969481937654559055082532862635463903523366364331522445841625375941876995905830209180510868177365729713581321666320432628121770968896381018937450527009274589953963668
700 18037862830939309433956500707634829961117556135096078994808370363542195771926314524110844474961440563669550373562155299700814528080573707793938076781086251399625380623957175842637618894115588477425359109305421962231680642246221378812443161488106736947675028435988790519366198642496241976110005209368765838638561128852246753655961100250948056374848377952084727711218615795786951408381826488269585538306326115435214368383956
701 73172021632353631615579689733940090204509921214737448071177053910010905059597289702475328248898293762410906830788631964234064696427311781205585194603843097810059669604848907503882791274530935625560063024018843389649889944240184521837916784172821421155241893867525059585218475840124224669196035641193937813794128151689180532460331477225041198673951106394179623726014563907045991180694237080498716795202941621594668476323462
702 296829017812504700454959849373835642992481270800573426786959386929964854137553777408579781199812679928514785006962355082090452229418356595932946559035229954889292862451406288818816777396946886665714181709876165264141893337820522269660974961944543386345688299352939706528979616815860377498666302799216419776723908678808554745844311633955191351933885527095056055796683272411841230372764497769411324471082028860942952347592126
703 1204117807132655776397520022789406295217925889617996608045994879644533928933879579327468201290629587693708676778118282972011343445838615003346475108136786526779735384249386696651776051438745261695806938168091675116923072486687158276828455473041653362190010786200625912346742635852807164848351351450385214053363286956258280064100999661883934556475698539062650081328052393901054872062566372743308264636497600335835745423828077
704 4884644057504011176195576527297107099560316839679670164704027516482223563429460077149224629220123448250377177490619695066058807477685470071902122114964551176952788318349272945992218483925474077215925808561595470881537387724048743965822739334539633429423363408117742135606024786119533607381758190264198938613765714047549446248699871564116240715306211564775538533400890238773930483961223815136953119399048586517157371209453407
705 19815187270174507841247971981739499984481813680306292307110513411508114391243547337112264519607560539122414335742361543709141112773778024352968219391244360161726176352137120169500042766692002587992403848403202287723726459248626739870739457416727295556852380450856080524509772820010284686739753872322648836835961737467862019617904580158329250288981206416268324555674281173971726890323793572383478941588282480574736021099586334
706 80383100167365828789414537036653379682198436698121241132413043257871684019712496237877967715908574277322570514877732640599003431674970280912318877730909034765435373034069087455216090395067360692324588344978773422415674381526964644521340807032877501749746502216985317848695386740830040556049115897847710559487876099193949165727163216132678505332812154461870381468317401889098422678355005449657809985291914761335953568593650923
707 326086358227407524844815572329441994352361639091209253205041218686970743802508968741131444078185980127794546093838398786404131349915330710660282687015688054244322555380390163201369619032735127327077060150867552824181250191135596445703859228853527312680404086946864671355156859875217528105486344024039556996386683011364721202218767891469696489502226228200710508987326622874777701604473078348122222844709841583995004564186037064
708 1322823232372598244486246622551766289154304797141248912339247413890299417840425928551960737986098594190853814965115100846335266597635544456380800961425597065735390906034943885116933626112330987008758937488050431466861938298146764391332960957051924992736997041253500290504775757097215378649270308705873991056107883719408767497905084489697381392852813782204175747627420895787553466078897565946186226072266209420688354148256638554
709 5366267250459212595828443211979736913402780260004732877993702728140799878992762825804112857689444159732669479385669476875992113213567729678016498337247957612178316184031528339135606297382222606505495174366853811539319204542474720655104830880782924104330755200437877514701033243768159922957404865891547693879534378220665995614683671820604729281964014783057275093836585123425847624508515998649685005604490297122574539060621557450
710 21769280658601842390844451087921458348967732694098597276647795663585299472782253749303508642079427078290055114173133974702594842432733486854596191859443532536578743958625271933547220019030659389242758319270035359812656512060297962071058699896327308171442619082934480081159246683435690233828283757939356473696244917433680008912841159819238069372418341158902445393288375765849564836766946571496231247668315460595097420251271175543
711 88311477910353301736188159502906529027007091667510244980795986464094725454661910327436324336161398369830044896800962086966675274035828678743606850918141278485230835350457363276344932781933829813494520062591399243081273104124107168416010895964833746264286039764135475398314831135283870567413459112686192569948358425142952950863317553057665502703831510942538525680061503461966323277659144902960875785692829513095873024971047204841
712 358254386727873506501816526804273931143019927336751705542440943531890215596509148065775924502361464680484292627670453734630871794235471773393777402282590849686867976269854599099691432295092537734943511663292227279437046198981193755558416108136881819826041760480756471731485663246017196594989874667030708818424928159262488340014375772927521825740326113619093941496149033628911770813132129470842080218095413440898013708523430813196
713 1453339800641766139107061352051970984762681492084422092046126343116135236865081342729619986175816441648379540532652787462844220267070113339661508653730142648293906409792527423280147111283389024323565560923325147016797662750033480955168563813052179424230604302784964066486626709462678014337020492297935233235891285027868210738045657818471109396399302788035589302025868924719012742238383979922421959722976735500646870946234827763602
714 5895818424009226498419533327323760805366279004437874212700780805459494241998564272170587474532461081827203129467450242765429660176528162148114327594345517847337324840972269425915746136783273391741014217535208660827045883291796805931956607582503104249850514487313547398020492641040855271515197668070585064490848298360045724811902665531758791115065852697929108747375554138870434561468767379136028615860482143137996583458614720383516
715 23917859566899237568086225279609849951056851817997137046991378084312411794290285211812227986588264518741698584291470884274675528725802451073769729330876028784555814815039619211998221459547882718422135112227499329346033313808612497047847910334242795672168640965908015374745727219502198032038774521213661226175469696522043404115821175291284380617384894824699170988399146840950745577748594005397983004277633858672760959692589366108688
716 97029054334229874486609053794498295972853514205820606511481453809722020529054404844308040523455622219578070843908980629005608691964112920733144357758648652572351922844496710964480103774510730514710639480114850338828335206111139816167077564494041591620486651641225348724710032070852803195006036571445929237542826058428240214488326717623692367979802644490804512775660679542335079851745508477798606453350601990630533195439566262924491
717 393624894771861490896285391695435008312763272075531599772392228728282723077101767678844156937069701479223335578825396742307371438369421389490144716080588211183793770098798503002289994969660605921903001965358151801224726110020386878806207095949286946254204667199271459355132270447874002348648691884797380650887110297210927278002407934821291214197616842062201739264148869030198967800867678339918879342769196178983903151395683915570154
718 1596851698864894021944508012137387752141034066206551922871180840632338401921434364274781456075196687026401585297182182691588798273072686702703631121590165331853864113317705959625441446531568653511555666707584240226554567275766471330871784484373510562791048715795939284201016537014130201611265306634171849874923059033124485796270457985207839230888544686785883220082928293049220615571178661693045631741218321110842213130468030847013936
719 6478103412173337938974229821124802970503573981787630157516982962207499281131980966120739425944642201743648484943203170854006431732157284787161437518445095837674553647784539103042182517528616624432103427427621945243747041637000620799611067683350116839224634350838978656389269178840023903706697676033790648924356233915093445617094788574227221140987741492498611687818774597789080152048901195034035327769020235631308175402970102614404804
720 26280427743645939640126714827116945048125252153107433187980628741300213868545327715186130982440548763828644209654050095305856283445018400301013731234802650464270831892989968628630905983566729910958191267609011941799606447548281472542589380532706790407861149546779607881726172455389123930604703178302540758014113358410022377941716668039204019791658018725219312513481927291030370846097211643926517269831835535631405911217539612120575243
721 106614982593453851506941485869593225037874627888519781558455014757966544188633122727994565058992561525068707368899857485841832727288296082770069080701396920963984751990381226591647772128815025161032019715495213223073613557107700376426511471578708473311869427314002755736845907485312394368163106919574877926217316516242451964840708150105858811770053424671135922373885811921615265191390682286885941284682521025831309602676649670826044567
722 432519114637703120153900018795647477549457685829712606928754658767505403814906962128776657478355907324946349820146393279253255280023268542378968990175704526377288194382854358300113294226240352818776728771729546498998558523204848431319608952690564145355502948713541151996629606982934667199489650073466655002663934935771952993401312561144345708332575453627886636917243074361554146344688330409709480188071644357530623936743820672456606291
723 1754662606853111399002240586990775786035222257329855826906320382907093327303428443526286064793394728557084324701853368835450226320964625483436503713778717253035318844308770275051999814683313540299455688796501797505787769306432600628491987432252992022388629855550530182970218321828455039647203820754946144718029926817021480782669667478722859704087127353771622706923282829479456790615972965373267235539279883388540184262279466857560397965
724 7118413041352211754212186445970181012849945648776472241073176277615938251488003312983379183682772568739094012420079516867026516543953090871386658114610081258569322730953348789016476354290360952229994678094406326002937087912163783896438136686096007184176045285316738473560912362004688241902204858244895761005811510172995537059626541457201899780347134269932822724896197776935216643089505584218887916100676373629448534644473263087504406606
725 28878457406059545210176625711703820974034031664459672564341198014415386437025393468604851812779824573261471529950547670024690180146204592958872394503872534973047438348962977609162392086979520694177461082593995888861507602585816496197992730083545177930663485302051624981201886721881021896578642550153907884303898218912862020354716667500512970566080799939853360667947306185253681749097196903565811719074036096161429087906159722585269523012
726 117156405401352341987763046879151070179121775033823738519892143794404543885365460150984253496044367420372889746639668303283567700587318504150693966113779385167473764558820109858769980211618997950827533974370998075845110024171733530294492601922339837808348060914840234486408974235892382142914993572485955388103570828333453525050926745234974222930438041113610272264465616266666414274570642933095781924555502190855411766617382072296665151505
727 475290706428551402923745181816895225343615208694724963689452831125361644427136156356825025595889824249864775415522712187343115251683660289036266676177763860843059882466696367488037737565641744187097887473594443119342270823301369100031784322958985306640785264786493590005066495325016833986189458769776374968726230148146092128464066332080006547125817509710798574508877327014564857354909337743637461172101922654216433150285566935095645534590
728 1928207821891102404531711907995014784122347498026778419021404454212488986311850359478449792435803804971990124388166509922453249736315977065972510741341389558754114656184678479564304791092152983046247869208978976234162056324118974801552658024482538745176777813497858788113286222411257231052588331900633130747051803229549022844088643713992395683368333166099722194616053065646539173333593656337974991602165371527485268757673403844322249083826
729 7822572345464029755244714415216315271756541810937405262789150932684491716299046267217406050891254941156855624227419571916552381065490474739095967702341996110246036766218540490238454777341261598951149708609909786985610714838030508255208922363161885673961167031758946904815285165411041220296091905609295502920185213722281499702717005728845841590563728225187953992474839056608319958568370592114383930750632263661390944179916503497480500269361
730 31735589010360001377914931488939434447756150669667657142640374007171386374176787257385050555083131342068846776331300721504018183487095376387415887329263256322971690577682044318550976611481066261076321373177934003718366556412898430841174592922217975084478248035808382696208630783745734017193204007103732588891920017577261980264955036360370083730969891039174954659852145019134101407760103596908051648918568848178930099310637307042895838167179
731 128749265924088012487142567124837174088807315166702880140180083732761347860447690830263272191304744942444943046662066033865274535379430585202816236576822715495299387781373141999352977926571643687892016921719864488884296446929508858065259473398341954108286507674952286702258342851382921458238823407006418881318906334582735861110166916589109105315603901244038488001366707261311727622879777383451727757481631065736924715070441963975558137540446
732 522329049601596774866964432385959087235006929175927962760416245781658773818311339806512724598572371219205908448993310607914392948765440466685782376374127114716216386918008442106761605596075875868702315362228463150645083940836785919308666639214326983043994424561558153156133663404699511143811916638033698451522378731856230696361147527979897216256438302502612588469686864643689143383985603850573751209356106870765709165832933813621284782482047
733 2119067619522711898715580594720923614457861607113691943119247138086294681160228283585254283361965137725971796198790583811516568258591838996054075898525870243265471859185615870535335862323218514386432225061410851551619852178095581396064054093800345287505108902335555211368844469688620934899296431956985046150245604047844868922756130440154921440796947145699134928569878308419546986476065967574526569874039010787634440766311632549952003947465186
734 8596994799354286732875917308983440967992902701716803725712989139294655260936251660185081384106664144551344606948322404069012973600545845698764204470759387402671061433667873621630505865944501915658368471772728105085889150656738964166066196156450678839234040562455589337717827331477917731065450579133195841707993490689483975407950332266114287824767493981581930582988149078049966117199022951470245861729731303354998038706413577526734329949168665
735 34877851393542275034908056563976671331264102159784339860712275378745048072167477123620187122071838004341521020800964445553103068335153245067934762376207790171961503117181012619693551329902102675083747531975636199804316307812274323644468853082937396903672201703508854755149414394939244708926256821000823575588073261281768654264068566635331574571910169888624439639985720229470342779277081857249820938006607257062997908701450127329172103882061320
736 141499201371359034397775882813044041598386284330219607300280088516978750052159891560636889803299066483097281631622715768258709014943081453575855229762390251422982338010753726477392374601996758361709407003591245758663288352669938531943306419868772176613935598352210588508189264404510755355828757490448014047537376097030136603702153009285381709743515626631509117800515481159327748802349143736193606483128718005633479837247342933719630194087827325
737 574062870201052373265007424991221459821923238252664190840461849866858401001674831292435007113204723041009395327218306300249118257255228151280928829701196228709260836155213841563241195334442736337909095082634122505963486963128505520741476956749219655627887943191980235807594904049531160289368224467713007004612852167774832830221476588420291122341435212172101390227162606542284602582017828984906990276817009906079532662751741520472481780877745019
738 2328981977113099737844186842473005416544482564716936405407943207308879503279687195874147962512199841171932412718464264110443465983376870949361405615736933976325592639614451806640394034135135307949221972457452768083048166439687356387469503776202984202509421880680971087487115204518627486331095362676633316369595601690929910834799579633849683825909712819685368193221946115332908725988815174783274657145833425011208350462743355338010844201151507349
739 9448742084351854403217694755107528443876532202330104404256584926094910714636961654072249076921556111673986640498211169339234137050043967986396045950778461585801464667614839091977616559614572333392065428597768172186860793626899107017230629691172039924757667930049849954986103152031725825908164591890338247558552029157127747410939854933205720244281631638819528152470740905010306174649725900813316262932278470450550309865214922447389687441615837092
740 38333904372742974186602389009961529685531323218412355969156256249572871195771466861311557189130363497104343137183438863725903396274512639397001741263525148184760495803561272222123499194792734027452912445621069537368397999660492032138244957542505636082535696143347378584802354610421491940194316146495350731954696030270979631143389856999363357718549657567780046354045619524453226476877315924820597419566529725502971946963962491732197464001435289006
741 155522527753196294141692576726160427693085259887183439762858439895262476475934015821746799264047874133425551917230993948240302908473596225508443473549925440597048373434689545104527553992408010091353003969168928976620785867805411060395155070895670828464012980316631909218181461066528940642193118123232088824483839941060016875866682241062365577495726581036270925686884149205293150448572171682853470452241874468876932730694844775596329602161936423741
742 630964238178342001438993539896975611427128352478652120762983815074754866578696689199604635726231820399246490723178914138717180685622847942606410475267067118025753020376581736943393660280866990152814083393889377323710600724706951194530633843188087044825988096774544797907889357883826865660914835322045363356383210124068917656247739811352334592384088874957802004705853027788317857565578375646017866840279534951341138780564789965638159318071931269590
743 2559866799775479535342155852918072145013342879294986959437762136715214835801683061322693423398929302540027279923086465756695897604726375126808550384694561584249137830350023503786956862772215503879491601844530770215935408943427813097683625724387687084160709006881546740625842714771508283773690529989742104144587600941049955590452451635598024964926817822733022044304890588337377253912763301917015955170150223925294656953691130571787562845815542518069
744 10385589952664077064137931536452718272518201285423493197439368962251085653734030723025196420625722378124585819969038320656910440815191920218992879684731137761652600349226731904425550919432051443271545923806958130545294426852438164515721101155958273270321683012374575716577322468187253668787806624193625335654164978887021355961398359433613117585916672846906215163082502995340253535848612118505700317818160166624721505746790862678660198100742880715886
745 42135306102835534646724230534840052238215942094226490510936574511346223247852215094753467296108015723989739980036880669566349681621015576430869260086959085655903561998666367216272639163449063606588554819388019014244542200773172902927581270499137995028247839964636624628475772428829722422874586251670386846160382586055679400512823450730446584451283604612428480973235235221390409216939267271270246242494039150604453984792820607111322817387427708288938
746 170947325142885136887132252432499821858153376535192157563897527441912168481558167541161832459836591789813417955084218776133290869352152699092322620055001244473491462833535743460275308762793266267990938543420611124837932560628260953559063310273450630252786175438181772115177159352476360035050972662901825983415340623139223192988407099557922489051592185609109534759492436286538673821240395155607012223153240474392460328150124257531317309526461281385687
747 693552972717816295752410368535644316085357479357125069529551758022803997436580622816974308834846666260108280374216840661930774871902553666134542869760504879268311628122048451253837963871657247986065787930607414242650784226985437088934549414875119380155006852516657980204507832545361670088038140843592487171435054040216546287625588261848467095218362280222952154711668398842323997733188144880988798615323867780098768901918137143868411818454416494413292
748 2813831802602153058578443278532280424464154687934521593132136222881956311992953387693408313643060280373382619098121139375124863329986131605516029622203429381560823570682332622471027665590188297422694586318028671285781000177662864436563752524733014248952773667803144955273292167499949071805174244187155869695701159915255892210318663286096467786176284258107376589801208895108511917119622790128087766582086074548920677160552375867736875260169167754234692
749 11416100815571578597582760159857714477215252786291536371533253624152264481498596295246637127648879188124218986014905658844643369389068348558912169344394736280594389881823349280944145091037156269940493851710173813163392612726248116254889291752399607496209414005760011411300465104573465046461429697705821698531173903645314819107071740220996828244207374630428617590937560333614249005034925971230240777363538663411043036850034775537357629154425263730284672
750 46316807729457049078670794014154829646728171679864386464159116142344606227143831019582705903571685679668202783236100051700468556179928155192793145947766651151382608551824955195390377352294616771278198297028551821101535041922593462994340397893299790721170364520276404560255096084590351026626665368267676937146821695780429116025636489230833613933753854405458759681351430330898793664473583719231449572287146648962071386132019745986609908803510988890093068
751 187914633746510850846913007754705062315948262249838416238077209367597884300128071586641645616292032668509349677950799784957437082713992501054192676279689600139904429103268867738493079618790313999302825543716175944191177307080570821591564165075691107382266188716395062207741569671628643315136213229260647519712276624493683838911603750818553551652334480921477931204970232461054778195252942935698557792602707551969565929303517871796318395622910311220504277
752 762401497385858976783264068761458960786098437339396968436920956760362095622054203663993916192345552465158851560426396312948469630460038177836141846142409226964235940072847596416084973486030002115381614451246153720632641286599349056101823459686669986246365922628787325026389339707270552658939430604566455559669518917046063953687607694141124560029333157893694536799441342569813142236476757999560714855315024634790069574941433331338440288124298254007354217
753 3093200218971768430207196113951647878652371300105694083191279233781471572301701950167359671360413233718395022587445449540976871486159986397312444955954572153535328733863970044542305989529922496865486728229048117610519795010745240711241650048808701044777010230665688743659402184619529618727292129676349729898998483678696087636137111879297815101592600207903423899622675409433209636483962369721951041584665335275594259315783687984574621611942482721812044418
754 12549703744662733576142423787423549852362536936498507008984529206180324140290596185265028312426520343369254800266538293981127323444305969741880864581157409396946511824679069426978738237333104537370050478983741044940433103988989102540977968115037519613270351481073613050346107540757403956101795280361435680727480253029716086566626652616448538656019451281442057712358299879578151602866620921062455285277492282299013483786127977992982868962751834212340671750
755 50916678135645858585094418592155882982262902488759462594297108538456231804511235262146383615527053267117089365935691714132258820450002048743697250144249392798326219066077122545280850201162106868033941916472724930773674969079599278357216993436832491210636065420526930638906236952158685516133135321814206344580491710672205143370496210409774575682286200765851098627481234409802059624630191920000297707440675864260208182627660096911442179453512253500474256065
756 206579772139199870693094827486333307866103725079351088781292221370543033197265934631715789138054342685638935207204359466636253393002512013392256158285213235783956779675640831986156526690788994904741378558450710175806756479695900440185880509723828695297303204342318620055791000393636692543470341848387964668853600201036638954377501131754741322099276001672357570305626071605128958695473817648947926472744015213066619761665762723244728370416905213880274208371
757 838140191223155832789643042639909046154102018460948678931695695010052772670278551075069805302998619675965442839895735299242288680122782195282558046443909663430940275028526429942137199210501944450436267343391709206603021895871920480850826573919490241233785864418444018690469746891380867590661800749304552920586337234015509126024977591794172686769482337345611500883114519726569206068816907042582407993897471115002244069958750290249159068230111587853010977573
758 3400530522170690509915722826933243682961623842791999275599954035443950440509556201614978838017833842484491788654709754291414758539230895948811697880472491585211380825086588657339861926911393634307235976828340558947936115872247560791361013795731106235958044742071982992276212938125552375191389370837230677030094586353268666777887674803828865266102224949162658132467790051011733165476572694195947013707871419054694433347848660854096737289544616851660601620755
759 13796782646260450873618512846579138250278973322485711969415276921387160624177700514185837308334016819254302031101979025401111371977876381439045753510320300121622711368858713499445413638558216009309996936635071146052365284142028252357426642187888563896277532192728306548384248343113002795881280827030409816959771535410108364271252245534882231597874750353345782355237447205896436479298286503765751791396916018690993984680758462097969671866513528215580653538356
760 55977061868178518306250837225443657117657110282317732313850081381062985655874861791249369261219917692986188766746827323972353789957520807883162153853102718566488597512091624354929862889273155570595240552890105364330337893894290515653426597013187965106587256416081344570018470762138799919288213990843094848740459490831754692098019211679132074159168350911842456750734140058661628149616767717602509587879954509972719302022938984354480245688646253954981123216634
761 227113790197058471436236634889702326155883257571212530079467238372423072085259377159784580873508305705605472584714905065498830917509140982926478615070876159523920211133655824779839239598882593666730754478992057024444167889586602653391481813360103026863626043616689782112515560011375788640602756077059841374215149822915039646097854780604487246334887701481923245783048779604375873089718900349543625320965166073524804382531999965408087545249260173341047225892738
762 921463286645829112167779135627373980826826182627370305349198903099933268508117668700868540340603236881488463562742161949172655996094271828399198521145819979271585682230491263146024182944478017702064460032263282416356826544979285510854656697302643455026958962307799724623152460245072481685650266101545156196536146497757782684484795691499575788674964680576136203747381411672247786190410524660906126745613254388874201023552997088627540106202949896185812840285624
763 3738640366835172805156499042438330269267867813407872709043860446799181123184511923140070755245573541419129503046434721151889104255666876224626476719327589804652465631113498296903297636142702246010769601639452132220853404042075671199890391614696852693209181419143134098605651895554370455531301798666467399748599612298123903424801475972605545078617359508572751682304714613243414738093300727461060893529232163488074022429275855983421037392281616758678024163838916
764 15168773447426652044596328757320706158294129018741292047282052255890691733608548612941743366717699320082727498869607405022945169893155040664482232355694873213066110910793107878195819550857637044301992812677723781018389252985970518002032614874170781671705537305260538892617295530734415960989893427818186776871413518234959037703685469374443985682534649165084386929808589444769076345709785614955435882933623491121833269239825351856200220992957133671240346103629479
765 61544373647325672931741578430377870403410570455859380330927096159446652755467410031343107598676894047020055322873684139188337843935399394620713376669293047674821507672870854215821701817190613642965285520199501540223310837034843356348573742076391511451319261956527705683285647980473329759237145899697726021749407497353101373531059202297054319441811933536324659658579163946912417497667072108295143965855655590586541148667856145213154622615389313092501344741167795
766 249705070543418089306394801338614385794001456708227108171159349496646642995221657373085449869826417898354139776629640169715806064437825726578460745800718809481073027750351777660683115038016707261923953149354338386738231421499008754638819406462224651250634732025171929861218354643986773832158135736188658633012542955599692085990798919119293503699069312355176320498597769426664239295474569971338656958982768058553404115085845323897895248669422355186134437204623189
767 1013135370257056176164146019971757277592001250709678897199273552107017302025007504409230620284114449949303969531372290311440694971542663155296519438884514744565658729783314810514085750827894043777379712613295042849051082941438863723399978006243881249675275357436703643379174597826092781599684284762928482436888482022633546062664955567294724326836717855079590014448791478139551284764670549103982973645252127799604226077716259229492959748063248336199370957151664616
768 4110632977979309828932721742770378448767112066299314253141816466190405216208542460252489324521044560643025125996651651560662770494809465707849092818338330251409981672289166016671742362735151281325927249796590700175760240026209947511317302218115815624250962023663227665830599345208852773063008682777898470453961679318437534409571432143928050386116047759989867153213323634958564196335771185154694217843545678359324949924420372699260766263355081405468256248307935864
769 16678271218240480172250955071206463682084069888681367730049021834781566519520190984144923331183959845138999865630190667263440644622046596236271141602273802202737722350789002533269632021179911820004556653152182706003838418807789248406082655630416207084026311836046539851645611563663420777793850209187622190317238395686198064511067709485129100821577318963444670158136033669725875265348196093635931753231211513768224227001005678165732640172812212869997291562952007098
770 67669733214176106764382898334589915271664122085899724270625262492973899070122146787420084995159396823936938505070628304168114089113546230887329436407623461943130470106158221187997319496102326614509420473557693832470747702282715038896834453876157850051379436164946619969798321992948813333605133861937007255208913870069114890632377596315455416096834546682288048745025979021280692413042146612172071157797238798622398716297970907306935779166384590284573397854512775807
771 274561093750776995421500852409435234723588809344121691665527344243312825304126819740253526664125780574685813770125172877128600841060453693535412542645596999077989241822271072817536426626411405503253694401538736783818776388740310600859193286536472668273994823205497134242785397585448143910759120737127584888014763361001472946528888688824212358782788348164162463085871839159742769434601375701654174879998712320102457372644814764584888302624365726472996582626398643332
772 1113998548447432166601315337959185825712024368418858097351578215922083136400948941264794432836826272094176508660540096415452749260367041461426261011177651523844881869288002447029004919252464299548278826794100326553544257214242005388267168832605894952323157779792973397399722272366352680583070858446687722399150942307264059822196730635225555839123055358188066274655688252732226866861562293481133348193600573211610721649579918644963170745129443375887513911395414250112
773 4519926238827551143470032644426463981608646027259073982747375252140550195526295324200699903129643697230110891957637780686431752222736710761495404239859180604634991060774734799909760654316670631869981834609846207950995946499265372071333424166839022498422175038224525259080335172210930421258571058498758817787676150468539291618258919969371232247451444394899141250132410657996580423515236769980218725020810172209340310041570449473354921524764879183210569705999708508906
774 18339148250271410265781170071002443504512529090446140283993448451769453075637008557511266513262732719538442361160515466046192936892310582770870926659430163150861460635062980874842711009926594542469346545853475721715376104423830571531655993971010912104634849099631691339712395164284794309874294266282272249134362021228542209869377920333678969331063015907684032515075869939463961693556374020510444629530060202857566410592083625049657177700143207293018568994507727470204
775 74409444656303635807294194297068633093396984370842196405719796532456393685715298624530387232756123506766665391577569752093257364784769411428789378521443616230595236481961175791131871203091768665308484774803302884003433390232294785434662121493197961723835349174407429995254196812074807731764786784208802306669860587738249724743797314955960137778030033494590087311460547028765736873108557603711516490549170659128488573011027735913495584634792815043756553863899415032902
776 301910384109574896894837027049240251311399265217237576920084419141770326576056459915857242135525056506720614518348722863511225106805367352047111882667177874317823159972145233752512722810336286710628321780685186863022691990733547746864927000800127560527791344425043017316182318873760150937374404156925376615097708605930224623509252505158685915140098023386853718252041288002486001236620532314060837691609245999331574956601333605757849366490407244215140836854428210758119
777 1224980346035708931440595352251416212766826053056364508252103400084403781043239009760182234381632355948858728123856342196694000318007327022177501949955398318262429553909979817591938545023132737880595193329762498780985118889430261131048827460438067034873031782046131668185961287387968720251246690043107732383267342286238151326129160783664762815154772613297821591641275626134804426601040978039973147419099517032527489596932236937641935028555309580378996925286305348788722
778 4970284754547290390502305622993288744656959031992518808052947044581351225747806199252420498866111282809580737356670555033135133650238534946395867869445468340083404743262916915908983702295814819836409305990433900862918110920066622910415123846305915396335186520493661355379401116371230559644244100037622054640901638346319846551177920347362250806634001060630009942824541425569956525332569966766858410173225293047467307559644644864317941095337971544472111922168035723995862
779 20166684216231481794833723990595222515273656381480283287454001522390421274965417627718003322991771560016466753178330431459446830558192873537840598584539932126630087917897572128808179016849579639613355094557559175213885368062231801812912971817696921074286325985710038090665297590632896436853303734042334017060219246873112787005977438919888043908609919137782399946509853416337643168515536365941185342253902099324956709297657631689968082770176134850822430930863979749393856
780 81825524779122208190403560894286029714788249342639185922045273484541806367674104177624003905583935162904810217452901896958428141519737689092826126874389008465335346915356310404264417126563364335662418462332535758524573118179480689934233244250034198784341397341055101946739642041137290625525577961727484832756513193195734110903904089393083313193417996500345635095770607118870096687693927304330769653153543337241080078193840478554552917872552405337455428738249013997620295
781 332004654506875605397546460376928759816337031517130975099748897989344463895027503962490907202177150903647826388240601528788954781064132150495366350461931324586137660131804859633661086090663338661958965479912035966880086531468126853840157216153107962969926528542084406151131372081239531613524705360977969703980610791838741181560188012879930568003942209352614928525307210985734995561453252765229642307910723631212914378745753575750154062230826279104489465415715088894797318
782 1347102413233470020666544427571553114608624710869692979330672445207162593959820147093788741227628328038967987459677552279419515252714901526206135077838876477493870595071668667815755829409962008392507272968678030737341387067165499442577667323033625885869500033209752253580775248777888673945423725917589074765200954190136381905881673692523296147340826203141589368818170153504573972660331612451201950677084798127188327302179497858289429832296124963235205527238784025203934502
783 5465855197527741089689412275539017928844866432763646106002331626619975376783647140789875655962379616272055537651552922954205186550868913129660861761555688029021305862209927001636910626926845835794691130641988950000517204130132985577347325228235383702584279831943000892234835295840528759910555855423886504497767489816639205207028841495703607702454600504816695581084064849458966715356639214452460654810058386810416948971442001207430338932857371368790406755514107495101795394
784 22177709651711182509788489939396947354553695677053122462529145260934137337166419856905048006825857625557665795128451801789778586355556226828178063532769772022625392505860226765081602880613023885415447948123212675943277222229133348552568532751184453979933593357285739842979365448637174218922862808086081949814124720514571241319725434156264780659736966388340748278921031813845889679464275959958048978800442547110120714118952210998218178972223638817696481063459889911899105511
785 89986285560929670441160426671438288195788214675355399685491182053622327809603733168403002067706969608714809132375362580636015956289754098247948912138341182622077556746446178759772842862200466730918875050699401944173824290213233868947984264935468849368222977992939017778455357148256887714580438019039115371476200476904522136960348063169455110443014670526687425282801552673374321822994390115926793457595902854747170835103482158396412501284069793185425235553181122285845798651
786 365121170868970198014947371143441680558527938511354202077354419239160102641860589776017949758707056110010738921919922849534720441706613182737443379223342867340475491858792287572316768838387339015301182771920115219507181686403598817587566446039093636758369737665915256045487692938657869391175451415346512728984190219316546253614470091682327955638298912430811089971968671544782084000793594380545630828793009786171016337053321760156070819306793779950042519757694990135983077842
787 1481490123976029932319828206769299683096742762267682321812380184160887603166462221349965416328475907460615328999647594407281967693815311490259774884923076046245509293388012057631768625772351450794026392726514218853786403400839714066658737337909538386751664161883418672271040600283093996133139817461109869784318651015915823280995337786328173136113652074893452008493436174276904100797200560940663437094075553372242475862985633743242523517271137917902264700382912051615347367762
788 6011205271353091431597285920086047032921390299837910280525744371663969205683943212783845478250786327992933732991572519759204969132470810762412440020382350531763158138585550515103718184609615842970620378321426304430413702642229557931869152937333194975766623192167868250554715578611311597747628673116753642812775919124602072009839064523176330842302134655481934131318857732030178852784308106680564391235826909973564575071860439816125464072128995824194988641789586848012545298134
789 24390764127806324447799441791371176154202442781253056846016411069594165731791385697627234116189176328711848558308759219636812474164788782484211513790264719662125625583377117703739328765805360898277154139147687581168194748297341077002524316666468684449617642056116041292994446153304047039008980392377989606643602300000293508805196322535238134718577890558947833005084261971608240472695334939149423861939002461577901628173749994446948887098017990571709494558167880844252603352996
790 98966976248949265227747730947540688994019956000534075229879273452126962129186800717619576193267720729028206877587075493071382056364339533280257441209911438309828824591430574792937297046788110058676558258329064718818053665715962301372164090898657513556580760362616670187668640387539643307334696592556325154028084750236702642907521121922764913588129185584305567161085149962135935062854618888286220405478478231295361787299816901307023965369826089879178052695608430881994782008247
791 401565358730402333317314145424841455207716353510289282361916654851218345269268243180033443424760680744413179230447981279016654477238515807001720215977525516226462443535502732889168660531973441425421172104934999288545523213797320346012846971849843594471318053556728384100153905572749078060809104081445890616892196169579586423603770481799807992780193453738380345191201631045856412877109573247057765512408534332154706769669103355618890458815135240742113574418764876730889884048473
792 1629383157222711656084712504771527034011997155281644475657196815376622176659688906962621913024150780729125013073778040003765111572605753630953915408154102676824659583145246016167940009834106359827360033521777916497247426576253528362407425795402915954474276697320408792899678316171567912725756215638367728487887351704877246367352845454471859041690538970636975568813501698305125571151109872249092853381329258658412809375878282426105382161907672314446491681768184838676811819096356
793 6611366665376702909383699337814741442551102272234833117524802033435383628163971851240565249127007052098673084982038789904501837891028622933316492189624812908264131722875455488597459984443702409812506593919742362912267773383243205071304154954205248779433819411768373483064707544700294720914525659613445837472924716688757657992961210508874561751447315737104260645371341104322040433222668456223492351073968696861246721965897124294772351884970988971094915477979417930418380061272252
794 26826270624570739878537639565317925489489713853774630757406668281796726436548504899477214968568925359117689903856001693581419430055938768303203758289248236231336853316841873849950144073307274997056456290404899041799612789845519893800553493397485963569952627620235165221124717278333671096896164234328901950906578472400673902453267435740246750423030988585642758011260495082555483154681336131458651800096452346004428721735650573557637349511224563093173065606988856040262166469214943
795 108850491226683990101926346099683902768351914661783866215334390087245575851087196648049713761849528184330131274012630861797360340901056963991944832078036451734983514746860471742296476124955842456611834494622096097169310199743085140971219247045269052058327671694260184853317326082947641976905609524819417002814295732202824098794500710408302496611641791674203350244860483678952238984017149935752468049170520882026807721557055899207227132079980916386921013470518590888608656440360675
796 441673676818439913259374593271825346395110492596941499739477104396318406367320923896757239808945461793765707857707524629877127266807471078624471942731166382770967100323053023477719206850459466726866032315131107592408332918646839448031074927232327307036791573781365353645859810949746464280309247211110547113050301015595986072285692780367188245088435243878881351553971561171451666696678967096654151624013521688936308822976918807136229526670112848879318871074985656003877557283168574
797 1792147162275826183262539252166096767896240955695109860194520927850171604176393546908234271827807881552464616067548124441207619430229833804161406205212581426574432205718386067614319905065594272287233320229569236730291137114821016349380815761377669280777530098267409824278185511261794346721148371656915449060825333664822689769202661900703241208778224219091364378279011268290415181312427955203581632343481909261194546247254076546736399537042420513965422675339017183971376432049483999
798 7271882410156586542086835998586173845574741876235174479884181354486527796758956657439381166379069059758184381338946741959372815642294024468867168958030560986572626396542561970102612453746938497904038981347065261961270527835792942852074832321037618765135907703768431137205593848336480062596444606433524627186307678993239090506469351903384237035534053158017417257664761878354471721865305436307887576360961239485572241738336748297757791581043856327126272956658253472789206922964954961
799 29506727770953066278793427584114743484540739600049761624319873575749337258713459565455439666984382398269709326813328265546879085776525005254572825172411118857804631158655920530640734065561774923886020454505718659506856640406505471035214804440757360896777381613135759798559978386027732336678689623036825458376379861451661092490669636475580757927180996364558321553564286621457884840705507545373904025055136008400513808012886688111964624132509075194666272175677265729381593521501240717
800 119728150415170680240934835002654899588071099623992829621474362681409941120299661605079162735463756802920317077824548960224696612484534446156291528830813690668510626053111652540404847113838226031604045722785495520996161739302911342266215150891053624888484223920012968810089650482807058661468460166248813457992621933063223318667716704188420825331068166908269650006428560712392390941052002585887733812532750914964524628097517595917937596963317696207852325574673453784126306407839851602
801 485816785109183393788259302118021946978781701164454505255461891184138598227670751147110929927804967670750209188775620092899549491889373620955225370514207306795758765823883484188837958132036571014243383308866412711682264867404185941222728843230645731544819003259776537821616410262316975228784832708557438861304779830225501658393242255887500287160154416722034754275311396383256439379103391618396844606472712082929255589411443391176340147813580360811719708570018141275954759597425872396
802 1971286619590962493160710212753025824720245785995831210094815078800799828876935946973521065590380264198687150185610777359960945274627988980318929583355299962258247109335939294995759364634139184056584761770994858893367351797703836668840083045142983940372156397858588208194356222563574387521359653917828658133308876041231362294298537442484795392175831288802010011628828977755486881065556100715542492821434702755326152344514477762200121717456100674511845981014874174467464747423443857418
803 7998859086333366011277426729693007872990623272173774942238215903080021818214772097620343015789435623559144471128039896630439583017263504867368748200334111793371250418719113658412897275693023937062705316889776499658065469894081877911540753739091181281947639405948651725511687600993506182107213519697341174154199965902781748653224467545834702611223507747376003106625155536747837090102419107931663560500051036874010529460264581836772198911202061950508686628861076079071017529103315329152
804 32456921788709123271709341742562678803455229635296906075068831671158780783118624580913320615605166140252430631271452638757394509938003412073477373381230518293014648429816171204896147662520565775625369311995859725769062976720165001482894038036516047060724291294715501748083378498931869657082428629321016848480194448841310231603871519870968939688001187110465728758047180807934318359920069760522830359809213807937346416594104918178258567281873725636670459141991592470644389220485591904291
805 131700559668405194366125367449787083482167887476747932906022941440196046920449909517980591832176498636302618801370244584149735328556149403041532584259115096155902454462392764973256167345419858058748490459506173228934381640771751686367309951953114327435701566451904236206658157624872357429660081501883648385732971189308377731523819593792350470753042966431437649752279491917074676046751898111399772142387652287182870263273787312671299309882260931008617451555635563891545684696379492158014
806 534403037644271823563551489022440627698157373980374803520860927476601576592985288830174534193705396637427991436047845262263754419198551168694779109969884228051092630227799188478446713062370906606111770058401268558047133372650920021242058049920680560793819909158813432479166680499109240378217313999526292418007310576580849715736216657600840653829710017466792846006131840902611567374384685782161022012349521184793402415756504910296590796180908998761880784159075224881420231734682705818586
807 2168459020052954087560529317852126552196736697195496911060743397061433644915798685993606467497652842963440506772448666344129114025551822878002596293089969178345676809169598415616745067920191633218662302650474243450851799641538202054111778520398385553861388804303734885184280601580013307155365292440500759834604191477007546786229974241014616497283257826324114128046920799863017811521976608648968300755267414157186419764685789167710991011819316097398712482079157910871882505408928151676241
808 8799024386231994069557455253735220561704543554115328299223530007494967393885727676345622965555897543289603916208892448497553327879113607369002255347921430804966114312563958439730443662316314809199169159815960823266610605389815019291218446470790910066117287441369284127389747939062261512187616992746629608576094617354456385608585409521934128271490484955824777123014292245031931778577529393472271673688675523659839888212520293668072601020304057171842729869661805963310067664144526491980414
809 35704160167395663207404093126478894996134061888819121081074531160032382989368586495056774737650864369941383122566200094305975891689032806820719073298842003342814378883053750012650683696520722049557623949340363308282195063630642525722468677748979146563916883742336839616875996997643015972268370962457803033769059585459917912737372592644476665368091099087124013593431534114818254255219442422691667999403626917978867174546367966379692142823281591738270414574128993873494944077577356435738877
810 144878559393093722598073798537718943518157936780000805632920579201256775190242079906881654608203249975900613864345643412031418718980113412711312308112245992905696374968127637258295923312417063950829807881106020725874945190940678011248930043032300695808775456904203502703452170940401850977429312932130269235058266436177840634887350409882545567641645319318816252054143610100661810081699063655244043168546666132041764166235640271806660268214793045484612138105927024211595515340845517280345255
811 587882333523079985387814533977109716631898477815862365283202555155809318840467635033824379070711075243902729784117828322955031550208244800951676405069576161895113229303875161060591898907287004464748703728326807983404781810791936974495816889831095174110151671863888678170343900126795754197506485969481822965828133043342744899171864390832970798149448571165552414925971535243877485456909117062645680222040701558704956227128346909666433391014759082773164294350681081747469277238376857587458945
812 2385490498384016855539251818318419801858817463541026595226978358977620605895800968327889288262128838002382736252345306148620001140943390218019258940875198340782894456704183781971192362794871312101667530028423047801054825045731874537245918016936370564659703745260154193247822347604943556369478376908134043908596327943398546168070210294134636006785087263525855690254858219384022599254951647855196342119715165061358822727136742553841538568570659388661131650192963160479512497869793584678703773
813 9679790579002006548729704117709391360649825126542289131813336781683335910895932482679474818419777348539472593418106546542635642207135998407176227312489955961942180310633059386581614441561956285691625780430579756167481680690446118683713120349890064641371422293684806341703041661134111111949270679699443097085702818923074954990669476160524137019605376983830774228961766763229474339969633317572011623883012380969044697254791567455110877229291146054936011812083766769154408337829555390257077600
814 39278529306791674597801859833329277478708625925010441755834179739476607910295355143139959284147249559839354633477324743561878530387478448540627047084730478179401979433062939748059464646861980695054339505008924801512482628117970457857849209379730014940139723312994481063086058453829014500324547882403845392013052320201959136434834650616999161388257376901850487561810965575803682717836381777034378876544586747226939692354974711034542591920766352826331062135926463964055109782569063294188865249
815 159384270472460195145575623003643998485769900123954093231558175701607483240360362059442617669676692157925882399328548300820882928930715435003676431629809423191378337545441651066399351217673815454081786525337553337467826272179707663977189644717199926113376740882140051001886758863560378291340788026877674814027821934740919041869917396856713879187409932059121298512134532070761931380816710837413573996446247429789999382854115576888018115424922582593701605082041016036190985132463968868444021453
816 646750362934817035591341496149449798345362433915900243705961629407206184684726244646677848151338930112047799542828059572629179299799330109526011496968594667839531284100285705073788494522868810143068318026995761529592612724782753294486198645191900454367146863180431316909189181031274487921827135885480424307284542756830056785549653935003624943252587779646158062545983564684338981347179710119793928156120190157802106628893746965509840840523709607866545859376332690448257080110577499083119072666
817 2624393070356591074288450808694854295522083623642536108358311574921676465054093047217121386900661417841931551773712749968051349607291036309718359777341380904892582081501717653386406284899330750749766812243173718346196826420354501373226609979451437517810934378332403258036410405278984496454537960756908359307403009246724147690221314030556919632682208652107197602598337453897774681152703965246418245302046076035853511538832656442939221267963148460475783520188611831511481475503260240208125025674
818 10649324486979723544762528954522642027254155746171611957113619348502700655333007545731928999167794564344556731442008828257641196504238199050302420774738138956282210737772088598376806637805970643439072154632250089994868647617029497708600492031449095612685556560303352077049467840628602191595136507862911376856431961079493793904743349476626876355449614031052871384090436232754469919133184474701017146537837495493145307992605697861059978367753522741672565232934034334894257830846823011773261547597
819 43213178593996950352774196271103370218547445618102061597586080383662934347940723831445664123264927853918248403141696511124867276035777034182898022169115720100528092476807743156171521877422671147360169348123822519982437092630684805435496784459562739974605911919434139244139829169545168438885160383001510748160711167065830193873638536800906785547102255569785985034618074722453594955392675813459435405156625656750312534998632883026183090475477633386053630166617103658666165356457470554133754120263
820 175352247511377693937012269456808516799384431622053696297464127327850110773058149817564002099345580227049915833384026516490792937409136495821952382478156875606487060194014418609436762640106647706695211077182142537022874448349778204655710197106920797095239741326736365526827699833796298356415281306211756502211999420077179871501638084632372792508733666124890774887854277099001519328635278174310879873463316667662095426545697575775438483595771736203546108427507077218224665665733815207041288566110
821 711553288901627184990458363024054707692929535965689350641183135878051888427051755168056315099531708844468193581387964241558552107895554266947305961820633724805542633265106902214439546154139429140188996199642335920300356652611371692989985179418641065604602240009054224306612072306959760986355434509867131014048033839038829690060958373998666387596001305944993391100723942512476895849664363604259175133488556168481241918198580661258643981598408168734253726517388610681924588517036407158687184594076
822 2887383638939759183687460388717027748916755714369936794250385943966837214444910872400966399277260725800361806980367117601703688271644465527143390148753878440173372116288531597150938887833521273961212527558673756121477512097570656788670692737370066781051625964831705400975223830622355105436946159572668736483151029189368840298795782983393804251393494084119406383060512659345113394843568447488725544914416470747778164005735564145912562988874188877207270049437741904582253122776282615377742356071038
823 11716624643713381516522393088526058405867293576000478648158268500151627605522699835476335614835074307279479569471608503294143259521259966282777318038402954841705058074701092454147585238062446870540249838398152358001584803340595483459222388487619063185114233328255653914789428200008949660092977252098157512076108156416263465888884409038623402203572413242486909688528442344299525091601270781062009413196149073845448634268809871207426974165596607503256064201172467802195230012598296830366673491132467
824 47544633637273273784550232864791325920352861681975838076318721392307790148702884245020087466613135552706287053180637905691428707911633075487422895570792226514390453540554168797644755954771736952492418254216613131555524865405824697974042628008127208300825880710845971741806300191682729235055809665158151513886975236518523860668032216866472998512671343559923523083388441579812804138601442865164975988414135433096763677078870344707727938483304901761632571649867868170220378222304885513679949028477249
825 192930750454725020903347934887359217369874601443889413448955609680912572987420751890075679758205152145371263702821583480862580887539955893388761859967596247095686010965584969332125006930872041933410322137078721121040538697750577893270837943726350335572240758273329054991986882343142040454374616685843565409506681109398449999476376554676485246415875002589614495835644748637874925044651532199351031289636016308558329146702569682482494968110729535098304182787607191909538359827007287573665276276643244
826 782892909604739906166188751373544099808169563863111958537201279621936629536019322887049696020771453596291646841039062821516325578715397434917408465612449751114001065883066850874896932961189360609812193702938075951351994848891988790268965352093181013558914922040583543792173491566870467138290126406210350887205761012535085692328192489645651710501618611818619373836022988608006608991831338690998378718948955484044706241940293219821417740512859740184040166206594214355803597720902626224492625851037337
827 3176904951565335843825020766670702565377795072213214851651907316414053077708319628475707331945777383152290734903823245649175827658887315697997073544836865384026782126962956201720924210041197703493631056656011019544228247772267216664314263643643658435540902661604560742272900936181683999440822374038032606713353571663167467521707638860911685966132953563949622328775651906894782303316824425124013999266320767956231615995159061646926548067738904992743337627115777975850762757570644091330888214772708421
828 12891606373350183394396817986774692855639002092067626976396485276147178116687072380948073305963068952356350837664863029742197961111653134387428119479141491197144888737767059349155179768946036126886955974223845865328912954467715059034650292647754978618893451758062536913287951555449274974390941736626652351882270348639082601457575986128131143239029206254971395085048117771706911105034269199437472890259872535053378028218354508575031990122373303170461630122975133034529207345478100453646230154011449487
829 52313141659904359989303715468987494096626460028030496046243863547007889483230274480755214335464644956843343430609477405658647662422156948313995587957886379676879395919033789711658650493756673224862649668934728313580762737383624712009154742747890299374542231091255320774221384474241017442013872344500552443476245786870337972748201747113129176536403295157658586131098003930121158567767741171370426225969701892556800008168524992548536046512418177541207553906134366220359396566901769459085431839305118831
830 212283146772681015570189338349542174984954294584934726575607167734879050873639605911676961727402094973495804113921863890419031949145146030170318722004417165650464392972594320675754056922057404077311184453263715006996609311489660545107944368591964156825587652646353059942441979562226732279348172152107237810727063945084591384243271669765815370879668054710015736419396235107536373779418952998721057211277519579351792020152329661251146706504861935026250873621737960583274045441311691906748030165942063122
831 861432350801864373684895232486532669629034953497009130530416058571811211044642609507603252510521262811189271545359431379003276289881974078475937894371335810242313726843817946687168283001644132737663169407552538650465588731273888151615796529667905216615442100986528356554613790937824113111381615875634008064445795930440318866534631017899360670387988102417019851037603016286821094622636755280138320969793318987543396118574468319108528645568395991509932239441118547678235288950687603337995920898799103710
832 3495648709524097144108315598575880347985050851197135406948401319563022892015624502965206415638613581249209164809627475671851682141092703097709955785304580110766038551722741083915351146477267425381111611583264049371588520339693813581802059796768442437607353911835507855619584674585501116897701851878069909674467117460218338308529811486482961587461260079648007909899695480881502701888323551136752408816115216529824457501374459086412080026802097581397219766109364966908297359132130690095606163923327152553
833 14185195607517817566336689674534481359840729792782533078204056272634445265556563274804924046582992400212734034355011493396545938593565585749560145648483865303686789122227590430572163645508256865504112344424821719390145978207977245398241335579478858288309127639292901271086182472570365399906326885584590880279329399291987527907194884129665452928980674161972570573902384030480599270531392027230873825498296552093881670030866106445538336187224480661047226466203089303427196175529633522059496759215445104923
834 57563052367698131984906053938475430634486162838633389691970082892517146218211361962578769663645384837422596403083518780373066516238127331550387035446848900344597320203891552866464420958696132488550431473024151776396852408985204804703730809950943586373246404214478490574209424326076776555829001908581581746747216886485319160530507294735156769167929975979127410511094491021565953914185747722662287542904597830207129639867043219182424913562654216888452867363519226184253863008529054621303450730629416565126
835 233589457666791347070952061173168430648133319404433447115434004685050087332499288955108185575787015403320517297190021143535502501769566816204060812390226641739475638369311372974694318815173017387139590627731005121204640386578576854694064471428393494239807299645671959517075160476018074470675332609666798771379778306807337163606750417837597625554299136437792610629001564306946191659726262422525627175986931614008811036915943131029159516364534745953483048515256161389569368321493996439154484804116193604454
836 947902342960576322426381451088269546699377152066613917306051263927127317491279018552111159077559098422648503305762036209285952796762980159084808183751930779817639522173514616241195589622310746205532352943420301003691249542696370287556188909979442209130550091482284371386955808298406916292477561526429660055566738502888982161567297921084082289473297385175032909065575002552236533991014119615596711926240868782948611376250622605938312874492871384312801066243259637599686637674444357643716335108915282105245
837 3846581051277700579921952933878441395636708290660507956391532135358021873509434469818298575806541870560727796927646394560558096686324431641614853025035657656753359131970768478702094035293386840450614113557622283997965312554308726007095912434988001487215561469617333539292576587651791830181984369145129857964498818714510208497381552961190126574912527143375200023637554731112251323857048503620910228624428554819097526051977618653242350932043575697674229599303913918662810518569244109238894544789054873220736
838 15609432340187543659062505283855268594583785982508362611513074593982411364981593711478779349332490005098160316708593671036434885417928069127758489135726254124318107468343332595105134595287337318610527564762767743835965545978179884229386485327747658906669470596784020694352163643924909117149705792709385387757113982649646958673295581726740877783368690792540583295303561729909241333112133811105131314607586562970335398949173822276182480984994128815181394073704499525595421986251284045022898310582179201688116
839 63343237946265969773448852796232824039230130557243035028404341446442705345250676122746769750300879290988042365244625011889457902184600534106675395052497668601713472942895097249922905557620330092372042256420168326138027119698173795680581785790355636232548460730844194298567601512511569372104445164357079860295059424294283056641321939733582263116167066599501521545019233003321325966394615777054674066833715366396370993553867037764750148884774911338393652024993917508799389588241480188392352019228938081636476
840 257048063141367003884354426133722512439703380077715787028113392756372666388407098021602970361926361590961130583731259663369982925553146096477158194001094910396212814110011969241431829488118041806688801195112907584908862118377956534398532657631636717442232946995781493279394932067969041022942687103292796434300257088659890882187797215327911525873216942011354863942374645896851433724292139991218543773712603229526312187528305887094943663515241869083546522420340006019383389018903004633341990999756882012353529
841 1043108143379318468523946073607732464371484518298995524271337087707846424082657601293359704334977547404272801368302231552729690202547568122852794855265820823222433318443722227299584744736011202393803410631145567927536774124707987918196946063290401228682500940741461325147556591544228085943429249792545644803435987479360045522847835451166256810456716609404901096160589451591726836070274994137929272990975653965312789602152045262291522686646598307363704261379509174217021202136265425528451082887072245869617805
842 4232970654400331088631997049025602664295501279215783899633793101722551950186279673046277663414017076219068154441178518436939422562352538978353968920142932713866134255978448342851484550275348190683405808508754983232622587364721776889173294792784286881828965299611973344143924728110495747002089171349558244354501953846608224229096814386251974209685173442091485785255298209803083086747183145614077339741184202640708501279698472285333603725494834854938155401723030364580332025010587400038206816804374848988408799
843 17177584714104522895938021976136547716132346441268618221280983198715171877853557509371120662581624720701093509149622793973935664108530508255758142194927548119349516426529779184814880888877439236499247178120568287301295442509975645760285662940896039040506970271765071063451315563967897213664253937138306401708931994305650970932570642557397882698601302155256981516150325416948574296220940335583975238983339865130468200976461080806433539161009575592669178763265837057954483838138715361001243031439998213431789600
844 69707556222230440417370520149683867357456287563341678018678547670147879798606596530154271364237049660297073928402210114599026750021653864560080588086613506837116382149030015487187014508490804508273717256012303784231955398825499906677179828256772689073605159369924416447993404722343887395630466575042404260614354515872433504616177196320801512331610510503448943023403007960666854057724123989971548240060663517275014896418541049724433678151258736092895691423663862284007964584345851267920672730458009182613866789
845 282877582319672376688625916248503760273539659236480036173519585084066900043130582882349022597903215641649214882619061871387093926972532388692934518382194930162228970721720480884872468021528391315957108529173634105055976503238838428243422580640716035286763903411495057029704125293310854057758734892775345969058518813874621969436983025460220540207480784367182451913275456853933471794678734680450112871782440100227687508183405014866304367092717682565187747623232227283303681933986127176441435367583159064473976488
846 1147937169799939814778746242625330712429277436639914144387228697067926614544602150450427589729399697979382780193039905836534681943331479439026548259652612493275963723818031714197295557382079086002743299600983528544235575760212652226570128548917619498419892064709671914931612836241539476899515406078850128300266598649286581803945432265007644699173460978345643066084929728264517936148870375918909748437834559325425398403057088367401815878543461233293604297409918733429316708532377681697295987050578085422587749002
847 4658419726169786276132711302798004246672483168914861662178191788748743296526578732058041618958669459777537218125226641095120110269185295763947180211126527799045544744484918715148571520567566688627686572113883238130083405857762047141083423309041223343421497470402440117009147025423781753570932332305656499611649627434970381540515898355623036773948319844410776976183435329751311675699893019098941317912804482565748443416094538607263358054104205756186965183480481720895835237165530665408893958204027968592862950204
848 18904274835122461721132111344458403784535726884927560785974915002801609971889445972794848005214423131064835087461432309980747026603797469347782801103314183671019168716166851175274098002397813066102058786522909087992437825807704084192006648697609438938775265868852406469210173840642912764462189004779365106054535637913908548582215347715961505538997445968874727729951454704186070835203583031944729152800895567986510308173375178916708812292603568780170259152707293881741816885392029154424251490093862631950728869964
849 76715361439726029424611272944895012954437603769560156739684973928405064494098388580882529306626068828871800359436337125182490132450093630966469113215935018746667289030734596476641033954197005216658027162389057690626695095936546035910325534317446274319987062430223276907286621585506255624363706463999031058232022975868910373587937864071898122387740045439983048164129267433703566072573399575978125557953121114144127800339556451819719675534829483004815540273256831196305071987597062633053210933075152534403882169885
850 311318947078419240257815300204615437702583357746696952159420512666270226213555787855969243079604541217083955638390063864487856977458360026574448434871346511767373761431382272890607959973190750453705164033373909670221926200893494098010478374445444790003872499492487018772580151465837519052627088809254112716365789145149681527580261647803869703253275391107316863884076249515745183310321862863160951890343061292936407142883652991379430063783644121125185567792536781280809560791807084668261789185739467435676100928991
851 1263367418894287449593855665879518474808545573503661180106112070219469370884044810858086991704969628340276183383412502083096844452249896267930155521033172335830648098842073387261340221023341435785693437237292954841588493023610225941453489759370421710505651597504397878430267321419783226839526854461290142429503489270161305467500553777026351935132090462762423043646157991279219478728009638040833322073782313395966605505994317928400589905197637030144926246458690720658649078410236643128961046822586946065319080356366
852 5126898180757695602022147681592561313390809833205335207900740983008486160569526077882086059210580932545586351668913406077974474295286751822990682270478541386019862279699410487465881218047387587953066954206455807847013837516057719918860385004118264859247158503913706326639959011296544244917118579269652393085289091247808994660730311714109330422490433121596063357702030462210477462804690665207739780470231622070858052375623831019802335729923448766430246684685337710726743284149697624841231187403620724575566925123191
853 20805617524187295660597974678969215685825593289872537584838332922707474066950518916160116594620777477989321507145211067038914226239933487371264704560894847718782988966595099783517382261769508110102449137008714017589948984825626955061496743753932666403800566942383274718851869087035710365863120779988655682334526173258433761751967516226332667767778833962640535069145278416825846794532369919637299834201221610995888107826222630762212055459324879795399607025620556278867919615193808345091437779770524995234999782350043
854 84432067564041360617261236037312250900690017099720518724801316053342561219066606021144063895435385834131453483081304604805107508528719851590133506572294136108818368797927759287544925160003865578955782027360433702941332091728997239033752010845242972404238801435792146075903471349551582836331455607058510454021226739419964814809564724362522204135424305492095713474843263462065215801521808829647459689166864493283182325094087504633225899244745127384331174831377870964950468260331510052553373146815006305516888690480930
855 342637688943848006776938490110563842159760113905739193282661852169742515543686957347501845589217875097012218628563550963353390019091936568407143678897493509045434489593473795229108559751315088827450372810295510690829708396796460676652439601980485449846941696957441260875882735616528179335223224086949272838730331390499722197370099329975626390938818901867523621819076676331442127677763625243422302747562257467880673415321122506619234383337928374492021080855057044657885874390809273169685111839111429508603996717633304
856 1390476750599430293243523481677100570357395959038893401761373713508217233382776707272813263952924330264067927805648715445395802401207142931630667070933783461946123840234382973198980349700583001748773077631199641350437753688572624492663690081483840775661554301048729736913496219241291165979510378989081445746590807359872380275112263558470746674919528472621314709864499395533681097885010850087992868451768677822022853646501365447550914776530837812134611770098837910912872720955629399278428175516579274683451276063313889
857 5642781331795711977228503121411707901312568958741505653597500878307051580786941041135666460303214910663647179125377140079581641830728966909048209937775979283599923417082151211767789786567305386145224446648081899408200433203043467730583937941609190694638845552877056170714026693743170132072476620391654859868129060200427617084720187930762119538733757399912646203675262884924591439640908964685248160078249223868147146629818298781487406979276888067654728597985498460961266576195790088045593556521670930954446355620705176
858 22899373341886586040088584754871142302181706165435388749705035620675243310034906909455260653377641310617369191433261519087632773902326354418871819872395199220688335369553892803553155525701172800170107345059046756582933515309684625648368518438466628772198870846839761926880247424932126273851328516365588689267594609289440732160615814561345108319429092684295930121838113758225421278515665623620859343755487328442112283468870280072014374931036064862806284759667309978827914486488009206218243452983299496592756966951532968
859 92929769532505752998735418053365632758039554078730758698879299797007217106852929044461007374082347289632637545034333969050521159497614546230719235862949643666714955059844972898226436615920146860154928813303872370073740042972128626997912278241663187056536860726495785778957222052212845197935024253674578162466754672590656056356202479106950696707546013367671036313661173023363040748928814260479029056567422202455126288800970046769227596308196568294630253898881403689451880839917602369980847124089141875955991919824861547
860 377126461256420652989621344405175112958708493722704162620753245997064003805953660352054290360162829213345000115242433941979971033201962526874687857069059407948604591770027512126010722255144970878564728334426429616806221524058310377799459370475037259502326939656660468229065062905308365853655758228078206815820365437364296959212080690133557365238660105272029704500733182250289135648865138780471982095129110312429284192366890146996065342139976978623800123068709256975180898836186934003318802341687268078435401806032769232
861 1530453127655833760998966943800288371614759626796210858824687783753592700172431557863702990411114853814524291427440078217974414874986462561623880703631888425484673557908287195685875241997037638998720966978716574836747076548733997373274690458313242892475676684925570759340642901024545194587106084291228519017927454370871972295419356734683906328414030036372968518475434953153493455021084058299782062200936725852022209527611597324762414696615186678164480076715928150892846505053137380895145707482555308103307350913971817983
862 6210891463120115722482080649992858321307753211586214046873121581886537163158506309958080699231281699211745582682839297618443040255095942833838771806094734915295446693138541727448492508327596657312684557221897856899065301020254765552335370499798642825717244107971992400945783599411896492567277090169076783514824261204846600886408045918683864593009167584645273778638471127876867525944505002020280988448499398353688016586448223745708085787368724535778028011873157196371542882784622373676092353444212314365164704756764290781
863 25205117358641038716750939207315411349272133663512692566887405750876542203540282745060446243875350892942801323413872645420252832603039379651399118850646996526141179722336973715595219441525830441214111028763736252764570828398105552736419716288715173186374124939363190922449734577534463456229038773342239289817304340237125361685379215607744119802193880122279122091088245804780113824572328584829724370011568335366507687374105329869937640057123857211863765603751895804543860156497375811592928757743194293332247035000119565775
864 102287928433716132772252300670449173612638440599356237773263441884945322229087350454960882411858917310660838692237236548879077693817980078315309159895991923121287354991282758426831974765717728719818051086804779954192171868459739571015095724815001629053588348507339667263334060817980626462154871976652392950946836920892323462961736945577665583828250423164954225051445425952308522798908975694633225597139933414912424931783204979733306592069694265023306358685842604167130394695566937112626228395778643411969407066075318482798
865 415107820889046511444993325334399176100663185395839652263277453258679961866015021330899416672235762442497844165244131567994694905134719226116587143321942688611101945532019449654085347462894409835312707491765141231468048649949049348735738253232444369200390554477748445351226157274048854641412492382308493916058731924334444243720052545576084113498144618109515620863959034472339947452818486660061055015378285429823556893325592564534511366514005063403628466477476737447981518678365049345227116898727258792943582404521478809238
866 1684605908952147668954170262331162974458219827286108571847682064514439667007021876463780177424883438224088375973782363249117145569120540888532800990609074271421737307011314412606687194999402897298866139213273877123807663677711064975700964496138798872875673267641621576963314248466913006609829264766149261846634014211620733361304309008078899639359719081823467513234805665881385558606442408539761664900709841730354223640909972130512483290971170844651347456964778964821753787842440336020108588552767027026911579728029458814410
867 6836543678054033666599375919529084022947584757473067456521323745449477268009282130409647962583358399978050189941402623150586017162441848148386911204793822273086377562984502286410788346435249996323157744859383358614950475392998546555310324885193272043556810231014453443588968293263554337444332064683448582270940861173063257038127298078884961190955226128052289233193379415790277149735005163827695069738081823743968605876109857926665774669065132710476085111547645639642385985922310471214760553887951452020026551297198391592799
868 27744425296113130999440140339065881568825739409313800263338283622808309605533569015588368559324009443245601900097216352194347499913041775087908942136971625520008264243945431637564267102042187506375312738978917130703274729729705967242065921440677223810707506485536727584125444394025532778719419066345410849038009240830693244152941511037813587576551035813758965061613198876452839475220691057994047354266757966257924965567918194238767585137421501888119407556457603502599058651104224073095174255205528023098616220228768090962426
869 112594127215418671917614780051953481364429991180145037542839928813016469927712546679510189942624557069322837477976368312695326067394117436474449321726015978863994883229932906498303545205437719402219936015311576033652293436383502774682094370432886169911088028707649852425249142544188283745454366992430750448490274669266765736160958842819735683821518771295653315195123824735868916420730651534436215131971032324760046633964903907687133374838532794615356311912090717363520441725839742291491647770246947375756816029531503981626458
870 456937296318091886365210433425585872724206837915474143007906990485241897012076830462471286928910229613609340804211429858797680120451458434089183749810884558916223212843371250237804654411075428087477834501218394841257273176999511847781070534530103964866748049286798635348281886881660123040960992098098129506117366842025547694679705468949063283136130546074842739693809117585275977506490207522949549373009457284818047239569023747598685889701663388903105067612804734738043852837783006261710890755714930677033011865954801470070433
871 1854378305489689066217950059159125231835898094096710819045034232659474045349290961618905685648506243471731121548283726189698328878842473287880121005450539685350191240359893608558015740399999248240887487036541469483746654631254379634100521330802577844697914274469663424003339418266192533263580040848572108761807491699927465237798544865041365513105738703327732506246984738740839722833828052005090621392899234643355725707508624063049417716983240704828397300520716086596362518447739328570655190139518826735450424545935841857299225
872 7525596469041792748183591596950104916835444069510087550617433965904054505468959421462114355940483615054726843886364407505965638540470928051647025361687069308080589317039434802780935093165756142806507063146498854379981250152376019150345342924441529287935548400682169324207210396819191813501106483070623287197306346261331039482237229505009526945180336029281868210725717938908651603248886829275298867928454678293926391230832562734706246040387095686910093072379735502887928682345085837615464920452825610685517698742974670381984736
873 30541078833737171166621380072490603141108413523869961935257966624995220514831031995422389076688586498547426117175444424906562952482281811080883894204215217390693354993020040400643166485693171805862549756672194082091362057557763146698871894715404529095403741700744781665454620213549506031321211211688746213734975593920283699550616561166350641727257578753935129061812295063909798391460138270456050058928839363104726505019969050335680718510041248957743520492464217720600967351014993058322959820809037333418590937822177788884094712
874 123944904204861513198724592454444381710244302044585253666102210915054343354110351080493210900049334076899028483980430153867715465568951253146393377851402455884976133771002848211820966751135545963172790928757391013421542012331525786434757410049562961293590117963363643990748697775308968786169259325314803245282212499169075545180729300994771920169250698120855703094608376732610399767676075332935177507999654489129431972384143830552962103837586375837000147973809573436017131286219644386337889304187798900585371239384253691498641868
875 503006771621789629574800368233736294931323479987497162699616057805627047288520259205206362500274478695716874882013924351703047563761120913975431127488614810290319047630679733956620859303309655087549742952695510362742338521105495195286050414224515026707285996868785702489090711838367309291871217683917559926748980538529587257818240088386319962939872206319937009970506691526957569869151700702378066656606639918675978318623328012876004640617426169470545705090495993491705959484899468583869945836596420844278347354912675821257262562
876 2041361119049103693302010725429636917799200673602824613038405492879289063909070853236585025698373231388726829999096669992935106820831570967363532332398574004118252735549878760496671712553121622513006919260952615124881590982428759797966204804289875664570183942634548778883803240361361063086417579031195640872246426088065359339582072962756728062322802470298904686138214998003165303838015989370830844370389096786157252257570239502568232372908165102738430279142259158769810073928450097960728928820560437503395811112078017602442027294
877 8284507495209503716654849133732133622177835701011058888477861988382693972575376540892250535455834838424915200725702964687624150778389175959440278195542979983466120231331878618526732187373639354347509117425132972099259087588610632304260584658237603637102846846992076720354746258090003802784139295821239180471281438390264906199059814109594450593362514071215295353127400950092958203551812451751472934622356615095876959844190881497809918593604622707330471377716211467645130336900848331061794651342296454544166259501093320957692492343
878 33621292060082726256499142366691674938137828645639656286556619048719181337271438416106160206948030122868047407933644497265086120573459820115991669293153652784092797955386239353620967439712965708091991893466053183194966319469168569129812465159839410523471577243581488377285851414002051016517764117398548456699023337743989839326467090010467768725755912058219501419543997325876594133847586735351360755007682585079784203438737379723651304097034774867917403673396515470167646157153478988046009870602347577845875996034866157847449164109
879 136446672479910872830734821587742287457908553478351956800859930844630229967475502786685233849393349855433624785876192366466937396721110606596769682871928477647841891295797107389156940438728686240022302329208894680616375412034121435654453719735430231258117203825370476985088145161684223341791560013267271677921202839654818292779295267646738513109667884485693029288794235825463013141399090923899951729764402795502745509541126105799054956884583333864279281277733405160039289885893165316870612048015255626108583204611100390362539069425
880 553748219044233785979339249887189893952003415455683897361881676254033135655591954948683680747761471554968029668929337149406945496958313330136089170993928837085823014678533836093312570639706180179924555003796321712012961551201504047366695338586243512667465976001199087552174713406990187623587647813387489185477191013673873331026258672101350647372957256367315039218216098566760815510323420529138506139061323891987596907648253812062186500233793935415768102369621271443316602968503678332648213926222829442177430524464267812301991737539
881 2247307896081401537193711268202155597041605661669389677074561643121153031456545598405362612796882993861128739792962844954867027362639286263232833217155642161864646976866710049108360922480560909161299112081244169494050159083981431024853940433350371678214729866455194927166490117407544094870112918659052329049227745116446503945797833706556814457674280389658544986582221324735469438754956674969985773071795691183052525364122425853891132759317456810322871051861629240585355587572883045076882206422277680238303725824425018849050292820562
882 9120395105937829842631635612883429429156019197518763806460364484288093732077848929787077416400022242519189751979739789760919665094722525683785790826154904415099995375627995670088340324753714680796287059749219263504031718707724398331404923684718122076558570309803446915833174422040850078261932719972952732759196033729295940875011417928980651097096636632653051073508919368888247983221738523569515006987022766115736505691683000882695816706873998519672857149887915679068921948894668488592679939317555029255867161200813718516670146934111
883 37013961253868602126607488734960408745952416909376509171615417188271022017662473122799811447197975330097797414405896762007024011654724097268772815246545996082265252593805870725471528864203858629394228012121497213591119867323997848252290251360565862098151877510261215042276922268423262033642095180808233899964662074620331967623683073204027849428377247168358968081434347268149312309825200648986493448141708036444741101760297933282656708876785077035454795278748640373108978486234143027863590111450954131505201996053414905059475330642456
884 150216733962060889016884551990451578235796457074433323208985685735979422568019515639895294720204260175865009267626681607558917560289289348599888176151734805655153989700076250114758997397021957853601643848071655808891291646888761066853831771389830195448015833722571762318053929643465878102926686986926551386504601014877554394704659051202309683693319385820701523612816989575175773535178291349905556905361799399194789937964283725269553738858492151371012173739217556547472365613257240304305191627056494137710197960523647003438594084750640
885 609637816144919752677169555248467464622984683951021637227971821470990170115450134723881334153396516258800840145478359574972442049404673169031760354953519915711209523342466845782727899541764140714782269550370202041534952327883891925753755137675859992775667970744276563069655532794128435503253367570908902349539802222672939472960776110716341438021286403185141568598178559517953490550968252289247982889456405244537869593996460745309173749145524349582443756317052434057062835550623955925547178487018845840175453179797697633942270233592511
886 2474151643077420196576715825890833184083529166237181313299286177466183473247100851032479272310038207343587873852191509548195327760585726065250359666440955314245718841119429877545551036153038525488101060877907905451746274087852536256168200224837345977820924850318493031778552061497337224670362605671161232388433401975347174580125306545177095595532546869614577618090712614521534700271852006145581964590235978721110913953114720082489345936979926502396014371109449258862823482742358445663862204277448457523980827997150102266232545552268899
887 10041106204291802266985570755551137909307059166649410548523071672968456839626440504474754884958202086696780752056215020059328322775740445234393357811856969669486950494780889239586538756689188591330136714495325144297724153068000839666836839398187747051812572087516222609357811749626683515475327790168559525208282237326064499424354878040210826977799939744135522744424920534093711675594629525788655063607068532411624761459451714605227664335747131289302976422642464793471577321549177683383057219390598531544898616374683332408936902103847217
888 40750940405856625351052088687550465371152699703048451827234210590749449927390213563857684517455268309515758689069858402607885925986443479974400831876909047315242985731141282420108611607405984882571133395514143469634350444387411326376173112543728460372160384850028983296911724852008687917912220779044626381183210034637729138642759904636479629326838630986855812655036888104879662600121442224786636751014264580655632460184714097445803126271579805440121395899675713618293316944963088951549693051687082328682646304157054620419289300568005430
889 165384398021826859647183899816420101723095203993260591842023059676551429365528992749579522173557923091979624360129899801212564325160174820965954920327710345555120563340759633472446888565475799468604852681935336291692195758731183763998037545215558425422005453986168061451864251807748268760456574224198036514429873574872922070441114131040831694692555548793520578473071678849783435985412553797831595808535809954713535279450724241220271524241719487018407599916853970023839317080118385945536424146565486295689481493357604599442803145755694612
890 671200487286905100899516548738857000738055318724580573276028009618007890999121808080845878370164563776077833625005995124103269038461422129728224602920382894444804684610130002948593988843671539718821009568689547476445767608795830122262126946346421832613305227696967878065955648319590543025305256336280567117870735532949076412462454692617894685623610133325512149823213930895272600865952288766088528612155179823366449261042657354490892018342806747213259178013303139181107744924539106450899058991638396378341109344306820073515308265674283388
891 2724023264828324076847414198598653039001474573368620284991425802952919382209715455867696894336717498473985918977931928072800110137995009340367121605684167980033461085998874311243141119859786671946255246782335577715513286181628603028203649506409983044051167107965013021390561144592220421310433407348971628810734974396127820347599799930719901420251206238079722335162854099527632775323346433542253419938340256955666363664397000602395143901948582572633485673366881447075469761715231030549210954529385297096943149882142919420956244406105893686
892 11055291105704889573045699669196614360550130071167095920779268370620054684905387966224140489696356171860424630579741512834876713154595089024899963855800319759632368517519648401143428293374868778857676677990187412879714412467864692386482026983200181577989140559656635804426347343057579068517270847512426900593999704815372757947005783206554336655650484548294456294109749955718054989047778234632397934598015096265194443350940574100625321395309676621031498512662640180990993338269975798171700256163112305549663466275215828797842653457567595317
893 44867345142792201139111198337416016131716992583056915923422807497247425530219854641597997845198687688401411137754749433067515721894733731982074820097670740084069435268018216180645744845116695610538511966085468222277058089895046483082117186432353547621562282287542062370330378596594773236846264619336672380152407250358423670290794743304300440000490217088950289446793625223079348636712106112019122629968807315624409320055944611566266005201562414789106939065339901048989463833517482007890384351096003884488481536484824217017548440904489350346
894 182092215401902483811916771450556481228718538060029467851048949526085575739364519399884016902967689209977898079052634876251116799206962684569683188370720999344249551038247340004143709627642592540415449354443177184219673124143480643305953147496829712035492354855233995190652643292444547176570082737887583631490538352760350775836579757212169532068684173542074340971809324119277087968567593545637200017271155366460190279039978260419977204202333191763904537534418398220737145361739020135493945973015366082170413559907685999661735811464682882518
895 739014913337711059274856294556701552223780377762006191852895367462567898399055928516916258196551571058875239266970613612709903184324065694579802407470997065994161527384368548985234763164619536744196044860083920888991164195963126108870148568196160426189984332918920782000172865341770122756038126849974727292061622045013180904418969920324595589318747601772648798732396530057684369857353520208817490832607129073906103827026632150161751108158925743216176246041499699362337450731325395704896548580053461221682808970207306038757638260740848433621
896 2999271903723589556519909552267259840670216286981605139387931728247672795893986948747966783658697711133792753993977276044235787373391268324690998911947630308806060098398201811343722826572686207578404980234045634944397538418177155171103032036350423917063194818005055063836822794601507761855911125392878702782752474574744072885661031392467513561310121203333297300614507376690605423400751260019911979204970046299819975810321548816778008761032945771363584847530972014010279350360072037810710041694039047883681301455401714818553220248009311766804
897 12172486115263732190348519820410019494762424946345915337122900701677106673095332550435344372287244787244606970487179780666924873866310904150643764095479580380216298827773436057226348644985894947353734580342888971719434646050697981763949491500425088866326455251416604888394852669506238986342418931916655073864576507758160818268684595001678714780104431767961524264081369177935261766462291211998276340900690878808884818437044812443713106399843024194072237557654760820452470924517046633303320657018523392900089341337731437710650127015603427425876
898 49401887990472432853991031876771156080742636342346442716182920760396907540187528141648703762346784920720979729452638440075557963703872507739917448506127370466047521449028050689603523387130232672140780491079327450596053558454322833135531326846252171849838864642146521107195495294851662558496074043801483353739926570890223364366580772027515111817289552029942316428277747299073005154428087320939424521950889595302056604926766823150682011218526104449688948372803520321105830541914961695110269293406692827356081966769856792279023928149960045355024
899 200497339383835372328412661876905182134272660952723138248290058975826024247406025440775935901715518415758371354887157465153000211729104252869034936515132119160950019062874949545497818611939135980725155243687820573569864830429348367176321453182955679416318876584243436337766597062777118694426170073329382445853485224602631577478843970771017895289267628816114506604027370904513463497427587025143230812723687262481876101636634513576836361416377823252667105262024620352396810340120936988899502677076959188123217207017907043751475402474601207993404
900 813719058006469792994149605607097583404067981476315895451322648677527786872512690822335486460180238557772629176109287877086379051470958576453925391336251227528405281269910417670780371300690159587015307899226982227020552888661016669140785314229513997221456078468677369454431480535325780128743061174927012033398685096763098451723446185285990580034440814124391497876210221812894632177003636532067237054099125877959758431767577819784432734151884374823948861892351383308135112776120689141379224956062250934224396288720570801143945290262509186116657
901 3302487376706158670203643921623383870464213236764507714652967584663837475876368128420419806315521309885320449393300089795356265665109834311952010547003891712365353124568893044484243011350306896289118522055628451960254233276479510976911535461968811860852884701763371193179607284800381715650486098935611706790275636164662015004925475877390061951824238746634253211453045216761964859184018910413217139147054590328805392119250623656744161164013654810545277609104591118259908942488651764936669430146103862900458337437893515790255192467985112379710576
902 13403204621952420254567055789576615182084566940706006184982149360130237473391712233180834643346232670354631919796110747534464244921095811762474608508304260687612487033800077638958026945160993297957141797928870110237189958268184535943916687401034018229474769163961538692635503614301165473746415928001550446562098017097259327780218013237429052536709579298823481730315389806102604859093192960237904305453340909216790443646565256052123134045853821341547614934919117720591669679165228378052900510114049019062427655579170608621545461480566483685413483
903 54397248217618721956013317069382011465542183230815672667103459780210438965828842578694716681498005490300005402970537865192488470694247835229514104922474332027136699264858977921383068829140086088777333193256554897227827476570044559460572215062263334876216917437861978816535397939800546898483969098992926860692088497575935174425038385359208630953563631330904596542196708077054378248704758530044225665317840526202944064541583356207823003074538254683155794934269877909452505711787244046422685684012968989011909682066473736854160097230717491793506333
904 220773027360821258012449302940036549172732345190006859131557966205928747833424505611611976407629317028012378755002727806059484904375237319822204437316325156556802072610041349465658128012103476226838482619532775574502685020398335985830781193746448864636815465943242544150687950483847674249867340298296749275315059356834498918183815320225184269604293874643753982386745592790796842332097253499660876579223124988366871521991937180827909091431721422200252990352585649722216718459145699478631038456430799581239318220300747439708807508339724135506056957
905 896016264263177041824872868726606123692801249284417902816655645286269869994522561245400944858842078359179768706619363364922705729180142994902918488147444604570622870100297961585027345815557221210959018203526888591586130488481513710758776812498456052307008048492749596065315450295382366014307639039214075358073873241736980385081411185596437489859863479548949526107374552977705904661130519041728178094649690441375408915154708425981330674995869069212789817465765456045041670329195574473140931224978693696293311409916125882223357674416239111643028892
906 3636524926898302148732629189779629640701656997514354462707947222136472795392396678743904524793397896356692654634304352592381078115029439840563140520534359825961177026966376566651894007586945054699584807275542368138116846163293532084313028365389467811854800823688645640304883487395298451068541170559496615010203135685738465575314698659852497795017292384908201931131790642503639855038382671795307580390480101028030699701279129441153775405454615899702421788397268536347773264999538629904116184653972355473764900326121026720943979460767043974744054506
907 14759037591026913615700257477097349189880121003152141911673786102207548497885576729483545481675714758957168260095579692030322571615679965362069002669893728711969462420317760037809407644738270004931494547338328930395537106673805502197542143549762904256881821015139754685862826721525211544383885290797408208076760999589647514173361239779795350281659322038824664497823930019681105868059994768677755308387138757510722430450938711070256452331314614150868648332037712321975946304350581321964539165073162194101796712790428571212803323619088873228410331872
908 59900479838498024257042340201387438962720072953611754668368853825168491673716196147750352577149890731749454077045387189875592713978558035276232082508962023244528400622973604173783517681226381188224289340373774817679594633198043642870209442750406531368556636089751689321313492784778607283332280823369009055807072325442482165873547214185472216281857301297998920814230516372364419779935421616521203476507831518634007419588157878457051367705084635038178747682602210513833122900948524332432508444964912634112676032245105785442636497140033558329064120945
909 243110297344673382175039321734133721366657281904024962345779234102644172362446203004904846620341051102981275263851248190322009902228133738375935496961195160969947954992161670066517022592534339603027139561390161183425539585944649783443010971365882288049978933021622310604517727278828581723267425001641073884219861320383938146572570100111150491357719324300673298882636935647408191084239257509808829414092919475924143472290481341367593311529861168479595564438659017889536756651542796924777128678941152573142846137711801571947079869702469090747699879759
910 986681979830522628872119602704858250474614547790546581145250113654014996134673431916169450374184974335605009517348765181059886618423252291772032124949161548680680970172130972607037138574185170149649666439952073929142936193467225336032287990396505663223086158250591568196254487911809351100708891509278833968901481387828262942790922995750852710849733640840973769528488949575665350491508055001163003053237895901737379463100969594055154762298628143241531333581041062861864413706144179658233672483417826904170548763300754632398815758937316231746935844359
911 4004532529426378061576392436823045514530366956070942181242217190653587674424390678430916766732480092317749029573561959070583185454022201570339856421632418446565419587575646449015243817110468881586152500665968208541561476710803359893130785735348977951657590313954605299025803233914883302502987951139574109333499288942364084314584255994562232688446828633442195939506364565332730280211758031499163700013167716561304624765538776615829819316980813465409275475631632470437411461331868775109180436977538312938050769625657808620426011884579385583267043917815
912 16252764427114020604383209191933878562565125870409508237976676058701396457994647794291499740910836015330346216170666202541181209372380846293412469504904065635223973629771594498093583338483718964074699487241525876416925067806639653059948041608559033594142956951497668684463058395354523542839003667695664558560336848557541448298048167796266103763720806181943299682544932915727044364485640189078829283660037250352407480811601237375453040852623268035140172803821075911061347915495626989117549018411882202546133010259299968118737346110516242169303473839367
913 65963461723476252286397250244215996432381066753404920925855955282020576499877737478915462082064222058199497727061201110678292432970117415242070053193712269719793721265970003080784219408722238450926311116604061901389953300794188071087556891462402271549688648472512521125774281708764473715680304014240769021896298871089865299785152627455796786831679573526831204832303275499101806895905659105617264877679626582155557385617699093915026876100586853889436424075009790265770042607553233757072005449253600964865032778981217482856381626511189403832972297250135
914 267719755442494421510699120445873909474422070423326096898870064930615287003283219020952606121104529835648507891581270837317935193110928948447177782387160072378213588695099808849799866301794987198058276108842557010000005595110782320291474210547870370466228614396826410061460522670782282968700621394992049848162228713681819528402968789768586632639138248125449757898061617023500346904985724892811720290195817527452616019049893701969085080265889053065394383333844768762040815728675991021954337877001289779580700068808465376122073191786078653481343969029099
915 1086571176860079893521785030032599359671224000506849237408612158733281747796820322141087464700413074545749115779794743097560715619312525078323341711145921281181055956442266222844301097682611616630923532608724964072829660294313245448496777621050678569783893472918400303656445776232864676130132358691204349045437486245469497038698321624581408120012275321889535840731521508894857016808551795184152967716077186968693908800770877547676273021286217036892531538152724433815649267084379488163879657510380636604778294751733356659221543911821105790459816912483834
916 4409981015829171990941841698089259147126900855630788997666519893439944242905629066585286756852341175738836775967814747378166058775176167542320499379069794520723669291895468255577623774771728836338834097624386957643665966487147011958556406772670973179251004163779818880311023134721806321262711969269587057397988965033166695730182340753676819187918297947376460413477586027983515110462679450423969794358572739015446374765112939412743929069544201793575706323376414797127424511100923976549738412009777374518412524196036453750547900024299771181765966251437291
917 17898475281563015140667657325666063293366244152770325129786822248315833035066565536589408375719959849510326528716715303179772470298886097428193727146822405501216778622987568266723689932016724080725536320472859184749604266714466757842760559055763203532707378613878235188958242655474839903824289045315199598347835247338155187635925543610031839151242212918261121276285485210485435576380117200893042060990788633881783996215108444200998253087402743205202867493878855536208679590442712003100422498851654274416184781770075497220011879427846679601029696709458824
918 72643394176544411682267387913705034410833236651544539893111894767001806362762674354279269272471225652979532756708309417192227051507884439505451860205803914757379448717568639607931980101832279023010362875043224737127169551524849757111205669997444635116737564752279003446523682274746757383410587293222436374416912657681907579360165853648155269271072348863328857731927323435301007552563753089185830237336503635364178174844134171852288217700762579330165515137101646446623438288422348197880315236896834969795015747295168967636825849689401079023996273812611032
919 294833612002869260941346348449568917693419440514348715341154483102234253807757458194188744032699940534545172056219746319560617054560440564828890709322707347856046738409129487322263731436777833303325706725553416494600441797418426036496994032180910796836829373756818674156601505946287102315390856246283637316423844575199201014174399189254562762806027318080681290421655833668001654761233208233538664700876314190323493402743340243775429884158448498436655283867437952058647793284238282226106126128996021732843814720865637090688415074674142058335794441337258009
920 1196626537662762891284281826373080523577238499224931122522734617175916829590653278825963917230053163921233104269002240404374783603378188348170378977162593533032852868246862617998172592489892761971449003011835623806745438625384204052991550037476630481696262464081313609862556715356566341411336342775704753272277734185224758279996859865761718975313786816872704319531781562213588058398996937545676548244246000364869526252486620739432179927243305080244601519595727007863499677239047734259502847675154360360560861274161668544132004119546478977142654370112700650
921 4856697308877019712232828990502441649724648897185355039021584938125012967075991164859914673337256366056791490456788695258035573856003591120664961538613017287662272968065077165193586099580456279926373467455801690485837778261874029675478270904319417436156295257469641386113419461541012930299711767367612696503153141503074880058092547864323383613104856894273734908235347020121444876582972150354431640899090478043022272948050971026754444352499449150212480591290502166866096630029157908894819010664239316290114514483890800987545712188804294191523938309871272616
922 19711705989013014270149982480460962248791379079780790988517857180875656682118468883066528986410392851010191103997615929576939760102686048722475222738993354972594602303035279619699825797439210857879059485847154097886649875041757583645191321315924912492788471772789482686404946439603975258908741057849410270674576850660835300927492286813435977579434931562276341903787982945114244517996040672961969077980771751588197834099899755414141157809610105855975940156266802719933159199212879458839669692430476788371390518090912177285818513564821291210227028679740771249
923 80003346791359551260575579343917494155526131063360513389595292859793786014478771063477157940565714655551894738709040394248368059403595245132102692130620134426826641660715222996233550679729000623534981433485343240731195459894388244785097194796383801335426282882788925011397952604885757940735947766982500258664782353483870267352873024675690072260621144608456638935320713907114486425813370648077991484878851217962140721876376807589222611603595717314196733245014313065305959922715729629351743985113844201836756450128736620309959960926785317691533287762033987192
924 324707905968859936741937661097499346004866704022108097523989354186135911078454010969273742100624921627280271632692436754067121733638297571954114890300189480611212791559121956015472735168365425187014082653771219806972265291092536737559472039134228937594050947517291736416187609542479075575787007158786354129730508834612087271950034533830039651298350150762492532786825403277061619322562027836012065459512442022933994953928690748175564193876161571456404374121636278277521788163985571294155844450764108836401659776845912237992725847110110997176178151317273563107
925 1317887485824812704806296801496889083179782921690661099904497264882623900455464327090213638146866062889115523617763601707920230979207861607629201094933292867963268970585554477812068675268202794465283941621789185188691272474930386832391904555087693743103960003588635097738731958147242632210147963198749509325870646104777900782916540615213080534104865784779410650894591676672882555534794917499459156437109771113026033796543038815579363716878167283166045749675497384515950825299281192643183385743826766513625802020443081611298344346459788350972360719973936884571
926 5348901089927116125872102722900200052926139642250350715178798474555484948560135608511699398926104111611027319121843306978252538786821769294840725198301218436916089964837843641259998436619050309585465525976726512197064314466906683526644632438460357792782345073259807596543506407453627026481640577571378613100578200081151296598047831963432473808142281319720190950460676757960998138883392471236468366571630648323606451717665271413518124486694277464598370332551734062778756682439916615671781240027636113404771429863085102781661816690153290111333773239946411197676
927 21709586941170799569638009951690131680516742479288562817352862245332346103882171901651179796486604917323755139491803124803607815317088500715946449271667859972363706608337500351139231424333822677314511046432267388597135826308570741426723197769878531509507347361351264920989771491160312208944633213070368816439913967745892774004047750336694079338871787120966573082173241729258883310520121202840145204428951658426396395759229447427511665776339547588443167831074365714828892505024604052591319112933073543644685192460865725698299122147936659930979355185151989033118
928 88112862896935855206029829134215744734302125721280157168647343993688753370417359460620647095891064538833354004167255407026099605844233878518319312658812442672974074240619884657795508120754166568189474080190363734977544173320200543067932875455298855758818814928976364862423939825600305445424564969592836081681882311772504950130715639817301443348188792527087948780246049169570527830430180343433527137818493852141203030009161554599312648014271871773979536672026092700546111745350962077958283748835824288876055749317802342000222432763335005340004924277472792477166
929 357624959003779936768435897796210629806696227175984859150223376284492237611703244607558201582696150224208397142604342517851701455554018974833284408938740348594374427658069891150352833284387490473842962565303209377519065521775872879960999919629528373139110748139626900823665029650799612350299616540698860457556215951902417377075939159265778535504383744184558671661670732215663786317852179802042762698793851333854213982556391992485417472730389821169051457843626671988525342470483372028353900150492639291047172238419684918996935959327140199970834423318394422400691
930 1451500150278496343944033356707488180311889118049781356171649699260700817822221990924939213550438178513340742158740629193714371092105062879109843184753390900796233452086275688737572462941578581653279722602329339493106969191508013888890427665018101217384781134367952833121662278910529591342804657476306554888472089912741061372650274797784654158321405941531896987183231884359888594014068101954765616277574027248789978632005673168317149392895762011683268841225563125672037102731134801162397853574176465431394009149030154607721817959711871077644953424795564426652750
931 5891245254392159211531994453449112414662055437974158772249790304963885223464271026912668218369343002335576425800640855238793052813977730192047020901814496384984253299398941413700894604115974036776633796584335178740991747079548537429828263624710852392851013336835938434161468599890197442408215971784652804704322743538093598615978134423027911517303095370389355196803237218325739658273665169730522071591510726885932826506954745899061541869204922758099599405386146819066162055110220028783128303054838950983815499291613069705182380958106676602868319564228044322879131
932 23911007341631437481543260069522197194250942020602960912050278585277610349021004001415742308185106202821335045373561692869084454173671563944322238691359401660185522387262384100657030358596647357571157990316452454007814450036321272969591623470512133649738320038640090818384927437163920869985916404964479368965259596609225371244856689628070311108481590180572700981766349203553626048879532755003075154120133583864639450391732759177158933863283959398415767356140991543800247129802737957766988423362728266983639632365807434663870893372275453149636544570011737694251680
933 97048626455718382720225209279684888917990702897364302404566055586038497337379104490308838045895511753501961725608723418443048581078664809635397571522238413964359811775383025822805861787438658128294288680164260623448500792934279537216532804006577189560895987739437102528846784359957182489297100717213871200833425832261451028914783831234100319296064160936710269403478408307759142546846868836285140483025012344257469529016795696412444747376101557929841302713804106217032477648402761564136597306120152951401341957588845980344256682888286826699727928794920849611368837
934 393896083195602174239474024474509417361486327311925374822038720530010423841337969997973841796106476752883797080985745260742101293834826600062516084122655405729166984433884764468098647572510090833979197085577697159128793509744819878916912849991027078304431315166621932140906097089293242471097937543696346200825025978867943472709178927442718071853736458766473712945340554310735572327730458061312517175504429546281557406593186100238372397168850984824816830678600006139610101823448622599569197965854001046459381515680250519039844697521536613140482380768394887017045483
935 1598728358992204476381683695124795593962556005165216675181080081997260499108036072129349570524553143786920054845079181370241660661717844769436600640561088624560606549023662233223049228210771373691572975541414215020734291200759688255297629491454302616949914393128976222718916417378015006750054880940228158208984663419534432203317518496747454082888457188617055975593674890659882548207916467190856869217562151670148714235747072553782230454154118005411818697408343267284800969268845302358655583886396519634401675280295347175271767663642910632530826937629339539644101387
936 6488860547833752781794856718202216337249854974980341909991961196657725574908318869053533949882415887797522733857376486505752450630882163049378485806514829828610354404578178974270818178880605331962369025975343607230878254866544432930012319657614965181100301302422056855344489793970347425339121206657002147484592376948173700022677301767769529656790727966874510888512688198650106348700582511697651256033259002256879719779848509600867635941961003146402329723498960968629240510803718253453826675932916584651487706813512294225841593862016114280271685058197035720642343635
937 26336796435553863977144037368424589230260769962445216432260016348965956674951273076188884243088590970636711405709207020044697017893332890735032768825274309296680694627563930355584579646364869982977913982613703906940084990174567974167817861680597761767738649438332764147924211447823675117635728002350430652624208817358844648327599085962610804869782506393371431752936227528416255612448176890355369237963089001574303336976234481913714365207933329186143652294069201706698331656607034573623462321439743785310305233537921671992919221946276633564375649233347812710274471927
938 106895197885798718700969720257544813750397620365071587679901477702326883063485209970131703696000504359014341337804617748988721399769547877321109321268791070956413403350374403729088194177076907662183618224918860727117546844246287964343767884322490282391536175334674115450105662256067850113716910977322533530517006434717441912298777702997956028774099266643289727600293582395903576591540224384759173694825119209492420219548628135800777490036977153926447130143055866152019513280027437456000808751007248213929589643217244977830038322118115534265341121552722984666987254991
939 433864568618947110835832317278008777854600681865621868695521391390414039804761919394696353296155516975316561519947619701531303027774849419116679229964153486497856270458476787466063353438170683946023529278138386767358343243222987828062688416764687159145542348318296496524794890943465252189230916952838304807667231032565390272053171061406791866667622292567790901782886951599632941606128455019582492829197366339441003370588198922354467112329448199926698425046828118030278806589039944795471323483985236947683258489043608045640286606997805026654238787816060201757419563028
940 1760965768987197546483330424601799127700071044165678293956602701190015324408429674018402333188256344499427865935430041630525850298645124643648434204772305475194152878475699571522422152095275768638085711370072850127259092979985311574218208983024990203606652398359104498150075143121003264418964512493800895803486405245192200944699533217799358459129211703285481798765930520404619503377462576516741150942921808863444723140021505128429562308342158699392861754580839012468391805627400925073892635638581315581169704058538848455134381683882445449676905428837711852099775596986
941 7147404815972178320669553543388738600554622777244391488377500654218057817581613671083797358230720264278309280242940484918984399591418641406740050686858683674783106946149860147873805743001105509296985736931029061956523817555611830002159859506564559975497585212998129145577323974122108764918627160049109793753575700087642720408091160285364802181762974742138168010507579950872027595403423182513345053539882207848314297677205867013176371319934224304796190379596162147891027909038102008720525027488770770563049736918324076718742258554906986290204372196397350204870714263482
942 29009923473601255855203531238284775058605354907906203376194450715957106515873527463820230382890930201063411567453367462543316911378662641018784058312294815969570846232145617787897375855442910524239112842396915819111503610502301829249116744468575202178270331140000001621372445388222544320721713814072497588383749797147496090597112715547589072857082756784528789906832177720217404348875396497002378616458457913606696272858872216871607559047197555954108691739397687580283116004832750424767171425527731584599886982802682165602159386436413025473455412715575242306105317402606
943 117745825951481055216269450372858817105789176262333452575001236451194626481414878468166937687421130035062940025089317195379490917820479469621552483848120338442252897593582838886839880950369294127874860818553543514676765830938311983919235435583727713469091720551205934861006658806676080631524437337980429304728794656832785912159272542733383887081062120928906343583950628942275185539677384518841930030973697725370801928928363746289877482505690421573706205288662201077145978415630144757360203250083021571537795529653507398090963762869035766746325294641920919963273526800602
944 477908979764242217537816512779097824577155979783158768794042600353014150268260976323539348841241417039023331881342145998731516005527987222205275921738210641912114062051705299855161653986677579578648401217558648034099848716918935445560883714467236931402813546627744439220828928896454371577814917639565057965145213790074215992160766361936019145914711703525926376383087524810973888325970909670580981483082312261720202604127623257599498091654109887755795736169142907394216843418314506584534572992806592142348110420423137806787731807082851442106087498489750058190889822666019
945 1939749250476709636569629866104940360684499224330406073091016489314061011349636330335499359479931146169314280056662058753002832840039492348856936102787009839942030232782803906966715880992494116206111388385598187482107620822779900744468675510593375522436628297018776513493504131881772966519268221924626349005720389101015725626061950594075738307427085002198235578061383250347377885307235378572571291665795746357817590603384908316816992313406453985455064204711675014979554890156640906369155806697268476211845817894785478205853346062375422742073780927622488164313932225455196
946 7873117346931622237943913966743739417559659072789923408699443323237099964590546598862873210773690340641973801075646645178761451272309010547469540604512766931660121922593086340375007379271691428002458250342135972516188840192262976761162805130073830665630117176483233084099346288326134622653531438082085464116821510303967691404388864165383750236843330000366222955843412618714748255799942744329279271388868837483134200751253507108656247211592022460767197531002505978020817227262685816517031375798379508786192619595292296560655151873647148753140917625482719679478850118799557
947 31955718352401533444100071615404143970066148133810556576258689717837776501314301044475455377487175902061452367764313064199845768489996866524287274156692990707038521275804951413935433478460405582045128679508542920226443973182518834179735395595029607970013769669142044627365947700470319352657595989602457863779095398956438210530197872722356273087239222031864133196877117541155757661759312963958345775399051430142907797330839962802898602046344494007840512711819088602446007961034569689801117926829473107162093951810886572188956134305156309266931756225020519598846937361688492
948 129703343608898581955978486129066293176579215104369914062494870468929189939201360472154680414249604497219659522571204689721826397296592335125790953326489546010632739265583549703424385169838764721090104541676072986295458862928594653148580072398475317334426151916754910261407366724049571663723650381245914248388580443711467342132120922073650194810454991699128953834226054203868675637328932009718123073312528833128927074404085513741121063805177125764279444945150643110562669771492289374877561993452020023736848922740516387320544131549862327711633989781612615169241691107603478
949 526446792858723853867797312445570224945075843002109314666556859792071285968100311893348840961850728847570182936812952638442143849028408245229725721580763278675031774164817237205011139314362317555093914405851190933876624791484505838261203562674234533747971274388626063424216279129270725790262231363224809256077668602540077629095767310055210182097070834209310422005342605049889974020945614488118645002954109532419096356933390275903735269607177547691534044918669067538386918040591063461135191004493976466569819441622378985836630262473345832391095177496391862473929371613739724
950 2136773655166647800881859105558779835444767857918706621930108961280631993232692955714765408256299137782431573038088147007611544899196433413422964545646192888051340029771916100509105061888259734630357599882489322348635527416716195865513929627754432344312476444816131501457192731445150143682092985837657646454755510720667606487246342600536050297072324597671312803496451091255869431656147354464511669355842971443400823783188152106929606080312951734188869859203492378563228365773567285087492677975704337286886829559884479922868603300019253358241633322517923513502549330800457302
951 8672878833758065778955470950590744529195639217642335672417359444822829673468480668419773296563223419136492995880600820902103192895542494270203259239454080006819282796467489554243774569414425146831939486975364790867840536685138014324592366414274191902012578480675510757556526750329619726255174851511791030153563796463870267264929815898388027409799486853152781835038466827366595153439083646204871707653110809428998135972057680618465742221093263141465829216977489001149822248976700406105410898392314763215041591422900287228620425058542638817687495789414082694652012196817458582
952 35202115075677224894525717940664071745331583330478587541403919345229767758141673945743772626221661833999826974330474060229952545901103977011386865473929668944926201967160796568123861818254613468271646484735869984865225855077925073757245869709204942291469011310490161841007684158066743488654875804455497499019399850222546616935329131349778970866716556961191923986777342653904398782340418051019504791969338582614467837655812151653014835761228396293601711071043545172920675141632578338727453785600249599537040440809230817746170289940658904652152064054729465946073660215405724286
953 142881156513225477111614637188862773716247246746902206615077801842912703903012609364722829487020906183686431758760346297677758263058921707898333160564482692535080516531197991192105281874834162833472792151827397260120513058372559785166061284599287082639800379690872533038929320752324616058580821293787128659643119144252583302295618456415155823173352666392656598216663522615322993175020167344283604126307912214410283522945248166233752941702369219414619159821102328328331532468944909591803528405842209163994474305092933835712742405429945138005549036836213390105566071957222513412
954 579938409433162116906089673103179813592830261526037370245828805727500556325962429739217558528143166157453342486166948300781800213105856845338041855725268190274891759270657155708929439483723922042518407412840419077155620775901094614830745248553863344328037901477973852960616957526386530277758259068880713950704328969208726815676496489847588461713966051309326473609154289329442950294484637131423432649171198915745526787288012050508586645362657461448174967109371623351395760880682001328302537486218598310955293208878833708122571225629979265977344964745174635591181616639157218710
955 2353908112276312866372760536104340549569895274761370801650790435688757790242545410713459756490030801527283905333012464146619309164620901081635592616968249029734626265279224308705343504687801732966519905823041583211471826513046048910432115214171999394316625889884763543030551427323253379546277099877173543113458666855700178839567590026027593857126709862899819429185193423353939575853936340983666652194075592340701952425135825058989373743903461774935933583202459502879011388100410624532362129240239057836150028347783382284060017874992448086304705115339522448337978794088901499771
956 9554277540145541802720486406069752415908813868173892863676724869123039225833428231801647052817425864952677673877378426770863051507832712088850115477540823424017077902706877582896605628034064063692221643133530919737789202557489779164355460963487308088923103520942862293502197718684069374248950884400818354269534962173479382014708900740319350158489858453028482004405518050872667462910900597366666143705822003531680316778894906637166957795194429567008023713191880925191982626679250774451638627754025495835092704077048943874907945678431678617784470340255439022885086132614956815052
957 38779920403125010604645358472242082909785099308680126922299194999955089982623076625702535953344609528459368434221887496381213987297400530681808482379590608841501874980061643635172687656314337568010446277505078068958073328859889773439623161564143111311178857569135682620555130503797446845630418081212397777420121403318163852529963656703858707750883493834998370474777790200860822049388433136105440611640124265144623080103947144076739597968340672946493675400345178860753827523835250459406067986154973599567557767988821810884843314221778391819262547234640264446276979394752062527006
958 157404333799306111766248816429002034798847076022666115234902350159948963281657061133387747574783760361220795948642863232344250874734893214127206407140223468036777500739508379695416101631760898743850234883395613237745667752740130745303835518122636688268764044391739214332768821782127829629012446934025150935322579526401283851963697166947926836796915030207350796965596696504649249097338713912389536741681163290101309717686245001484793366865772335046338347067965732047673699910710473167301574354042166861032576597923000251472040227988055784444660014199709186152010169680289624149017
959 638891585164329093338260563103187760079151640511408269363598856259489863168496987787304779495928650082811673819586095559302226999302532519842213676931308990658890998311660667749115104810882840197228682343876241920504728698776752115757313551483227362055265448957051340053830155785128325294670469393384229804578161388008001116649304908849039814883912585282011764778431590749569566795312018311949771843865464943043483459383283048535577693309918053191154015398276197944685493809790876101189580014999262805828323770690261715231061594624876626802399890695960440741080068449880004571162
960 2593214010765623086224687749006359254685373496473677508249281687121028423835650521970825032411541391585099661328571828547253470170555891659438772536305798835286160882152674839234383097431233332680733252088885434220167451902647474994736433252919575164920129567458121908691329675052293115716844824840009314785270297244200617112809500984421443142788069715734140702010090690414476121383875892632920856362322133781486885468602298729984192642317750073962981602730393226281343267708298783180610490081010469671582622789206818818581238943581496343613506381693298577378283701016179761125588
961 10525682312926303071863145442550165423518997700685568328487409641625335143895425176521923282164081531911124718490049110595533483803608640942632669857558009092059124435210214618021942190434552856389045378285635755077235725772505899755088100861051614530706136009428674390892979043851312838181759752154419362252476317597329142155567644247234173392156052376409306637251418189378452665989610564601942335443515698000031809521451614805452900483326860408328138240658548157441327869839888944135826195634047350111098791823958919915486119200691469433810339711690092540256212352351641699058592
962 42723110300290479635620330720388291214647673607956744740016027151635982025213893164112692111605130682116858986672428242075861586688404199564295982630760928509065619231834918296061844824517025132002416148721108612359957334630485698705848191279074496409980122824392350998991455465750684616420084033123396082651064534065815749248326396484583811612808873587507789455451390243409656070444733905315276215462130059991778297548933210394285365168533069809371652836032848509811017344688161890542428777123897966073073138682272255051285344905099504092672373468100534866194644845372175670892001
963 173410811747152234350861090547957449020098232917702184155486160336416122793202576446328729003986182545584077154258888835246868031862193666471813501411833971446408366181531998150990509329525262724901436437747299342855755533334899809624491191662250151089564123374243695680228255441766143165737140285128441118776750749968692486947367437309682264869491651903192088081944923702844851460305737457245644179101188367606778820982724961704760939190033860443377050411028419646884885385889232941274229317163473698832524426395688893584108177621542821997470084958167975897636661180836306814960832
964 703866317082534102993887249373951417598413928311364911048929639509461177019566706652238204132304570762753912061442636326034864624330623537025893720034374679063106872265692740765373166322956246301754963107964535241683567268814975222639683426759117405012335065925272438839060034453791246841228939841204985342740463713498511694395384060745282439600930489330275365730029135391674013221214595667665674021113178197124818785586438383220950004454274332283448793082385336258030442982816326249457023373081468857408931680029666843080310614488159464813828501530053464606851872003664335611062487
965 2856964842739390085286786083729171283411595486743433794091565242539855659746583506657768493139461888822409320060248516833873379875640615629594143381662234760406757641424901710805833803187091710520190734863629370901179996505052325222263199845021925288518853534724237534070983961089597867308008588485448205905228520242424286076841836261752198315981383502221866917931593155300761205651091575228093513393166176338395814021205548156521762919207342415734664491057177603966836044629741831478686084408835680395590410693073280936580806899544326288316250328514437177088841006966949073997788352
966 11596323151819204763307756086004293775322713118578869825073479712012378582903574706324074404935589472153754441979525196316815118880584594507929396921207449522067271810044326892139768145100017377396519740189429115524754964875210571466125005559072579796542867736424753300527309469801470987560534817588518509970167663496617646003617292177961156900658766076505058157393131470285884875165005614209040595933443561655471639688724145937682600011905869917004199816182777443948921631464678210340646071403331382135150799651874519068070478887117174488817487410675446608143694397590566048575457875
967 47069157074509784287908468077543644820730688230444876990917861697831304220072463431794734036002998546098497456833021779279521617993587781230947841215355228885686222444839120388873889493032440563611108639663311621602123099998548864604646060741716082318672152205054959309712979854612085029731043426434376736840153540296607891262246532640733166644629552948991229569875999581925122114351651026922535288108230603500349065335921607917923772069627225963094859556956646269812054860315547016044017486703200424369116164309312265562776346746391191263141836261648743022317777640239924326174431390
968 191052722047596466953947075369613819243529077763696943624416206601472550847735457152815878510929125244056577386269024105533974877397265410227767174756734838289402851763565041493522425775849223485070930007447362092914692560408570256320371462713281123595218843985550949648041923412280334750384643806278542643546773017507956969236906626674179942884218546139059532720599421160951699161932637698061125533635398752033672322382391595903082391487523759062730212054828403482774701361105821629261892015923934674257477675446965243556501327829679070056062188362771635611658058556883857342722266575
969 775480236716040625074873134298187457988587235492979849391201639337931799355556426690600899875994334180626050049025701812077433969777941597538479593569836211321076268402528508703890061810054668004401733611766878248336869191123069329520471887387456423731436081740282214930391127134208178122253119993124280525257178300298536160412607987678475268465716293697545892684938964048196300781622799347006140932881530131479665618847829004067277082366254763414778411224387307335689732312746150215822065154600144351877333980136520433641305639789686032680289986139383850641341689601430012267848154307
970 3147668101201822291382002494998044539423240556342058355719038122394475504661699461620728787186163770759530846039446321331925576188682471218151757128763017776501057750728037201398110236421709453302953129593664006852494305044074587076326371449442168300236957043955558279674020152901562446231885588167989272321424663032086919704309960412572697427622675741126566488291385803489996631392633645090951607816500536919128422063027888641748532185282805508480252619256740329980495844251340660387674506356187023742243489137850067307080257659896228074913538288978352628712279552419867252187207041184
971 12776380120848395109796517087219171375621553477872571850085476462452326479599489595814287055241060706293976205692363556740364725563576074781417149631204043757661595586621757097084965972738272639617999770712607970120448488537503194622172148621194193526686918781526651283275531606343868855409387523208896401344382887722554183177128778016855662566647319124051607989575302709520016857897836221059891643182223407138794073767556368108408395031888168324998593040051874736714857461607105846092616857680852328231143450815615189089525586914059661383583592350209610819162312251628935368234796927456
972 51859390382157786776240671032000704612169006465337916940253583437582303755950850949824414013909555627174756633108363616982662678840195186821689206604373533346274844873851934022959833219583323669359308769647115767008480092197505138428172563559606603221099796033208889121893089065940720007691546232950013578530265968856815468593352341462973379891054208838035361399506693465934194754940634013150190315339238631721228089018230602772713974794615918495597796237251984909925926711714592886588971966298177099428237807834145244511575056535652432063191883610344414106545743143759723211491639513852
973 210497857602323547730184865091019283985110076752115149346960448159065707544920170399011843931167276662436593496623521340030737185588604028073544761951385629576019495548665528471101423689334345752156875703058507950502069213483176304731234882071792054492560909360685821560112830511341861207545007417735359593616864521826399319050898857349809132039308457362850192171991842601509047718574011822324087064391371640949913722289257319262534451923773744900645439967862524825518796974719534087311196434319972208314449492998569645541578490053111020879051374606482415261925240259351162579523597147849
974 854414561694072700321372878654863114653951050545151146629713064850536727172377675763880807387031626672839793665409664199323123556077703714188481891452009629549785601009779411512671386577711466756614468170419373143574847994023735075052628729755467537344482835988444358288015625793531206725407642119157292147051088627002067081903044923268721760229026816433798489039399094652660262817997915213448373957607480428008951270419251541686728823715384955022701565193918475824412173562003888755473918408734821519853955352766104183119581542967283320924649765875662628194170333793860218411578219294328
975 3468089445435173716291088697547895799059915188994590539575014901337464724300659602148234279042874557638660260036616952824998806210841422251675309577769645682906511860462804399654152213444261528793429777756332492260571298520672637887515998031218366909988804176332564127706688923066984616550462635052107545529624229451869210604238044843834933505304177773355638615137840300725090019421846803058366708265784843431596875852929590639169728315831865189372714686676353080224125581160908067438065927721509301502637183047535126104786287014756001138139020679713517939025952601607303805084967436147748
976 14077081467470447036289701271751030841120710478113371304211691511825938167019183110969110694550060782369967673438603392303516850271577686769301584709541753052931220694101570802028035297119646873491730629007121614296344187417622000712249265039666016905711493429799516812022592123115781706993984645414179770279995194909972521854526182032765763725485802114430699425471803322769486234938192195865069503256226147921624829592901425219082588026139380643548062535059508926908616292016753116403712697181607440345665368246872323496601338412751397066830887921485801776766781385791418056654199165944104
977 57139395623913395820439486911583997621942080627575264940503890667456504024933481812787463757941380603786711234066972871198903156619682120999761155943019819213870733212903364248235853529972681417158926946148917775446524324744217437907831040141882992547290527947674761662511157714611190561999434391151732929791637060341532657040808284691242929957002109535350762047404798108483947850950252496404360511845527285686295170488654228436716333696627964927090729641862783325624894026804456411144872226454419397241993364604155231755841697737638690358968900863303769176745593081701371361818025828667347
978 231931290138556234650631422673402588462955682957212702227837804054564270473726309035002554769552869490435155042665555308306112050244426191204550298793540901232116919658912141732871163868479086075065709573103019712857415613384845847999785789488650680389033797065878492835433015059577330849541280614342272480732707632406242035542838738327912437622389504686965888754267420880556206016869666833712845243746079411244121314402303110520806889492224524408814391508333624298670391495788268352948434063298796433419381577693079558053555573028945886347615168576485468584468448776874580495097248415846909
979 941420663796256455511097091330164142400615753117634232029464215423646699981019963365955886882857867103932422218402513766889391011235824425932668641995076305510860786959970469717894888768403359116628403011175542369760336292943335015404665198445021780085229584235165331510466876666837764588691542553440479155242952377643101031394379172097533103198227460434537091902014013634174824932443951231623218118897733822900114088282001258733374043705450171978351112329718984519151685385536253311152784314102290221137119210727481217757758982524677647846970067746299628679683000042871140335950039754604898
980 3821279369473673186553257780467878559040777550286875852895592783466832335887663216233997812699724284671941158959603637195426834357211755729840931786900548920088359459480841073990979969744432145320865201369802829624747288592191456101359160568825038784297457401843061562610620037113165079062698983640222224428996537821001506341701304238979260575597695954268871547001439043439732927900826385282962469159540008573111155828559718485911180656406621381942789996912791141770321753512871136051623658873431309475577170961277901533392603506942342034204331419136558624879867384237894326550937725943380176
981 15510811905587910709853107889547821759209002016273364674167071044816561254610147773646724418346430771294822661774794928855037293734851912370525296330403140646138190508020250432694482659868088295875535268767485883464301099980847122633597982422055085110069934661721472094870240260922750488530263058521726681167683474432071066384546256522766982359806587803173377365154270360657126775523293524018814836462375909446323078304240691122575228386942141699327539955328696922469392493496317649746380429633737055711829283121907439542507428403844939395170966892702031922177986230770858416618168458242924816
982 62959453610798595243489339941125665656145289102217375817029464363009160680702922413217393474827389665731013353227754332800536765407480582639057086666459217656625513255981497606892164086098968185118338330056199894011076597586971014146962267670636907027165502508960273708145337569255013397328987707813988103004470972826324570493250396762733666863130771945375399355482777726522556128296993746000400453006038892393698511823117294104675674698371101784959947097650196513453815885058781902722532226499486130767283156948735078132289394627048712063230449394846659414883537881703926136187856756699349131
983 255557155405136735517219997578267378398011789914029325951356298554092778213745759130987833871887727892852361174095975207251736783724138279582600144012488114503233148108862915909929350403271077883881085027496614798806672114398800850376399176497642897847850176827637868366254132639616394425324534541294369321092831006872380683952486307386867834161006925563108231378024993592693419376096687353951160566989755013799919353039743048681279109495434478357993572833520328467522461635671840311611762860726787187192495138983645510974799073366057521726751139124509112402298655802727275620760726933119668660
984 1037327317472681925149884321373255421637184342320839860659013295295988830717609767645086539908562025707440623566744776444849389714107643088387692078038104587906944028543576633471005629537986796333302564636280415145697481409560069525048771873361414420234328550086789490503681543752218390184556120453460871378155075460644443113437451023934833989354557933461075870870376509112051099931179112326416014770966895015611996877946164789761434920900853163799468208724561197374296984242607520962262370959033954786998823683050593539454245239864431029019265734394449544009260983308934555574788132048268472763
985 4210602633656688719433829564255435980368113123727185060828803246503867365593131211173503855385772323936291575245576270879859014030324751741821568762578107619292593262752974362049916543708869579085950034874427226521533987661656683425592895686103305211505200995076163904217342435991450757821010333016337401404620355743068573071534575860275334083967833975301579435169467792057679355937314977599538081678927703393435093674362664976755148194058126128885536748257051351443866511842729322445633961201478368802356356004218413820836201668239322946436936327087354397673914565544100028617784607672080997876
986 17091232118170836057780510784186152093304104407240636801549248866849006271598450428640558862209694170048530970740696118065680627610038194825774870392627262937889482028855700282693802195263739644181834207632354426955018819569045127123319079628786685029088139998896825353539149455691145637876480718339421205574614234430966506618644494988657913919435666548493782420868187590725390589006948486961652882732095260034895464856176416811810785212490605098823641917631756942228288310985871388103417548296146044798261777468361890141654055736078100154699679688343685478382920113879538464179077818839140428858
987 69375025787982260674603683246747196740744678545541931096539742646267223018555109794584637491385739559683680176887844650463246830510892070694689533606575355461045904715373465218282227947188333632841927734407263198688297663869015071093651209976144747871467312548673775541548121552220711384057338717533057781142852088439254172595030516395233447108344727279566980751081680950042328282743168569505918408789553930598984551421609539151640121723934686452360812459665315143885565238505950153118563014882383639115148447986280582241943393112241526203274767338731121046963063882134932818773600925643601975043
988 281600623358294377765172576552514213162857682218122781830390553019423076566499227242306176041286525366105463394123736150004553294822391941834050131983499568488479267761888510951899884851178808595428285168516524668469616593576315678771661287899354167142438877236170195618862528865148428771128206348059910862717866337304036049891397440897759526892573847201318849019060364643202572920807597301083451579518656514898677888453120692430782006047572937174099515934279560703548694402131829789181196187462043544626110246570725977305379139638255661521351087028091784365293179115055349559763414206207357417117
989 1143048699524919123824789433914837331471787722311770220427232037485738580471738632494999178915182057331061029231887003365959391334724981562012562251438475227255518964344696280403137676511771599090212657615490677223603454773213279752926039759983035238620938881552694916461475732611066456094625835542595676947019236889975855482097681288397610064710767577166056397313242403379314984736295832495859465102217594075169532964202567115209959814477666878112066468793670458451811620708872343637657730646197113813750051542663255191579632998800148077713627375264282180467004173407298671996543201547430271450663
990 4639770746315580491963419085335449730169472273466468707730741543789620416017226845958469543441558752058536979874036211669372219117213094504299491450002937497153468078810931507504851247549618113486628494572181335817728961286380622630583452429144690441847847431330595185950139102231805812763455376413660781666378629716944420252483335239243890176647008979540021996548111865911141526633504570148943871632693024855680855320414619923409493012751282371557263926573203816947112513419245926450814980458629062314101639887565858002992900825028698451183418647967851406306353286751664944911720056494513969387244
991 18833410645138222439326448928001160911078459688960490673076471122873446228896106202186967582159894229975370148477067381640094133864359047535378816788197390047896294945489410846235353595002870871251691628722605055119181248077882528556091052784791730770941938743573022393209620500380592832640886337369324397635985433827518435282798058589525998469784800014905112597317726777807094441711564785860495891061316743346270008928677410674044849329716872673110043167664741619093586924974047368093290409099227694636936977917082810061103772085342564132510012324597357100869550019015593001911448784800587666300272
992 76447289749755859373536565944814901348092896816583365816643696524613263085208940424929115941263079732275341047043201572678571894114710558171192827871862092722297911467940261955972458021234777931537900103890373967791796037376953097645598822556695456672229172970328580743750168000625934864133920837436069262014195142789096982698612397088866556969780505938413142600635621872566033585422746954165100668913559915897009908529929061150872565403885395647023324335453842220211043439587685260801712453631614530836602774685637016759944812204941890790944347657351668567588406565064178717013746438147990209956248
993 310310072558240720439609833677719514461572658840698348104575966566432479339917189037229987454235592527354691533375018373289085553639343564235734100684926192069215602891763382709294418386886238992471251848820035815479410262567949569403476198937181086624374979788886534769316483355719980304020448608838161923303045783403274170787714610482332075774662321204192387067701998598559254832755182113674961582789779170382529590765918163136014804143547760826584994925292644587262195783831429779749045050432603157156974770377252292799280484952043402782505443481972109361924760840622065283930584346329624544314439
994 1259593218000131428368475542179932303727391260367820687696858053930289138891520812595318345794742740709568222408714217968518465231909692180221062027700371774428801127824949764236979640789435905642714819593114081969975408038072967640876509477899177091122431761987673115953383778276176708765282584318936690154904057457669710979950931023108120987279657502646036022092668785589810694156900053055265983583311801042419639139657681393970288112191495879594163518672130035457583853027586434550960161013486928514532819313430996835429174186619042881731437954394301272889746783350854343417119265872660360869984576
995 5112877812544307393094433205161719779308399244642458232835583583394878640686956982918318381335667825711062546289935165226892711678781871071146536123573917469481909490032875992427288092208807161168751286281763118523841845364065616162297087259634780515494764237460360522257608378600235893332405006976699904817038283565740576933194216104714682852067225417006780687884581555872466473137886804936507221954449987612893829734994061485131276122942875322830230323408946125008244077805046216289098460263763279322317595099570057938752737519069690810203276675490178486988014775774037190335879490987097302447969174
996 20753969443554698867928301603155644454524997413036774727567253920879650369249137610466533524991584766673898227751823271027338843843452818094537671582196371155025363595055989605418659535036576911689820051584684384507687036890758061626654300292904697249483221894185584131982148447252365546126048484718026078975246494368275175679349101979183598037414265521068720396328401369923918546027016930822176002963350311651612673341970814531675551637675598753317961993949729234518459214610667342493161739530233595990708060389321712709100816790312483428897236826317059590262842947913522869056866933460880813748174378
997 84243730272096390847270181579907649446098414726594148738615651401205592716073197834356507999260423989962490151133795445078290597039603350820321503209416241805554744941233887971672067630374469513389105275246096660344101144238164776236408902040932768539791175730988984170922185718855440800401783335960998821683802526824767793855002944857558234815058043941951424185483997858267455545060237502550793887209265175941175916430798181311232353992048558347512181808241782516302281556436661009819791957116044649516390926538953462115124395434043789878482203367788317420219230032407851183961768657946219989588452890
998 341959489999797803853849768378999857239362734963349556519726718883984148109373495488253077762889766813145046836914826076099781231172760103898009700559837441479756647915959985464780204855205277163301971451227118394772188630095574379241869595327645361563336816651155312391625340023669604861846375400742340927347742093055257101307018513317073940486688249147658965710109506676380258554113043028417403731404565935173785731662831923312397239977550804969224112768491956680157732093986248012148377016481534714086520649307061707739305162529835378809595699669828193777703627783561682066403715413748723736807350863
999 1388073256480648498620861805431569680023074790905419287998181160189114413829838750330300531116686457866733384354067881167754931006121770741813622353326335783159131428350014031585464285367081948073534277973801492295073951058610184270878927054726131808234090772646198226273164124367053597594085216834802332675973540801219800617723324229763326895420953767484857919865201768697442332325799871483648778509165051848873083725775464414190337271277398921890027255846761461459431596147249262164757137262674693397996609141631254514145959027296009170765291629683332285667442778042817437074946004082758379454170211384
1000 5634440100020027835753402588952181431446736952554527568677215866954632650973814755970198389587887130234078955680219093269601608630736140367436200047824965742338851703051114305023491069037471338626475629036980198971263560903959148042860770184426835207075636166091784362287342272272404588808518367780961618846588193975924473246418909675335446539617551204409876359321955079391179922469079239636430821070109824251389083625995853239564409315698226937744957220532034426236799685474436890159554532971383630776744648225581910830226279326147491248600407997156689985745643866835312773998714705701995641408304447985
