0 0
1 1
2 1
3 1
4 2
5 3
6 6
7 12
8 25
9 52
10 113
11 247
12 548
13 1226
14 2770
15 6299
16 14426
17 33209
18 76851
19 178618
20 416848
21 976296
22 2294224
23 5407384
24 12780394
25 30283120
26 71924647
27 171196956
28 408310668
29 975662480
30 2335443077
31 5599508648
32 13446130438
33 32334837886
34 77863375126
35 187737500013
36 453203435319
37 1095295264857
38 2649957419351
39 6417886638389
40 15558520126830
41 37752602033079
42 91687179000949
43 222861754454841
44 542139459641933
45 1319834477009635
46 3215484006733932
47 7839314017612273
48 19125017153077911
49 46688045740233741
50 114045563401548311
51 278746448133209429
52 681692571065242932
53 1668040697850310201
54 4083708195759600518
55 10002863444816585014
56 24513629092302073041
57 60103115737909604324
58 147429818434611957574
59 361797758011081331170
60 888243781358056356537
61 2181615088865416627349
62 5360408809339609310229
63 13176072814050156958198
64 32399407706798296605456
65 79697762988525689789857
66 196113893716202644512426
67 482746544956161318475562
68 1188705249127619918832160
69 2927987283928895848759516
70 7214399318589733194354211
71 17781291760582235273106847
72 43838420272490431578147385
73 108111379386424222184092108
74 266691674251454895007860736
75 658060452127640910916773730
76 1624191697451628083681178917
77 4009783646453650432510937048
78 9901793577587390439697752162
79 24457569409758648782751586580
80 60424984552474085716673676260
81 149321057290936016278103294770
82 369083254918192176316297152550
83 912481392631326026531878966591
84 2256408771630610071131362386887
85 5580889298522953744821321386425
86 13806346221256067596503592656775
87 34161880269052200228493351665610
88 84545486693597966814064905102432
89 209277633734458449116226912573735
90 518128000603314915154559981677233
91 1283013909013148735269442784331639
92 3177634743542077548501367163213280
93 7871422182568144022047866171262516
94 19501922339293406908954159758838060
95 48325353667133652985075710726300978
96 119769028838397070699721218814464167
97 296882362627166777760685153639645942
98 736026090051828899921789941995857784
99 1825028144205800669271527178968734305
100 4525974618627147805214362396247365909
101 11225857851146837572566636060887355391
102 27847779024312197712515445346315549152
103 69091393548624831030040985514963476456
104 171442503864651476327354446627409552826
105 425474014976091363415122776504555428623
106 1056054762715044343687338251957692747923
107 2621546659390630317090822250607965698143
108 6508567694935810340846935318663033926149
109 16161024921878163010765562223452634355045
110 40133496592588287087434483912392425010120
111 99677867050685342960215459554386809856922
112 247595730628762460267029557669517664585648
113 615090912673624161602321866254909632967843
114 1528221493389839480546524537266107680643350
115 3797372870802889111120342951632646059293982
116 9436898140053866661839700967105283236860359
117 23454357168370529080828765786733662278417172
118 58299552985364494963535987150862419819462699
119 144928414017185542344141772689110825068108339
120 360319445148928407537219321541314658033790687
121 895915285936756247074110954118523181633257705
122 2227873553485307671305558072876629637770497385
123 5540612177664775483624225351926305530498484919
124 13780592278386458751023323435189459071848652426
125 34278376453843260966557983060709407778049031992
126 85273514322630410203432350880428115040222374201
127 212152903881955537059473362923103476408114422656
128 527866450403617818352115494668389283187272188053
129 1313526308005677671381899837805250035003875688867
130 3268831351873259538132680643939436619656181221405
131 8135508084061264835482219661854527718224285524697
132 20249518030894748279158098121804764038321479128602
133 50405969689570982378070893724311995799672882301952
134 125483311979560177394970351307184678049254890391463
135 312410874446951763107876324573523543432667711767461
136 777860914248226419705529065130147297360664948756356
137 1936925306140029254977288769649884046186080635415867
138 4823456910651540425924243357066421411494510329217041
139 12012628336397020484917993965734193538413208340401821
140 29919290935246165852771877795597954054726078792889385
141 74524263811014793841484144656404195546987889312833088
142 185642225345938061647355467435134862846907338432403586
143 462474778131096110252383977429175261373251895264588240
144 1152208585510733156538836721608677632242859760851606385
145 2870816869434340550029721911514708677046383978583136934
146 7153371341192919523502158316276674928501429986179175772
147 17825697340146984432992521348814945818216069381925959767
148 44423456883683391101711807668818600851423256148742191214
149 110715349007462110533828998941339491217113463169269780926
150 275951386091778667775458272039838034038759606770795407335
151 687838058354626311627732942854800551097498065671010524422
152 1714621711535947697302978846758713030417204018673279082075
153 4274433425311911268708881060543030315684191363213012772822
154 10656548152381070383824488540612246610616594296485828925394
155 26569411986614592225394692329780950429071414966685144448568
156 66248245271505513367546488234623123767559092291537187943238
157 165193713450068168083776726697439985470814097090422966270503
158 411944789202292114897143616459905317163795259114375736049424
159 1027331348642784416493183814650764723714658402765912834646455
160 2562168991072597490331030470188450476040920936428311435276349
161 6390434447683357635828487793998739650153848086735604795092629
162 15939623799497349015149364587703261631614324183760161943976591
163 39760378614164672162626747271449832719391945832152532304587472
164 99185323502300252088193224134111540477256471828837148137498275
165 247439186286946653323315836812441533540635617504732773870592891
166 617324358249466476029013269770141031842081660730600314566261249
167 1540217069568954710360172376505707289270248465420835331141628485
168 3843029810388879742379425300535300308864938264676296593243707831
169 9589337426552654647128289073887597523492694199238992330319524778
170 23929091097947809738151767806493190670883264405326217521120960851
171 59715392849958637119705072557216631486504971695433620425540161467
172 149028253144044407340406285879701109659988615306195286196841108468
173 371940008750286295490883739254138426002034045119763249371067818469
174 928322548002858004470453885024529337658927394399029005993334104958
175 2317108491805695751253987538301298061465102944939170771569286807981
176 5783823901528667911815738654325310648353423883264931826672755909405
177 14437923534350702813432306927486001676130493034587909587207400099679
178 36042520978525474544979246505778008508597808585170185150714510505736
179 89980022416465781917880716828306984860810649977986246882922157034740
180 224645291544117653100509164116678913855869703061493584699589749031653
181 560878258430059834258026043254556621254598698000689343189010108192385
182 1400424602208091941772250920131549368456683504805195262527102542926263
183 3496797488735396134723152626432443278486088979726136068441518326904405
184 8731736905820681523954560131072021581099764327652888904727739806775876
185 21804694263780256485926074941782448417164495780232098085194997184981611
186 54452566578425041318392756748010776221551067714192684933800713274516595
187 135989537756548135502352220346993144250125174958904493802467780305202567
188 339634054710684140540577772417585613167400098077432948361775131666855950
189 848272435426820252943855303581584750274411414466973816110584433549010841
190 2118740061343023901051192646485458256483312983441439549478463504827236875
191 5292221460869217530611552684410479224221693832411059994482118943478831464
192 13219534443064567638396832998561710279890370004690279619978608324029365476
193 33022651917397326132815626434319446657001046214511188190931994731631307377
194 82494536297691973949435448206992848698550374477885252455909037274976745102
195 206089420579282351141790073084296584991487604498242294791265364969697953741
196 514876781679330604329621327709840329803350753439625554381970912379071902714
197 1286375738713460360482456851916733771163333965842420632070884641485942736193
198 3214024074107236300712632937157302227677543379373335303748096058332983842199
199 8030581495080413097741318799646503911318409167220493196802934365631174155551
200 20066021781446136436251455699403405862147515580000261829489112719237759476660
201 50140864633597519263723861762427536048545342824566466487344422067953447058019
202 125296358910206869416572999692207938689816955071256662649724114131474358642763
203 313112940272238857473052334362355166430300431128501435203262260742161419678705
204 782491015247650550268640757010720978518283940288888862348403003638922697762341
205 1955569818643437214878341034940342914626984579131453484779618972502650410802475
206 4887454908611447765671034220433722397596960612208177167416202110632720270233095
207 12215395224832143984415240115300522919215362954938076251132412191458550766658888
208 30531451835993123425230564606757858505196018161931875966135249590627748828913830
209 76313683855138796140051382930551986485786205890699795646205973191492255920882133
210 190753390541518319102953129315868810446240051098514879023898424493636179062590271
211 476822628664247832395643338999243336405601037050509054209794981472165057239613688
212 1191944554785101927128762698121818762846290116475855583776417096065682182549649915
213 2979680630215664246162521102304224957165521702313700232745872895072722539763445462
214 7448995529806735444053029296241144517237834094498818218136884370206246727692953620
215 18622582549852413706399382437163958875397159746248164754483407721241406789735671181
216 46558198696948190008941546493910694024956364628356974267866443541215653658768845980
217 116403588196968333395263780026810465331722109440929671522890504515412687642895871162
218 291038454396313016215696086007428667605926242339481264400390274526459954549254921717
219 727692779359649914369050712932897863245079400821134095435408067277459048960128025076
220 1819530391843762819153527514061288183735971121578960644095768214035270840457858741475
221 4549712958555495056018742887571807035054488622083675763986851448538572531996028957123
222 11376849050496653145732720492179463754097331649150801534975844982752434156176436237584
223 28449405036318116501099337913943548896922038927498336039824339613067043688940856958998
224 71143865389347069344392134704104923166325059238077413478262589363008994972701796288977
225 177915869322814454573365452008080684444997844262894988475674089076549381378263517386558
226 444943392499115444475273376628001392136892177989199724731955282644753957805311311592855
227 1112775534433536117456853485077861461609390339417336211652256862328475562830719502510986
228 2783062732279081104970747072518187160491646117693372456981133536461571801382803719511090
229 6960668205830062895809508548208065684198023820001161481425079448559554105528338157470545
230 17409699324643136006370647400124051921627689921781292698087823730884848761843764064278701
231 43545562211849101730544437259731722989373075393912359359788263330303407733525070877606425
232 108920272892715786811158082274489455294957592756041537460056622639357022673991263226613543
233 272449253361636836493021525554276056932681922507632381374034574539890388361297515710001144
234 681513561885026882354572223444894259011829674270050444372298031527255703652541576894324467
235 1704807157939475114934234292620589516221399995801808391659571113532315172425578773758430192
236 4264693204143865526460212179600713397852057753917264638561561133609643245908726568028222510
237 10668712326547174261180503661636719121655709288363892118112894729735222288647104872138217576
238 26689952091256181988332438770482096222958692632623879548085413331776981085222658714467654914
239 66772104615531029848129215301556359036438280269246862515789159075993723500886843477393365248
240 167052785581641672288332197373411236972715244116599682931972917915191716158432968100806879383
241 417949364960167208827973573958411032494981015046650371019383879008374851449307637972743676694
242 1045694479552413140245570347435976513045374304683448932553837323739100298748200473936412737911
243 2616357382498843798687450186222167052238123229140376953193675548973339215528404200814286369019
244 6546366741150990416799476046337500579232403899751364714846725935550365686915673262806753315761
245 16380023535156845525426050541120865576801715476841229576118834971072570891117735032609279990822
246 40986378514134852222588155689587388343933269881889555055362185738644887190259387095008941337777
247 102559364026058900077854470587671619214983921971632770939014245063572116446235418346998898840647
248 256638467045542924916634583498325723825385402769908177730335972452889993262628328555387179340879
249 642212509584052579954245618341546240657281780738503681757482174435754020231622428185023352941340
250 1607112428228780890357486345343645135576782377906594383123863954047545159506465938214168293603265
251 4021834219885274361822927860809166693410770885308343787912196986137663725574041999013972586787838
252 10064967904458499803154213944679773222527414911736227519677013660868766916557265832155117654290838
253 25188996491337087777852408070446724901764182472631200152807056817893258201706702326859609090262606
254 63040478216887307508092756122083562498871317649296720087193662208117881744766138184836069739256338
255 157775009062594059712679396531624702441508458267953130368945424042369548245732340114952792384788133
256 394881630671508725483247348216841588745733948546872588210262744650856006411913008045490032099757911
257 988338183019850693504364490176055751121236253110561636152406451543914413660695490933959077820032532
258 2473740073544036424531042931717965650053440990095782248547987699107086360945555358787215260096747965
259 6191734515980611996934559877005835366679128570366713395227150042783143724170235899598920287301541171
260 15498165187537140868311551255074682566191402748090569272234373178446406387524477475141235253076499851
261 38793401958908694299817865802349295886311931303692791743003428679049451142669181618305034748636167554
262 97105760953913656399290275429530136202834079802786216875032824158004257692879055583063998310530803930
263 243075731437664177182144574043316230848639583752773664481962338282037459982134245571723283156207821560
264 608481825037524207104878426384145596542265341412819955645975761006492151602734899006074751761779045285
265 1523221121090565736486068609500333602253489867453572414002764289609235678984841941523873727329879222924
266 3813182209490744537784508988721718130997565224565255858120530912302374618359358580032862222275585803589
267 9545998383910825586365511768511108850101178732302839029117287059881824688126557852461682117049361073205
268 23898149820675700360306139268393522384897837843670694269884798462023274375657273704717286323361977941012
269 59829622007813736919157547881557971886219109287979716043565981032782163979243903069222414709626626515728
270 149788071100863729803901979018080404791772471513661900101129514140925238039274973902345171669899475065848
271 375013688526429456822830944546980013912770326170169080253443899597623641704215873665133785333940321543639
272 938914119289796492217438790118495759567923087061055427002888730247628469750928441149932063302978697709249
273 2350787712668135384336877483177190108186661082571675640228560955536581303193850935041988669608278107836004
274 5885856672095800480200106902532130772021118369730916441328047357914802148787106691496510771206030754460104
275 14737187776079968395278064434455905840892071444733063527334999304507855613239124947922612970616485369141422
276 36900151894522668831899026648714253314875048829972299809338465084270829593861998345468760363973576787649312
277 92395374519839830034484221841725691778514873118227177324293399384467074470158615470964229893882313247504904
278 231356009391892945889641498942284371583801468947067390122291171852342553748872541525680024610324030728646895
279 579321646528360917922730675216527470537846070504974274480128269878971080524985262128898581951554656930638893
280 1450664840150606615848731117729820973621007421645158605708411754691264739379385344375340791680108664858050707
281 3632642933778234623035334647276575826446726182234270225435278315220753275617643272405427618478110464157336699
282 9096756641206249109981026568236986759999882457039985271761873904842552958402229193010176750787470566160615876
283 22780257131432996611831688575162540044072403884244226427106669189025153784996883497455008249392819123740908612
284 57047785420669589252732367890576568347672458896759464441380151177443305982395194406287569263201029457937088877
285 142865387520847801937023569532034573850008207480350311690418103678176342626820439327761110548106461493786523619
286 357785937011991868749830957914373431508074605683946371357469661587433078401790555454579607719435417091394826440
287 896040134313526441976655007682727446273716282421983586091519150935741843834297962610295705254751814374626921669
288 2244086311263425697037295308311669923946682367779516322796497429347677771690679673349719436609960659460099627697
289 5620299949007196282702225593657106131896166612792386290826045387073367824028519533663404340736143936924457113606
290 14076258072211665830896134810771652025035651511110504940882293452742143902481452975662721424461182276766643002327
291 35255159402016099057812042261033649320274142443905044960842964574982226819722047044556241144104874182361582357245
292 88301041740295817751661468339888336750376612657831921340999746729792609881842512428329531179482575100316679360762
293 221165102949814397733170811915993618542124610575486829858302115984829327601188198483236881157467856686538186039282
294 553955596823889837170327672681441305230587460960214832266917375498846411664384029680400100479354259694707828784877
295 1387525054486032971577478976621959022117994319991593464983409178848716845576915050784401176861759317657688513915416
296 3475475160872735413674571109373931876031887457562429822137331802563193433358130507145654030417793347718321633082802
297 8705525046660124330947872835460268907215310696603882858452670247173588605578335297199825473076069277072415929198400
298 21806357372010582691428373726027017630672701952510138800875043251607201796076032728949174531972640725220037149388654
299 54623384667258125007276772672533460717777540664703229841361958792583536427831155498016553673585965171775920681890414
300 136830012372439279892820037926804556203607218557418586659655805389142216220543933805295698804989114963964129734928465
301 342760962825670144892647639337356484610828338978505842838523178944806065355859634920617963057250874074047364080258484
302 858634872404921569194560100616824114020031484180859481217597606177187340243664601122668497861149192114328838651645330
303 2150962430901555149893223485941346442705874983711130883345775142651391386069197272455967989267083681002102473624815429
304 5388454419805435250746491222907731853461282575250214845618107591038866883981014600238029990354391666047833660650137226
305 13499032473134293576484486773930102063648548750478385625323953194177525486479116697720996044498953522747185070578718828
306 33818011263546198040570162266060968456169347963551645167528354846608133785218180028316637779488398738945089616443196989
307 84722826289601236431716585056325146659520616795799359122602298315499110093777951742788258716550401568011077054216864314
308 212255869597007063657801873375748447997406128713217486952149353984412209922676658890492428813123995924411190153933738896
309 531772458809164309476517828702119095855740893919680430163765404504660354194275922955454620007027578749719605103515072164
310 1332290058076617149391978114707106425989188667029386004716973492936161582939654693711170485831353556934666928104662364790
311 3337939827640520572816098869880618747056936892361096105880458239703744967770038518494423774183979228460829946395693159064
312 8363054878719263741811671834097337779005587895193218725543600267681819035445091384896441380374659435952183578552229222420
313 20953572234831734846849669083343962507630586212655445857039808392552526123182956585722816817908817826515288399522426724827
314 52499823296119363280123124906283820550015916616931649586616251616033949659129486703502951355414200073340391147749319610831
315 131541929720819987179207044869130609014696170825059253503231432144541097210018881249997073738512713402714064275185025176800
316 329592357484563104464514433640582184628087979743277900564122056827902328571570574702470542523414732712650666284638957847943
317 825841251899416226446622230315488654126352711007667226403302119365490438644680112203807934699366356839538828907997837414846
318 2069295375847251187162132247253017157233305553067348147033365687649260864201081473603184058098287904582314892440159473770593
319 5185072531448428408009892455991421365664835712073167587925974784031668287519792995750115729653545323080736727120081569894767
320 12992525514895370628331917153818574861347812072118966482861668447418930412001078546072973910901044262447887762472918157850630
321 32556572345465000162676346737324257793071299080431296458741337293306519405350642105509893145140920243636184752640356937553839
322 81581199335999899205145961370449021383452392956833178276596629257223813348152596004317496192467653937844510737249976986197165
323 204431479557939290821196979062708945027277707832684152922946853819092261936370801663727521743040715524645532768807031005884893
324 512285064719637946478722829494886777461394419378589994241277775600358185658829190375041413121255499807871751674977964201915189
325 1283754016452996474956285404941665601167933889175145175866392565727988814541010075553297655387865475936249109977038406228461535
326 3217052114384134395385568899833639913574059764720051516896805722361426716701938266052196103270745363483593949372906583991134465
327 8061957410360165141213342994629963013460219858077217201786810700977979229355176809799459061787518401083068770157614914994112353
328 20203610523632432494872401818978194984864734325793080571612123029937925539208691233307434004771697976727981178903953218867223629
329 50631818283059391414941776722830946657928764906588628974623400119045003837078314214471609760869348369646033480224127965975401304
330 126889028257585306797389828787625469088417772303879077616712827978377865921984102851266001073529483852042028256172263658102189634
331 318002543678113456588015067311449294481305687602769621988916628804549259463701573846552380549885518699600248281263357540348761192
332 796971984558020052391621266111899291849275400315133557522471494546864055926277334307738082278326398642393205813803513638200452967
333 1997383324115028684179829195759454312602201952439356712921758659342016530852103784526867648913498936764621080661127917225932122025
334 5005940138877512549528357929101645045744210857909364560507838829182992717038815284012101717673621439578775977088553593067710271737
335 12546301419534169170494865302931799186486825326919021926652382731977169143647897968545787053918151259782750410490253587864969298160
336 31444998629178304582741728692021308918310296414877114495278739024911088191550728402996561315370130428217714152560307771107731746232
337 78812155718734210126594024705948975403329439888391674369462582403965171336137343061055796879345623176598772304725843551642559373414
338 197533410832632231430563508273706624716971324936478934880431260598433479486966962375420420472991632879982941492502381169531107430579
339 495100784477678119237118889695699391331363411670813026643307368500090200210410644325297106708152371983866958914486723706232944831864
340 1240944413216550938288144802871313906084208143042998412999259631923079591735212127330893762102408425215076568748871221654463132518159
341 3110403061498913503729378471902646919042508653980345764831546495448889263058425189706164300660957361247156918066432820117874838491591
342 7796265295956391634641678711960031688536190106705461731367111330394088696859649418562630625280375202106387029924677230263379137867307
343 19541689604084880836764295607246785112485805720274288057472480419194357209975097361525904722485084899744078153413798171365931383303297
344 48982747690535793076234987231490713192967735984468308086221228567567185425920192956176534965732217258124899469121669348721032928423155
345 122780578273153196868500400506748856108120103718864204756798963114108671223542073745748937905070437851305509670366434328548858707446005
346 307766731750763492235934534164299738451204407505056489291154382735717615979264491966403316646786336449405598108844382193211204923906681
347 771470113465594736453910396650853407021939802880323250407629742436835990349183712846596281251220305144115321971629594117014509908297351
348 1933846256160062727793443331870854288852194808321100670935539938338415992014926729102648841223394775209118655047032861584668056201843768
349 4847637706616042219252316147774862632435219967803829872408965848309939436359523450071101494717858779937581110380891033799794645331333927
350 12151886603562796320163897264120690501874777027971276277526721695436960207500533568403521719202761570436141823054153446550002925357733213
351 30462291767208754374011309866272695375631495120041129341272986383561632563331393943841328428065686741039310321987262300341932101777270016
352 76363657387763936149209654328603287108275260198539375855597870878223704974580960225324243171289636390197281982536705442258934411551963770
353 191432697582175430440836211314185574146206070492809946727199611175288369919233437211420357679583123202008920075472503193564943896064546991
354 479899989194992937191166816150858672292221813725256705054785242996857803806878732037115944272555062450343922373897278140141551990395485445
355 1203069048231717336182202651475531691283070515850399103237526097533338772258267531579746762804886431298581642011122405319495058677063262607
356 3016029122258363930352915944693951589015219770366769274460916889925818932175400792591258333028503142770869735570272344930827566590653754868
357 7561111495696475588631971226771392099250343703124730737512377708895203009138237423043798207336526874542704819875371800237490139867883706762
358 18955745074819603389153037152314384825093963152547299809419568302177864104823855304532350372553093150568510338047883220320629500802799932708
359 47522705144014679576090990009440056088839214708067161043314173968152169409614039796164966337008893773164497884691834915387550842983624797043
360 119142442126497424836732732382002801181905063388307272814114064424071581628677261316109850837665730527321368550707045658636650728373614637965
361 298701127987404215109024086598807740712914143756896416685915131810754103878796927984138311907455778840751163944420253476552221879231520826592
362 748879980262782462007414301832832373133352987134158645701726176947802870075085993120662464793199372678682981576146146409880135584306346343822
363 1877554467855225170104283852512598458355889102598316964612280058662298292888623084149714471401760007600236555751054901327188022359549400852099
364 4707364276176218653558290858928210234441785947202100729799268918828676849115018530646118377308845184472663201459187956516325230748471377932649
365 11802336181161120702948211855094061910552021501466404096444740407163320756937648171948628393597620010506990320347873960140266642872897325803395
366 29591231490763308260841033063056351098161850155491571092964421306353194763450159476930505220502564252944807590605032874694656534092827700898591
367 74193004033923469120470239764274714848908065416889183196145829638694884530555646439413274697738432069392737539528260814656361851615850415928777
368 186023453868234670229388089187047703888776738722864037913675240955853320559877177152260540492022485566430432356106826040049595996663605461189012
369 466420098875964965416620742298338245219768734828832409187978657589057701287435385204097614696478415752399716970923205403572575617849165168229873
370 1169476741635301218317564952217008346246729293987985291522945234205926490038509696273396658852508408357838723971668117425484985439154929997688809
371 2932315357494710472475439518173776702374873330396355785379303813777441644216056526597981183739658469272180733255232501920522407776584013204399756
372 7352490782384527250300516760386192918373748944075103419722328702055766656425706053514117540753810345317846658464110762142337517974084319224538599
373 18435843171985498194419887025377240133846135097402926282692333733744311200817254203893486840009297127188161119411560775506042116522769592298059952
374 46227052039486020066536981219721159229843538975911897618202517532083694020101955867525733898715943307735600900479850740326273880528759292268968734
375 115913506781562018527257724732013288567508396969558787833442521729634721543217862366362285754948271824431734090230862052023698269320540269134788941
376 290654143619925494764469019016753678080970812266642368235553018282603221874485420270269554309061150974727071550228440105205412192793399614030081220
377 728825561009208591835664228522052313897166505581836058680041775150606294206325739539222874745970486884030380764615438656557792218855616658700940346
378 1827575179289208118872139353358329915123737140968149418485969424923694725278243509805468320562515017108438960731210131149761307749203578824968977942
379 4582805876106221030074056712430228344823696051331122037812465045819894965848146303138069334588345712268493690333746599370616460183207638471087215725
380 11491909624302397946545772328029210927444785245758042906834731690151811806253605689739897382172879248105290050134912871899871435790017061041873793854
381 28817576139332148360874948055095916707397499280428949824011292303296072862312569900234373190213663122525073263897031544313100396519647784583140837397
382 72264862351686362970364527510537712864872416259396512755984409823950835697959570692812420225601893073144238396213870525978218005421020037978852201194
383 181218015410437061274943714365007186384123678060959397015832663620222509064220191860534434387293753045202207203856258042485391603629173719528866511362
384 454443605262437278527963587889312909929822347969412491095175731317268527031737855479878381295107362549238817959065131017607462013600552952689395757344
385 1139627804613665413075415616401870676975545191297451248675016577035134446399816609276082144475488018605643945914068392396121239547194666689244601593829
386 2857922628441270177810141781004613334036652437288147276518319532603830705635134941622260944506317057681011310706663556681680823436024815660514525521216
387 7167080218596694199605272544851448162632953435704805091007065795471759987673041007118012980375541739446619046936173297686082926777019992482350601553350
388 17973738090366952495825061305072443699679416010851017601034070332560141142257312483672623775540321484721881517264685664647291514822689187032375760141293
389 45075325899040209114291477503758050986484716298813939533097616251124087262746467466037565816664987274270429031539209198053499835385641274744739350864493
390 113042991672663897086076394992975360837705338503405684299770617999066183967786333326888447131545415291213225392653581213026977789047764493197262533382616
391 283499755327178135784764455435021061832924157468450718065827054204951836569372622428278884150925281407321285913909623261041926254389853699167439425580506
392 710994090595862643230266182547250549257286474750409696584655103965458668193462439193728524751156182978941378529736826360892682050984388777045896672349400
393 1783132144084750553046585870890995016836229414768273072689658301011901938328351307720528987571966180882782831051375657858575014320187872586049177025860086
394 4472035892451458480489500970178015330793472653768505165961409096269663813504348572747908927683853934368347899793999070781352578427578195147432705663764637
395 11215824999146979101993121052654490042690085900373982562474593948761808795972182966296953640431651087490479075154737633190066254479289065908375497846419342
396 28129456386037920316119203058806100780460597740689132638447772378049074977178893597521575202872835416208411399497367818482537378491538774633089098323230541
397 70549770342554897024206338431655587275809256375493428612173696804082853550500972609333496257905868023730712855004835287994196546552985171542303609750370868
398 176943249472711364972494548670180010259978709875245243685182398570882429028573130084901650355268106466432190945149935817643961810528983052115697925895323477
399 443788967294177081662417090644718301569692102187342005824931728125819443384596706746026249390758315781666255248713478741069667781076245443952099765172047871
400 1113071574832492079658861883644214884632172703898811049890359041872664622171943446224081948855148422280468164147263761769229064189605495006738325833753907721
401 2791732164801704951634530065735166921591881089942832931621322758702829330050587774347747446909544245431327208169146934784476337098732395187556988602044610176
402 7002102370086575048770141867100033259673057073773999125126565525263930720908375973606141687109862451873427934749600694088995289245354614847640889808010690976
403 17562534425240640692628613545415971370942305500845284335093339083157671425329591116831728447707510432900112718614687742886411997072177621444969920097042086576
404 44050407313248265686638296462997417393036048826651311570242566569825038146155243492107340697522634283679212616565414900297685631320588715059963512877105598331
405 110488392706083908803715381834158409941828320220822415151142464408153719071400136792379061540855608415822474773823904459947382013971110752745096436604832516182
406 277132430753506095094752280965443907177770833423734702734499253813541030865802192181702402712993865409116354679029793920752228053708705241329009778217200504285
407 695123537633217593196583991962864100127153224577328736346028737610652369159897544614270400991242117756536872279575665161855976502611260777556080675097884032285
408 1743574732744493045110376220819863677060429331181213935998765431423037302261211628801845630723144065306381341767638611889698302124830349240472985804336995440742
409 4373438751247222392347646383114608210532709496352725173369679640693031446450963231359226700661563383583717735454286407379101388146684360335215114827206680631451
410 10970070567920720446615169150208457359556959396442528137500400079298808947873494568676723738575688022544843005459728344029576404933659280422063464531124337069076
411 27516910134199421984809104504353088757461134215801321606217226615537212247826749918930125232063240591528941139308389413131218695560638470115974620495881441270372
412 69022989047740997488509304912418082411852194565190343577008654528117250478030557489835492508130970213225993901149772816387496946697148350171160191756085979289893
413 173137719838724903114513051434714796951905003772493556555832816340854349911375276612839808437621178053249228109660291616603175993907192248038100702739917094315498
414 434303611223918840448072143390751667338303033958542847282930256878192702596874023981553129246888962490159535790065954797058324796394264699868021590903035384709001
415 1089429132402292880723645743142599980362620062065950008712351987245340022299621212885352109728435053792244749960832943002551129186273554836006196960734578342599523
416 2732802885244124814316032766626678027539699484535664889497551100394219733701677134703684075051806364482786089762386325091601208028494767703556576726868434187606722
417 6855219912347454740942277491435181457304735478943537265191358448355711467801121143265084035580707480234519609738262107589224296328390106224104259187215366295584445
418 17196426900296712573503764539104419593629649773668452393794290957080737222763075841955065393555675757097326441794692352423912241060112911944332355256324379846620428
419 43137877162713014922022101223525851483907701584392422550220783961639905894155962260745536996307195438213657229073012804000745849865919975441195382391000540768868473
420 108213894756737380126621421759182767642860720134295791374723874149266627463727821906588108962821602287487390734865562558231980231071424556607959841613315975244027741
421 271463207593189258912133793460399264191547956045854816646896606651274104665836677993204950752005982019285838359543386273143879361383748393835116586504185222044752428
422 680992919894734120382794922215702510588862161257031244535512347315750295570435255011889617393984858405499977918698786375508207693489705190895701771174171388111992566
423 1708354010992518639563162901551633282255490875847168624590386686938130252968096059763140082444620616068529260503697028237283533611584599425265796436249942064073149545
424 4285650827424378190791715547552511883312005517835337839906860983145184155207488202737358295875998091616981183240168179455730642547092910014574764928485821346060386282
425 10751258816135411361378470047494105691230841395955887333776967274726801670703164758641007222429475052896108087439971890938854060369317239452808591406129869339935007306
426 26971521904878386076922025291323683967682444307013917290480176682057718836214371092035978763739302063138136677193128246069483216281569333161979957934769806125828734168
427 67663611649187867413421925952509413503719181142925697645003661900464724381690390544104016075354286373545602992446253735924683220981076723310491291538186207343627488204
428 169749485736074280903172468822126612573920242382789064806756206362444068648885869597527347046755991388329242444506279996197494613452029148937978032914866403221919291268
429 425858492353923169289355180712329218595623367720455451639975204346939315796684767626661818935406675311749577081550639978477893395679342702323771865123871578713474899177
430 1068379862823643542747835344096139499274185739125786237690979137790311007957927328059668802006830792209961705264004653064606837858970930349055253745810503459533833646462
431 2680338195233279152750118278033080738528530932130812537329100962723139761694326795343188887504535200445003906607316146542198902890772883224077503548282056431327195718880
432 6724453586540652592487572041899951815383156140171283491212810413212041083753559366937281202547629907326508155716221619187955584002430402541600430665495046565010009028415
433 16870497624443293590636456371944774964492099677890234901958838114920749686374927669958947357804805963356411073061341382996355001750026545516152253761202064623592786477209
434 42325515588229052895598192212795598078592416987720215445530649025227901660755254436029802781501775014682001572358075083918024443438066352527975183549364733226822781518800
435 106189133444719632655612094626831355565873419606637115273973482051253487418315719517929045177432620709478549404112784223079518308195267594890137044935616669308895546272075
436 266416633371517418673819895627880978381893623252443154330538471269325658471735510712192478715309196117011444476692300024920744634222782112057786858357577112388284701000648
437 668414740797696404535606389127566103777475962265403548367181975595921144961155005929873346934128946137600965503909357519348216129027190535765146462986904348437350587429168
438 1677004045303391005830517679338789856686266444599899994055535030336983688119124457075518268780254084673058806572504292004699197723597601082738308364189355080367280318861048
439 4207514236486126169525391548195468579956985803220793880402686237774526174356406868106161397806969496368674320282460683568243626433312293149901576026351791085115268200670921
440 10556512231863938312593980884686602397733183632385889152462369037669228432485828170145107077511136294924269608073944759798573661414805451295032386760972995148928375554938890
441 26486140487266396466315162796457980397765091544900274295205788039086997859115491999172225791064643266692176986778382495429111968692662847384014538808212891972529877734617929
442 66453865483145008598452737935781201193634416336831479851295706094479828338383415695656624780741974702845044534637357273726021507588352332393424534052603912782638914617388933
443 166734376299740675782189610849633088143789984140007449326379024087275414991912558410254496201726354936029213148727578515327687398372577275244953404040536024486386532091635451
444 418343829057444360095648223106630538376189840191698670159231708168386979646150115981809700954006775851728021103276092329455178985367741479736965425699305417850265979781677052
445 1049650909951830820430189722720641420574975702118487945118806990722167482780152514079198251968235995729734170635043963118721348010852483179740056180683512461457554431420044928
446 2633659909931075915638395523841752975652511317690731039833281296492458468436398252436233480888294661163712391832937253567388662282432422858796885489507911285228727380635016672
447 6608117722435545443052193487426684954935716541948823823483081737430925674702064625113931841532365971546624505235207007234421292852628701433294371126259777757178544462003373944
448 16580556662504566824601116251869898117587382945157216362781273276891213309698833642501685728021811189161767147897763770296900918407308474843942699093554365030277769156505531201
449 41602907762340325367150016271836247189358473037312910555608016715556607303423193968300801959378683973392485970082073559269463748334546499991212207611927709216899778284117915724
450 104388220270096698240348416971391041995141461250202931904621694179185624941408847107972720855890784212645820158580691769086322378746713550425325614451121949980257700552357252279
451 261928354662934657164771847268815136921731216855863480472172924249753451584777264343502348482871086281682683797700276323246497895287204818343364474978387993484048918584688601332
452 657229027459119373597525061166942104864196680539454941594225315196117769006798487648976836221334137401718078486703666407925897243235401225351623954528240172883879704301214397992
453 1649127158252934422309895158120886434507520457995602501448972658393112303415401966219110360507435398130516538190832298992915010341792380479146214024100473463316894803481245057905
454 4138040367723514030953661045588991229904019857715827073828051088593669216344413763054467324835569080400724470372279971562912915301105315733170081996685932543224663613530290423969
455 10383373111896645069424566386493795575850398121567805485510501917694888767925363192670948988961876602393148540236512897616612806761555706108814162177622143103442710508969644822361
456 26054655852519537816861694665732663224921061783491526814919368723490780067119346456380498259478050320680666106386039431162270807837838265730391188793560174709244700612979991464101
457 65378560236451320722260869955687437112262587728727943832885101388907187643777912240931595667386662261164960237308291179055249434067924937449793344105785280827584033041315664592880
458 164054625634590734813384148562264533758779141471012664640781538606831744223009028634342386435420941289838961649168106257188786072643416157431027274845114011360847817499120051543845
459 411665726354629248241677603022411638311863816212680563207264725422202193400152582348781798131439676152638968766664456197360284486887274286051439166498367399269450302427648906994103
460 1033008823482653390801003140758662246553836867260320021873759656105817269194495244062504521029104469133062289437143768935782735330392441243531468061011127964617146996447091444587432
461 2592187591196325144899141954306311675801046053437205770976223432158964127109922474616003600991412752370277425224259176700459726519216555122771589921932248619312051427028386750938224
462 6504769119051627256029135626394534669068215764658479158773977930170164315551663087005299633652178642075234292929493253342031657946000387220938452082925156231181870237488178002917168
463 16323015563573685983210112563865263013936586945009391410143214232955957657312009061503644651808963174874741336541627097866263754011765123844074783580769315603702023387867011097006861
464 40961130981346477184303445467576690255086433132685908605679535742716869084960268608685909469790192759319964303100113731672987043625453410520463270798882692906699430234671405379513591
465 102788968408273121932680897200664640048100512643783598143349056440586846077817635566680572498614899768149782858426345663169651286692326243628559037162630183791410027904077448753157787
466 257943201466363715529562108058644114274586924269093691087576723030491981430828789019942685887033271541680207008696375378170039021244255194197048442736425452392395155789223205756410059
467 647298590671585569701465873414512530715405608503287853914747752473828856625632612354562470126740030360677323877591248047476668238114000491270130401213499824162261250092688887980088484
468 1624382199380377247390759300271595167094952502408078043271692346278346661670387674588649438598570296041139216515626766682909063742468418512599647570555838090215514808733104116856614818
469 4076380859567859613877536548804445320476973426683503667766138269679393240770098670935255364125988322540294667907431918130702707271719968112558754879940744422705457608281817911745252886
470 10229731735510580104640094510136234924334438032709118420949395555220351441177817945727759783493946988764898396780282406549488730607453602858200714081246624206283264016097452921466364162
471 25671821401804796223662504428393908543867680209937027001721099128318693013613961182713235000755202095113306047113531401173301266838995299495423611575760204434616930925029024818302850380
472 64424648039606556790653919630357593254511807664473099723835476362148246453679195388475510981068613046220137477238188055763002346486515034074726470573635632774207093098913010246796921250
473 161677784080176833341387647006653401625188659783099757527836373075854601225897499058814183089346857438412197042587456438449495378512537605831259630252728983432455326136916423607353605708
474 405743481285261077798754596275519637607400583070315020581059511253378428685044840895227331111008716284261437441234950214047318991933877507235525606050528727625452142460603357489371704749
475 1018252889502215696437628784998028044080698706179287890729928564780452673560341861466216609375473208000268870758271893517377501733670986607513320852656157958053965851266782065010893417545
476 2555422039518488994212776245846802403628949260822238998579438644702074916657394940872407509947269613947165180535593004151927273345963515753562845704704073539477140600736812323786584857249
477 6413166182892244638960103059263846175335626750588431346639135043669765346672975396159976652432798482483342987607733319766054178772287296874202609584738580345538709761963748070791454535311
478 16094786214069587447445709542322545833084405714710411669529097619832411349888311436382429599649701917846002870262810148353896003941944469760896541717085576992030746720480674771097015343327
479 40392504283353606123885905027196944265490996792502765913122714133155506208150542712728173476752536568001415825364271948368432104373674055075744514248765748036528335282106844679891874101323
480 101372272886790110381427008278206765725467278193674398858102186726438674253166836315528076525777526800666702238136508787525066247028232453810319331535929455200940098892317762656015929545314
481 254413652775017760943819375106456539840971674118129363365634528514846536427814310963245001326530465972315110435350955915547400216575381643771824816122700947921216399374138298455157811994918
482 638505226151921158777993052947351865886689927609393255623159220514940923623631291860977865242517440801816491485225950308884600168538385737391091240542910982475635227719999040918346223041911
483 1602475140401576668383422185650643789549010886608122290862435429704150132420706903303326212360251216250362075713637773441555991073974941550482964485225032301839319964547435565898762455802788
484 4021804314853798405631692955546332271741112503184067686143664081293332863011614079077533346957810921748072431069187237672475901546182600620877027120079998684309098158648735138560008844690931
485 10093768713323301055495847901243381397521925467438045019278154537895362226310193526746953479371301573209214564763104005884031057852962490923738672057903350182248275986306452962991457627806602
486 25333111222018525915364163704155246120303548225722137537157226200706999223613922370380610196429310445509873707070415358921803731351951827546300331692132839423436017295039812874253852163636121
487 63580870020348893195686766460356403879486850033221944723865372003181897985290885620990330525105015339156631337971656645769833787157759099447301527213047936824330948806054639312526819796199410
488 159575843020437683338317796851446853731434858143830978030985922534511149990688552164856552081353757534440700286411087017728995981547615722051929837694043545179823569655853711717776954432191656
489 400507415726829389828734880527914596119482320945624479289473228840510369119324172510312137949982040785150611839828316686289712643507292834833334772394621352487418111344861996530055343691984585
490 1005209763850754292016891100221952501607326115758852637827570553764781627325313049129376639535008987321765069150292945693408507498777947302994150114524316384978355527681505587988346818792025012
491 2522932004085010541133619768670499856254434023112789218353841084262693903373997300731092440875102154199270218472693663598621890569027942414706940087972733819279815878431974170768966750103426698
492 6332236015723664516500220414927120630073867640002558746759814020481186599401167499596142600209427636251978394967659703087935578120121469311955192071790894064522670063814232657045448793357629370
493 15893199328783262201769529915891292730113239440738835015170420808154647624090777311907656328255055083437649439950196009954235042686472878821610591913239763986987043905145370621057491424477466812
494 39890386580448510496227748131434222844856516260975789442449069387594924731557094504370457969657750849375790904873782553320320402496276365675034920543037476276786962494871886748978678445304616525
495 100121610617002322089754503144410030826174672601141827746289782370694281801325905076803938167156870036140661361230690911665329381598569945408834494577779938772909297842870650593354224461773218062
496 251298598260614079887011047989007783278974003511881076614027477032095672784558155071585906031496837809725279453442134295523269801477794063024324924924286493581973725835047647014046433940882535327
497 630746647399745626626118790802687243114361208549811404059374472224721843858432342757563790988055578500317091133605455811749245663101523899194613065197658041506762969499139939692144267932875789829
498 1583151478077992541928317048541288705748157161008442305852702973008439324310333954260182050531640748085199171729907296922790954266912054134272575196797141570638180757998731631091194226346372857463
499 3973677482588771173954938190337382208455989438455313063368781062404194980375737745037496270315424640516980344131692178459762669459078882396449105709898924416275671900166823146296793677061884500750
500 9973908372769475932965291908918942973674434417875911863512042822491324836426657156061985731156151563521395331198095171715374970725368968643515349483932709283523007097237772677773173624544306767554
501 25034604613716732259408461647064467774232759209917619065355590917240784617030990931809148493401028834250274308188303219264916577055770708130775117616105121326535487683945592651993093573026979165244
502 62837470251099811309441364834078221700910672098758997778303377631826257811760589131747285783457786944826819792233649324510364633020200980081768721652477916500063858999413283184544689416311874776026
503 157724526240156233902427597852860408121074529336352126025144895246814036702900858699027976523470084488831671773818514107537885841879350414186158473285163484812639475910632012305551727234098897909991
504 395897120805334365807216560969122951610361205479747032043119800196398172535805299199352632361643247416967441550954211563514666681846227174669800950923484310631116254882080802162552252570783841476961
505 993729122706404765973595065998991538389448181836254731510077838719126134517529847993820246702736367691262137958507345936104152277287942769464090509020973655116911125378439793585509046224407063940186
506 2494343406920045717468349826211149579284931625548434838122798781704531722163536492093002741827009583850256753782662103719497726896142029482207394756080264927157090265837196209653746527599243406832861
507 6261047716133966116195375305089028108372869972924852069944416719750143781475532148733762375765088952440402305552246351062195516335850533431664637843793633936675075457326601540002857682773757940933732
508 15715938300450649816670085097579655218121632725931755509975507930634256452894603066267432487107652233710306741491197573692097399775227349341071519034688466698308527037053995511290762000799153507516836
509 39449012753706710959173762051287617127676276579622378812758527680593473912971313171445736189655138195956395397900364337091631503818074503226353104567440391823391134060662218643832909325026017495596615
510 99022634264674284993036863366735131216186956631094020432274546790262672433668537891836988347756165287618126128419001272905956590097797120550031982014125157213676660141965941572205559750945162487644540
511 248562331922670149623989265201506762532566386250597445725333427996980639270998039734542700466657106998491873326825024913772053871546716636741674692755377903985552145335058698946861918298947333770933874
512 623933991982056092963192119639190913893271914960276652606937616846671345096923527854883020251866274147246119141201446920036598455000051586661856745473439745615999499875764589886282181672428501009572246
513 1566190054664779241014086630539596538289699200200859386024086712425411424588818191147036767051451156997571025708508877220562616393402850521920198522985493735922749204989604704602386297439322349487285869
514 3931449944272436415067616360613324709087355175854977751562064031850866077686157694234744756787742716264229052897133124859229097232746961723557752080974762280541498835691221041385317027333003112563758808
515 9868780807851410576727610132679736789459286811876031556482691556786546750506226110468938914895119387733801766437585712056154994215603348075188456501473168968380184846717019692707646724442166565079645389
516 24772892040403984500719248358668467405186344702614984690544348415205044369473143772104174355300712910008616792884212837940906076812674728651527507373594897875838722435312224922029146362077993878803831744
517 62185962659911858121533150565116529821160952882086290726569656766210323458887923013493353142529828484646832005282534555842947698549252621796399875918670758539939354286625073501493276174384344942161610644
518 156102712236143577532901515289224110580970512950449470039370496072427435888065870357215981986945866554767822405763979961915136505477855548565553779669522783605380648474074094457563991421799358045908095757
519 391860025108724203424585625834541253464086755430915680638306229180052441729611709766352291629387160009547902849753396501343214146164923285856459777521436829435085033677071313532480988293022172068077031338
520 983680113840223391470696154912083484742532499892810390922614385761794374237185160423843365730896200301546147688760696277863385027465086365345220358647159263406690525821952423671252000804805196335234258363
521 2469330546920648647762868640465997036374993940589782189308444275138768379582397592647687514540789440889253093158327415534166413748403484765544758740719857909170200897202517416136776110141655010634971493982
522 6198790577140240920191072164261125080804720832703500550708542906520553724601833999480369141898275798792986610870453166467146103941668546443518799845582963301377214825671572880281066321196378130336717380490
523 15560985157067779661005585366661068864521614725318438384105854046792880102094939974106793824860868159279611605008301252733190509710790789705056171046637500411053419312300196888459723414475730380845245627931
524 39063359691182820483893507403521123286359871218996649351319455332771220177597873088481452841627853791580446238370565818437281608741257862098653549380493188858054616799272703926628757274800116292254101061572
525 98062840173344606241172074538952384967960423296306670283466392297766804710634460435356846602383370454280543486423967349350814840512301280209751708313638695471816936633563688007842316995483666365539067453174
526 246173728885651825825729794498253929168809935240069645149218897208934764192685304598169565275416358783888185483828081708569039114068433371326552148150092855203761009527054650233784620995266629135312820584074
527 617989780795277408687742479546002691728362511168488634660424543728247505955261984202194427943353648550187113162226145522346260028077605138349863514346028085680753447059814764809269402600934581574408205716663
528 1551397998739372882432451816283135679389826421607743846852877254361528686629091254027991169236736988906152375055090963238867836274002196336520516305801328455220058180189746215286447325382410326181478538758766
529 3894641571420714490078670933216870771703309328604189329157013515184685630145100486822481191551120501184810038631630328928935257588416858906267639866359357133219644503107127035313014027150937838982439929450744
530 9777190783546271038401599795375754192417643903740604077220623788531504598404314760355686090285346823104626800422268023093022146828157903202248571949240847015705991705190067053450148826824777231796978445906276
531 24544998033565068605732853082301222667431519326864437677355072279991486862569502428325017600618436152395257838632064829229872628985224254020450831096025708624644442300035254588099052622718360677187251280071892
532 61618939884646024835741549918961847185168588971548762065720179613251869220148078496893746472962238960116104564080205231454405239386159904912273285373956148883141489271180268287515856466092212215134234786393292
533 154691960286233433205966842195007169244910449979846400395362491100956380943858013880323363059908868409192374135346410421032364898527796832633087851743923576007413935577070658540075494299246078220750439619709899
534 388350219581233064754427761104281722919906342952250216534242917763062446747741049560321822416727794733605888414738258727263771297840235714030170416246971679170751450865893909883321317769823649247249962583575814
535 974948442880496034691080344236139518340555997531991365003492913665130261517698706387824258085140574643403931076742490563232287113286283174438915163326423212614803937170176495093956093117954244302523710178832487
536 2447608874907880319904684656236097107762850165150656274971768027831277060513992489277436792548806672876282133530803203042121475350550402869110546821329992476960125262285645536142862328313063693444936070101588334
537 6144756170613730692272687958332419135483940678168196057078893532535578194507603371364400491517308512867467425493138128063648834963064883405125064262722152834470225648544993755368528762836401477067542108381305284
538 15426576135808851249311130963332200441199742439955358899197958772315561320758267097241138503481823212852871515897001146805997717146090857156527398108401913178579615349993683846198961731307288074787088539186079993
539 38729036119641052493645372687216308108795530968061375352056093186976561386922328274434683025169652836470789681885013349357920599296573515898666889469117581791526547810925498402936762671303807378570765976463915994
540 97231295160834481537304127682102119689112177429652277005283922641714824814945492713156472540615541522998599218517104566557007361225805505866357297223050958122101082158360696437861525650363381367750865611363091343
541 244105567871173329510872796535988883481759348195938114694544250574121385408464744156699214805352053018740663329758891041103152125533830178339192896975390039390265697114586694328300169290233691432426237346030810356
542 612846237795140020706212713572943620201388852183201483380534972230512541134144398216946293357973371606306392633739908677832051770421160182718295269661887927512580400349995586146073638738460788424839501910048047904
543 1538606558022494285866957519396688019024830328035605393126416407389113272761498162039451066064869452385987503905979717606490749486107274466559088581489691374045419773483499219851091031970217440788277349382503867596
544 3862832190429074109020606281064587615780739099048043117802066173970660998968570425482948471247246893954335562160636649593924912519562532128625876563270867580284145832711267153654529000441143047129304561144288121350
545 9698092102697879741145251491833787146410112197083962324345055338508015066634826748619222950544620009194721783941638270263870009699633921862481609232557849530165942008239565373647167227355172115693253152423543279245
546 24348317616072779147787989490550093022712829464252090656563485886469493709731749096846888087158052517143159773143271918478033995313224153372427440111853388156255009634034736865571205644989097154272223059014735466417
547 61129915582989200409444874820363722281941184368765547941359105829544778229189516948213014638753730187548432636116394158658205323986707811965821033638556314615443208865940197971003974651843747909849923446503083563251
548 153476119318672041202208335442460932500729171616222348324767770492095941248097516258271383817818661576131953519238722172057752848695224270837128970946495340521202463191989010302406448327617230158536453069129807485553
549 385327487347883122869839258014465276843044605855376239243957856547917718917573560757492238972465859163431077938869122771611231818336782920151208876301130299198591695744288287149093864906906177194913603971978217728172
550 967433966792315880466392568953104200715490286823649099900917927548820860408221334015201702736325476354323614869277418234088372867177186179790020731693969041954165468124416921238628807116897787709213849595548187753492
551 2428929024105458643376867349470869321049625329936058512946607966129899141438147140587513045275859727807025184598315012702240874408329807905271687211620005343628088633501160444740794760333664608217675050291197853071892
552 6098323539152723280431635048226820113487493391634595609713791388483381349342902243028657871260495469748300132915349121940706011950612547186783559531399724749245705682502257237506658677231424346642666176507549775594858
553 15311164948759136018705550602553490955834725138049920841044812464580410066228677120510395945035378199217719185805568894777352095855957635957191141797347611370426578592566587462921013524093789165438601261622563219446355
554 38442191476268610650939336634561972179318942495535598811991108120083260373603204214199293399985171283348407552619593160558325762939830080811513421085100921701322208432197632673657043226792141917183424202326477266989846
555 96518410447877422281571443917865582675991227807600605612866170333470714672937656118268755607613978317822937491016185540668717715171677732547214273292284850890340435018359869479399115583057901015402053300549250699780149
556 242333970345803766772074632686971688530590238884695902844322186840765740903285066958527381878822209687983907106964679762384225362369435375926879066861606427670465101405954667976473833589110677363592956566653161217803872
557 608443898565501222605322590329811700647095800315964211482796654558475485575442095905925631232238599363881644413862480858988775447143490177914928731958131169285229014744979847193333808830892103150875852126205764807557295
558 1527667647261610324701554695148323003490561330236192197084670872241719912693452954261630748995485195509439618670035130806378470267782222349102584259196571609130332605039860186309979115307601391486053230289704221600345541
559 3835653017727009560273307967688507766967351426861987317686704898632330224097825946761834522847521155180474965738586259926292888232143213688997305536338540988633893617219794515843366876506717323067549859144379060594049387
560 9630566355771459278637021204385792103428396377019597939347015163813454093123362118058707167949497135969623278489550283778502931085748623159665318672540754231709517033875367706127399642342382886269639276728477809591289273
561 24180563576938321946585591235004710438721832851119332480101505521034809862108240398667252450231696280131353511925430159847094398439880338127828036438781444331391443514020418041255164856071638244235752611941628118479071339
562 60713193609610228619089395403993339435677857347736909720198200060117454947196358293142897184897183535379403725025876266277808987506998646253743223371151405226968024985373102647914426484365424204811356382643739048118019352
563 152441003304482964864598001315646575622002512320285957354524945758731621228950494611213350637044283968014414805929001699101188013751917095799725528714050743422429697138994611422641265600380106284602779239430935021625720036
564 382756498254372683992788988862241245898481328710699561308692692231440177272294799602013465509870241115082126579008393991440516516846262237505438536360218538844470524043468353435741447533900937902934087714119447291109083842
565 961048695215068026947070037184449445272165388657657848443297367540532084150714033161793763492106822222669544145225974055034127562999127132606571291809478847571230903514277263561602586918949530973115143859934420198033250902
566 2413071850558861550946807397475305936064291106889445027495271966601964190976257751434342315588367636357614899225152717758335089855395786376982056073935103914457144829899541268431546386537922714782310341053687813431044180419
567 6058946888846472631867964849293282468042210956260605920449078659859565200655714680054722488206112852105311266760753860605396793770808474131830535400442287957173881873444100853994071145741800624610730132901511543277651070614
568 15213392241715736399932623469614704958991645079986600216609403541537057179868248713556342902347695633553834454560092947470511337976292859525876706557224661319959752797529965925305225172023037538972001513129802943489784641720
569 38199440116983546334761270007819873912418241118117765956853709342688374835450609919422579067036549131138100120389936686394629389116444797633472415545828580700023869342210032631198162338315187054569664751696886588939196072474
570 95915753567540240969771229129521241154828763057075568351039304555708313840601335047928786558227942399149850861668238982011689608773523545842591370778370488130397816267366271330569744521420094891120012458750946518536601437986
571 240837933730181993480187436853953394189295194626260329010262816419447851465765416839114107512814580441161680424149582787646631413204240084963108671472362552302201823031433208974122583387808068466253733523233681790471006629004
572 604730451841025722093778090676177590717056270354063633400448564112256540390833387921844539753488618214574821929719166258954459402785382926353824343930842789917986877856208316442982955560028426883177425431313825074755968926466
573 1518450973067674911634908099756853900463506302617023711473037334098628754237878541787738216344045729125998605441642422741281225494423922965131827151807629593132903509799571766615193093820434833018019105679352321798712153727413
574 3812779523902745019435212332475549537535603273351625274682509809894190182767516474575303346830588857469114381136451981338030311585166629423858218643076342451989878344528965079349917687328230607177041631026411194335851325569259
575 9573805209909113961300755086907280266283793405141013977774394534497796160922269246265995280517449219504066776458519985482937985247798240202936102620478524855567732359687901962963826206298484615242221010996299680560272929848971
576 24039722512505679381535737080062195663343481947781344879890208168014104523398342451880267769612327471744051805328291368862327179714741495550809150328012365158805907944545084906241010766881603897559802358497272676130135411474806
577 60363758907380253755053097499949090332101601573878457820248706612384816865273507158406911812401315525458414247876870774363272054312211323738811031937819677238675045244117742457315954124495308785712928536435188804338493089918800
578 151574120435974314661253029688204196960026957467699280558566289387007839458328598802115743457285595183199073124880902603582135047456027577014595754367868405053231366418570796008461474872908434362722235303309511958268663383219103
579 380606136639794042083729906919535481357014715860740570770592943675793976098747282021770338720548930589047542445516691466486566140718184461936600139009400485433841575160744188336356270019447309315668569859615163622823241982579962
580 955715121837680475228115410834552158275710960687929951854004767790464915913454684554464180303316673713796710066509495485728003099184707969774592778731376747059139897049996492790609741862766025772606042166803575919350065206820196
581 2399844291129266671695540313093779915676000754485521492869468057581886668127504067833416244527416965684342955721130036020994972828912693127423121097791713959580129812024727137731456013201925909361281588041186518816273707429958729
582 6026145307401969735929572838797229635608145798456121614031632660430546301807936859518505886714078026281573024837219403362771761009307949288225102866721369640373897756326191016201028189118763818731939417734756010901856149858961048
583 15132060070513606224019946706952423794386880284293820475584562497612021100214902617073623344141536861986639861660855482073037733590958975163607453034658113417732106662188009246939339389476326541752494964232294182612097807827399562
584 37997797955215687322572961579751263093596418375824078196125108571507542539218789730831676661271213254132615251897079190881480912027707695448520501116816752950407140421271801694681655233130091722597194925372406895559719081227173542
585 95415891070839391884551542736143987537882589738466397078754185377589782358818454758083312070606837988144801874294659287689203904419490455022093918778387723221405896476561557531605977450157591732934051851182663727493047979813077776
586 239598940906939328771303264675756745107636881149266058805978891868697100795925678414508708429406696714123546512217320811906281235552341437547334684911359359267006542351461187654297409490794272169230750125293487915681156996532396355
587 601659770068110201905649589473974773192294770051932524222414053125801763001573570354154237513414716931280571905192762908354228774841534436327861605790071009587545995525855979811606644826021446743340394318715495431887773270210534280
588 1510841627125882973970864231116608587270079662105147568661693289757210274016690602643790335747948727695777422538668909069378965324053153062634249243414490464247526084798369989748763583169424083733742003804950559507229756220439392515
589 3793925458333057984167742577002548441631595278967382574242475455719030594327138427818888038124035777146411393499606065836358512226099645212193780854152635339964812807066979506957261978411278233489573638264465261231217854007594572320
590 9527095573479155901132617109523430075295541332547261398671562870358832653144816898495181537725475196236646759447285722895717852338483709565997890042541476639888239048852132320121239410047632912283810876657178931666923942582551602904
591 23924017992712037381560785092886813968366498825693556815002654452286654678964729306094971926660813272869663789752908214690004785753824711307345214872081168018793207306105943437247705327675058909844688129952674720359835577481023027274
592 60077186053945011829901104785854730416103141859480031307653181411485527909722830830807783204100568915130872149818111128215200519638991830768936236018750630320118150894516202004678347399755958971696164519294924137283380308925887304858
593 150864446054923252307143070755180022622369496131115921151668266467285621833926271003466305977446833455862973777561081521366336513428457394400157362659081335248763623868943857470782267112639134610259570462198751735866405247684254096755
594 378848937523079355823334870088835411549876039919583149684035662173355428660618377071439665337837860967957971593711195044875828685977195760746719159157026069557250807917807996147263843838863620793339092916860255578692205859926830771380
595 951364824434867346421422773381866722718069739753767285233283560955642565201040117254295883838351348615390204331908946320782035357198084202881564442357359307484911920785579712752524487600254333740113042656445325748459885846699666295110
596 2389075887275272890961401669078049553889769146181952191071517269219838052705025448105535928121824599069588531833273783198635879014868524932316174228791888809273111638842571186918972953199069391886993770847136426325556659835016853945733
597 5999494132247595385756190119201037444262959296909710619863104682765531001457199988572603994062110220478193072492488774849405077677650274482284447744659064893245969941466179218398745347432270938719845054930607269515687206094024163353361
598 15066110466479427216144782665040138303009832257949799874915243261115222272043574781720404511404350008988630807480282875655623586497130448163324764342692076288068339067961770163428516232345287003975210788495254330084957850421966810667337
599 37834629234999652175233643362453556375261363879492534500241438987338721676642451952056105126601117194657957329090121520270074946237278650624096387642849941080591647697484421268984196129707400549362916209641013384088912392618396193357013
600 95012256349404023655473605521837834458299388592188545369764274447499853647928978279666712838484012428580290538602317448107023038615371076644760210987887577731600860561660916226317053285613631681966456174122931749540251375065569568952450
601 238600631980656642887492832074593828259734597197199942805661978518036204429465751491302002496689252771124166709288724665014176192892242604409060385721600241025010673746272835215988783586741260543572270516430972856731664417227378809432921
602 599191094259851869075356677907356316318175908527539245486838113035760839757042523283912249797650598504988962893796073187322427381324514803272305017665277762666406513850918566069725770682333099602275236319845839009028954356752943945730936
603 1504738061839437417785634543151057572837080070752590022155337000827382980552661075932091926957397095587488309408473495395702921232726305161347279198724253279536789004837388763146041491822549164733461884076463231838051569637281214862637893
604 3778837821734115116474392929388030220312928958341507301019522935051872946703628203540680215792337176981891918435302030088200690613726734173538601240828836815998408259611706966565305363785904287448660760899079483031228418609012514209127432
605 9489807110255275850152065847621725296979192785774350455339520568025232288853409770519805064430525581068307879370903438072840828762481080458568480278658745292238025438657519133387652137072641358721546059480303217956757975108130426233755142
606 23831879551561038989058966791002948897907291632527215860845948512552999720757096007280106726875389913177316247401951699025127710156273733690337410172514669138405722508403994470739286105641666021213807896974144443672191176880853077420909033
607 59849562245580223773704392522157738035527243719780337438321459267172993872191356245027979929490940534645469639524609357125895191346835397592586396911117615844917250891421679535490998429608908091987058912382391683722964992788704588812591843
608 150302231369312026738835205031768442421524602566559102184404528985040572453207605703868710384433016135364417951132186150568521625662730469385084660921921996465235442132610102731749997650143768122671607578670966263816915512786085875805497663
609 377460611507733232622245581659744569724157150364735543862553414963036967499547603134025613382531754682380496849314919478291912270398101726129142053017889309514417247138374474820915112910641955084454640627745410641078262298316660277709346590
610 947937284837441635285490238368753576124932044886715058090143968603081580620316191158908718027786468477364712885896712865037706932075983589796309595939304270712344435439257552947662623411514941292411269150000707327761429974995051536476677434
611 2380615854067676566343939533631587561982863069723495230155185763884786858774266118244901615018604064091414821419700970734997506447924443014233903229362087511915086873474759637401509964044487868189891409729290383413780163516927494142065663037
612 5978617670342364447310884422700387819189796038729379135685573340118334559532446340914937630365419322729009829351907380714350893124267330605301021634624576254692513492494143270879546757305605269092395589724280826187777255070458864484582900610
613 15014607353023190267942984766625659423470337097652811746997240587765122042254375442398380231123409027210154240689745521067938724350482816853125626095732080176823236809858914905569443600615468758812207128719182761374795083629292965264001183646
614 37707601612376722050449638175486358581573861719594877492067896440707901289316606721104266129060915431164932950984400128407663358518010182229236348707078157782795932816910315198382461094605363489292626931476951174655097653549926601250979643204
615 94699038056997357429912014407670381470294505199250291043459456852948821532938909933575817480645606699536585826297651281976085381047632033880334226038477624597132868459565658152620732339047684414012828438303352261193710680342028968014031965526
616 237828527109930432100855872770687716425082881068645296839991072885110136886945158534602330576364319929634829034619302828387993236819967079400529483480847272248880382793332652905561052638650921358614932487884769567324953181799327579518901147237
617 597288345480409127580841603293710377057652767490452811906594316584766044752584502352590728789917505716613511146934884424801226708884910525915333196479315138107135778764031799710931398225650298606791208844632139829281661335457952767556374380574
618 1500050379948486976551283398996119008455030533535174014081218522884927133211058217070880415049581730981877167536717147662212615104172930487499268101056207447250996941269110383317625398829331138327114799122497668544096022933647166331974859055388
619 3767292617225735536043167573020100369452286853973514208187557195307907558319483421711521454557340898407667932113305402604933538180332918142113924719576368073009761592190721747041257899177320221629324826319600029643272926498366286766551173749074
620 9461381683993867350138678115797415483359362221790748203092576862168323452185512005704519642784873829943323549192758799149639819341910535120726990330982389604419318002488166363395645272108640912120993632722595385267875385734383274058168521806611
621 23761916464311681911681714156227650949083071295199065104464724231665863737322647246825484786837797561564455335210655206229164184665065344050206192789529537065057396757472902284815738915927338921495396469208010122011265312385536723018146141983540
622 59677422150707003047271816491170973306994123847037042055018118509701114225673141596936679632710369734223268691653884106657363453566303924274210511110560980024974066605113505017801710043218477911752122456169502618088711115628728090642733400450325
623 149878841604031869098102657205104508987327300458190795417770838951427431895903040956363177523521872213779016606222246943387458130928469231877791367417708956158432488485495045256442708024352838448647176950799759257914803089319634173971148464229513
624 376419642677544579795231695111799134069204904585469943907525056001367487704749717944258507560122334393410943125221575232693567667335538403695448023232028010083337988888021960234847790659115826549069862295635447473634099468276885914131349968388406
625 945378889911300253881676771973342575452671333683706103230243003030451566815858381572391284768810879807226284218773766608665853368152518366060797373678931731696752642910973878687680936652470889518178709304455378819552419686084828779014560761267733
626 2374330598093653043294875923779529170979039863126140268560761680898006182638457821162707319843744439534462306725402866590052308987297781353903929050897762107495792221698260195362207616164722012926787928476000380700763694880055984937409496150617707
627 5963183031225866717321401179868582514092915621023535165028033380867581815218498161306814197126716512270976753754542986415667026784055984587532272580053285222359362545194571163146765337988197813178808301030310841585057346083803378596450658089215114
628 14976721223115982933202842747475978192249599685031987852162989954998208579318511061535493248326815694849218475551023844555376223825705765111290012860624462831734643086318595857204558545186158046659112948271797775984691299170027991436339765064281395
629 37614648084069341906097714096537002828781410920020603784523512978791632374683815614279673965556111586864285289233610194970460647334439933824596074721141152980001649014081598880307505189452805771613187294969257981087977521391357260173534346337702363
630 94471085513333061145195983927668968933390436388708074871310447372832385073120547303491597118974787670211833914645039214036453002716436031821254730383661745575184731036497595363244103364761143951525461147317098754694926976823751982155512275072365799
631 237269791459089151758539427896069734417976024995014218976046801333751038296078196152259593209009356136016499628407467996223334056119051205926359181967094189983851254271209958773723439316705841012668979287184591315351131904862538895313662285121415539
632 595919540797226156063389071946942017656154377152478010628514810234907861525924016439036223856156628232145689170866224107523976427831500030719649958395456434675936563666101556823305543875292715188078138391040946235769537798652647231444450761136931361
633 1496698883262672955378361178438447748219485540081099061088962286211036885323040406443025033995940683521527649789987048618067048619873940566168527257794200070826806502611758019942683041670395182536694520893606531277899602923792562461667041897255202476
634 3759091244094100177067512899360152379508462067726702110368011650760971950301711622867822802745377754721469643551713681234805179588173973357571579123365322293401490256701493292789078952866181637662170652404420918745899490546394836207364553650787717382
635 9441324397178160091006405943722637627489766687672188108233696784844611451712325115712653493287469675614812969966345016242402083908301271623737863018044792891408924702738366276991538239487728565570339616716160288132206470201687567891551350124813540607
636 23712895478968267609038897946669788090596716678637046719578929942692771227600754220051528122889034427270158893436583063396391024411186287688339551709193865029671744860231414353472160433232674592611833084786735640268814106884422225586332222189935984670
637 59557692572190123663210548079766052492870549980345194983408966142371495169498204218188324844710554068745202307510550799696573938350796124296455454729070236223666713803954248318872373609532948940585274830935298663886750635417808978243620195182790200456
638 149586618483143976016318905710172446574236523686709081402956063041256817701186758812765435255641554456039057212243615742981367656953610286212807001709248652029065490769737401792316890972104913817382677511526223256596581765417489245623498136193363017876
639 375706946850187769839595759109050751836305890465963567873882621170075850380869619264874537780754784525629256732784899452992030022775336443043351879990130486860521842782815732605419235517697812704711009086955213909201519781301280545665120466260764029119
640 943642082265957715273742700028831692204126304091665449004247985795122554458695746942974784876185606018025646688878211005667962231547414869064210050123598370239993556744284820309329366937740745093975840089210014749200464522692528677076888715746255298138
641 2370101606802318629022056664383520430780212178045560916780596544565438899579973541280714199427280997544802633401135639422874167762405726009372676155752289444757149411137257959576102106447872558211257782435366158762158026821751054182594439034101813901165
642 5952894881540585998063942099011727660191381032589483723830236240816187386635882804348658760248042629205435613321669413528131647177433426296810783149699291198092787595768235966569751364645503425281926776685676170450942888208630329102844815513199104265157
643 14951716102806565648058689394960447385461940572728829505057789696134606715982973413417795656780863458723582653912191449277407494527855291890619351726798193793946706454857809873797207398231132183556832328417283501389554551098372830399502117420517243963414
644 37553934587605196938844203347561548042848686726478693929242884015584589233566805902994132723111403179241906451242871888397674809692512940690668053533189971403661718609035552138066214212504236272943074626632324864665043058201352717014459570671155412013849
645 94323828178527725394843754246068865038985394661273450729393488044854031041951657071638253552999268524138546708869712833523443800279124157861020909635988777898518253813450945259684679237448299086426370311385139634413318623159305691665965902471682565063005
646 236913035059321536413759983209693044758461488815309804990782542217927022644201608820767877887655176289646874421509725129924627223483886455343901297510439916012701645212744992905185527449256609846553552079092532059823566391728779147719905441174911368566771
647 595056295845733096036696737759115810360118446605363994296490569296165123770136745114291406045549992854020119185107625247773698940768643070841538941586385939722191135250317575716014108133487379992418371753089557857574003800065892254643721468328658568675901
648 1494612836289243033155686595644547150018608878308407584102146255694801223235239466181241160882485915913454685152980591470623618427274814929867049437726326855224941135892471554427538846417224131492720246228133386290954245877676114628052005620910415822585950
649 3754057424746330555141181186878115526821770876475663278824613963569638745631773496888086112907823766716804236727433392191330347053306898200461591412513483410061238593902581721910012241774326782240150567719249040506812130944053641299968612821451304108855396
650 9429195952728121666872634965435209451112963217110374938981198507775472215176247541683329277828048839757883671697401735190583627425889464433213552470569135828889941879868292808102402486127831685569438092423735706147922714793955410756186098767593280234165034
651 23683721830406090929119788491022945525196615853745232249075269335048184240014761283394419473558475896222835343910879302434553779001535056269701317211120551301883176152732105341105846926424016019614020693134238883528633355081718764727644943103289319364027036
652 59487645254911243977107612985331122876107252152606956429196225209566758915695640554545045581548867539199529026243734310800758296788536137645215344951820054508202717060830088264664870554484010018995299570442185985603595130523738374347694601291466326097831537
653 149418762923603189460498910654952316880067478961619625734566932513377819132266322976169755347800919330926772207981650817170860899661800315904964027537268239019622013070731252911898638053779217191398406603961771582165490900820366839390629453342298821739072393
654 375305579984024083384591006663872866514143985742840362526547418413502868635673902154587451421899991821308601760670622659746046427348186981659728983907951780939299185700025086012176946260779766795807897416806917721495286640967655011748081143905368546796408666
655 942684635416959307803138142592332176911047375303830911073339542064866199163529066945917275148052396789213514520355094314457142914605210322543192872239216534300747982625846900168154381644529652918803803135683393795807359203689070605269841487118466156753832237
656 2367823646685696851738058505486818733610093143785755459960888466056240204232762704638602221204955363883544331048164858791959399432708451088588024426678615798824491021920231498327495594293220525313953648942658287240006108543391719558489930982819962283278150712
657 5947490965952547270978170436513637194744061504185952328114506081221101065578398065521879519132084176368816506475166558674746212224129488607166329994946846874145726556588600066731327273649930496068909221719339266512465649249721889733940588023665492681030574519
658 14938938416651676065340022398839603112027321509282349325006261229034946344754149367013542071344004141291186511545218878895329432236759039077343749951183886852282563763890758672483002290721824898823169591188449047712994520183629548731412666237320709430938554869
659 37523832321374429444534812369177335922917055760985847103916550464897382719035359096523455489195956729130448396426064195531934407043777063742998377733918391178000915529596462807188645530180230401510506086426755115672002548489286752190172341069847862521711970718
660 94253206841132619874362408450177759773594465229715798607365618531557646297435956278752845597912558531405416387029524240925582193850129858708686248276832243626442076286619469890632356366365860834830662568616568286395597093504248526557977914602759441296268751308
661 236748141740278655427026077775938804396123669853537171969709360448175017897869763604173926415887078955907688339723839705505926396547237447982349798108429197812057918168413303764351360476777332555220427895250245561346694819106013808758998304890835202586486170761
662 594673399541877779063579071599558588545065855006210524755679782706358719873397277432773686276947357901807911480196150086011914439563523015642588083669221638515250355286190196131870944239217870986755620386623923621371401542710254919387800699962186738999299526387
663 1493729408923034410667824949194062227859680419654705830468139192182177337456439748502243549024359068760092836865440133082422933311888495765377850771388800220546073392916807925133064984923679350646088790420278734543191335805671397879565745236803478954780579072958
664 3752034576083001755122724602028680277379444134755476635375868015589640547282850266559241536354356713074596775425872705633509674039517996425624391651721176281449858081997711893286640308567587243142149301084656288640923514171580745984904648759225543503924960646542
665 9424606118743705869451616418623534034918807079521413954892485876571583070019257052212853040162522745477058869465972745664182421997787133589393132908411237024034240548278965448864346296886208102875119736048516745011896598177852878504768710483195239296774486001213
666 23673422992250260682157547989847032802547966851847944102533937779371773476411292471006215549081583352694482680849403803437619284497004943755987984156428962379093323052669229739185307859018444557211231270430704690558296456236485908779840627463750076728603414964818
667 59464856488639646374923077892826028331317753548034002209702749672350321489846731592787642786524274203015983461657968549524248871220760223460015578971179984852215716590977016278476690804885077903838794037645430376090950719254871085992482644416501282379995216426304
668 149369234595723235602122518831532600571711488965255833568392382228071455622635849292560585102935388225966337840625218719802660829847555111809965300570219843801355731543555534714937725727286613387500430321219878587874202061063341976796023162881102394009047934545284
669 375200488450992990401299398423329247597667351109756568733917874251861185609392178470628026785650630177752890028496611295322319894311650948006763617979987127642534679248563823592789061873985920051767129791894138540472478861837460956165376985912381894702645696307646
670 942469032868998508950422707642417766513781006668238369596859075147981265088467208112354198494646856473558938778235612371195120101096998588475992996419533070430630915400328543056679579728134402219249807968833475322269735712600528989470725134772677984541855695712953
671 2367403219418399491042834466973712654165745675755485646610610364381447516230031746595889231341166962361202065148476977103210421376499958715481824887111114770700344050296858402010943864201417227908098214637839034597360539234716814849948306647712817418624218548963227
672 5946738268406232932402277833189464165116829555246825805289875718317995331677626760294941357422512034022471367523749685347652805563086669585789121280978048659319610499782425723075451297601245517691606193027363295096512138668607399972055500551332574111113110033818032
673 14937807442687119445203229852856475473914235191072785683248727331929996974116728677090907040666456940061309855787486581150224056538901883317640498014936492368968276460309678000949564807150009745621138637357509849291913608393395893464337019140387547045345718198330746
674 37522894010576836231410544336802681229345067165439624139969594749382927224803456109078462353664667545601981629203433875760062489652310534627897582540551120088713799081871615920598153648274652159606622293725400015386367150271071430267756374844220185940934877281349645
675 94255614601665412039461281544106473073661799096794596733310428248117013393167710066516368322106441738023301824081220215736571196742017894835680105201076624727758115046403844708698943601666187522500285348736387500343001571511253814784547591925662889440189100173581283
676 236766122379043341725333966568372442608809137128406601918912837009873171117577732200781531901154195030088583305861173749060428682756794425376296967943750279953291898099368602965232332798880260245580433907193065761499447434353052897622880390794261066044334852455171140
677 594748449163770117149981097077692329964974259256489339845608232862801998296487872712847037863322688970150563047367181380228870939695499015732475489134787332584477167532880436610749384253378068004338826400633724706850555836469163139411519892220771110700709413037842782
678 1493992769008729057199293787223418358907244898812063236364980941804831037117147130405553221744401624609486245026186678726288131143185324376989321710071596414873073596560485877572505407506570834934252588349642041920040274586857685375954839998218030223342038527633406378
679 3752883552950399233261625374013525013140387336409589883150039947014571407200632145264040672895352275364144316036849391355314028239753460357802474009900270708470803954912472381193297314409181277558954658499607638088322639191905454731221286870183539495002660571774295014
680 9427208117007724086161560690903547343043857031245526897922371211095285800837924676801315701911826265890452426875154918410773705774001495353443831726909995397794377369256716741263072103964891435927778699564435485298086464531353921504599193135463256790415429654363559578
681 23681134722208926126052902686810091401016586978964751870037110806452069217181246593690776802748311170260638176711368952610995229155337113130663465575203921421730468691333267721543328903052423106835645835728606668105676479360504878926866650168401095175596794140934480866
682 59487172405059591100071983838039546265750615987577134528903739506787591363460593167168738755488453367562756593187376346203658057975152714947120079044976727884821739247118731715545596595346902306082248052752749721397780740772836743047889522976510577404214537466094507084
683 149432665621279487082218516678828207802240032818728783370646954026701280802311641505532700534447755013430422742690840187983418604377234012737078409953131223073520911828673112328255477035712081085981705004399326048031519857899839625082908722867388739567920785294110572007
684 375378294411546102181354638949986110270478087862419311076174183161958738774979942471764581494350690691263428436075647930881747566365823756506800116559900840226791885929606525634281116525868019482449489701322826878624103685743298449932372708958105619331285797924649119483
685 942961934354780555693947332743838065980966476854821154096375086161016616839741438258866683463887121035299298759485278844519264442450122535756642010292481829483474704267167623502865392067866899643532811172290832271073619314937750756714967895437063491193829674720934057910
686 2368757234402523764914425615089574451068920008968972187963348390115284905992562439662954756880369704710774257551935042374152156989211050659618254854815574699705400098256908308500927947979481555022857945768171030281433222202068875822081155702939644481245874371206153756698
687 5950429710717386487810933580296741149161080595994868701677612323337301409233196906911512685332857686471378469582122387409257443973920607600214605715069291520834530795309998270339595974706946262152275534400612039647639257902518725532514256418738455727072286399158563873006
688 14947807101642734487828955715263085279176899119297228158243742209722135408979083898592557592683365159676832800033091721155873562791287164999993285109083166315276938820519660503720469809332839620224654950790266525315457896877072004640169799663385915958405705724295701853392
689 37549833486241750224363498431928574887698238357650551663787054798792463238385732735326171973977948739451225880117502867880931314642922737694819092575451190659229153487117221472529556573843502861521682397464924643159369424418446022401918267568621288892978107695341474201246
690 94327846083012692132558858976323430278805987351915149361763044893360922465838066246977713656252410352538662201609577334318242601072789115734244518195728171222784157339127085163230071054619543937780534399016513508138290157808336160338901703572572584714860365750524462757781
691 236958988578063218933408383146302667507972255863145753966358239979951931279418305519699367912757954255525168482997001628958961651539799926726655178298655551627493140227202983479981522815145678196908033317584879332141552014139097963823333302091953158321194219257463402885527
692 595261536163449121673122451552700477863922114917445581013023282061667384333257577745051961568799134629868347353664295885235208265959910347987660979599669133643171871991846666693770887691330094460231889207065678898574238353838143373454104236645313437320955135617977208004706
693 1495353300880725221541814105844960095940462605035125525360044410594216396624248217013385033804448409996335125358139695380634138536380589555007243059752177254250704877691983702269356166176448530712785718496373817405702733976254201110036305712629508278470116193176144147992261
694 3756480704437426786284700186779661961501871252241889549418226384520069496477427297270067022672259362506297196809397989082217673802877280808335726624266773868579002971427897997875661559462866611065874256825610609883421694902504605367943322296504257188856462063808831141913383
695 9436693788400899730221762795281958805847034560954356464563501869085843966974291824014745110159182930163546163295072780960320149019027440766422976488558614787703805668980809105369769455346511771131348258577909015976857134513824400991790352813510378998530511420570137523699384
696 23706089036809534963331506623474730155117550578116769107687788506401538208122388970242539881189479750589793133714536000966937221273807963563695272811262393311996126842624996687517720359967642663145185098508747207572038883957234328707411021758897808433120391027199200352687269
697 59552679066411229915722101674334174639410175894884447396447819587733146642535281265301826208467990970441460944946598780090343412543821506794515415868582755152380553169623883227013942551302810694291707499079275806502376012550778658001322634132043011481425558140173899693358351
698 149604286171651008050476575345254121859413446850582004586312608211436129916243127627287016174281691100470713201601550700239436619008121432642371283156951935771703426795621711789761798241998610079715054684734018324162097233953484095736560454596258810039832318798803798838348282
699 375827110744023054833331826722890184774620372158518759210249579726624353497623101016794360927906002632188109009974909896458031140511637055934859361757957442055080928457514263248795525375710060198419200719402365543896328453146963200753386651136032826834430105746068749232614614
700 944133715475374481458411515080737091998612993775303906258078750564805627540734875744455157695262252469183578651500257977547152175763887386703857457319612339788096084361826439411494293311378230105345741112772210788682382163637953869481774505892580442921947905525271345028591119
701 2371811863615913927881028738157721178121697402368254649329049260886500276741761374711445561058660298164484105670112225445060674156266782807254242940114514978144744528368004802780623428121268090013736716296311537908672560850737503621058240299865425446560458319215194036290158531
702 5958381303950983246724732753055630777314333183154624480500616215707867586656018893536859462073518572224465105064223914610236033827616929601023764952012113018317642288674828298110863860457047418428806450530328176419303543940178953575439943015280892304419088212350471140137717446
703 14968478870755515185011637438087931943952603182804940083864418331919164243892209107542416105310148957679318040495164739741153089534367214405108915674287181567793826198340520889555333143883915308766849125957990861287409860659798375026397519383119401313080419152164812183479736282
704 37603508057500377375316688913239346502654296847154331228419569218540825231679075294535255178924248721237757628279898822362452628104413355010561572371242813386756506144713966852900678088813919796371939900530988818958017281440652473922955904495991857132281963667860174248849289860
705 94467053578774027784549149956291588934576216358851660512636630902600592035258423130581889587388016396611126154611702948451281512546122531004314593645518579879891877719538027503597940771922546995540845695072946385636396150539288183584541701455088378782390192933254666131242358368
706 237319643575996268184117049529621223475488615971652896299183770900499296885388887815880606835275196343279367900132885177247113235976780310176554916229494731193915600967255503726094286014890246167705430732047873821666905283565488705485370191761149985941708103072798241227107350468
707 596194974783631323262748601738433111715486274413941114412742646938776283904709536439405294293526552463917473914728020243364612749372986436707474273110486552597813349873991709435667695283769464480362294324414723440375359664521387139606418090299500829773556493664989992640549357455
708 1497766930228525203990617539925772585906115210544366275114297848935261023434278663855650989816163153901408215987936317444460086806257457940810092227339423082534514232207435428781747105990061472800231762317894231725097487445726887378311022312317603189689912626892998050337302804877
709 3762716194284569607404733108794306577316017203906724941393681985512207437837292296703810409180288044208555516847044917916819185370017554141435062793131318032581237575017832601204320193604835576707272773898057776888011724286371443508986989306234234190972282925915288490100704155215
710 9452789414381310852119866614648894189476374798228165150841353511094506330711691935113280191800327936488319509719661653291582918742563725209674790120823954023619391334926775133882514867289506645506525263747369301363609060025612687780463634974775041971128241213058707412462002385660
711 23747603815852101575552740122698937835819421652396259936275696812464017902386604655295556136470843755251031544978223450614945773157367451012395396516755026960315081444493065404049833875584306859413888490481018647773033664677751972324079080678219938796725966183954139913215989835537
712 59659676602550063437113294986826949687611828931623336088257901740936099651179232262374502970729324498654792297363117808242320840661741890191115987320593431893965458551411601042036930470360186486248392513399912329275508289818626331417924560063648174433951827780891151620740390869976
713 149879860122907345530186282266886732953953713818934312444758545855829893747228556835046629587047473011291983131299165230927936989966442672026325677784574034821440087566011491307487385900047968376134775767617465394465703264559063716577399286543578586441727982129766593734138791890954
714 376536380957577651922786908532861887401884171338020181467474898789733291397314338446867168575082458740340381932452487409324571605675026431744203084229272220161863656198816694508807003286234954665346028245586365605476563275511121418852535568892749659064087230709621207678962339512584
715 945958069405978534237591670107783042583612790885911247278068703022951623638992380140090207439487629595589011677420448396381648023323143632510587290859386170228574211591029456284600998671657679702457807429493019205261396348946522026707992668348495625445787901407676468885319732514132
716 2376501550649120502726724759701507399680190381438385545484665393508164587737627269914748798562464574452505268899086836532353596246372195064032872007132552042350533869030762068247469982415195152444150016215209922083352253512375218026115917768315178224474907607968168254327989502109760
717 5970429682855665697549564624138139387632294175328739531633922710153643377264303864425946328601348274991276727208040987895541655632332955670877323603470543980365235771305844806431411702396291333073811120663107025844180625993821249650278556685808240396807959942195503992761809886344105
718 14999415649239630165809679488157682425970270539160154217305045478296584282151926509491844468208001916417782420579494890656059694269111623583510788926260501333756877913457292302183737285450240933945712664979900935536346071747979486437061793624667645816586712246138656114321599483601418
719 37682903248173093701672335810937324202148587289061083055256182747268609802351830630871567299118678553111443720638596762808976754989009709166257572005139143110827936388498221667082026474611676259212829381835440669694819281122873198858940950701883069751216095001980533739401003503605686
720 94670709075655051355508798337798423058702004132742444196346632629564004942638906319978366160504976941624190775251926138500082785416038280638804085216217499406562717492433422314270647202528972683054576219506845130404413519217504503677735039292984161395310559146430489049789331819173979
721 237841787752648773416820373984922361441704403045432885320491198101510147210393845343868061148807595610543175521161249868281873538311799469737520423889423705946651176430015271668068529599038267277757672704837289243954603316804198994828874496546010074262462949883229117488941482203262054
722 597533066934131979597575762849750446088670655104905490560727685818801026078650093936673437479369615671292457182293937604695029047634784941764364244034909220803764368414464032794467193687130162541590569176950284644052039105419528177302881141319508775974739281731985085958471504778348401
723 1501194539052398923046029096622312841925693735509361136024464687283923957720020010094945608281458993029380753409150769277312604945254578577861363307660393919474567975092378924555206417594429111379815119045165895807174603288863101279843683338517361477212117672890380523431094400629582897
724 3771492545133620763549409454212589140238723881208024583829706544180265946323941836693132810836960248510222802819844171656302883381898108987593393819058896786004173995119403045478183885186632223703445445405437945691869584730237393290130916128165395920633515947173800264889553390360576940
725 9475252094633944577937807210308386092332274186882407756940347548977399824529578905353893865712401882631045132039070664765465008337571165723622824860114605701094851145637028063142342692603781543556045212401721767293371181738177312827182178700284864193654371090945074104209405278404169394
726 23805073788783744486720170366914985216678201562384959667380933691546566811542921605533409627234677732414002834713882719487290496970905668015702575784487009294600255324542005170112323511203012539458228444615736560884600000792782571969795413859011788690725656384442439322116414046938800487
727 59806656781736238385394782958541171300833699053114582952002467326197261619140458099348108694565352274895136474348087385431851849266545851072214703139620747953174085887198001054316677587488366630381308309768847358223788200168210582925478741076770392351619922167328978766153815878287636043
728 150255629242998354896843279562715610334444475346531974113144745659402836330235405047269808270790324301149967089879810647001792407930404361155193040402781471525331602323677147276848486192483131437810993363281939483516714343594423664041484334095576094971882986421608698671518643512594319554
729 377496740305949839903726284165561688947858727002461673344204652180959648029798289183758129361604399778456195711704403451078956366669981218672075926489899325652966418141353544278023188807655134107639516985980704782802383089060502673812331751117333378723005976300004669016172493982389399423
730 948411661283095941543376413750707558370812442009508009389540032547095573175945268089234884339418676233162559158960149643035602906718200239842999080278862157376255137600606899613818807395222777517007380638682159302167236479729367499221217190864062671956323396409018713778481248198190310727
731 2382768150651112953258966085311992950568275448153213397702378761196918445808969123670598872625121294710589558729822479643539381573624049015977578875233492602864489319844197911525273430649886795901093981148696819399438915272101215628366807974019480853490943368971192158751319468770114514319
732 5986429965600417388909733862756546245371793683099273760263394209688936893800900683514314714131902163193868874293334631763629033965831693349513868520679886840752709082366630737439588849038594841468192635735731946183807839235729815417809851423734917719790761195103445134229984505365232572422
733 15040256432130685124758154332528562302829408110763235326906730840985310819341233968316051152444044427433558483137730335663573001463039926919619102927571845602992022805027846607307444161023333286991750835889748173552217893775125953193102983122752143439786316255793326137308509931973466620989
734 37787119542194741659224332042840225520984253258181152277568979101404381814779557248448105065967404807672333420211051930371031057126802115089822199540090064879765451534150412913724527291221720872473686069824853757802420672149904863530899471152844000153704706759116991426921721867314031898798
735 94936571267973185164440536001636623708189578287708450060231626481391739511707416373277961113800116151620575229216040171328662279972601030829869480181843707691663523675568020507856112858572728103307677152488331685206822371639056136840790207539210367195955967673170534667862330106157129987176
736 238519836539886257243352957808570031687142787889347457526687665002739664751821570465418542990566510910207061673703683462310846721848273886081694906771389374215017474072848510899620368982113099621615886295239507737155705432271792790785984704118325305634635950263906108014556669699481353021921
737 599261897899048567325033498463377778731285584526458527907204414151793244032088102062777778430764918609976922674565282406758122394887968258251458642062506401190332810817481760385935097107355238280646775705796968148706471951422385867658636501774622749410203759319598001242765884845716783523602
738 1505601457239489216967589482610411345017335772519329941537518020083978464587045178367903198651148409625202159907878376113986402334021708271574092829348658834514742850152356188966407476281514486743426739401144560419112858017420268078053044766971089136456623010728716263493577204187071866154492
739 3782723373197152643345103020380536616401420452371105317308869798019679793635220490833990064037524601564738710153810731781503802095630214452740724540668751646346657082665361515701016451419585526050017338059131068469412158093413072797436698155831385494914741915384686133002467519392919770065702
740 9503866597965462176936186426768146894035707163183471606566864640729467105196571852486201417496557622162119796145957789124007409552061143872130667123400093179719608736454672305896791806932047038873244464058542944669051689089504712784784131125622937737556103430355095030552804593301218352700280
741 23877962697235858223065279137002245490183533407835488356708239041360961319675511029575629559031995064061090632713191795378446456016859630162903125941964625378322512530054980619160963377138560159449197029886268929083146035544553214190150889712182891177870315905143739086227311645395169059707347
742 59992283504602864847300572366663359457226049904489377234686195729908166005761551570564708596831861627749118594685759570539707308884315440795061069904475846666171850354460925578505818889107945809119699026966167759430053692243897410243395369754262603656144521806408814872802588150227486936539608
743 150728264644189859379337758246984714730992001324961870065715705458375633611142336084456777684648098284981774164126679916532734563283372551401625472691731297007754004779294500268863178871261446073824474890050840612555804483850565827210059293715284360672404892228510122803170818767137693374541606
744 378699894958506500031614660535516341044384014985740190618613415646130794355312779876422673996619323118407264328427981957206248573536800002972812531215546342443524049123899025823036407736858989159149809114692785842130409252393092561620983325926094739196037700415521067875860106436116166013024075
745 951473827472516196804329645560257753922035195556869044125782484640012680952602067133312799020813295229159931273489022194726261824297446741883891420488793441268375964047460353517828223951484450712073144179782974157717770721782845042699127308784951326096280443071645035878939920689152284212626166
746 2390560181826651821558565968826970601597178970242170918893770103987863743090554923629025002770740540598021358262513461164846352226263065952032705640495527321455874653028139021697507849014068358754778801187452497978954666234505218874315447403694535701873480570288256233689628530589943392872353747
747 6006253890778261792077419107162637655763928689298828561255082007117322913588182116635781394905306474223050143353530466707056957430446455508261216462426790688577734737229740676886961886867035471454255466792564741737989635085986392782469705026453890284108918015345757911889012699792839898896795778
748 15090681673301291409556893062753152907309972794375973745337217224987198292652679482656417834343482147709874063548854021145388411834443874346139492903892733625221073999961032989630647034545711625567797661663188143405933472779651818878844702360441118808728414313682339003436315667906262973886146585
749 37915360842061812818422653463109652035221393230175998572878704877875981645450479786501252921620471792008931924963809862413522818954588378208859882364089771745991018274222122541456097776541117803837080637271684404621334265544938254648522733753669603550496701917931058243080842060203312292957867382
750 95262656830160638522092892745657364867863360227245718757856812667289891110961378576729536005561105949602995381326556660649989174383909384552146949658155230775987126517172510999761414904136940008137744467197761823027373869502184542378026742301821639086278211928395745319927611955251653878573768200
751 239348848916659934869928657356901139218091033695238052353165597592257161816653973114353126333937928433501017158028245642855494576342426074602468691888981318371352515208842809560012966815735697468672752718143689040321850026516776519241346543481734518434601608672748908562149964639706613135569294294
752 601369158353315668711008508451516005706435025747697345027534056981474768921949210577203444110818831086701386081094757497784806659444235607489277879978277469417884016769387161175090158927680057206147075104965289550703485508242718024400735333386556963950021039908526510684723858125470774485163762304
753 1510957019539211613253255717648203776218669372232039719134838571094956828556546027721939866708108815446118143692694134733052487230398168115989245670241080114603068032969837341448577688710381942339120758560576225523432160886129229317754502563512592503838912078147652020545828027238969828954553817823
754 3796332285498708201638140671448734181725204202151257047191815363059366116780715337671831531355915048739101558671746838255536321573538410161025431267065173346843482657075519861933645144363911135300544103354592337122584739486090983504940870658726277113033629390906957061010763169184505399162397364488
755 9538442617326321688304803048347267014375481586630101949136139541528182335536578185548451973379707942249429571101023215144851016707826390817996880151715277020452618278957111242507375092070430611348484824046128806306212910567047830036591879944897564378190135352682305715416192957043503528865315749547
756 23965796462178958437764459498936481321556176122776635186188156970563951520175711076462914719900497161248850723776999188183556178899254144830724950745369403244777062462936271196155671499960202766055343454342227293196311145872116446491057135975230657930334490300476829926247112768130240775186851508847
757 60215375795535219407437781756740337549467370576313913726923112155303437288347358541989979430213020168221465864646484766330040809664799400307926154478687882527353086462762024705378440648590988503114774229029949248037833206321968446866721259508828378198979810610373175212404089386822618880089331210259
758 151294824443986562159533415867115031025166411765312766772269375089235736262066599089538240301347586303631079361188604630368249801783131255922113634694238303392100743984942928452217076867408566735623736373731575992540234791903741981562987293404195312797618995914586113731077113830570103720021019070394
759 380138516605626309006596999919322856159136675208126172242189140963764691794511518202663329812358997153266073199125944553544756623212728334024745246895449129841305640032544418764773669292536405836330655882202666769643215176009288320163340438776041562595740919598082914581492796444919089769095999967384
760 955126313207767784181358565684290044566730081223442573715651385825930539031198901435257079948577362393239612911396823068574578346004919263293638561889723273004097699151875082491179126230319649078232770216083307095579678585558160948080863088881084442164763764803552988108015524202529703062721399572755
761 2399832172325813768733020991314609820437187195736587396163259119310483029410978219512954119034087786994494855866405402699762600944880619998192995566141824218185532813967873611006338503431025082229554695136751134326441319696651345727781210124598495745734939211126982471516788114983477484192326255319857
762 6029788191566283577486072947439705204860014067828582148405439845631825929737833734982296499796586684689711436050661456494240876551563327549984898107527456145157253129405167230461927813088430208688662534570269754886480935818630404751066138906482999597611054934729646396851143057415638748931838286278661
763 15150409238084527861623986705418356444926537478629022567341866639443177656977308412690113720624314214101416866397438819244488489121413138643398150364553501076056818219484426164832782075710072202479292885755317156445100443644600718377664335193484349947182605212037991199245730034365793959182338676935685
764 38066924393159496529901843162306464798062973692568972722821325477411008457132921925666363857581297381263024148500253970005750090943399007435892708838588851551920232630371457087100371907777507378586557713525009828964060362223796158398838070010985096234511707792138414316603750982651039250645101225630162
765 95647215333784265698165054471540072877706081879397380390607717439672092718558205228969771155638574535972822301768035379764370373558461701775863058865068039660372039276123715687987485422372816670980745124681934535927063414167090309722535610028439649922830898722976625443566954396166330869614509031884065
766 240324464965281335946269518899558701714956128579157548661230941433261928319132119664509825200859837996045536016711664636060645282887749645566197554243815643919333329325200204076605477248967458654956794144185134015607114857308852227012150484375412543092555056800121755864149637744805603851415710914546708
767 603843988908292667963904921430119687059530699050952038132681683151458150119139735137548979173468799467144047300986822354787070988401680575450632592199817736596679832544386572142337297642845253719924340816003932643026639100677322360777234046822141357902458481714157456615155910482264196295773375231892197
768 1517234178553547740003208589599705402509620410553956179592618736208126679043335278809423196960838440432792776280283088007115765995483499083978436033916007220174230447117017789152207022296161377764680578707974841294377027842064954524524085817638356073519830944195418725774633367732809327257852623736364012
769 3812251916387269613381440785401778672832667296383534149377380082897523075683697212361599559000282160484180230534453304423329843645273408741186704480445486427735754040826384027452618576320603839898761058550183399975624286857366028698046845677555220785692906153688058953866002513510149740630965621356598183
770 9578812371126708936654761918303818695436744717525343766225431792333596258980850578818633301096292195501495498064382593539809508846723353565781601325899450599740711022604763411797483545069228599358110151876959350240331312327787425666389723127527038978253979156564262844776618696492178994499407684858860405
771 24068157212120721053380778140294181373485042241338721230666742687310868993984305906467544190222867531051132366037785446893633830522849592641092257193094244977479813501383224634608840176234679731563660159092988401392859619350286703395423359581129666051877806172439520225018176942533633470331879125609269943
772 60474892935024640159769024040835209959409291531492318943134253783252513608409456051365560759970035019655793814778936607096483549995270590734320011944634039891209318687537304397910445469031682098168106319476317988049382224064806311897086690762201755288167156279508628606683013915407766282857027799619852631
773 151952716749643691927658239028898949932091650088077877061736515851772044983033665216574731238447349541134072353326991866221167855545181777806686537606474238051302797346590488623652396579558713738427730453174719737055447442634849104392654329449753778279160375357997908662433302485386734990172185092296100519
774 381806150301518792065514411242772291178023142703322104557316434050222252597521725653040629214794265424126867136957321986560195699513977107444670645064717791150478594624894272850984877514265728631107465704555606397840796619077107418059399101379346365163755472991529661532596487020604548691198559169625465877
775 959353043144753965786217213856192847831906476316533282876158914807402620069545368391171188016047568961637208209357027122419491194539854578304981120881561201146444469915631847815311438588086333932001377940000922747435201031503554328493247518049500735501775358046954201577916472727099600991532684737642914619
776 2410544088984037372798798072847107408574965527198799142177410212078617297945123012980985549274363795179856297373593762953759884370706860010728150350665912709803446787778227782258572187162034025518352648882855530238368272737316987466874684457425172808742032576813407719692041741996644210480104115300633787512
777 6056933173420945762579035823455698720791215008431967049978289139596641398385522642328965638612986327978044691498412560722520288649027723334407006980744607831146073164616169960462152182060365625797813015310929107540652209128820614798247453923818496694887024982232801971509083431183710457591159635683347479651
778 15219190862030003733949480069927659201653146035408656894003920598210220553952987592797337033015500376417988287343516919905845689680459448970460883052165295072921712265649296706139385920071676706582003108717854278793147496563362771863196167891927336616934383898743587212261689019496456765687230474768572117449
779 38241191966710296798299919662204976096652618195474569473128838201682507799035542676106665365954956196401854752457910191777774775486891277281071196894754446866004508154914528676315203331116504815768320681884790528963092124356453946852320891276826844503182793434135507592845073121118636555724400007019473584782
780 96088707294478605666817382761861856905423202813289858767146767522661921490268304539735951742447016439460669558321340931924712369543029025566202886044258753591390335554524475689468384608703539219967784275008999561924521732292547131292624172423651310123697977401197611506032462470032827857996486168857776403993
781 241442851211210046276109947579395291860332037111184009529331470018219907046914581934121231514324418344358780934244396176534780861145896589734130339822286786708382322798195492326312158559041623242724312534201485004534458898344143556242257758160475077561281846177005032983187608428719283358713439072535464594947
782 606676844013781705531028545955948097523378538096644465987779921828385078247190868490346093416583035661142434011623058664010419878276207292299261571543472633166716189179924746088141204208336089528357595752344192895361223028234031507001395823983187059143805809312064442435353577006462082162077160714839354957474
783 1524409165864568403727434365707996585330696414069226019337298629946740521904548849256739151016791833412012775346459578440808773729725707438037069204334546686263791559678331619200941859930038997331605466840533176086610652296862694967100087117798232069270059411055204874135238284744623548227667870247933860164732
784 3830423083765225809993341892933062051708823999182557186081404592595827442780597208289442635074434148738066761110795796176468898580566593147048953820590365622350308572738922760526984946946610425291907467038502258350187329773563282374342693512553021480586980196288122687518834756393543495096614208129217604682731
785 9624828502274756150710024765471657984109725462800944188646978020071213064681157603200077910292440896014585438098649998517149290675884642736406190779705980455727516524660357001812275112898084006230733510152850674124387291577398859344033620586577978598525268829856152444210743511326984345069485110244460370102434
786 24184678051736989977894781821245891216434857057284274329294758885326738657010644452043490090553159625793797180192180443558979498988175521589588727339447731429984166532183888889548091051928533287392861882600422255492477604941985229907025219901850138106500055167232300053350719555562372685083965652144872739349167
787 60769921433499477117279066687568021462663495662887543554553522173509342806541574591408112865511070534325092761546230180953060169593957629913541466646194693040297232112341538530141411889854837019204985949312944055633725831263071653736641262878926298173835262522959626674570423304170970539991300503038068969068690
788 152699667222547326923405661007757018679658392138492754097626861758496381769664367323878816686294420585631610860891058023771815067118202509867753530065723954511048162970560932724234605550210775771096048296914940916326775739796696526508028502010200373017564045887017258892044147096987046948624670233604023489558799
789 383697133697624311451011721358609170868824014521998633723524175465109808985540368228664944011082901954087971294360600799430945491508432943615208902142599674707215478331525996443173458291713710482514038093380393142490975510786635800262584012538110063221003780218612813730915253613801654208901345970494361614253788
790 964139920246275734286721028786497672869557279110011400812604153407132798062025624137256613053354550720934148623646126864272115805437116454657260116253365598726287790082860113580250492086191373421570286311870126207129364056216444756827115774782803623179429649257805483911788663539308716750892701083491703682891323
791 2422660836523350746945123281414749575873061117654546484560232068618060620794844696407910796373706623795250864324771853618297318302310669877008283983346628811512676645411816633316951682226684315616738347321595965539849363647911110281335232101154928521693772323637670174840527880135220999525788296324592828715379681
792 6087601467024645344856135504852818481020732625556672165557205474421877569248592323936427348518989747025948625360532267628506104182896638466171828106907718778088034084657219005343435364624736032397555341078654135542148154666325812324077518704696066651176319824054384537378363271336842749600759769487196350360543447
793 15296809045551370159496281552042423810755473191019009223100715149077591665637252658284669493147787705052227900002746378610220631356097748445369865740527349848217646866651470467498845810531401676596692587243226836356255702587959334955070387376317005158992591838320176656099005472304935889689732785325530528128452561
794 38437622126903342567397859584586074471622842325017625986809256129297756387371757586101817630327378715644635035587017242835571484040280257647120816018925639413405095478990950561367848041904768251081690033328791380765450755959698573676529425518098273281187532634660412355065283035558086414428476233575450562374497397
795 96585784915569037447693505534049933143233770704147818947787492809798787345593851171639724206694772426620153138437991543675916698420393800879637940472591529659272381802748930612672291305517877350810869463101123944589644496310309963005557124124561083915196826640312768573963320357775745880636358949866734612892005569
796 242700652670430662422570329461341930989901446914800090230402267860104222324521371796564030313797112141888180809065346583663853264202042686516001926440208371177085442257930993752029762779605056776666752884185867421282392019661357564020770145658349630552740050010707092437961376838095957904557786780468595603095015510
797 609859372544342126757610556678670961475341190787361560879731180281391392308776861946030293000293984898935774816190956706671447052861186359869237786467751826626465685752128715932141117438116262214920163999029214709399324845040993947580206462527198912502647436436544124057539098350279901069064238563124540002070558008
798 1532461194662650190919225932279623634351694378641190418286918500736956488501901062075442112386814983569626737860486345623353765730381131026020179128373380986371227817806274441298608787398012075200808992850149305518797179291169477897303904780567967855822180498865936974079489878121353894144950082727071464598258713406
799 3850794048547025313099472233907360548129866718738744530468019679533173786657903473768558140626436396362699300589136953927270962194443440429384407942204145466445855231029334472019106013779691976466496527546776336000455079168634392237935451919579092276967624275144797566632534116298220454993461171362820324783001586882
800 9676362233998934751996463117840197663126051354012055634846764298311662389980922777548075314586898699531798156450970588249776138825027460452196410595158348789842676802092255951258638115678824287612106473863728988547142694367838365867067702285044938897644581693272178684379877269722141589234846528636016168202483092047
801 24315038469256843930542165560768802194480601158388501131211940744981137603411659657945279850700000282100822520542462208790421980832892887663331367309745046936602438542660031990313577386452681051074757504423253190974560332059483873489425612531227005973063579329785380008347185167259778410077008525230027371430313923598
802 61099663594087099169480241631085575974221144246635268447765314474379271672112264465478174142234492050690452966717357785803810902456029877976649748280283115840495940961725539255429927494305089939510469901929924816733291039424754973112559770061161519763924622617934367277617590469320872270859575071235631602368335801755
803 153533690595190325104603393482106862597223069125291380244614747332275761464282995579340511429875731261681811544362210600291903399892567365768507673231512400275552337914855213486991767363389312593225352940540473619881661990140037203310768494173025857049413308226418828608863528434538066272045394337058636353878544106790
804 385806526108552426132972325224993236876357047097854391046530844852950470594947526000308527517193117680679794111607177021585284088770171350555476359267164800763483744184028053740769246602116030393055411584749999928179665507966791967937835536511151522103128589400829342265360653174449732294056190749757321583989870558972
805 969474649126463946453900550411036459941191380419938383963292735521465995237083251691690240719017223188335801189342225907513787311010473661039153803217239854096607201799932508388419676084100503573527547602915140114740552126030651912841269031985069783742429971812664069467314505992185881363716346276661461609283785766191
806 2436151817602108273611131004109573084032593734644763808343877811266110864830617987491202366241650059381918345282362822547333656295125355371114424781905538300619179161752362074282404524042897492457983530785912226667728332054458315289125719065657673530231690461609873230270442867644812922166942450715115606840726580938076
807 6121716932606148743546639859882253558721978161909275237224013298942797735170076419371478186697235655164536626459484990797198072077003629120322462918199868920861074452749959532699422424033051482448395093895519976262018002359047519053061353306503514864564662404476048865819413726464604197197006785270141491120550100748286
808 15383074325154333018327286433251342181312690350179093571870119900588036701412823530500887373536944988825388273180382680487676506901934137204970730167972807228888920501248606945014644444968284773075681462397362453356053249535868634063581493127817029894506022871893628083160757435483305797118998223103957089744306063221636
809 38655743434874840165016287641432786540188490284736275730685507190526770598272058163965701158653835990255448649179071896175327589170198969223733209607509130265047814310038013218150959325849551153758013506420378729349380321752151955772762200633684660266837824758210217543355551227826221069552647667913278778586739108514134
810 97137275162410164277316137944076183266517225519986317779248242507653940741179432453336603190546416461568071705041630668328094895280519923243796278580838142477655063224762220755270359310903255511643071221125852372737244454782300017187797427854356036133840409141954269728663565098436037352152912471698591382815981109075569
811 244094950695303383199289988313091400412838708419330839491599013381955441768526298929409636741259431514156958465027526786836951255797594780634319105865344276164316458795220980171467136273676157684228314314023261688092500160088169434180214342353622474853828327744746408570741396353347773123792970882625263945206869700255803
812 613384312811540822116565171520056831136799508776557804539195160730517782394494392222714354391985766542394009529781688646309613901959340255029651601093501835509060980858710900177387251903683652987717188531100123698163970571955693707645073567432936738130953145765126943747775600076882598254483400173991259486828574076619121
813 1541372198265243798596059161733952151192283825557523729292143057325097799661436595571143901250956243223303721923123130868846490375446748721005477231928862114867001910767855299122101523281762241128176366014561080146314566170393941234731823341780694627346787640292404979720697276557658930870102587660493862723491149478513092
814 3873319863411789437025113788988015349829997399138600480383857537890105134972114509807478835560257896306211761057016828164286850769957720726272541702563664488142255235926057635213325737693697147402782987910404967482848149331394400065040481609129129678846241533216658145594627568992911658291800497470077991651410223913425144
815 9733301747832479601297389064791785359332842485781901793434402100221330178718427857915416702239128593525672020708990440755581672204448531571441328239297870047419772896160238253588234035181875265389983358420547007405793686452557249863030516123437323676031793848437998686637175840438842056482910309384523984389870968954489189
816 24458960296590828348310106736596349084075518862434397905733445025976592554738521537493934292697502224571753754479929621220399013431840423988929511898381650313387584554419300478971101401094335636429790805156803179695001391284240689000217307585241770247221947128624605473378294818280557942568100298744110399218009816778176138
817 61463427450629223339695513645981635531122449103858628514124252668509717412613839323945705732261345314739529588457081644341621060227875963590957713375334582763465092210330920784833049979673964787866632074104739684140263596894786442853742331888490926272482635541752849675852406997509187475353229509721619803820322573661126160
818 154453065609894438404060755853347515840016266221743834636909474966287476040239145154051178866821586935445723359167692278567897260631747590479149005601504688768356314124270839639374084004958874094154149330975806158579239632481204297400063867494689203777213072316595216246343177742729055497359854202900450971237650756619091118
819 388130046091726000534426500468901616524525193851396298871018246805368055035304305649675725543274621403104989203809868828066974609124257654622622221064753111669494601716441287702960850227524032330089318218120729374275658659124248952625395791857152674418365722380059223041517546030197987207964512271781042788250760131553750780
820 975346580578589876887836436253798346724609844294726679001372322362178404208504072831840693628088257190440443298035055635178051829976370331364033336141471340890831880573165351906415951030850823093249854120042935917465164486493236223572156905809715940295424204496936682520766943223361932436058561371092067212573118026177247291
821 2450990545572849742715728069622272180559094100989175033656567602342186425182032281793501661919926008915907376564283069985104805664046534180873752124194719599531830832966457643271973344792137184126469776025452246009632948885774053180104678539401904515841732250735134029138298173071220615890881453856578992412959828445905186121
822 6159213695410209984388001236376914749710272176065491235283320527473285450385689098683951892931160135868235974159233596668451280110599989212818333577774655160601291318580568037883276781101506627885200606941830154733718882088112482944469748420003474795513914115962127821240264531846555612570938113339891324238409290839426315103
823 15477822870996424660300945323370017335286507215975174451272467748258137925529887583172754630911950925050776765128603080809653408071827572262019324817339870736981059512413841885391688213473652685444819444093866909287925256405816520228413450474567606805774887229332207885624539359720451127368718199858856118462831207978199874817
824 38895148464693694972687547308607502987133496376513886217819730688748050318869926838523026979814226954627943201818867591459412820312535870052881627625075278075754151229890269503199318251491202126394033355616754224620082368166477246893943716228179344640795102346828617883925546166775127296903737166059365509947811628746075021542
825 97742164857247829926491857626274742211732999103393001941383020240658507178126730558034039613301898560321210979153681274987570116767433525409751964423815452849343416890003984403160145156845387240436632083166947741485801024066481163094467948608202728102919188610453368474360611645210610340525084862093972380355575390716201379673
826 245623225848177071427819152524813612020027499897594229843811804062804390866191728452397011291965820307358556125627375504650005371147769531922753599650923492869011557473001847617795667652304267217083708876318578307255435882635552372682783859326822148700805874722303969755283789547145150782599353356206182839400298527306131149685
827 617245400087179853270885671222185913760826293375718411744441013636192668795485958806819471651804845692159797447155828631830839593807001334181678806735688491511390615369990530971200786016583428438765197409725277258676792996214908132899489546801305175761171320689976365620213685143217742832517364176786179534602241641405008801593
828 1551126599768097779165583746844288891110644332781379786386036780684245449569094030336334347108862736169723941080900432603399936906974448962760241354538776873452879393336738163245675089903574509852456216147294654038967147987796300752438729302852702488611772884073361398792447937138040414379496748460025595609563435472011960387486
829 3897961799027281685346084438934859334329627830907702457748677578376816035788541410071306379480133286064446389992313471011334844722932409940407250524667703613388309105197580952760594823310239984445260527130222776984770640618221010662436745759884202164635988033932951982130887308235868691594959849006834770722648677835454225084280
830 9795550754383406656963186787657873007524199987580764186479352526828444847614237045282971624608120572968195142746910433821524239305248596595425277088376616132013377129613387440330298668668284301999964811351795376876563693391448094729916087944541453098891435608633216112954745295147441304837939442800566333845661220683904083982938
831 24616204149207678878800584459165915813688495516673906419514708043388760821437080803892644148985765071943462560677804106816878975004493449057411628537265577173065136768320972343337974216338467665986194242786205515051216912264042912546676170188276040075079341041204040098414010653087426144537546687421479996686243305230143401189093
832 61860617899570633364556188383803725507536544354645455748050750429559501852932109646240011191632978865303547586845934349207198583256784718953975708990179005752169197773649288297719337925962339432661191289647452284568902119333491970504078172849521597289717938431369299827380743234463293752848894767741660211168830253526828405028941
833 155456312928572632254721363633876423802621819118191144717550950153150226691842043460155191683047031417388462352285780577707278935714495543931071104411413552185522613498248795138700645805503357457648895801969800753229184485318610411541148819754766737024477438980089856573652682088214815787662091822705768652942604838280973163032820
834 390664016420768771627997086154250835819248196984293889889033776334253086138890799219157425375296822287153735968287968301526286305381681857355030337112519966944973139363579305890174528218947272069603621880961188195567397554593701755525465496091297016572523341701405082595743217958840176275068447807046698303509592851509259752042910
835 981746574503214096656051216996111831565756622193757383481107088458745495507115104972154656075146838552216316073179479160331798813342823521573705754238587431942172634131093399843037396064417850067512664101600690442417519930317945512674649793288742471315696176710518657381146616399650055016198569961088443723238474487961987388893822
836 2467154303032496754043214374645300281008039695254832343271003072003618089995922806287431446828596564354938930708749876537929697791390053380548078502790920999705029078248748415254596664811706584539149035453639565160466132371189372539677257470918492104141901204786846760347742088627789760781749684173193642277258601389854853933036508
837 6200035295130582829925468164137419387320586853782597229500738040153393090385284780206369011724969353503328951634052339066499992997333796142206088705350116609142144211021372444573297689562921587676646317019304012460365648891813777535996391925851075086656054856630708576282498117986642065091852545994183128165263906277948770842349162
838 15580914368071110026714567197680245258622048437393936664971878788720544381768184280142969407037716288089383144583178640624679062364740163315997841972747818114064610508344192159578322416806507305073168415465803463170702316500758864315582201679638684892359133281828450700075272022796566199316554271751615456194773732629788144308293616
839 39155488525221069507198611198877028758369295397861541906489197108894065485855141830508522902805910027050052484697551554032065767903794844779478508794518396236735888110822966970801397389502276184324773952030995960219066809761335272555822086605506861123093609661066147639623735791829203573957961540889816475963322289595994410720014207
840 98399587530856911791526918072220909302800263458628743304802695863684667097499564603821265310269272261354838719186467543752175175779853913257558455554740084225685032629842238014574430695366335799692098953540787656443136977890322076585277933803048862328795766346963919091084791431673428015593308529944856103303957961035326015691168150
841 247283325147313305269656216937171668080335847804090737830692336843857425667076915659667662093436196921080381800647515491800879640034411129703101553498693732525125827331933310024316456320380177488846483505460549088204209931033085405766645173361468496011827152766748942709604090680211452196886935807635025060020694783844401872228151552
842 621437285008587842114355855620522794245628832592723692846128918886006172478100132572580514690688993888772508295553755090131199960218565597935692160359722528891496861920328391524742522289229451193023185489921911105438425509462199248316194957630584260271779273816726937692645708075842968372036231943531287442463595991976573263147081942
843 1561711108780743294744700698081365447138322578040768929895188749655435700551341212646546222791581123950138480391926626406540693290727837252164151950182729771128231695571037704661378822530396126875211215605435460821648383361743741706294375297624702534721303623538660998690592551560234714198426227479234637213069597733478926358884909313
844 3924686837684479399685617653747131941556780347740271785411969191813998133986760136828133852987155656456608552497137184389964348678678290882206319670867476376193906051665539346985572210117994435662693752535824680299767220309883738604749631712453270132251673166985031485670143367682315351437960345960029006372312105683446571956519903035
845 9863027231886352954194555954715264082039633932255716491459421800083025321206188668862839844126525423088275709351695343124281650161863230488395363350519910290540802939960532865013154042129623920715642955863936207834184605547700367505712248518131607169665558504841079795753260188001457267512245116672953557971108342887794865413465687365
846 24786566283617382201291001791438500498175847306583708383911576444222102220657827062067845377817312054091101717321976469504682786708384466976080301377486581919835086482490671081173173340369864332922138174264953176192155857885840865657877885439326894355615881075467083575165121687880195797154897291478402171131956550265765012514173083605
847 62290728871276632637110121086333974600063823427129931742724695438437494600467421011512207074864374036422407108250756771524146851212496068524335759410700212790242152453192865648488879927517450147192333964717321601286853500260697625529224742980474411308202861960492134068002103311900608897091583955039364107070021860744018255623169247883
848 156542175629678351023579306135006125274587001321857837662849995794904615998012445984479482672943871172120815758577487274580251970832225811475379126521326963118921465812089308871227655546624269677820123372496573467326837056637485623841695648752547367819370569709389381403139212596497406839137952360794061757423456732190865075458578058259
849 393405315498603503608828401691983779126454712576620842770762438873745666203100223547079179066623139626066629555921166552157241202456908603407252752375834589936963945571447135537555691924349295653657344579999558327268827581233523584373877091731078232284400510958459632091433402688450400637071142295049719760490929424118781541347877840003
850 988666878865479147733249774674614967279675931342123205001612669777752140178439138602683747478675961110553814618428796165927716086092060288214163349482209912890007092652713402341467399502428576901468774290963139070808515897115037154222256373469974490993555555851669971225883036568832715948121852831944659444761741529868904940467437690078
851 2484623840271339339841468716960462114082198537773695627320401862284404673134429253889282594302748700334821967003347591561247023408274650449015104167794911869844620742475171856271108698555118553286528909551193442345711777729926729958284771322937253203095723814285484261268807819123297332811465912530912263395431894154813624113208140058623
852 6244133934657964697813884932303174977623616837553820508562462754106497328345289253611682045803649688853980101599391912964448008914924717763331919000963709025393111733314190756714294554804706487608818141283986721153757988267164385541087798014389710532462962717110738064170959194872814583324374716742720328605188151389873733389916983472306
853 15692230144606870494912284008501499731356639643271510781555546920068124418174420500955807382886518841823230012486148553765049050357109555576456640023512272290455574414968480349196288820309314224650790526956408074014135989465118486090824197201247968046687192271662139271636876025584938010800755840250547804029862176392592432724080147667081
854 39436468997345737627829505743420768875638777920812635654200926514057023289097395389730613558237513309343969277912902619050415347276840250909495561648582680398048989017032233269161293628361530310351552481502753529819389497471542562028064679901611910886074126343338069125560868171964723186113191279555588549760895998514485771691926773049406
855 99108811806012158620795505601880072225887736441703963391640794055589565433790963211550991801276336392788002391493957479231309436773281621756631835452718040503215679597774370387173631215092357899467486429809196209686302164870093376325990243013245511705209152376821131209973295232303459953631457722405677696809304058835336685195114528984515
856 249073433125995116334154482261198381041899720764137995363610716843641923111735926748617354428744510954183339493452157241893450271581042418496776735422359054765486662095930649334509422611716139244724389593691092162987012633511729698376155448087197348111042872387998345278170230579554205832776304609251065890481203035363824123111340765180401
857 625955461476171270046209349164763974108153297840562624105974048637050561353531633480715637938233623505729510152594571358235740845881598332235705077686573813392115736220755582916928694283712422207374484827569391859458144057536413956993210597453516260547113745072590451294810154467713046349033233659886454853021864243739646630721917130543253
858 1573114541791600536902274312933497926860702759609505859070158813369620176384224985952921000022480770882942734941851507695320024335080783866298763021065057310106590543612939761175004168306294744379899512080875869238195170736897322998702136526428377529599712845971728419804815029751773568255349691373680422199843502992723828512881910407663967
859 3953467225755430203643908669234925351913036049242530610021972432806795692945223272543611889753268185578645042579900946925746748482860341156874192066462809161947824351371024099574636195986094963730282456585847340612205819125626761374819178418175621404988101001346691610743945281331773871864116370763696385839919738462515553396725812996217953
860 9935662311190170033309578999773504629167757828229180496521607625478122638164957666464999325034766932298210323085558319580155833472629975746422671130476782511709336075624376344026934988386728526703974841064830901188515519110058280037534850484579645896913949460034337785615299159531767172402595094119381349827186686354931486153329258750841003
861 24969875819398543826002503516404002716589123906183229795632917582377711305017618732604420675239719836981069052051000305578607954622791205588964686092867865201882919838939649191011197932532001076411119776956850266783143144547891095765386360031449133130287403242451688687734589513361869704722734069329014684567109582798850272200803118213374625
862 62753336408876018358787047070976664053456101973024872022667814003065279091100751687558892804453350517103432229661495952356425524827933876630000938358636328869169480970115863236863154817654215090042373887470259888725664712678367175766039950031889616885440727541919178935237039656417282106918952578471433191710592642526408347526011083784982963
863 157709601964448517968976529132587707041246900837730341365500884305794847770166890383063198909424145692013255163845993545626909005006393086120417164851198195711916524073028643188008132907272959385827127837406851368587313919626264545705748195405430571840008080600253376917593322413025549149647235473172194481499062621916344050779062795387980298
864 396351334395153024004013146568481582143187651322211725683402064341425560117240787388887134026953734556484077516601666577670507047326373876803834424307366230776801286619177612290084718068277169272180868981140294459986803259640718156761329334653266440399479329237940596001303458178893284693942240946691468046216018812462755208518062120196075229
865 996101022655249107228539082272875199826811686773643157551410740362864133823622192439152411659722891221327678781743223636900296688612835873803240960911787018304274508740864044602927787298604506470180858180461624942162239412612589146334298815526684450740476400726769984747460219256177873919468190243663161347343546492894289601998497938749600441
866 2503383108583526255478719044625894076611197722060878426392205678923218379961995988944141419198141895369974279597842288026737621989325027084621552934629431853676191509590199587862085507679544175422594844930389502772220309702175476186839399062158495802415247847781221197347107968069812202924793188304719028957022829542406258290771104816662374769
867 6291469815620237696530322224959214956392610968542790962110473319433611754898162937643410814884404416014800123976884445082510431094209201246304910212480171446885812024520969703966664728518679171609200369720706866227572945062610551398263372130072561131933176439208566620665155618743392048383095382355745710352110945382877354502815482568482221900
868 15811671516549752441446464711881370501168582665445107950401917698105699745858389207200103693681376078158285022769187573643202028125963290482359211508533428477931074380631974302338034736835847755645439353580880468914218331975188595931712624587701539811009401846459894264898880016402566769330541226454437019971656719333861570834501575576284292461
869 39737845209200717984861084276172416666361275072421196905072786222497969896699082191919926675080580792389408684221419482162478688656958472962788464569205478894002751154132515287125614668137334687616224213262895474701012736148219301259439908213394218561296267156582147725573065271118942735971542667583138615345565298922357645212455109939735501394
870 99869231120382979818408845237256469316188475274856841722361170108724440799778592557313522182356658758093954762534770608191987766998235183206525319348671750550498190403689868229401324606121228543336043733355893909049011572853893531687892479283149025384442687306000614411912419166083598092028360945797401594847924408749555918609775640740421352828
871 250992046226469718941259774512316217852557035912311524973081481526037702152973053068500354267168859720281323178661163876630195217479512236379667520551883396376625845006646138540980525064632937189581500543700508571708677393242260071608949741722995519499683627343926050921292387230108486676989348168292571840643434863041170811920669721810733666069
872 630796202853977136860607296381810762191425127516765879720011242890379069177185399554899169875310512342819872217441565638404605838530535887490210597895998208869955893162187253135240766539538057149816774336317170823440455755074054309714595865389860416846564415544319861026256660332116933693430338477231194678842705837978808369029538868469302869855
873 1585327663206027377375924993058525422697753928502968174832675894483069666024447950347984204553710618584808224327980763275063761815927511823295396604780993108927150428786090012217186132447646348993856440034042150527798186213182779928015196124534242386658641154410508336239997146955040642626108893880925945688181526237433976505939207687907239860922
874 3984280077623481233023205948036343709854257709679696667730666903156953432899646871130115703928450565811997468435393606874474456507065823087107834804729750746069087254845582886020830149664044416852748710868733100638591238829542337379011817364341409562022321492850604679485717806127870478977868192304704929901286616656221535125945977383180256813945
875 10013399288905169070960438613080911325960116987165544682769054901673311074379857680307051093036086896276988672786755557497232767809116457824892884134671928100778741467540750224168677212860484855040731127310991752746457672096982242059028136976957473586378374729970112334893480953843239343545706419802606076924855301891554700311627158782966203179055
876 25165992280330802391889834731942369907812877333004812946238296648035900680664916405886614558815958923435745636575860863341523876828210630155742179327810196763728440306919227403082089440979364081932855263334226997698885835612791012586244030651099047972863213236449771307628621374349493793453076414880205552964701299611772206184602081040631244165084
877 63248092541654076926435995261475443043785999031151403719363373400062724285134067521202345467296307945852598709113087745485759122068273024712198603289199752255618425860025007114713739764190033840529646890483884567255794602069332465432049041736739005572776843192383817263947867135090081874071481208530642793077597475493013363928967305002226350430514
878 158957730091546177932894782554445680625070539454327228043798185093146432705223451069229837584170748469655046676126574561653036823566201394468863135980265737185228637060819598963515331385252872685205755043875694685612148724494511520015831218218474697775278103784505772595085905048474490807935448375597746417349413632130012716099274655369105821702951
879 399499938811240913722652243389306548787925660435506572191206523131156387211734251440433392507752258623049024454923410731100117148465780234290215949081272868531411147380094777486508591601071086136001357914784508595587558996952457416466072733123629618360583096058316045478627721486472145533438865631103242307475536260321200371747141863256668347045541
880 1004043721113594564970933445971361042877168737954438749098530534342638571372787176098662392991383048967320325800302206969191484040700688100555063687067067854568585219578681705766266101306036097416966762692299281171219646213743366834741673818301579806518295931500694147781407435549195553090053471822775422858082092945098924249086408502109487149928121
881 2523419024121389916998130988789026113618815296481818952099087430511176793175951539246386778593652263438014898107075329966739569806088545584286533977675859257726939723683673672168775569307891850996761571155206494701511999970915398096776864592310006803156480236645850927126016457450171393383486798478226565603104167064261867360052055504881900600497185
882 6342010549979345628273463592459475711711062701059037970192296811632234533881637521838915517713814130868077185053695516498532446287997697822999168935243832389467820641856350863583694029703101893530819047230105620234759397897092385736167873978622308996074088590557462774678687310285089988675912329509279105566699120790468241643643380988249989964617014
883 15939158321435390996998079032112063605816247015666650499503740242003976943315055546021753947393195580437165950199679072001950857211427818521155209589110161192254759782718406958276382470121507717726320572170090382132948663024305843718116593302322510985366073502720479280668253712688058079156361702401310376431451877063125554981649840438001053024496244
884 40059418782986359390549097698292423507259138274985356200420376679592377647907536039445660241425458128963392991022519310913385502608041252998180840083470558493744110915167059197104555848285707688194547286645949327699921527972668184743031823292923643636368426008777470186792710909902551580317951729528491468663084153683751276304526938505136563527322612
885 100680354623808643938791539838915543651020847446353907066490501662847933836305289816665918619638976512362019471703145103029881076513655959633857837130324512418815340512038843110448710875104248268225266463078692111545988313049932357483653808780780063985270890904889998376819534790374612723598619585002019586809567423606509779734425883838285295157271919
886 253037950118333247652257849897596093081211434139175633829772102494543683655110277291841672826875661817664195000693149916291186799004184987144023971433052770263191692764343468300836502060193258746509237997266302402873027963047775324488455528376670609831090885053819953621170729407605628440882297138354068556873033991495488299601717505155121947713677822
887 635956505452787244043636869394469125018174369177304274807917497140639211007594187885718623506342358050373197548352647539888404145069630591242553574728600894346043619939169748640820790771127075973881720755777633950317720331909423719672098453833039273711772629570012899725759011916993046715364874888268774211239865906891797513613859612981842307073899371
888 1598343044519757538364524897074249362247220842456948308380649218547701007191396727786292823169079980697895869948035044225345553362977559770948791492644631526254788145977601841176001593400721367782409502495111728331541669327503427411854441975097635217438544240479986298364641835395058886019421465905685664133677161254916951768941771624099407335839817861
889 4017107024775858526535069279840102353338879553524328614470389378802501492718140460142265670993477786547216580269884396608152769844722025764702858040794530890822317165703385658861338756024054572214461054533747459975998419292550704396198253609470899783524076480676276227872291893671200949960818754031307206211929259383280354394144000634029708385371398153
890 10096192753018971450121567253501115015071371251534543121646140824947658311949224027041786528959641501825312368232444617777237041829953939955558061508286359768335916635893437932958475932248585247735387501579146513379435197579373626085217948234732618269121235155560177988804674139151464192149445909987095775245421205920187690015755085271599651899182182933
891 25374803415613121323921869526828942636990404260266534319299152982407829933838649766109299208916509895215955133658127156506133418974878328539261214042249539322827527314647020113965161814283413557231970816644776397630808939315196659272278965211090579269699227757689989328726335858416695475262314894374989450460100269673765679530103216052247403476640549106
892 63774719855964882352870851302317393126628273121569491583768292971349636975354084226745367032281535367264928513749413083802977384644435020485433795860580514882375810281796161372137616501569910009592180975939331697378875280601979304212968904536532784335732724649142353395332844573259586760174785636861971129648846949665253138939673119011609178890616959110
893 160285874548809309803952654664261694251185282658499727351188016895413836657952926709957883024664241470714519761487054743275376581693242259040816934542988761415570501812593654780405152743778298601724647682450813026192434263929311411698624823686083274238564640151569625852236217245043374130171889490682528869495653895529392158460851470452183252995583706941
894 402849435368642475066913582186675501507972959219677771759911229833285331920471030367939784486655456280293509425006163865945831937088229306808512421499348789308155657582856211766844849567560327835863615154911391857792187709500943834677414476983948837629218089992316012554891533159010643673785915270911555819021924099069266319856463004018651979038461830876
895 1012490791733400891785238876332700106062432283375596254803201631256367133808206867534132610758429143711499137163591054665948357027617413112797144840565977396092647535621380547039586494107176734711835228319624964484642201045821685282748988073458706096960409414369565006053068017623491928134062226246633234742981587851743825378154826860887020909080944057408
896 2544721258582656712967735854572517292463917122736943509802459564913044477325858976328152834736237212025834944939951286737131363210668321315867232179164312044348084171587164802100599210155600433728452725646391229582186704993600974521882795576391871937916503127113181474348072551976417969621995105162198714518698877113374386308036469172116855348481956071060
897 6395730638456084085855288272955582110132425784617633730236091273033813504721797379127832706592013654667260487433145450338552319961894260454582904274676901553489472695085878333399492641775560387828589279690124289044504396831437783993749583699422048377122247010923526221815930331715596010362936303550026343657974134864590801516063586205668969232455690530256
898 16074627618699423976867969019720317228213027564154321004115559986932636859037703336817941515303160400930451149584856882052383335483278010468892718820474251228411652863227172819731465509565373902396467495468315231090592729394249098102230546178761943301996706591453612039071761874466951663962488945458816388094666273231668893089152171721512423330679708768362
899 40401034396321732603994868002188571081468793827641430693123812941946802215991463770489377750045904551441414694691232406704700718685545622290017661506223522489449921175934455371063180098176804340424053628356066525646390839825380369311850913430075658365581144405505636579652036911749098724288902990369216583886814711601899377408814249270031900964332223093117
900 101541799108001895235205780287163367449279128923715484822978438426306385649861423462282431749538508754270679291660961402528852491777789546557197612008251071602225427076589883741759308502969087111087441370386793682924664171350310514757203977194320206206894432733413778290237373754392181751922691135036528970481571779551681690650719753123870277166403872282614
901 255210199588322220647396594543323483772617827117129671502092847408604208573211013209732693172776248546715366709753835647919600722135533597681274741361088002333930890381890932381292266747792324693098856755486890205355464567685784097121389742824131720981188524732414835368167287562697397133069596007565354129830560375406637640696062777079066625957133693330203
902 641434038417733606738933048577050867726073805992645195382339577433456469117474358892406017297015739321921770357514087551307213273809721905755943936838377988032219562744672868623466659812028354155994780118861307369367335137908137089736423504257328414384000407397244074370439260694905490015234351885356243569783463185005393933107472928882018638924652358233215
903 1612154939444062020461548912048888684527807712052559043729446887802336024963823727921784372944280948833920345171625670751019779392869805203172239987237407591692180599779137334736093617318316753340423022766372877727222001691974087653318547318046580869018343477255939489246465476934309373371549538376211361982222640553274434967005153153993673526259289216237315
904 4051933904627622030045558707791718311103370290456839232015479695404005362189656208356186842399838179906295042357549871509197814557219592495994172076941728961875948220866205544389611597057683301147093337929528533116524625281169326717508249204402102381221581091522105118819934387619512004711684654248535960294106908201546264151892948067052374449839110456725414
905 10184007807473488807788750387541224569864848407393816846741390631362752080063066155127105043880563452230717986593068794639862706698481964699105250998053610464941480400710005225949216528993475102009145287559343073066015505827942167235000275119771069503515728696579807223791637926889192334965897415956835767761719932629081059929608386468747265469615785784768455
906 25596223267572887244855857603935480675565840972042501582938213234369095544656238922208792993908490238052178036296956421368361395521313997676189933752759314690696933502964718691425177473754199047325373224773637167868212217464424096335538651394478882904847644965042087558359091719943636571268381161603332592705204914423529857724593637755192137616189008608863786
907 64333006680106094078052908637591764765319627164749017915413137447180989367457746221317923922546821648469943428311409595716251166165144288442155502919646580551069079836952807591702146277615938129831912453320836036303025399276126813134350214882152386698724822498076743448604008425697859838513652729293909881428290016269780350529166225785610100657604235583777636
908 161693514254283114928924933651121390471313265075999324129530372785221892073858917060229093911897889630954138906938320405203858631660372976202004901092832676424434547233390775109525224840947553288005391991131209177654840442435509622414294987584423034195164947620584063360264492015965718035346781060175554421390514923575855916239685013601991662962664313515341053
909 406398541709383041142592681189741074116211236648062908381389587701077535821903724404902389868231336978337574217428926711799583674925859610330470615227596414076455058463442016021656787455356329329541436228056277083624868910220753734495696211275931408988825641160490332851442289997915981272037677804362077292200985719362911555136648181692597049907743212212178235
910 1021439079748428664399097080026530417075887018237833969835987042765473910354126429440658147560463218823289238069617148096944992020340886653664381323964716157235228097117868040703959739547064370869480786919744672796294323198721411146612444929976717833765486283904389238681089181901370715535814701219770148776520254378705055323916488748877938046463818114053733105
911 2567282053532710738128999215643155258247095472030169682793903127633742274040686197347960844060803027830782945625514824418639118710214284075568431226698441387474352070209906114027451689849852240136864651129684725827282115592707526788724808340304701555772562923505787457887203486010389488276131053272485057596286131320139465452679273114579665506754900378424229526
912 6452611007828792060077536875324414659800872335525365677310630370716786067951368992442281076131365158291015314553583071936892109789647313758011392061734781897124122476280056453311233909650613356708911313388042473173646277133630831145772093697011340874740234185820390614797165987921895427001088996890841016471897476443444106992426705628045119103681645366792939232
913 16218032536641953381914370928820825205908784111645318956171343316787133203552518666001389851243838647346080659163599233086941959746136730091138194464934069664310205899115977693903262530955443159468907124450268195430754586755449491165460237427475733114534414709868981969109927548795272254577853134007925422337151892422256561953974920949729820500246319016328938548
914 40762576908913368331879365218155069567325033013671377415485008070364090225784193337122632544029673046695569022031442985043850801654837969037879098451064007385672154425854539125413153824103250565781373723140422771861290634062135887142214081599587697692302009248534234877545793595931949775777997005285077437271298014020943102126537203759674533003430710177803824344
915 102453281846273820225666225489063353114162371446865781951248776970784843942555274842465934225590955701824902886843178289883345189797613086579250279549059271920498828021168616086132261558333799215999563645134414487471113356732157435895218968190487278141584203097086797746196973044981772382004565533623596539244064280973745440782240691930422090786522403221021875804
916 257508100697033219625091125396285682784188328875036707108298278995965586311227572562428215329114124098170078207534997784752171714467141405748593756735024528878776875553179931609578037425157607268322153349697386452606969195691110763358617231837896284334682995197889509732357056528403600235965100035230816570880177812922283874854971833500523873360200272806693975514
917 647227099263059570550307025107224840142227142780110464560182217582403184005380614307866206417055143877773528883376291074852364332988755232017473794468108739929659859573801884353435053488579256903210862965532328369704754206817498203093719484438897957848614576256998127615297786499760548464699178165473953785530271655937476330871034651662058412607430960037886568355
918 1626759173098678773675621755973216881454597112789858361670446874378969797028372072917694049329244951249330110782020352355781849060314492603170805048036026308327461240237557450271990545042217603500871344950453566675615943126521955359062754942341138911956480343509279600614282141946736060833964822375287780400687485359375760931962163471565110849357664992836379481467
919 4088750484390647615325736912131047462187740694703945643016627972984599067645040774653578739761652434763902899364270957847603686290874539665437597580038592936646386507559130282687151800724157996462929231670389575872366749385082402455536686679631639127611388478684368011359738580238061624844019552637721376869052861746552876330936355412769122490433128955804173071119
920 10276819384045587357885058156982089162266598449763994692731547270853468443640092826578069465336353254812250403379323946803100842030997801862234738221198117418849678902927888081152962348267023811304131868339020881505848881952654738759004183071605405701168019997098043683292066602773696502752346774790762088117037089383517301931452884610473694349826845971586586986645
921 25830190456867224567692515985642486539998976256813565186681131283204478094589497074115243804278086917868911601151701561677713038611690848948229360284383644327862412910740382558509030654243543511610621605677063347747862504768545159691824116885443901644252767499645197308336380704563394055910255003412543279841382795322336900910813875637465003600105630261636626399625
922 64922802811019748605190727921299622898256281485837797304124138675159626480430237351478851440818692219786625019377296966599700548739519846210437185142013084374785818267464146200384202691916451288786376530095214865425536330730124728685928605314224507864402959381955339594031082395960009669238561097016039824006570907868539780592875065458067034735721839200131838784709
923 163180281857088038738845222933718315637417691318729184996718814442903062265795735638948615823947191022558240530007928827019697804508456251734857223068582379380904252290520926132622635365692873915054383181598594790180707147963672147194914848145337516746612563123804378014741008976083168932837485334929813420334520056233904746490750692198346638448491578151099762557293
924 410146359957882198951161036483692320054411884779155525807361763424199920561497478662705252160919724748354590966102327956066998578152744804577556280740953162654127072301561052588065383754000806019099502798142672607377678708298300841867827707181405399055543072338055852473389563584812939017188609446956220095482404914483185589187647750462053359893812168599559343789852
925 1030886392000328165166722817176831015442536332811546243910113283374667474293494563512259913760950986459461745957401032471403774847667110560212591141491067198460439409312859415336553079834941894488277082689524818979937697634351424639524452421456327612285626480588689113104725005847485498682394389660964432951915528662044794289502461703351297443305820604099326934946480
926 2591096055599331989046537906748656508319131279673989106171840494616449595535071258236452430788313490480917632084050500663193306477273087291241127121382835901380881007159635454825801325747887628698034223749966086201413788152819521974128840699491615922259508005629249760740203120250067309696403020873331180665278949667785271327487235383147661876933958815698623439115595
927 6512638600233421723917288436398892079370704808398939905680620623681387305122834448314538854560564015340840139551368949437905500907365266659807435263840836651891416765911863051145967295989917197079664919694257761397086643375355946715774444452155899370583045922864108981380767532044441106679113330095154444113586266254681413535425302501212543376393531292563530340394932
928 16369341248948957728274771657356284607978540560339659471663025441969978820149089279587032921113008460151789857948682024031760390577648618018236880689887488024138986958428014162829510296301633896420970281178893891003557064324452807005723698026036109257526126430211436820727365333131446622737156423872450212484249475412917203994280208694402436177877900469488472954588274
929 41143968812007645241032216626476665509517779744694690921251487373836495573586732132171885084518337920033184304171445391387282089623693862625577630865212590855017349493188869542144648091146932515061789077694524974311677770754445025062669618041177199611872044904274599114270157417683770943566971100830843234973025230008426421964743016976562790501470302299537004376762260
930 103414614237464661980072624908603563532284388487225849923577287220856472973089695119297916420194496374012719699359047845039967037132063803242877771233648408525401859023563268750822113145235313658072488914958289160768883328142849530622757022813092259292739141602861735253717143974601775287760087044731018119099516281975828546984086920789096634701503099348903539619901947
931 259931194939320766463044013349531145656751853993902598725781894183299040219531499572553379733520275578027898663037157562143352035056324109445747790898559735646328959366195031188224401995587961039165775048568001084508609422279733892962504721628189792120548892925469189124062674496821615476572824727407161996310900804905360600314426285825196551836619188755516327831728234
932 653334574399099598392120891261660181072243411548325107649348592738284278939751616565445750693065484009744181110027548222124479614761878574306978648617719746552834326968371011546029348089304435566596333464211566078331230432624044103491125056180385497471410051008084264660766690395876119376448936108270382127332803481416863000393937068306878123596603404932348338685420066
933 1642153043643132114104477239916976346527964822196312463340230632168814429300980307492508268395062013475767096192753629561355783553139547125453649981865573800639577191347834567647231381066306631089323863716711792552930933528571027209347875738630184537990833427979418504873454044352491261386593776025051059103115265447416485445531213011961603402423149368925268984445144695
934 4127550215933898942206526238525042780577049860468730462273175549098231379593189484264408070144387118343246042314051546546267439940064342113351179719844253747613786347550541214947308394710461104451872705863825676186869837080620502047963169452369072263485263002259570584952374309122401498624883261764071167113042570671274456755925837044725351037551028516361032376512662682
935 10374611631446022624206159080380836359956397079283444679250138527594808986302781677801531366793620653586184339102970953073792015233090902767763695235567585789184350414793178401422945546565998188685341569283624547497963406856625248416474290027256772259491796868466519168083146338180257882573204842228591697009486125045169226707833034718426989725963637687656123926313931310
936 26076666660084462664999786467136957197139611263877940680265929519797980902016261845168125639955951810615646247224781097274637484519703896281476623023603796804199156018498336704344771562227694001248983489957595854754025146027233519927261759159075040654870087210700566992688056506578026074625383773112103659655902069721573068717906538073117236787321222388059154326917335160
937 65544015720390453043608290509679726834142817510851016567165107273890821908361499402582144893477069279742332318712181712558324452429529528610106741478216508736213285124819155260064352553364607522418525630965865227851784499669242014679687957416386481604998542083186954840728813069930062171217544115805765267294889729885355228138717684211971400384152161900804454165642130527
938 164745954282800732764659406357554422269175513049094486732825642415346696105016669593502383254555516579642123796643749633614190426805621467300047562316591191510716551051888073964520708583855755246189581363198239354380660543990693207892574747809304875540288377038592078185954374619248721334814415119001503491734027811383872528423429634379235924487127644863525376728767462532
939 414092353159495697577437501218389921755300429299411213134537818712422383473192166660306055709968529628473145907297866692316674865912801038776755591079648012636959588768273292888263357992529290596628809140284174715104172746286444807317845406713763644718995587775194868578915649700975845691284873908771271577458780554423848923364091736135925371285461646077668110082361112979
940 1040831438222102138521634534171273338050695076026579388859349052929294828645584757190712067290968548578163429058490862379330543714807978182040037320786003581157951867963301719223098670635118573044890125715263095945709749732449847642749613546802647439144905051234174991021198358965524390498916350125670332168551815847554409606577963012968165166510173413994950190151106072864
941 2616160170147601726152021381128345213715484873200401358564719644383968710434877442413590871701636522116740609965920752566165165857300137319366807625258126108421501179931237091556702757305571116135667695996613827789433480146531652723123236292866213386910075351083918373241704707617126756954600503140505442806075726297584558681225471005246682072633122912734504685450276111120
942 6575806008512663906705261967069453094841336276913011106612592250148596557892400574206937653282547018538002116194267297979040396783987610331503988441075163300437173174336040959697121049620724875807366558209979969542022202193368026502692153980970206470406541262937465694577114440149642888558456503953031922233599006950733509161164047942927481990289122292194747670551580143755
943 16528536065960474179246115306837449211664544527582832094671684078143094486393354250256572692044192785111286806495978958104169382582515975999548509652017548964350419900410194895810158311292924419629323648255680966448227153541977386544377259372399554899915624622623123190420754974124080422772532272471888195227861337273593639218092779921992000227831678029715591725271118482333
944 41545167963776725911071036119825499455485349327651688309596497713573259766350429565266907291731255207790481911999139838294544671519928983292110611610723518707958492758603823510175647611624655048317101532976919666775246229354835430575960065023260632569314835993475194668610584458211150868598149612997639501267801221915976966110024939605554861772020735547426415399969412026932
945 104425696162390697959157563515387410048144181010347482692788542286163669617136754846962186510899028158770673339313046934050883195754649495721855569261197153691268423599693018807419375861005169894515892802350215278686763502005622047396332214428685878550293280859264125980198717672804510344335614335634164620524851177942539590179513348816760300954404461377800112695939531079695
946 262479245180229664975798117096224046238834168307418723181785246957157324796626680181762543669842410268485022427003167053552604042103624920827136029551679451944633935700453744924472986757189992773390636186714177055623360109173767866749215716645820903237124967173252646809913943679636580646382543707983138464807119440707449243895632867531291455452451194165102196357402546475144
947 659755904083802382371223437223518068376609962083979842965594726706951493051558067861289437488029113588690169944131576167760752614943068258017841336064336637426870308690177521666518484649398976801901036032914518788085212021106548354650627040354251581288661647071600864177914535826785898657486320619133991087998130482150806076718669357831235750284706122187921365113613331747975
948 1658335234933917721238468625702795827079587060365735764923818548955160715947840872203707049160780752980086949862828891584972332340878739931499717989643809095511520650452184529322327305552882495658052610394501237557006199463466630809753505952752075009746880790872025207619820761702616964569360629781914917350175725166158964909582994305943482454972769181854824849996022038628448
949 4168330018120225813621050932394460192930817407276452753253862861624832674924526432031229590927603355904507171774863893463228060246899404455587877489605809351448108425302299869803380276299477667105442061452911836907513217151332332143776628071403851383138748812858145578250848986866939895633632307907361576230254321653531821714911661231889276476759331915441921989344213657418199
950 10477377372890822697426324520316396670208515724314092925156933808840063305758951216915376929263092867629275865190113047415454208051086026155647938340488982471682494881455883417241680469636250571337598708478211826925861513242239392617159685365433064347871061736546992149211082986021180789526998538558998839113811055804965183382347445396926201778231214741897362617594328039095649
951 26335635257983220191389159964881204092942360553143661728249403784061886494401612700748377869234616997620257912580410461728314704992576336930495223311447489156067560248892413751214982835809232852016570623149550633452112348142487974329304563886154045160615972252955347474095966349376536792292965501142521518306868918378244240120894408026042200491845391362913431730835995021963572
952 66196607185987962688490235253226641995200109670371481586455637591482194610387205299839847238433002567357854250649959366166921256777408744631546719366390466157939481962146190785197600097543570846075850454722853831942844747821999015176814323656321853901844786904169061361484477857353597544559818368522824422557975858833686976360715935783656152382486785751388527587143126662546647
953 166390444338594431878204674190404555138079420152118185696399647834422101795571681069006199738993070589393263479324888750088015086022389105181234970171123319155341241916242325111921096651471265629267210803812152164872950444648772389305949667995150640849333439717088792289796933467927662636102113252385989434509937447278786037674935343197713628307417559670972747380791024158789166
954 418236324360133162499084952742800639174025872111807236945369737579548150407775940936769062645891783064848361943773316900345327375140139229737090145907128385203868778785253859639390539622517368920084928333502958470446436261876096078197874852455082290550969411157600887597862630454968796810375414791470466876264473974037394770501355630768730065494169728763364732124468431101617344
955 1051273778903590628996508065767750244622509306489471399653614786184326479501283828156735004881182506164242468162510079004694219124611562143778372327264777999067101950857695606245898529890524206870773468539608453323588206802355282079116595862882822918011825916948053137519850389322654391217261583523033481810047612450902036101482556288034904785922496571963343055237619331078896941
956 2642473431358540644413805761778425677136117908229995539119523142743941495466455461966167461058159585303304500285713197476937421886296081109550061474598664227751019723641362361961628610630326802731333326289932857290538014660763075018100424024626978817558074877388367701458191067368797015554515733920876929601840432979040314156155130293680026576533154902126066841945049338857696042
957 6642111152446959376586243872821872624152902731313017856446916409558827481098150102571676321338285503343577641645791186747848917552726615167221681053839077778183234820058857078941985665524977016114731020306038819212305761229812482766334558325281496421903312911131875606145156727024548199286329333479135467301677957498340828683474218525350236166979239604779700986750119293499684385
958 16695612627827014995055311036981233649497551229533799770995930149400527970422818368204998062541565163385716820006335377924005520198844290476319410041502321267812057916339953791319930451064982742487226272453922542230212180624330347404777377823737050539766568928163429451721953369161841195494416747579982896324224730231798273674553720703806973121844375459173529086714842990322598260
959 41966165578639181473052021360215473861277957838660371267080422529797801786539401239827030044038819807937577868307628736007288016902152488801539121436851108570318977823852306444893445057016622430972011080821866954835725035927061038191381776247538586408965772774295734226737915350089295364840991689692332053113105573950560212960626380603215946744013163641477100837877085575829319174
960 105486510973176268814783391090495603011838118030649405173422291608892678226638319112800532047379751618635294508163757701150497282734268480500558193136560675632207137945042349368121610717391449620381292730799740563531015009268846170768331959589089677450768513969442409660985254104359390852192608898786217838881949929290785311210849013871410717584043999998747280112932582999819802192
961 265152223168294009126162965626741116516095209185111681216663936478537803492839489108351329986114893600709760955423420502906710776069159454649082965629309803282347924263534908466733918565151002131802069836945537833752396831470785240216343871026285806583046295346016414971333295957117512731571379288058933275028490179996127298694420182367027843789949898820212203761048201182891828110
962 666491051305636354150183056634464910382695162463456929861587755011193020318771260892433998082989276427258590082526207574161592387739094787527635952614288212456391524779653823144911548205420393872414971638809907150726565713718144241529962643782221981345266975725242783404744333775028964866062929422038579736772706906448831317438177554237384839031735083739482790440853851106211919204
963 1675305738980259799122462087827840082882659883353428092801413458704790125219888504709220426013937129283981039367835141839849254463691618950757087239448126513545025957749717313811808392122983416348385659761048777503570947461910148570703954168138824368641793863681141998257382070747357596264585961249094212060359064906502437285799309933748687685527677878698045358863609770697235534327
964 4211090083565384701768210573501404219396755612805661504820668973329009024062200509155768074276757497591127942353838705429872230459731246843846320584006876553492847806237225458106525673720598085653889171256212194242693022082019368059418917741865756884991683915243839552926862911957683687283302499368199671198651403416443604961638983248338965784853996899641251360957581901736578359595
965 10585117624543951633729511449039120748037225399216938426347238886024842893107272982019391447596909809447352041159057452911883298840488587235618608749577734038296524856722217519415449870810571755540220136559834191196486653735819061165462486685902787989795237206064842126156565533291856225280753128661260897098061650564464161316687199049828329098428525433936475497501843390331733881149
966 26607100135452094899777800133573539743034152221216656202701665420765496455640668165702330742628817825239769551785411488324567736362864990862418258836341542384913077499249260027899630271171914400635547192269955519698341672909062548433157889983363037250564934230629362093304017032085446007071749910336513514446710682562565882713590345937248903275737155276303377710062390617314157957930
967 66880590301174969252650430805765054830614949969801050086800629164216465871227891557577818122419155716307600101081402487776995624236514042745285159509479407071970408203057399838475711304246626965709893053027570693497589058271778533468840445061227073886612908085703630824529577857560418920480019210314661206917943550735569100861963777951722199599568212126496053733194107015347561464742
968 168113793260970688519292813169277888813438222794589348655877145629739431536763485060222291356560274333236396079234854986934593975451979196970071964076995232229644076886063477553153789520657568464438050757105762958895960058587574709654858758097637251377264244874986889200590774562575761505411518525206741581324980985847834237167974120281960828740030741451219466058259024790982672440089
969 422578398035347446084790247879071022681275463124217130495813735783101638671344135762504333200808149168961401712750422350904504730977470116464929071569179118088822418904053017995583063205010608582792005270570321697547965042984821915446673582613642671185841999407317825299938482046878881303287568836163673752071354596085269685003256161649049163384915776611509293452672752709252928182857
970 1062213779013235815106047230222857142424444607300002101379137045167913615967311144570179823672771720508956897924781814921131452602328216914094079723388395448697427187607003187023478030034690829855266631126670715848517223379760450397786692497212664488203529686457427382490744474081055286722261319720515209815889932450037491535309930478362590362157292694451608715498628586526288342588518
971 2670036886905241934191121068132220122878679429587738773248611064607027336800669808455350384882812488876872061066556226535473163297042430793990419614761268380122833986783836936617089858197869936459847692347242346448770753612693996834345083073012262324949826307096406722778983493996814052984682183310610693412697087212699094988087658427305785317480621918383682164296039055812639669340822
972 6711556991371961604301645524769160602276176627666178099376496422166298090911473414128757955328534226609781665149980659336632901477429148773095975391535364783564905898089316735903534504269075375292332767738863212228155406922299552676965366289957328122919628990012404208640259611956682904478610810313445568539432382618674281437530994205454457279680425977275034598400391164359779143904896
973 16870579188365704477762133062192013935382212023209629607619377079851741366531642583579686894466220868487046210303561542280514328459365782275553057175134694602104406180466484111609586890366201697976504024812225981284499277013667290790074950722260040295861969882989745309944610011352265356040833902945580596391607535341381652572371511399158900105206369181033975936517742695979677599876189
974 42406984442668384222994525176783013394881824815062242208290866002989502254304549749621403242377528576917264947050877363951154151761501983285303843599325442491009383428915731192540615959387965370773851894672925475303334999927411738825498662253588705886456443674377027421916553840409846733639849177491838143946490041581257292791856656741145484070549011107123487371960453173817326213453339
975 106597121046162542487524796053326169001132265947702008913352316807712525771550329579450063417893336586179808217224789799827421441004576739943094380519293192085448267896556830602204547116945421976612697491294705188861569011797162620656134654788389451721616715618430584200682934343409689432328525718615616561484357244908970056647033010751436130886551195836364397474157626044660860263927753
976 267950298453699016795880247548016840723874075827554394731873153954201108531941081144518180170452428195414951144872479611211259776610659955017245880630508928862863194537225325403998796530670786575520602194370095065449436312757615442638286616217698258125781038546706990899194096483274386324681987717907026041721201590209874463679812221126267134344215439251698164395062662591775002348785355
977 673540474168523548023739260181170644428711392272827618139157698582781030782742003775130996593261712720820002397553554536086500720054191857037967811202699623624363140354238277885185601106685675302023018256401882649027317307285632336298586674813540344357147291070491598715464783388350039371296952547735429159834605470260308642966130184507560908828432947641024506272134680867531756712960547
978 1693065787129788336096993736529859312221606815345730224945450343933536123044916412720328407069300377569736523205637990091019643220804299187507883985787745550878551797678290029580263802824400430338109013295752436920760011903694829471873986405993227249464333441795719750932296814863988019371318928009030823599051994092627625837840207755906234315084130565333213065756087208473197424435638944
979 4255833707159407433883456522904122183245306604239610146878248232416620597698859385361186270244159947478065328517571360344204847418271798587884080229016983264730262083742291318648767167553586158011191074324162496555734159510898496002810439104940061339306229978868480595465830314092408123441561055561209710048284476405046077076897684409435065756400790932782429081784852807678813864597159916
980 10697841168210768737526172179203801846166942776878997305329712827678590066026018184257872638485840498877681333794592186173925417789658839190480734919705214443705318654196075940865248537696100821804297193535630153301335694157314074586019216292482258248288371559497834153810920683909213123791877303755351870067855808033320415342207008830035729386066603006588114265064368001859286871226780315
981 26891084616711280104074450880184910148971815405432909522844158526965470477271176023636835190664473298963309561538958553883546084877396242793347022932963068259012509115541804227223571203964068992286820279562828054575644153136520028192472769223019773340562661399958252387835960294925196425205776953404411981252134366512605509311415080306297363194705027634741861047417408636488466199789397074
982 67596026821563566424229114643582702364806294244014274669726803113633048588258105221360679428501327252160665035923795874847002019168379463783453236710760457144610147232807316309654107722890020180001193341340532633007216089340843054521871805445696101504775272195275247492836978892968377427187973791080002694491479171250848184451142038494881641106547117699350658600646984805875046105526247300
983 169916164103988649678702008839407260313804431516781655212300833571601409344141551601109015025335826820270253016528257172589770540632092067672086508419391931864905756665005578288476782497360960478643791542656621547727637445621422966292721452908058380492205186388039544160498150789092147718896054245629788471540919371747730030425643532770111253424791738885685694780390135197659262094421319651
984 427119003614772709504119928197261106639103531175068614692709186525801147703449990725175266942636919356976780148969938801957052870137813004526294240398227432501624454896023477732675260134696221451351228983970757303510075072318668517178772841900816227239316281297401404290851321770830081485511507140881365588340767711105382012296401407319285430389153409506295309633552477278861943022466592865
985 1073652566943580883180321782827455348753116584274883969316620330141857628495041829596132926139644971753897669890746805383774895707527790844572025700568443507580275672039732362245116504129825452019104784961252624338842394103352602713612678358572702296355135316619472120795847853037000249400954241733537709173201379554614257495015206958111580001064686924360299064535594265054946504179335704354
986 2698853495651993542563194389122667392266761231690407157375958974883547893422332832185861908710628782951019139593127410841051252325191276477025762348132176565629891441228689176769423995834708832938225677242435427753246176265333434559047327997844000430105070560911381147898166728583881273604523212420284475777201828025916795949209842803457888114421506976196653041547552813653957791664399904122
987 6784151269263225519351398930122416430125959541243953889743197703910529656345669231889082483227679340332166477336580759191106514916058312338183282362441173505969960053732534740644284473510823488355242323812804205285013017478583422096313265846134320415364541893902735322984465982528406711674422988522005215547001322807144443049873780095494281087939976807262114176590035117468747039159638093856
988 17053455979860398588593419876143964720252199626050047747932592944037278390721990864316769837899083417799359260385936888528319098320456213049485725299251312332443827095894020685721648911194819811711241558446484978287497466672595519893012806553368000399196098812608501223183615143306919222386157782580819485227370455826753652917289808728913174469084432705349041428111235150232579067526092264779
989 42867677330804466563413355839249206160576944988894188488832554553509466563939293772447939481245998550677715543060100435561661603841401057814550225025242014124639381457252746286534807171635187704965139829066463783923230007372688928995045482084967997763975839717855347280618595112605020042312382740282433386014525323867101268527038228058905682980209327283910681091886732533809533150583715916304
990 107757663837943700802925105703994644184031337682260797153721917718524891083869587993932770473507573204036780054605406977858820477850489499603989422860148474554614737092019152832209093729207830283867814000624670943355250595900502478049701710586306960162601952552857398087283050613661152774869411563150747640864859190308787748440448389007323854852910409828104558235702274278414042511418309621011
991 270873828560831254316828213668337461498980636482140376461331329806475662218251335443057154648124423047771323515688153232963754873432198891625726085987123021663074871564634189374605277918330952034966791391565391177049891950095351094257013472185182766547169457833501951620799986213368259949706213241192464063752831586063633409958409651634768478784486641347553429246179701983649204058696716524448
992 680905101404227603665300701603630980232430100711476638345810730774814901843588547438838182421924764960409443118575863835535027493892764016247715106535305316268803502356834300490159824543696849305735841972408199028800216187825848732047698908227771200583064193351414106506804572120490070894125926051730132194480442133453445970616440381541605751255510764492312215611089431019900074486374650327685
993 1711617789051705212640970534464048104162312712206946143608132220970442019205024782369901219962596440717249101782480520700210160747746559070861177166000899862652896233391234889588896854117528049006131450970617593903296168282683396504538260304807357440719129120226033705253592719610274807539408439360108809879613421875278771597510100129996206405926069847974757617317420915145442504244045086208863
994 4302567134029187623500297656488441205709609724423412999701610281605841842053444480575657811624776497761875787233393957273580838350922540625012859732067991103207734538881145733062722362826451644513020702143875791545409136903419705680695486021146253269800534400130040636324331320894205817436214276849265749827713108326689876067742140847999661954639785163036867113003713330154193815411482308916127
995 10815564172504170762420781960836019769976835915154372682134122410330704722721938209565386664082932267913082989089915698218923551469763408367976852343442810550712693443550248236002040683674587157893331116735683825250228400714773391757852994185406544856475458282528269682621973481454115572183006825190920023284965709413954148876050211363579242050583830199957675386191564435229106973212012183924748
996 27187630521372220672486123723739706190550870767027605483853075348283230691356557346378086910711100546748887783844875034161736662138044915563538114559811515256697304300631818388216101826307489208601034719954963581133101159245820832681754306166217569194357163338810201640811810189491848986951847899189540281135455585414432874757167141302734268489592197586019557117535774788306164282866251220931490
997 68343024813013202578979979480463293557730753604095524409680164550712757668565859879287805614168481247999897114324029626085264260463096560210947817611691096227482490344408993581693852781059195062456148492407558066223725575559242129121685787352023327658039368828554890283224338371715815378222853687277208153513571149899698688585027504779405721423169405281144706338117157860240591686016884974901310
998 171797835878852838025891967747835691527369731785069900648014531882408199283888615448020894909876304271492253450498309347357374291723830913922156866228883237366667572467852711916113129314961468266540776750800350101418945373110084044352028308850251933442334800849123455641440460384208637755481017647361712830814207536576029367538447698634323688817227143756104280329806791183133395520750419697520318
999 431858860880005073914515599474758850260842492363669901479115849250884680788962470336676990831706740085331136364308679607224504116779936924741884289961307182171491012781474605332592063176045076584082840679619879747728262260356574547208438769594339520635593682487678591463086433719658685398613855949793314184647132122640842381837829486193938212241516915666627028708167707047322124680678690409757107
1000 1085591998128076471391462622138809933763626315331938645933134717411346218972918226617569019114097946855879091232639990732267984774714202346936649249498613387303463041062302567021725604020033693016626705479496046892063803963233672595128884611690714795238184032128477622709712464849842834634515548809442078138641921229695738932492948193209784801795318648687543110668184140294582920701233553399055315
