0 0
1 0
2 0
3 0
4 0
5 120
6 1440
7 10920
8 67200
9 367416
10 1864800
11 9003720
12 41976000
13 190788312
14 850930080
15 3741028200
16 16264684800
17 70093951608
18 299953709280
19 1276255985160
20 5404640136000
21 22796986414104
22 95836788986400
23 401733800351400
24 1679813323056000
25 7008633980700600
26 29185284797017440
27 121322679301179720
28 503549113895755200
29 2087016565882903896
30 8638675735904330400
31 35715036342148498920
32 147494890807268928000
33 608497956617890284792
34 2508001163539794125280
35 10327841879447168113800
36 42494093810754254452800
37 174705345875408640872088
38 717731262273826722274080
39 2946545952507023056805160
40 12088609787453750106192000
41 49563964747334990687062584
42 203093410232420490518920800
43 831722143829868948071929800
44 3404277334810856486004792000
45 13926648183202884932825221080
46 56944698213599198178655681440
47 232731061153304840996687420520
48 950732845118855663678542483200
49 3882164328976192228714873280376
50 15845584642987190280188898444000
51 64650034160450554863775248186120
52 263670876879128098356840743880000
53 1074966339244179448559146448341272
54 4380996287607699511020867105768480
55 17848507658271335249011957374911400
56 72692116942864332862182635038780800
57 295960801613224869231732967056272568
58 1204612506930127472928226698172886880
59 4901527122866504833252560650991257160
60 19938416545481076283786695589882968000
61 81082897399437249516347843875365311064
62 329648511415637380577062335741961303200
63 1339861723608048233439905261308365460200
64 5444517577727329420661369890257403008000
65 22118352957103206856260333660770895661560
66 89834542147650168697270829819348293993440
67 364782689057200658316859830642648478333320
68 1480908835622950216824604776872399521051200
69 6010747652528021532279831191408131517096856
70 24391439827265021928600066644939749736205600
71 98959556107583476772987067091680277349665320
72 401413411410824860234502216531316154495632000
73 1627954392914442822211936902165504115106557752
74 6601020558759845653992779192426651937921859680
75 26760894177410068998515591274878799906675021000
76 108470824460739847495586217298707205074694468800
77 439592288791397131518844463096897865243477753048
78 1781205118789024791661703164825344734738625547680
79 7216164329131600925860469145037127918084244941160
80 29230032730851783226543754976140158815439695264000
81 118381632575913075644250979833556297195041254759544
82 479372536899092269027093426170921452399172620133600
83 1940874173933786293084430247158999890347721138542600
84 7857032800950012387816068318748135316862816490504000
85 31802275624249792338041105096616074954003361721622040
86 128705680177552998920285316648271853612164983599953440
87 520809031428643999155935291918002886542284550603518120
88 2107181368576810395947657807964837279096945620652259200
89 8524506445721267326813947101164441467067090295839953336
90 34481149668435143684892282954018799540937097191089615200
91 139457094215618907371825652823568928476593361461854536520
92 563958359029011428096702872839815480125413513468792984000
93 2280353364779221399211262717960857834148364504249586534232
94 9219493173760581085740589264374196038694322623445298398880
95 37270291553589770316649259923116595289472109891058742042600
96 150650441648465914595593545557916926708959727512523538316800
97 608878868330039312140910828462166199385365371310868522913528
98 2460623880264096341344853585777011155604152878984382320256480
99 9942929148829825719003681947983585427530335754154398363457160
100 40173451106406039885784784131437832092488127495325217507880000
101 162300742469949805311362438749486888822055498395197427069008024
102 655630722057037210335744551807557317740905053813024061919412000
103 2648233896936904954246279230165886403371183793155363028208777000
104 10695779622582050553694437735358904862774594989655550582480080000
105 43194494629664125463312638016661368266212490589551232483312702520
106 174423483075994740091710672759645604090063835190969682876381561440
107 704275950533315382071328173815178753050452696956282548082352574920
108 2843431875050557120408239474865824864729528423345795158463996907200
109 11479039791871259063198769108834771781331694992588962752788347449816
110 46337408334160698709758082182042750692461113341176300661607550672800
111 187034630003344051533415980351733203150780956084459258599597524399720
112 754878506680177012934090451538707319514654454984024494329610144736000
113 3046473973387898497276634810776354425229720181626493525554152089870712
114 12293735680220317061093005253420351278259727492863109522672340211386080
115 49606301867556043306223027049064296549763123279444893735204808609576200
116 200150644056922918507298618376068204416807971985073645738211506127124800
117 807504322574485580403689152506085204550976453755778479860479885289354008
118 3257624275685114693266924781382485204494359264289523381708962273417013280
119 13140925044289138409397690798524772623889792444842242405203594380252405160
120 53005411943351242365850938713293889844573873852031925952918321683525616000
121 213788494838183634126593839005187301401107593812959587626674547800001656504
122 862221367611848922013570105635252192774531525442640722614198647067203138400
123 3477155023483852403458321460360663933512084284077173835421280708486753763400
124 14021698306081233974011112511833031496214200443886039243254922449344824536000
125 56539106072908225767748373489309370788647125510434688009974167881758158503000
126 227965675685966039656709925615635116895321886284160119256687963102180366817440
127 919099708321196635684176305595321253916441672230907180516135338431086375103720
128 3705346855594116241362770252893151778539672923794952810151133455763469855795200
129 14937179511613783125905414953011823608564810085004807641853498668838970025186296
130 60211886403404403227568970932327964511669568715000638845510724121396255631378400
131 242700219041414690005294315963051617969087321199344025417386076673484728480854920
132 978211569876847050857456341112153752345017347235276453201257151727146951299688000
133 3942489054352141313719111073664779859415027819168322125311458252938569981298167192
134 15888527316787577535592755397657139039752400547358946372770494078386059751556821280
135 64028393664666358780093750997833414225655000334961689810319631577357296022671221800
136 258010712248729628204378317196229525301295172461679431266880836964293367661257692800
137 1039631399355175280718483530104045174667973270897843286490577810951583731029354674488
138 4188879798861728181069545656505262666542806031438880934775247516214598495265995818080
139 16876936001211020916526398638756928182960572014838745475622143177298816668688177385160
140 67993411227900516312567503398935357604656308484226015994087936248808789027880193272000
141 273916313803827795465739988913740871936070097849405337438628490473073955475235726304984
142 1103435930784214101605352493444497212720283432452329605502186684920320042686303735312800
143 4444826425412468082007454884560019745986789478788882959242747640712877652645849311101800
144 17903636510752319020148234010453754905423632392220743066607388274784569321926903216672000
145 72111869279419062818163730068567973397108748617079854743438904674417969657987933228623480
146 290436770063315398129552799746903238157657143269104637506766284140388429449373571203721440
147 1169704252035818179663616711830771256907333931999333771074945728976439911477781468680704520
148 4710645695273499066383440538120940035526970329465696901128285459538193790574855236769723200
149 18969897529614901653873440797652814584444947919313757327704650480886824204469357662338762776
150 76388849112543228161069016308326286454489908914394742279242593249073390230361056793763732000
151 307592432426507398803062253988599410672252456135818010349027107455925988401135055394205502120
152 1238517873611367539776355981848830323304638558760294352886317281146922734293091490851246640000
153 4986664070066821937147258469652678371384742723191120352994462666318957361865158693132373023672
154 20077026582752694860108152221858599341639649084785064044642835103937759476143967595306150704480
155 80829587540952407884551103197620048850243792587177590621662056958957257455019127296478680579400
156 325404275003576145308764494086421331800487538075804577762265241140829593740801695372781966820800
157 1309960799373370636299436737425894083055086768321810721398643397320842781639302422141008776474968
158 5273217994929746765401317672906289842980472163448958595382234829329172741858069053640824056670880
159 21226371169464043942256641734659286446752076465056495091777408116311052891303842740335611763997160
160 85439481436836403291140078902176385890938974174329714753386193691245170683022702074638572195648000
161 343893912783266523251528736859269437521030885312907195111322170810798323187843599327745598396553464
162 1384119599276749733349502622695150340921048134248139136991503891737835955964355400848889824699935200
163 5570654189681733494758015772780131415204867901952321118610539555400733831864887002702025043778392200
164 22419319929025872224431185792619730860869613278685969369408069992015902987483789055193023707589288000
165 90224092397299241879197752188777097013926868127718305217776724518026271869176229187705748159972663960
166 363083620313979979442310239940599434013281260640249365006139452533333303368611825857740999806460273440
167 1461083484155051965470192391267439855005870328578185469921567359700497596757232364006863012398638977320
168 5879329948216736052681177575657710341487142106682332956959160711322685479499615969229443747061519491200
169 23657303839253056973916085491521638309617238284515668696269381270994057810663217063158120898827233779256
170 95189151542556678948398881039773658549153675864348485865013036353594958784740251536960036479922299733600
171 382996350912404520004440222043735621335087613938608577806459881256070769529287089726381589658949539941320
172 1540944382618329296860857584389746571444555825479457743652374435515563670186065249929056697667095214392000
173 6199613446348162054814965676166610362435320971434273027974037710959541257348471740136842702297916956040152
174 24941797448892027688743434239501222911858508157299469157201444578529794552661668774304982979331848729035680
175 100340564449565628632900267196034058838673445560879908814631752907415687162536690935599116765673905751249000
176 403655756414252586043283782704754585776875026701373440467566430560804059759849513940672621783511855531308800
177 1623797020120970630219795347424291462654631998414770349452526636106315656234565824196241128502705784092355448
178 6531884058339723665065609084938541501042484708183224908697759480962766890825722149993747760441227821519571680
179 26274320144782259237007503845336170178552678355350944438100281115640623053146482626544438422690208431997841160
180 105684416224822495255008344291989158297744285166221447274555583834192814796451014241254624368471389686457544000
181 425086207482063814247940835618884794686944895589536172595602515671469799600480822618565943150157466020646001944
182 1709739000259350589903375503134505183728627886839915044835015160760286605828419634718261141459480674501201005600
183 6876532682361783691259897331030252648363267262477337172840856581537652911889415943390740824103289085453413234600
184 27656437454744660091625009711530865377427471330475110738540954656037355479421250614905566326466459421498115184000
185 111226976720168741672841234993701132384955508490018455407143100754947545985780462430779522933759111185274320224440
186 447312814485435371916728260131776379305278196126820170380481965556618140836715945918387645302974476156685624473440
187 1798870888360783108568361903173515648215647323727217191817138361384729999463968725551728377900768719339108979522120
188 7233962075119298917879229735290889012056723769657852809767271597719536865613010573506346452013339861979579125899200
189 29089762387181861605940007225451272508905021869866215379488403305284584932896442729327755501914259191905247135835736
190 116974705895546110161452260754257747524798161137014143890528513496508925976039533918101091335070093540822423511383200
191 470361448969459095596577604573548672879584038103764288184405510323120708020132789689206664929763737165961484685772520
192 1891296297426935002189383560962791614763786221757460909721517128881615558033565520825930523254048067476615334671744000
193 7604587195904134487969823485860347829367140244787300857603820806633689104507450513665397842131262619350743243168816632
194 30575956808402115868728440871504143133582752436429929291530225635458638781268277310364414780104070619325930561947814880
195 122934259332750775142310320916410594712013280008857422811011691760669949319099738357298093112390788256675048624356830600
196 494258765727572347238827422055842320024339337455811254150014652707479171706695226124416466266783819174302050103467956800
197 1987121976496566375633653966332625025376815497805622490378507521610190603226718074855405480327903439934434213848319915928
198 7988835560331373449247992147040644293880960025646630526617704023749256541098638506390633627643834524952034347742224520480
199 32116732858705925583845471209705777387385005390543207387433699187999592540540734327038606327611594107573505028381224517160
200 129112493904345429482795887769753560149880132633108632766966777527604895589808458355414541936904164546342629771752143760000
201 519032225495468626520839540018958330536956315978491009312144497928255615038482620168572841221043661248471912129383588250424
202 2086457901494222140441982047130124559337961403400087983637361221240773330553777356607158024868301936863775114055302262524000
203 8387147604026279099202423529558751862930070087295416532196476551008103115104346058402581604310163657960445889370796833229000
204 33713854408302678546547674857663920117975720759148255091220365992460595877497121432141900901403923887149171202099945207160000
205 135516473602000962785142620504636922029220780525822240336870220658107972981910025928708806703698405366220121623461076680904920
206 544710118283164845536378160634583116224448644519706050822324431592651206815817209214546846738021011523049263474004410104321440
207 2189417368633303359728743339876746630567155039857228041609744828033860419612523695447367655733573354783280382426977295791938920
208 8799977056535789349247896097225283747476006847083438515965208514947678122171748648399104067255297685042897911661081402849747200
209 35369138554153461038323275184093715186761357833182706115642739618389315304447499620053995408020553688894345568846040204950532216
210 142153475528655058718619863447779764247871951712643513625560546273442371655334552379129736419218894328071680565098150601590680800
211 571321587362785093135786503221671645610927026725248477006279431456226834083010243540226394497860726554425638963714447345204595720
212 2296117090443799805588374206342783540197689029125181664550982393159997629613820078232210331859515444920336955100725698527327496000
213 9227791325745836954534409586334444839918825816555205090696972278829889511606727130565190691718050621395874584423364908295612953112
214 37084457158865898746861289350419579735374441748855687932510123028237227964585171880320032248481556534456569203175029696486383042080
215 149030996058993798702339761305126560766406164920044398389923549970018077246089957593842714306212910727787501086609027307786330924200
216 598896653930096009668937460481968433365247578201404653927440596763587968378874011064777729845816485292943164268754856160021533564800
217 2406677294496867298114063501911648469760411351880230112121085867503961593281696426118451579221170188515431333538419934031506956756408
218 9671071893093402230209508644380225667845001812352921700217737260276131634729974967428540039288814423904732434741829533596279931517280
219 38861738432797341071851053114805293112319102075033694109870082376808883754622061114841092227615811279580712628392362774123203149625160
220 156156757172884292891456286579271118334935752603584822093077313082141030429192589090542493959659772246936773081502756275807340659096000
221 627466242458316885982033442709609792042267154777265548773709864449278858568366868644571138904145011186758623038599377193338796816898904
222 2521221824900386401592966956144282196841359114446865555664113921118809971881486267329825628034442830834791615048579553543764974828490400
223 10130314719870021037031200565004021608788781042113130878632471526407350208028843155591486384755854421279515154977072457587797608015975400
224 40702968560553985870762133219323106176493852862627044549954409271684641894177285444140414801694456573513096379560823224182201289518016000
225 163538712966511550373597856707285508044594784941667243887348226643121035557421465767713542756500097076022740590204559748778477611944305400
226 657062206763228629056588722127309355671635232806224509870826107966059308572310624584201084495106193053287402893662264573013589343227817440
227 2639878246641644226475144069636191618132856769402486972284409824417391234436772913479154865440448583441450662437896857956698743118525827720
228 10606030664921495746895733002854537751907431834762230949292498801242963824441903605154847248583010280830105638160627557213948201764191835200
229 42610193373105658351563558908060398997418571600135318851853707536620609849661404191547349111082521169579410254259203887847409491164063468696
230 171185056346101334862176743217011974704221942199773086549981383976961650359002620140488331318974935019304270855027450819902346580122649626400
231 687717356799120145272397003201709268356868637433041610986603509396872742730327172376870074150538262263336067115046778352736397248252018010920
232 2762777952855339804384348134125149198879608988096119546077111140011294735181637668687060106575126560452036711123710738374355949148377130448000
233 11098745914056796110716433021724626488944127279876028668787438397042607823824394759570134365580220667593677328260773086379096249552215370049592
234 44585520066768932015581894027646312053552297199231340681947094623764141630254109522169211241652827300934551002969074451672905105284440530717280
235 179104225909242718353192223873129565825196095568078768484660087917335461559082299546167068959647639942751403691744387411866252979257214867129800
236 719465486205638834576227486541348907147377331142546490724288969849445814072480786340841454388127312176234960261082053505874719872008419724932800
237 2890056275097227182958744310356660605412799260694617877021579927544993008054414793562903981278177802755186672340703331842733761000040157980476888
238 11609002421487596110450314698179476376942057735066676502651537330910678908172656278838860823669959985514888341121303695454760728396865338320562080
239 46631118970345133956262608619692404003985616130370833794435682196575605577841820632109121608054261366229208433762681357719076182730491312838765160
240 187304913018959533882895833786556619619156351277493397103865141764817546224667151254048858660814936972269039826705685495647115847670312505648352000
241 752341400626154127762964932377040086524061546319013370614657946383941503988270243930298759136556295854209968134744769144015170303862652078405547384
242 3021852596705880479977386118430407253528375201261867861106429133917064156965370292605907910606914475112734029303503255010722976036356164123762904800
243 12137358363628577795611650029407581152585098228223664647670583368993628971376367725787577367742738734863741497964228958226298027876439917316299073800
244 48749225361734534685255022340364987939503810700650148286924794968333568159435754558399664759347591766449444936378545086633497103006029622981940552000
245 195796069075819032752253778252371053147643350290830432034363893838914241127462031312281754070793680205362241698763226525790969781261773406449480025880
246 786380946818799707053949868573045613609439196284031912344916691763321328753889654955640825897641341053552555812631113881109260109832838736170242961440
247 3158310469337293132395538496546177998618570229590842437259070983990715879196936001297973854281160343438322993043973576144343527331538696494799990788520
248 12684388605597549746301110075199940852686455993503355748904038966645124004258769653935749678280350333953270267346523020709121018953179106735152892963200
249 50942141335383707852080264656858409471579899682753261625741967205143809386707530740144591298241491663201053912249956905822729625592972718049448340245176
250 204586912993508866875824356051661385764167862339161627172248618003441275467866048780141832050518686887489654790409218394994473596963089949166254720220000
251 821621042581931609373310613903535940723267889754757136582889370774397517432243500944779598067832318395844135991880830598220060061030392204142021407618120
252 3299577732759311004973295214401643317780069989445865853868770955857614255252103302966389823285824599444771546401262662125140278794804146799886774269400000
253 13250685180763582289813391892756384620595119218807534674442793862513006527893920329576491114167142973429719135035913838840662140975974357442537780001706072
254 53212237721959682238934411711624220981855393135717202742900447595179490018360838119989574374536572819815197031811958602054248569738164409888075340806840480
255 213686938883460141274461023408889918365432983029311242948299765561629336092916478781274096525015801859010999001861017004112177600648018995643050844519047400
256 858099707516326214372737599885126703940268013782462743393750394673396577890386623560753079474028336242524417627031889998992191039763438852585323462278860800
257 3445806637995247454590524424538759554073153311106962739974135519216891938750448956485830266442723250292558184411689307567078740953830689678597965571848677368
258 13836857783700760206760393798148002833390145886758709712230814618526418857474155766156590998112840321464838018525493986876297706897115491948294485430991654880
259 55561956061682122380634759592563730237464527463046577858714411820792753164060559709811032525691415065249106082111300220467044794119594482230714151556717537160
260 223105923954244815736911775970141376203913897030561386296107008734138706195094563281062065764146163789735594703791913365937244406394630882988696062222996328000
261 895856094647044567805138054280110059742894485801519821557847400505276834630497243630556841230539250848691682751918508632973453598915992185081041986234907795864
262 3597153973908439490650516018718614645400667924088867183896835850307128348670955292853080751609488123416532957366010141230220679925185699586101506541691849767200
263 14443534276914802840321919281267144722440696220188799286923943832555734138518244160276382873316214610848761087659011000967617575230828137941183511411926380124200
264 57993810632783390872167097950639288863363661066410375987545150610530443012105607330003685141064136516043823308175577817655725602749124777601858900858323607568000
265 232853936631630281532186075104839891173255836147473748470522605949695308447575576374754401474012453120490753487283661852269870815348618216219637386785963137666360
266 934930522928507998302815033628490193832375232139596437218598690152148831444796213677532380594112692703726784779274660284023342286006947365536113255330458317753440
267 3753781197321979481907543067350482347019212014638522551302768818483414833641244834198360801264951426634984175638306418881484179643205779811014128331855826356421320
268 15071361211719707882415304000748012829288189537961271402122355189293371000956793547529427141015070775482056213781438903759299704663803336157427030919057956933931200
269 60510390536605991348801742928376376512522375057061635057580173589622790423859117853051936044406988350017187672478104710548024376473357908007081909295805922126461656
270 242941344905332604671769079415042781024640999558859980110577451559607243187860198718780705197074048650249676892225176306688652329604662998602392719235744507754461600
271 975364510656964975793324748466320146280489926928086710513688611731712295804729239393247712335835232086235116720303596044176362007073715856176426980302560885015017320
272 3915854566770398131598292717089876439814325725316367006887336616191026755622968374994114386259943745886889251592128211723555072820646102187879399848497443235173152000
273 15721004363651745440093145761257888473261261406350409439208910835367712019501123191119881206958363876264380609771951746728539900720291210070677093186439959083549522552
274 63114361840887593415172482616625082626785885528253670876525712459547237788681676909679312709806206115967044581347805363063447334219780917185972939420464222921547411680
275 253378824908672820279889528752874439051346487107476674052210874882544275966739160322208391217444837696232222522182318770125029758271002397493455677273109637761200277000
276 1017200809815181067596356508156994171138110187763467399539895786418939271427067080237537873125887472439387791735289853607519044327017275842760008965199890761707672148800
277 4083545279982683416292619605209962286335656196074904135757383676350403072097340401157806737042914972433322302889195137383781600859683814010018242856929050339171498957848
278 16393149282818570248799252711167791377986185356303090368742703446415712316028886218103837386564006064072665368603000016182701703087562221265798769632130190518481464795680
279 65808469782825627329712108005982933917112310075561145311292966011535970021835388162638152682103601070973496737716019170414514932106215245540751511752667822398572571541160
280 264177369737507894656908820669178807707083183950375026713379636955697042262442268196053476874035601790711878331640073944053638670339422570546326503339269910779830827824000
281 1060483441374853119979876837257703514219310587413419752662639328141014406791044285747673736156198568490039166364075299147470825315988881733774138760163981066021941357244344
282 4257029615198698645328473567354767176098133196797126986398506089862498000076520018073370779126425329757535130660755999875825598818968243860868817972297424062405839793077600
283 17088501859591939242949759142714881138089994126762335428228006206676843722271052554967280388627987407670210792760889746526589544194462448516376425715958822858863298316726600
284 68595541033556335618342496064042774157120394605082940588697881739583504361312527835569733064260645680732139220575383799433399823181851193247106502475627032697605105891864000
285 275348298514979657059543822228904094656021605691895571312654851111353058767533539074038889031241510118892891659675621822313302439572168083566759357180415126328826611246826840
286 1105257731582935886582870640806548369555501506472769401303142714350857037700172961671917382319134850433296215533477899566571402862277243042059530062879512560951391616540193440
287 4436489076423812579710263970789921438398711014510552629656605108271788474465946219462482891471798021632908851542492806722876272796325614861764803114549919575588659747152326120
288 17807788906063526452356181513414597583616637163742083055816573384399764135327251426541387059198160383693567335912400436935941590619698779205080121402496129378704497102535539200
289 71478486025727210343485228574678037622384158100911117966405531928665281129671673885038896090223304703890526378273478255625676525007306341014427609576909801581873302670247718136
290 286903265708801259510182924382790739544354933965277636449724697263268204217968138641964730406485791237550396317629881003798351435645727963033702255624846711400182921673624351200
291 1151570349258774710585699737867477314105106191566525673455175123881212170997403731436023139164828450187356234618489106169582947084015579283029549449022641627775361449409841808520
292 4622110542729377532522671112815166679253319311840299825861091630780592680349695126505475118208947648001540142463952585964942571469685107970521547082762383343600864688342510504000
293 18551758753694624890810173096641696405702028521043265336218851330101066868031185628651439545009668954163661169592300006164812447328060624195425808177250822409555404213216535099032
294 74460301345886958606118646968090904369606819222440160910913293980564693807085269483029442981549771485658922182761935020271231298105716019204083708470616404225810194370855008430880
295 298854270707981670595986406198460092441669739881594556975928144762772849608039865796989616382122623354319620698569102284474522293820739240316001881988547427432929695466842184418600
296 1199469344129662027069992898098226269547541365734457452727093394722171134454216536293358745545132889228850760451393414397806159807500761863560208714102920596077954892395148621596800
297 4814086421709589487024160685610448677096541631265718503554471755628292791565955847549919622964877462779476312267044021085311121313687729963016774936470329066769481929331312348918328
298 19321181867602123463073399115311969103358197471181167401469200751022129092695993364621702169566959916859623000324854759133589167658026947010597409486962874157887747935001023179984480
299 77544072193463555912200621952728573991353732414578128714710409820929893758179767656077462610821825615807783183636697459875998332616001676866591118109807245708084197875603749546377160
300 311213667666074471888430589776837086271176875794747417103143888773963634469382632729843055915773087241304720266449048119599898814701860892133947408845754078347353329151870469507640000
301 1249004186233178880512234766971039506289928975118433102205136319268852163811663062533405551900303066486473163069105562592302451121201377896901234707457969776270573765160048021267492824
302 5012614807208239493882988699338922669926940328440539500602188531033620539124328607904623252737675552892311377892041874551987851041402159626260561492255526183091567817298365226216836000
303 20116851477935053862868153323174749258615127080340252085865562427656465479167592701864599031077978901238717152423563344584077030833619472768287699543754924640923624372866836027526481000
304 80732974908148599000817407395975231349603732854057278765768292875452617509038604841581621659807642787690988137406977956874677816882658977104548900901369374060941029271425662250406240000
305 323994175618227930200648805997005862657524185852919769836198086276348204131313925669193280969322605261551819291469996626988669579249964794591507733253916870471190204028182564216617107320
306 1300225806415445857592111929640443199662128045796420090144387167338278622544829060308234441260375933103655357554277250221549029019370825171745473417259186953885000355568634336255918281440
307 5217899641431919977526514541171451794763375893799364596263392258055990526560042534781382845315247875668851801909636847934280497910089093314390524309359667995930330710662496556575268102920
308 20939584228808226098738325455124523163473040862358710957357872717450849298827254499674963306356475315732241430364966600959021716872789077264356246844372960634064330501673093650694158587200
309 84030279567555089149482370982252956591450160756646466163627102895261248937320534791828092253372145422834656931333938897318107307564132363269689738301984165911887798814160608980678009614616
310 337208888879509095616045760576031282115670979204473385595112879416439773123729669768207528655124179705619769449311899000110501172596077615464541940622220257967838016431001543417266121888800
311 1353186637955191338536648148892202951461076709796590307360995931847765697686148967888329372419005854023603298088496737461700877961207051332209784544347215325883470051153359420812018249591720
312 5430150881569385178436453021921123097834601578162659092240522463559583852012544854431386404495094671295811063390351274543836276431124196118679208805492744757654123249789613094103185190256000
313 21790220845272020010905253793093737559289723636520572506431272389991540034899180817226985005922963515432940318378719938798105451059244544706039479482743250681961851061869497238055945960035512
314 87439352657065997232258781994011930908934481945796905467430735534489249173128711226304032994842289263638532350141506803851492493394578891266215809451103935567635869632324897867040271365898080
315 350871287732175657683586195262595646322750940695772606810971772705398892547463841679240042822270043832459284265837144313516461401908532540895071320047148215765776714755656562654688996105072200
316 1407940659344349305752549050196574276038786931377675668028979650623867957199353782245180029636088373399000789074798743484438669093930228322614624114008326471813052718035511646203638252084004800
317 5649584671039983923083013277371063867145471131730976732807036046875444340886233957186388991160183354262290923311617277474043931335256769415853179587480222222916490682138233273271696562296158808
318 22669626818810282492623321415823322520540742490358394050116222058254421963897840282235850155692316764685550854699855187692274082943120516985279955806541653858240677174402264877835937799497221280
319 90963659813842517171658358888649558289991071259914472054802123428886846892531327292075184637455257771106257529791349019466158536486672331133531929611854049383093070061416922604539201788147645160
320 364995249409775617491293728456023305991254627855058638024154503937080716563076601649842949806149059337037006125164297967417107991629444408152286460736906968394443056416825092165726818521640576000
321 1464543438256724665183816085429793515290113483408014023232920159847069113575505008357095630181096823319116193814787913976475586637513875760688033682070378095550916847925867517130712685926632141304
322 5876423515497387441609829028141975226460633987346938311487624210116428796096452180987472083359265885578922830170041654032153470422975684170501536280833237216636392607401361046440952200687665042400
323 23578693111871504889937574858259105567042654752294279876990018160463812284410822870871417143449143156776006878107847973741142261141683716622243562474123068180933088122858320571372708313924786987400
324 94606768647013840053743334415801240912969284257211333566916025195362057762312321746529059021400404369080072719946731993210412166286406044277098374246242714775139077831166802668715961634449003496000
325 379595059386166642190945477594264238231066350947007855900933391302792597299713680080266914086096953089840811098699106992995782461738676534006967440093204235913968724590908470629631272501246538107800
326 1523052176737111696667670470101294051241005866689162534708302803678820862690321161871317588738849619528581675651672653573151905636094670409676255218251044976138635179200744500057553243831949380017440
327 6110896463718227298286236119302124598230935985397829742103431304113669209898709180350359360997408482273828952567038833621359879681925710587412428163462869736760385245409224287362492377220786953351720
328 24518336881952031239607161432796291965991245553319639113462835699774465990767407630283504143410326546607693271462646518370386597627078104837403044408144775649024151071106972263145883988180654503875200
329 98372351636124613144277513553536342156234541879843550996189677266984442468953121921215743934662527544032704926519352249184847541317507633144036101674529221755317997635886024170927289633763511197751096
330 394685422977764405320505525503550065794015061669072050339249331015592400274899844875715252485491828048923936839842259430804763834863419735338653776053436863592415732524157643302165149639955360959074400
331 1583525757644121432255603987171819051852363777198841370226506483498171223838530287928441175675829121406369980540970182470881771256196325780873920222618940108106715318917939399080436591510790107959966920
332 6353239293508740972916743489317751362114657055077208043427107044922015145785353139074383412392921858916603134970117214305152905920383194455286854394155545619976017631191688907487975555522304798361208000
333 25489502225763984867244284119792906067279399365272125694987099417715476231436157310730257240136603312284839094395007649824262975644316562788814778073885897731777515182653877614500541236443681395305931992
334 102264189109972023371286377129259226744400571782232547508841763130157021563062933907668733412857619836804859112613606112296059764686420841598641723222144720614652351296793375653560517075761687678715813280
335 410281477267552429094382471117387316878733852622728283372863476252130425247232556926854373234726114751007378816142405872537869988824335104594573912844416846894988995935028050036836954093871097002955837800
336 1646024792380867058814477734870950907119460674049819157578969246735793205245845197892115691105927967241436803969269412921032893327078511699629159922876691706512758759321669045835456505112452934999256172800
337 6603694702766097605005702341089410186895940746054185401293809577610934875661622358572440600128394420239438278069969187820141759283136187407553519515911722662007849635226692273184191335234350070981718279288
338 26493160944034907899013974970780066981256146143098661880216429194455484612770020654896960043047270296534333433762401351611595669349778289118985806146569759598876047902311517868246145789856463845763696506080
339 106286172308021701512020562308809972859714090004122477696156402428085015901182362041177683153284329446694322798444809731257588185151571890203732598205433947167242858743616896814904601691623354502860240945160
340 426398803359615085711940898937998711177614299885441559216378740306622683440092408512714842305846515924727246281441072205227796614496455115723792036520984370990677305406198198438424022588149871169052071432000
341 1710611669948573461503198194563030123665488712704013455299936512535058200225071140560294762905547786641896821748203044306574644293178997804649914454006538094020643876146955289217679242549338508934217924789784
342 6862512505834746320634531173496261610482080162305323493606572937024051799184003995028631715903833774827399527369795682523336118476806920239364263018712242912588609486959622358614524138808545275727318601696800
343 27530313327500795181025078274961610905208819665042091833701762125145845100311127165705833463857955657759795297859236102936627527523383902531602542816911835617814523731593097262639687957304331247530096235845800
344 110442306526650420318048127423752701473957268013071346601775640851022161286362133471090136109121643508923888158131466302136900493947569877152515529237765091739124635225109755331222507833918677382964803776432000
345 443053438973190639647983766990635837308317009272842557927343732393655887116860012422863745079517439003057363284227838545169398367880510603667938319258629190283794248761044355708600627185238418373376092779428280
346 1777350607359118392095100097145043474883219725220692354035740005479603163501377219084969549985348656819895451137895630212678735084523854399375822052389982799095968356227407596522535445283074330362641391773401440
347 7129949835301896902393060505310174402132685470602111232849521528928285931152536271602023156526998643037223944078161885438081083720542095229859645649015594761587308575490881869029337266592112333176600921817672520
348 28601988964669280945622882488160699618929967611274291236422335764571969910931305676429676616092942141897509771482019489470381101367063450929724412993149652901676986064407384848886606190372348717383197364512203200
349 114736714352523897126694091820322806517316771705672944448364452548129589502306662660450287304918352174150255922291670078671963962370844651205691399678479247612715731896690163009641079328096738085194616996077727576
350 460261891385482681883586614752011258235654686885772950155844880930949630423735736947841904392717719527774632077317261841277020045604132196286002664561485113319001746391688313597338978988942899956242906835767908000
351 1846307701443479101041587448890925161608169132814073267639844605302252563214408073586410025202734839917298733541415791684343449294182736270552694979714662128345729021666354567182791448466756942201056108772054534120
352 7406271349380109898195313755095221161094878027265157114861559844259620233282415542567056166678793730138638068916830741714111806573140001868736632153666706762080790548254211998204231633461479116054059547603412160000
353 29709247571945213568897110858506966703028317957477802695970640462039123174157472608263453059771803075566631472511728796613440945698115389309319162055539755003806729052426796068759090279018935850642821865724534388472
354 119173638985479950180051866786532195046708494815545772499747328674317131247590892150320892670761402251918911267622013112299019884258755778115254102675371644330021509637691108440042998296872228169718845433283074176480
355 478041150732716184338061160556146093125214869977081062947210278383675675841348038256082816400161536725700857191584212422622532287182376866301294527696006608257902294322862086886591344284355188852887516042954090315400
356 1917550982094050271823659415864653624254383039074381717162391884195496260370524968670338290676595769324961721694143842106220644032928758637732030836995975653231861592703158050114383833521720644615289059525925574900800
357 7691749445028943225180296758018891504031626381849312636864915047480267621285536594354663200341324525014083766052201434650806198651297128654194832924772807443095433394417345600080968509847894236831499050861403472879768
358 30853179846726741452263823410316674044182882396171538898421914557808366332642571565406294196024548435116387979949300936179324447416347842598551335977074991189086222963661504201003582104007919135930118925648478977838880
359 123757447653350840015225839154231128288957036959198177505651561800851666724245907755538612391471815723693962913873057782514537010497721691819574126590187479831418379707139141193542940566296548026481407542970369051877160
360 496408703679178856885585538668782241604730177032225701216243399144446090739149536665935800970726113787790743647229396350283724439239544203052079422887230605645173841129397498838340204547608443631918316004013247885008000
361 1991150466979817414841070882882559880214528824000210374341177455434720605896977000569968433095696450696936237904951551299244549426991120579838714095615718699530047033678139127673122253223449333283760439184973044099038264
362 7986664476971677608559198444359963176040547756747061271567422924760199116372544028878225110016474070172208947319611124680499193900343626395977161263025697108958623219979315425808305326340070291383690716538046951410799200
363 32034908344096342231016453428758747324891920861732880718553032856852486634622006805767110302954841733671494173524123957162687759384950373706000621500175677700213736411159280819368036198641381620120590952456230623370656200
364 128492635121223896111184452320310567782486602761119699149499349524673102113766983988489052630457620480473086167813559734056659013222747972312184152261162600919698493997606086072333705731694751353147712444104815467057848000
365 515382547464249693193212363702344585061622088226651495356816992572305589566753987787314048827690595057176416593520015768382728309406476887505072497803920879031783384484849739804091822080324703945578838062147700351590668760
366 2067178217774415207766747672493787595973191061410930034693185999496890881488416801073105956618303180877947474837051078675001010219627699465805156168139499304998213245006577951856746926248040078587017025680511856959866433440
367 8291304982767326571042583560712787406799575078986035958301217523936487382192078436585254786526214124188169551677447387244991465744332064281348900700336177782519305919969222518810687014657077560610325847089088650782830665320
368 33255588377747969244072705725801697718825543647282825426031815792432201344866895887783168802496988154961721640087174148508488433216250586323917741149669248517066016084824756889716384623500392149617107540035057356303364371200
369 133383827297706528815900308835008983241811147908377361505530142831752903120556264897149341499231691802989497472248238443278387459498120591601905266780401871236443254921304390134537701255342265586672915477694728924899395144056
370 534981204337684722622039179067244702433280484892116920975885206890767538786441466743715004790331864746835333191036756146021498992455677152371667361772989734230059359833088174836280752405621292606219755951561054882010100389600
371 2145708397938173319921908491177813887597265512547614997336662199434539258111552411199403807180451780987934169294788270339103746493694763625165497626480250299784251813210715097201015804266109344534588138003561133733118974893320
372 8605967914102430997422641064346595861845636341940744603054133210681770012744126179380771015143456735899846706349115296832199583349746120938049116746861907217519334456397179975214895256533672536318393025013324488920847971912000
373 34516408945808674860630592655927744693208842534263832304333898580699942803036504761528931916721803948316507870463737006358912872002383872572934614355212053323341300143151390000117200190280932273217258339526391202214810087004952
374 138435784940830502926282484217876423756140558801553779169754635462762058089683089437013641645141024238170953085032542588634137629553377527906481023520251877209091241674496194655080029265493284733708711973313609471459708376987680
375 555223736393705225640170391248167474957782989859681683856805322763536697606848055449834335421398326276199994934825720706273578815012708382863471019189137200325197767802291886766198005795179236059467256473960673330573292222105000
376 2226817332096353758300843382499317019564014978038974298891485909127299035023985877501714391632887091827915750403861944658799109745817510892696802506443506542091345045534415552789461576286737859664461172361781514151615160716988800
377 8930958874471546456164020800023856557187591986515920311628711528167241560465396576944220597474093770883363860350563369344798869739041429819223426061933919706810228204517264045277815069462449384793560857236456486124966712897560248
378 35818593682230711516498672280201780144476496243380539231222116745684981122800691456236141729331166413034226170232170077777216538359953319965223115068092084034802974967642473241954266338041088008702355005592764827028720918461219680
379 143653407466300948833365045441232536240810498162418886226603359138818055233879237705889754088671156951310651374893498813473533264403646370061402588536403749422209395714903465325114542002865760370366372592880072771760604309166041160
380 576129760814716206402941607046631807614860045404147356606482071326214672424591510143600398980733061452035869302299777108496765430884533429081281722817895777781251154263339716107662496784496870150034832268035498318358897858406104000
381 2310583567056914469889692129313333881065912392631122363919484934652281425794595847048157581748634857265370220573496284467336147278447576933208348254881710790863958081929172115482191185072430636472043582417964137029462168622588486744
382 9266592363419856456670471321760562126689538414572531299372977402261064871737573983082851296760440920059825491429742311376008790854599505300353801124011033407797743935452965762134089168642850389064625018154678854601862791036396349600
383 37163401834448220135128696505071154916461709034451941918357387668852629134973302403121157126990336023418823022952867829591468843629976314408291157401934916255081972403159608806488016132428061848652934475801757227201366411843049018600
384 149041736860868057774302030892400245304661057642363739789916127749487438957134257722060071394897612334985293323785179822983598687817143670052294750592306134533422463464138378432848327023222490072698264037238403276826355316281420544000
385 597719465535772940032357103058063483773901116587404234908990861656512591684319159863980855342222698104057396655046431473094713171822563147964364788864689612825881157239334039510382738557931666957963127494376952895787576704103701429240
386 2397087934512294595870024330186103945316632010420588019236327119920241592854971574545770573564465032448624537624530860524207769574610639665782790294531156008699289690518003582965068326253303745506467174815630870624706280925672347113440
387 9613192027525989726442480992559815822150638217963751769414692415557074256376703124826830957976443977589772334015739881730405794816377370988740732494797072136754130817541292084876941673471625301856920953140181886822405267982236321930120
388 38552129268011204277619458657500863452138993576973132302516356425989327503999204550906514958092425422750981829052340297656287657148586125508435298121792612703142214546402105588700218257094017793841378355226223032516779663786688481179200
389 154605961703673798597875973379049854462701737128342550472764715696246938737582801103608762670563602478845022426178251595210319132680978960374809692375940388080801639487378547952099482913185704819991583827935404198349243657520608375600536
390 620013625341211120341096448512385020467389999795102671026649221195309920234387501470663723793903002405488459142386537537950316618329685329336971613705242164178281846138037741043504883621458991997614552809897578120232164629473685428519200
391 2486413615470908185162756014034282492335892204307137181888297022634300683191501654603083313174418590970389522064925787559196806557632729834713130356492941049629266925967679379661942737941269896287148389413303403634822620883574192522644520
392 9971090918307887555844504936076099611208897637734842989352882081249607934908760687160448522176317053554618175729153053581111112798155935259532159684971556597885755787686169484270854968203149588331057780172240435030078096617962045909264000
393 39986109498928569484151943264060277012296905832962709037493616585743068636908205722373041221550427256094597256019830340774487792556448827442333340574283932986467423482867780003168052143264553346831192337999279183150067723931555924885381432
394 160351421298502354979703467135264622319032884459938650231546652219619467930795827712052255369815127612472336346453322775522060221558812888505737372567864089344604081709257056503489098492431373711839284429630167128862257145291081116480246880
395 643033618405161728091196644857152546355512582352089211523988538706023375221938127415610920632735584777146871506047303597174331435293539290166034563388535599882482379654628035061666240365063130213931747500236154884499032359062021451424806600
396 2578646206465256145054317684692986413739574507457645222265046496556998082532755383246304584888875994481602969499903145328486776558500159828431813430258712568982747851087768936185595552217927874445965059409525859013415700671507257468599236800
397 10340631757239461510975395159829450568228394742027583807960244410807335492916009495711727948480246148028450454394493529314955805525666455801646559904197432399704071242148409294114031001990128374570320944378915068589640592136193571127809920728
398 41466714754471593766934078323547821925993965816897893988782384085628560531183996178271066474881698341605947567156648326267816276444486858448065203012598701832236552704841102088335925102705664972589917415889052657445321785249139884665186648480
399 166283609919941365959866304031111366316297410662740448742928997057772668287251067346369988099503050841406532148507965625327014502960849728661406857541423202846784546032383274930851236088009702290448082490151791117816824981366491070226529037160
400 666801443287985427407985179072125779714475832231553188951046286069357076170256041927494415847361942505886126406965050935393402454232717856407733473419014612559922519526807308686794083337721671514730183032081505315495133693128816078635199520000
401 2673873787584821563906020568079224376655048087248566008849996550982936139673262661266963033798314359733431248705939073039789563643591814269096614101634228874576370456049597054426173597882458193773369811197144399089010300855450413717719306735224
402 10722167208070805672720401679479782537808771382283639984900981028073334950764670061549514544652527213503391205453479170348745130397343847549618377642711564505824316615547863566581952137988548524486008990760011959793541801940218704953921782348000
403 42995357063209300359266884346570670275989401662291952267357986654605075677796067935146685733886799748333324327800137560082884148677874593454269751034675810937264844237381250271630180053206921974713988060993165018683957934369907734571227488533000
404 172408181176541512110608647900888841602974871181797043123088953486263460579915293654229632310877402605287830171092743341702189178621651766935045681314959731058564949181312084903702188553078103171217783621132922708477782498476813008701419677320000
405 691339736400983291136599033661980008407968542857704100395077632396295391255215899011382560413214558912652569168417638998664070118139088441944860839968904468007709115866458061072861107645995651909931754403742125280353271814456362425329194321309720
406 2772186992383202135323053902881618601616150403952877080635993738981995336198833073642105795953971873566634519353198791600791493220914752812614168528469106383161737618845886229627750056786774129465407174314616696009851456408268377706864549823441440
407 11116060156649884424398846684461268678401706545899741918242639288247501624976037954408009715738647903237602487190656508262734665774830286762465314784240760031128788845044806347697863775508956953666761588108498894710121677486965844220879611981066920
408 44573489375067841230021911029584251801355245903951874625617640030335050614518185733541616012354823797126298983542487639391152179053379952368557294125995405973246755236198446083008357309964318693257151343666320873617351164588944037482972115523427200
409 178730952494144579049793741285293715556414662497219043816890061466531770120656696512032599944810614499195833495762158821422240311283679100165427211653505443798452095102600429872884819070473015829139687870601187548536376980985364502540214810724697016
410 716671789952071172717999353809001695629633365514522108419553440329159031412708606356000827952167363748843690203238293221983497380597082948807773405973947268433456593667196440970764068021765537522664469416688439043852133155638913193055350585144296800
411 2873679079710256116947294969907314116134432324160671420117597145140055490212487381405869886368413333893519288734381897371826785314703767013484339625397049966926125796513017681360615669562333329263007679426124926740549773635175997202804084491859387720
412 11522683998448910172090370098314485799001324745053015382167549049941257661626801344085602053598657729922393631102875619927393333068230502771774161362552075126811981260891823023476117705276790871530962979252802939270865062169661372782233406417333016000
413 46202606712227183505566241267998860533859680773853373586613904228071698857224121544645371749398423466608142688584662561848582683830642331080814943072122054341101380878443402298686574600481129242458274523406029480153270406127902253416783513418331117912
414 185257909722634905291084008570959111486856250269978722281704203523422396534649044267708276263657253962457011687785200145681733388909765626929775985691516635803320437002827277778053226522305798962680806939433892694639137902506679853786635482727159954080
415 742821570385444306239612208279691123353095109778175739828258092168642831470430189872739611352639620958299099809844545950856780097101277188699214408735072674551164579419238894170490130691843886678569199405668933377127250159069294830122657298097132020200
416 2978446007521395965259553529102183203035060873905746178550215280275668998296035452627746149870703583438168832932913253798245686421362588235815571466421401111686115600474868743037365553821352146937039788962529995131201491306923278618830606285287378444800
417 11942422934004058822242632900342407650630965234795157039094077178641077261183858410624511349828203524679734791333855914331230068991026380465313395482968191136930111380733946985362613085463333790731690263943629850035157048046009929344157407249478507561208
418 47884247351690135133788206737104329956486747895869315795733319217810415367006239230987952882310299504930401359584130172131055512562830187335088088429656488753461330901271824533685950633537810718621597552562374763331787998147634587779641128153512114125280
419 191995211869456139914423527491356117241798539410232008747565836822574999053657693958028860958383432367022272826918152684836881539632252694452820327227500284760013948427338512162464091732272386809301489939735900093480633263060399832358947478213778446465160
420 769813737328606957174776912137179658630600348947947002233963378267894309084011359356805954198473065409491653328960920082848562716194367069787177627710423431994756272357084261030442560011969224574416650510041032834836044171796559991901669210037772070056000
421 3086586508717557418767438857235739393176026161019863832756831722570380052305719951735222958669501362214682848698486352421107723478702320460889390902766583046734042568441697368808847003925900488031002869636079510932887333973921685625608392113372128647383704
422 12375672272482748035343080263691040607318603704991758490521780121256936197312844226932870190840218805062433227906796674113287158615513562781573447031728511281799801175638278055760842192624100967724890387237819815871467735441867635912465596896916533712794400
423 49619994040381065582465620393756494567732411063616246191712572996514807006449463142376151016225724557145607707894870298147204007995173809972661208395687453121415538046992145722287856525335675319995886272202290281829081918611881446032769560944511864266799400
424 198949195963324556094235678930995306824761629229061832457343076020698023965718171571303989947720278463580802775307361678606798059741724548825475219671328063029185825068420014915976182286497637812141582618617228275374513534804813232241701718483854024880976000
425 797673663060499399434435505147858541514374456814634716898460527865221977665777749679646921096354568910076328253737338238142010746178145028210639956463579954112144325385049854316091452388599719133502194821387758873542072262884194882104958290957910513139910200
426 3198202169070802297967713178286943422918809586852088404764978766555640702493922210050725692410313854571141703062644821812108814641970444400905664754168833847048226565009328282702240862868943243974735376517809323268544851093516278657064044656981066374823417440
427 12822838743598427992790737343929810719120485385782551734349110457596901282625065345572839018591012879213019236668977253057901317510280385974454818548970088059251695820967862030104572575851627929913865058044765378389586556319486000838009395409456115702857675720
428 51411475243654587174842487898847390986262929696626999298128062182171623471481838744229678906037116403426112536776222292815153861252510979361491878303924764891854875359535752943982850903505364308789354159004805523709569928210706737900320380292026703198391915200
429 206126382051661849514088105687902156384175671400495166333445923914584608204222907527051016014433359110315986084017925984327189192121723035904237101960997181756029767071416760959010589803591970975942409178470459760975615520595758229346038989983493659174628033496
430 826427452514821401315225039121658995293198496057929340989388009997923155762832656858880119477562498743860416510954060577858168852427572812896462783661315895463422476897459915607227870963042732108344022382963745699232033355970294458967745549476440901194559722400
431 3313397507291981618296390621966837460198777226055512063849122234917126740282324445817694741169369468529890983118120871986737611879792647623787606795937064646883473901253759643847305805906809005400168729566762571682879655264250663098370612096100296583091506722920
432 13284340818098710525327524349788155756899041871517227046750860822408884391681821976124974582464569719556388815173281340832265868349482340228198666201751477435249836588813457929140679043457712444244016898746589850714709674639264106016328832865935977792328591968000
433 53260366428117978309877944846835846692011899355249623327727101000725036029683610789454441815292100948190449622544815951956933613217230637738360263807442456335345953551674886548336762635067529174469917041927431080321668622188925611339479508282243288308396305814392
434 213533478335364458073783169178076281425710524897721353799547236000678301760380151104933020205860894640955696394244807217202004676598719750821455067452068879020216067360547967007863823426665559602559605536667331854391313521370929991355142271129943367130738112109280
435 856101963833028011632218235875236704333493809497776856929453947293194921680309899630135717491387665172645946453757596241702361479575413087992064541232675718451782092690576021631965227930442290277170212724070843050740873803007948272361253822660565087118966137345800
436 3432280057298392763877215180152673131856582077618673193971436043750139575601251812228139454945756923307152960775311987377005281300575227119011982462103211216748677883808173974915057118642126488697747180086585493070849878217736303975748828665222917289595769451412800
437 13760609037058693924902229667217597785516755668984955838881199564108274283224328130141352765551865131838119608316737413041939895564465387822529016745859325904844272899204527292631772011346961762609935225127155241798889528278859871878259185135816898072624487768081688
438 55168391379695267177182394455298012174428732109980875601435423864914722335046532908077204135595015365018407103296572633394681058099205451396692900004388461730150754989378138966189489319737904515416148666413473327703462874633223181037245474656391000564029462123650080
439 221177386444623034619023480966902532827161766176087711371128252868705469994321186120349991125171399816815649159941505735995669642621138438346968823866249363764238906378663038733309207277223298970801955773549122915762751617218879941651750634098106959510600893583925160
440 886724829481860002117269536450452067826434415649007681291164334493271830157206568298159156954487820981649437544098237274884799703002208280385917630467864898700539218836884779488637764027866816888544224611087667324089512228205288724716183475989987094034185345062512000
441 3554960452740911463033780596133176017376887066374658068226196695564388168118959647205294341765811309453952906697859418052970384730073145465974574559017502330830390106505074677817107597820668136555198845765002782974176405700552917336170411997329890591511683153484032184
442 14252086350217531670393932185858175053792145880613141644654602765287389694988614104564183440546860357357310189046327036113433435495932184317680788120872255601513959092078560392222089503666507299917210592489425814625617747088580885980886492658942798059017260456251688800
443 57137323557885669954610967948734584152306973982910604064125219719599199244384995890672420865081091764159432486081768023918499933214645393691623835863848612023548749181315163919201367123561186351484627926303875969958478306549967192281308104979171181189227740536321417800
444 229065206859604852910584828616145872357781457773474566194040454896195410388568587731783031766424532378054980323653114763893971751221971289025489945150453368392008086789264280754948327002849852902391036591567579495744014350252422678987975063163363233731303778850324312000
445 918324477950668104010903141749413632425340078461226864512826269423003773148812508595096154376619465983790046242465726815894191154624587966530078062071922299795363909631076966191964850239374206219424754855794677751330309844175201888084575506478730416730697185274326830680
446 3681552513851667185517867876136975101678217303314221856957388679191069222696187094486909132218557185094379074206908732476232312394186578450072808974608080725077978996791103283703365008624929892882523080359069301256478606288060661760558576509531017551182426095851795041440
447 14759228463602647819968492741105182694620297171134145023331888623734237931971389526057429313754223799978912079574672881996899683053399535719708049476723956794935496897236910205277980758207794528531614473812893540439246483665706979203423772613159525340732169009365361356520
448 59168987487194507591462055910649859930110900516045610474970054909343772583824420277859041101511396310651907299069276456261128939772940424744501130961026708968447353325422612226270606521076531515467898153762370240480679153436713923082383717869719136326833810222209227443200
449 237204244479913695612200563427515956326962449390218563425347214505400533219160879123941123499585614944856038185864352396400393249880404829939528837106463256900267235782638266585854291559363472303705590816392386602093866376157242558501020392204174053569821427386028751209976
450 950930156044197443434211612849729891733925186865018739799940313677350070952012126222998938255104042293261944452793938941444786663109272276332405049282692484152445423564952428124218119189260959408012532677560829972343831587866258814561573074535793799346239138628000906796000
451 3812173336674960417678483887957583832640002304676652903583994995540685600208048106002332203975013054123733521555902969887314413564424719419721560944165946746153967194905622217160163429818642340854788765463785276288369122001675239324229449536046420714399843654150361346250120
452 15282504196692524246480485298064992393377215447572923391842931169084829552164099442564135192340329912326087120887919428590595862147573789825621560060083631644428978579035606624728696045117977277001306208153977068041205077326079387782477363865013227653796044634642732274920000
453 61265260186740827288988140177198597824777686705756940677309375501734700051488751069343941645505816374741409788154870195575457411282607994559329104364110819217149169549864377677930387121703909077235005136125980769824892929100958699442359660050538487400073717217822401171070872
454 245602014346846230368217356648548904304186046484888751148717035762390014030725591295913277155304556649132888829539436184443678020519242936771976380422591746019876278888446022863655334424643221688164551540655079983705573038021998232974977908855078050532020200144852644952712480
455 984571951786916606321928610353213669237045384586998958351971246095219731005089229167117014993112743208702538283367018644649930551154254637291712323378674790511388725485270770873172752308782961674539516371967979424417422625359779379104112692188243809898180778147410306594383400
456 3946943384745793164683951176448926885029386332937771648433846830621819362966760903658515706314315413116734950412917214700341573164482347951048135279852233530911457683998923504879968923649694415319402471871226464390476536201828724686925518935359526938588159153130117821454940800
457 15822395849375679616320751645939996372442364510110189853831866599586156267910658105747580759041513488490566324963372615569009134291029545078287948541743796638509098029998826562783906729626034359917283539229792735980478086865537374278542037579432457993812719619376816050849082168
458 63428072639072746295622794344337140819068734753877172455691229953026127042606172866858630674115248382933167609496240266582491736706346027089439514538007947751604629846829810344914878142585103451443176322141331454318573648271899200675467178341498900121092162924332149128015222880
459 254266247522571096503850328419657184593472045869254341984153365679330382752691361231013222529379747082811310967186404180445011802910509377044487614386065607834594430750915922740150720951233378064742351790722841611807545351312002803392502385845432286268391792751982723531967017160
460 1019280817955404831300837917847863223642676610891999976581966978060650349169205429592272382010616173782842427781770639564452616486391376770299967767310821496130847846262582109318778611494321004144282783542266907060502745180992848628770470000757623231223963558374312664752461688000
461 4085986583282101106345098088068390835645860153227930340908679840025969788001108918832446427453288681904698895940824156873772065625769968321718356146597506219957049610331283119776731296916965746536765659818020143091510445542334494801501207803025254278530968840303281206085170280664
462 16379399578970331549947378018981315106884055451551443101956156682827843550980388297400944665434262603288211421822138811954651088057460799718790958360414272198751280545680017499879148543163885241632979857844209847922758877237638468682614191839917585700741828814317859972411383031200
463 65659411299249034698057454742756267484738681160764659361104932894059698733683441243080492245542436282584639589892405160423712312217881455701713629966001262776243648631221465290212413649778158618807923940523934807840251332294396088832607517114789869241608045478139032499401949988200
464 263204897130466972785301589638349098167764562061294185257524590954032477153820548195421707663516707451405625382961025230754973193944698423493958745296764819995973130843914261240520467065667006859229251610686276993428259725030501860140964141689159542469313756730040999522899540128000
465 1055088596255751227113493441222692505586297597918118932282468597841434739687142013642514391604318602849142943149949418338196831266862970577152275441124857810588932600585004052887648654927079952091327219701208362664811534712632544741917604704481856431961160613906226995270296531671160
466 4229430415958538252343122095567954474006147790364244494139207394010535439308730386741203488452336276536107557502673092919356506350448332563520023051878012108196693811632486945385706704745316578232723221351984937299157387695515585195159324726357210557551612648747075748876167106313440
467 16954025787576286384929081704980555702668420756224053036593716817255619697352294976300554255330145890662027918484061657848443330048614209283233134728356225222402963109103444004296436416888397081318393711623010086273775465832888316154272603248436633869650814419096280124164719261709320
468 67961319645273679041942700110757174037249001403964512386521079018789948250684510787901596803580613687786143555126842074353533170002813136807016215224218608479715387840999016778821594880538998294969425630238910886245390507287540446515920835246864778785208958938770094937679718410811200
469 272426144560968850176676293606368501055297279132131250506665142708002388891783872768682008279998557258467457569295651387764650650937598745184169124437214559748097698663024456687879807028604130140882662307520103530241407134127258549714165667605869578872406443907131112709864042239826456
470 1092028042163371936742327147078833223846394210593617805868971790101794228079733311572491361816923088220177128470817081139048330236623650716103519106632647957838911576254143003057408301978961278842448459912413350720980263467934724014077617734042551550868361599192325690752492133337517600
471 4377406024331473891111796478928769773886397218634842438845095697212846873712310985681280911231030646507095493032461174401074858827758562473800182260572072235844320150441579390034902851546889901759955685947630570021232855050957365796908488958011958922209956253886478838722932286619569320
472 17546799520037840141017137478168826609548870379580854616857107679787526367872943126426810795923192859407734723788213692902072449192204869848379960112430450590353888173101904310824386050108106395926194107688808037921846874863812528873019279459325597926611805938653533157876942607210672000
473 70335899770999138870348356162490296494208607538489357913335001807636633686200820480730184215982749412460758834784021800872559380282252218288785461509966754957642227610334099481143330314445155032485251594080000106628163555387717794053281372827911075697558482113186315968096965091768487352
474 281938405847387668706512649649221146200886934234621189436965304039523352692273287229081827906541636947172525180092523245722159261910208349590800215860860849211958005636764123473210834321648223675174126133619390943075262095107375869304388747897049645667358144944128046833190587961217763680
475 1130132850443115127726527498593924425699757753261139788882359434401507158587247789415441905422670197434257640181807225270206786699231690097490505407371882408723984772653900032515869720331558993014708332411519580844320267177358037278829424819113602056613437987081044316538256131918016733000
476 4530048309986718322508017594363857066383871078335179280067421684529446135993553114650423432412005396474706308416759847613868930873539323259087971413542837642491090989044762228227644276713403136325932342015147070142694979120186171624066856416797001744155395403981337762337427779144265828800
477 18158260872803904536439700777408065719874844574503197618421595690442471328529649083039269519110630229675715542609355187824743808425907831808094171532695439633767729789533948121805634446353070222008920035537305841750978886601233357233427518507212561029890468608845817265686555922515488162648
478 72785314022643743131389324709442812696856819342662712466293937893306870526855985053875319593939026721368897006717794251744730595950192981437226439557056579578324367582525717077527932361736139624796233103333850076510019515177530167235159952009173998443286608422023867063292998080532508843680
479 291750338216287472468079385237013450056857041549250537835605729551125700403672649277835301684422765510054883111401604773440133430276672951618442599763196964738880044655153065726662760775337401650935891797966736877964017435525545386779701472821884354451290644581585577894884969511044981341160
480 1169437681367999889642405886545022597305147222911400903224142100926453196800839578397732198167626867974001384815581739948956368289272186872191820343378656421468164855880046599203428175969416465571872455201077731963419129412479420916000669788949454916814588693281811103178179457182154792384000
481 4687496039483399557649976928567965577531465118503198620423442942390007002947186721379672632413740005518684579278669498070611047345915183843627658374980524334760516857764353379158289214853617335286495029800623202363170334025005159239246293158875058328354784660494895872537086668104683539729144
482 18788965413979198226921321243823363063369365381443174511801263333781942986749068107199251049011403472971582212112013186401440988195596198685722086067482311783769339735981234736404602652364890092249963059274642613761682517009919873731967961880327285756420035226069291867072158005639139010821600
483 75311786680099192892970939093499455266451481155494218167634999778758726803754510514884138369561063804922506163201212474514858037124424850510460235752410390216291947705418214985651796174529305077113275847560803096384710855389195687403128072374073973192676783152434406842228576324471274810110600
484 301870846817126371513026372846821833117702003140862953152259725324652253375687645285344176305392491680872394706012717159115759301921981379222555512914244020558640372105434574518418030674611271109475996083236623488177840121355266225800526822197764012716699662322456126531590916330064066301224000
485 1209978187655423885816675957278583380678392326638996134535917627066949903934996320539077684463874448437405808189179337181310088715873100127571107659801224151101699112857543318064546792896317990500804437754613660499309826558956307208787752532286742964790881813290551108089291565561247282884031640
486 4849891952169369142324985692679517715543906562858161825851184873004550471603642340780805807229207004539069697983256164799579460918656283377762294078490528151737093211444578334920641590426178519299810931173002329684797872776415168614666049874319483985924206795481940512275303415840665949045233440
487 19439484614868170965533070224978807633496975276641356454234795332576685522571136265373116029435208742094073197064656579359783981979427351211864310297575039972670728025182320378026108361577565727840643640412747994437054321312349757861313898574322584720659439174211086581716024794494331947688334120
488 77917605684235461447064790716958177619273297207400262420259399827239072263910377767700290086315199593403487744243789456215100665439989733213350969709698117919024128321260432908847976626795630786473807438188312163293074372046900127910052416997927800534704876225366681539012504771674023234562819200
489 312309091635992956127989202136004498818234773232940396094318458670372661609824784469114780111351412322358757915638333225967875290910188815614644826962030125945483985001945063652574649008678881457742849389335685492995879506355518658511902629368282052837035370711899456475417099771332409904719482936
490 1251791042140176265870876965616705148637505430545118970030397228156992887153115801035733201962019462212746266086413452461152172095880683091225840572501231202295042684534341834860909435040247847805882271016101758168659154028742925123071275982217088088141339116828225214446516776473275408402923887200
491 5017382870945522828919188490757569208008287072633905422734082354345817547713111791014805905601902844276497798023836090176803531494766516342627197877473913469391995517104720774592351139512364315556834079993279213889408271261212902403292650309060945831349319481794854211456071418021695694387928280520
492 20110406293321362377419476476193271285866209692349339861386302786881145650253580990861200221476867607046660842681657533078769430976994562577832199788091828547898747231500061798748620116021661043851435205001516006193829036209102848647463779341700408468437533539005096999822946624442301632398468024000
493 80605124411442533756648795957425062958797084376652232127345103430932499890401658738426621585321905143790624104468710909130305104776855752955297713084628371408371589032066509350368254326369402995206176717826991087980325087050587844993644441364066582068123754722867781442415226430070148385923419663832
494 323074494598398472014478744040308163096517319935628419236579979266221738262865915546446897085284211978478663698361878808371183514869333853617265599648100147802123728519055545819744363833350667266133290599870004765128961843671271755655615352546768187072310869427052713606463775823380989809338363262880
495 1294913966204107236009449217003664297431385209458591639855118168439266586052715238303662770266919640610009070805936475522457852428348912144642478409975923857673842805517893604304915617981889127760427325454736800628010492367038274063179515753589650212386116436115036479389848864236077135757791277994600
496 5190119816058482335843933831384383769906804556698678411055665646801320319499764506732314890952538622853290229507278252273861996953247948196216487994158538233373908433386858265050399265221224967709701931385937290305955960010264938678785278529098856365210359874041693800216012816216312748793273000876800
497 20802335069202142910600283179016441400352273102251961050763434381822995735092125651554671445891800227093966674549834087586239625486181547170267658046820883744937229062446326639806559175218352354239989331413256223835755383193505062808337129219525552894017113956036860057757909439365732469773961902923128
498 83376763496681425911299324129981390884309311910836833829216824412486413114810418326633405427511456808605943012499582149582897761040874607438993715608847383439148162638376253391055042843290210441193146906864387920873778738504524987336963725733288072977644252246974677668349001014372033654070308244512480
499 334176746866217120720790062175588064668838125650663293821519644309098520229990126824678123196649039134135087294024155607139960732544403508852226073088640500472162763208514880938106768577434711230106372116060590587814478281724185667148677904792628574013053750407285336566025756220957169062787135372497160
500 1339385758982834151185531311325002263201756014631917009304687961222744283326212258192986587157407077310569990479192739967460043220048598165234416064503389950144476312538246968120305222457167011128431441291735135383741423338517692545458298048186598056172256270841910150702993795103148811174779914819400000
501 5368258122003199277951609495790609070912638106644723373293189372869434007212576541550848650461824736700385719209688692740731789389795709424301723031123266778243432508056075492979295211464524407977075947459031501028971867603329653572443573363329231938706062022737298532785814647906090785083595656905977624
502 21515892832300247804644374985124836356073008619047114837470507579442251328268217801134574559450218464229229635550689993205238021871166111894070634958200680923484547801997487206210380209054062846089584974668760827598800349203328487743217087724828741502677127037494600081342533597868366171920232676959060000
503 86235012706350793989929247948348945713981859246061344727073030597633688754922042796340189250716780072941363225567287241905044596223009165027624452454626020362711835531922156703703891225792314342541005418799421286958361165875988756517587539362878432787848887119542747788071514399386396020754198503919385000
504 345625816334002387045123983824794184014686736063736920417056123293577032018066993466691211397088909765388043960965597707816943144325683189608519538356354648247209388578012185398217159400128204222737947627551847231543213508178783970377251578375548734791858119018631931002724643197192645435277687774620400000
505 1385246327370406392522123903424770340693784140572913847703280496135918895254078353008129464578053731296368135193427146354183558498505220248607107064297268455941739002002771892552579848667075289214696202133318451683524115806336799719638241145916207608236081851366583684096902289756663688878865996100993512120
506 5551957557619212947455007486201455781315285347563520054953345994434516715794486245467127129664849418680966637933496313906426186459315830250972309178544220361975466939064842404214526292439634874269697520347682710902352093526975577589130117696358181933646058283631708781011010128645942769696858226627819801440
507 22251719223027201299286077434815320799421736531341538876374280011422844865901568406677465163717689986980294142909297762913486866430142001455546874096320077937222946905935604153538976622576587731622313756964140476110679319738659092631438294178614138332538748176472416868163708406167790177610204829697130830920
508 89182432862310203235008499699299273894329326689715990131740704162759389661707978020546447434445876105587521813701652283196902533457911034519044840593379348936042535110097929074521448858149607947465045565830073885555088239087924623360777530647442349524904540837591696788125031671120890465383904437844544267200
509 357431955330046405091490758637349058363886829016263299031937153066190267389983605005502022015305861460389216664418266933349261120390696143375630484012568186077603119509686839662780856805042575230556958562354319661218113151501760718421351514683612584790853584200002134908262003806832894035820494796006295779416
510 1432536716843407988971790073910004084601825405094650550147645957765695828552145547551685486332566706260190161047973675360456193453164617175760415739330668751066319883188789209491366096905308441271107042344153532812072915831194216336838133117754334860371741938946940975635725834441522123521561208090742657904800
511 5741382449466521430310468453082447742992413976496991616670173212586539882738348957212197386950165828647790746292036674629428163410772427583825578367529526848550407022443064806376060122347656887971208635618806148127521802927912073724296980515840616262751935886695751628053270863553389571757415929465241233983720
512 23010472126237643618935106442099516590310105330461524130999050374998375684261557235663374183036130610215973950035666059521014069077494695459411212442939391114151231486582390262631623770954356309085940737572179954989576249581383217172245865584990658623807614432595593110433964692759735656416000540837457355776000
513 92221657818436806066513356287476968834602219019740327181269631594265348832365140290687699848810885653150810677563994607500287936893933963694148807881238557154095502481820926723101265908458625988832232643637245530184926734297119150165088283215950244813621204074871212881924313454535222075683801013569827926200312
514 369605708527692150629145147226223485231856066870538231354172246741111959690551951830407933497453118109706713319446254245808243669612025683954262101284108479499821042889434540811656367326034039665302340590252411986859973980223167953117518259457523488459518060553415034273574841585293480072559995901614085765210080
515 1481299143126548307968947477210156380501213030648460615933063868381462342746691450158399419030395064046886563150014569946687100055179059490797006848136669922360329225519265364290052611712979892450542222055984925722816828904432706373079690891317466319719691308070613652615542050919249921633849603343654348611768200
516 5936701808569312053685257462061675280300007175259073225797754999076112246347067145497820413354479256506057756806242600798639960341850627696958747612438265272420149859830494701085360387890753142410669126253038810168691301806514653207045509615067038574828538632747334899250719805741166665907561953137586617016884800
517 23792828178529723501978900061130900154380648911697215951453018098151419424502611881055832247087226224039100585434088294888544614339931269061599571340990681970504454314304865137869628373547424045407660580902528242182191541412749356098709668075737069610980564287807813464701246600624567772492321373561197482790963608
518 95355396491128795156867081096060396750245076489432555998860064798929229345705347276473121257817303163684367840423713409785953216649892240948888830967925108935888488907520293750806836342722029432072814345897602565972929794406973896009448073876779004467755299668662099583807057973725186394183732176552541297782229280
519 382157921072554785223274247790388771531870229328304992767632228817811872881967906174372256675250355806992845079090201071988159115768629618201975538416579838857470574426492919444970964120454345319526243128557275057659656325843361135500436866174433017106121034936399626772045070736532903006786049309930312417246085160
520 1531577024722377559276320684786143824251040610795519046159296793750010777953521462324367419620450843050637560129159635119730983725200643879545441206268909164813867649209524642616788643391667925856182081112871179060219081636536877075886797554030900329712166489941277495389135634707301626153421440111940474037547536000
521 6138089460618143910638177513642930249498401217111272484992258688886190303915765553387413665125782184035791463923325351801187872633930845919434947912863160170906353574247926820701296127724599586229174152436270389993556975354746048459408040710062711377327642590760431113036253793958216302527895030979264673142062626104
522 24599483289387110336684289152565140807970559964161875141389320811002463082602689227227379339784407153808787609764040610561101873186930132826563961517058070607835890351123873006537612173131503386031996103166615383115473004500830246480089067405796609472067511444524140525393306289812797174350746604239631086040971746400
523 98586434945206580123263473002234242471790060239514641371238427465579491971774990965286234737799291115010390080603647612117221875503095614195693908720991538937357579944361732091233771686186327588922703859855534392958857329818464217670371716411266789970368352487178592305549098062326045048735640863595978255453655411400
524 395099746931458875599159157576831686846791522489527128707678286747811501607395082320785181840714838900825122896195773644038970460468928298211073247006930379751227618560344477502031481841708404909852114901496488150813022700962132074189925365390642363836646427616428325909358085889843552604414277327225966371618750456000
525 1583415016328365722821057692578905615225691216083982767721611454530860502677338362511509571216327260554515592298074527246882450570957236841133483156878103771638422437743132613324295762324388993265671604387550899059770777219544668452619539681488735958136110794436204056814135656935989111469255503351608520916062949712600
526 6345724179723583772981915019401937932256865368839428082450039048274807387506307299191160533677724685176264438486142856356404069724771674064311783371457751455131016847812700477988035847940922868253269569973180808865841178143325916779495199067469298394825976684780953795962470241814719694916905873083557984580195558017440
527 25431153176534818618718397073953013614443863493371700376054529113683372155749376856226741519693250586765188376000524216020905171753259333152901079389648467233626503139012709929049527898318708353281791113373885016548555120450729818630276557007771391995105798910813283720306757710646856196305665017971368324969077438799720
528 101917638536701208582036536281193101999441062045542753689235608137005979110858796193960204096511649168285135063543239683009815264250588571813885548125186143997626379182050453351662548325002607646978896449090774224196148864690761508701454320217346491494387226760803938565737066402160150390394359407960797310458853455955200
529 408442657469052570756797937066296598164426680470394823497012399276921268897841538273348317816262417111895319816316355736936146993064107822913776910122723209258796642155537801082830089102960686775740840423452959452991225816012627130727361180957912240710494606300649904715923367320795211689870643717582765792394117554315896
530 1636859043165201228741798916031283153324356451034474528948329464022695547842076474430347008841197194192889185815855980433579426426784990682805716260550562703508184173953727399886186330481869939551406774956122175503182311348365036471476888029622325086226769754616451996575711773433646708634501471996672828214448047451570400
531 6559789825816768697825624335189519655964024720749479055634437323749083940443005841359094432567733245309805819362078536912411859142939534577289329861670976483184185606322722793260224501475527940615729766202830784765004134106328562659550105113003783302969075845514789349601663511647438987655050855774852222311109597858278920
532 26288573915890929922736212025015626794522494549444239981902227165624312356604210923604238413775278852821725186502534194574327195628534524145548333013793287828306295209656615655052183674183402526957483152581910375926838855278471210565178675150598047950589431925703828347308516070517770117535853722174135848408553481422728000
533 105351954114059140216679706837092699860755560863562254965066820144993434656299192704181583935188717592180784961117995016157053494063544222107332039005947138379961837795812049892568187481792155576287033616832984340930170044239600902217585902259786765197322175635025926469499392749094362378689786983064141452929356893569696792
534 422198450258218242969658262296491570173684574117390200010098926509911226261247269465790666285293479282816385736312867041122618566563401997538204511317792945722892940563332132813482657958620223714043923012669960063885693341475103186814953812525320282222117189531448010919133971319141239211217643594062603823398486090719605280
535 1691956336240799700290390788978449363617387619122125520639722289759252826233335299125616155949825585679669891491052937769351416014259406829022080757251611879960266162886874599639967345538626409891776800030133178647902711489300326881685119758141430408530434649472562550563659803265212142205372434659433907554884596283611653800
536 6780475485794905714808594115083729786160147767098760964956195493915016093102901518059403313999198612549825768735360073464650539672669807623093023874336567082230112599873467791747900792292229686286179098928762196855374031598344909453547495755831745843010176813360457465620175206765258794198992005088570521543537685499910652800
537 27172502506506450513822500297014648471402980230836079389414007315170800409789601937512350860913642007320778452747746951924438402413941775807652983245877098868853833699097295758725292993976131155313819032886153143572113806019227158332607109374238895287440296811517721374334671795479021549462778551537801184774594034463329884088
538 108892412279333112673642496534777511192661477573108459676012930618722289166123339756866128385337926763812599445255012655352029054500739364451559140204218598810383940234446625260083873977430802452261792209856172915012746246461392741305668293267070543499888821960682972908874344976335469254711306843838819507219620140553601994080
539 436379258130561693167979967525985713998844136891490407177479327907033915074772987117615214843125590729457829955813518987719090145747774565663608567754343325019426606548802003924985834503767214030739533573922787189988659555027987035856411728351935207569513642808305499789349751431156978554855494760765997195299470052576067705160
540 1748755468575163742565559795651445532908169453962187902603627733356679853357653324296906503091696873476805729241502979331765114954592636352287008461055735787240254132289777401154280125349446820824985566558233989646341342680050734589593787307606067692315992436690064965391570428274635978347749122163387685354850196675610221592000
541 7007975618512322849836798884795792839283849441433656705989352620340791467447736880722511404500795352691183232213821389563239779933225963150134598975615660657974968347419229666998339600068197890428243603210147169208642243143863368639158219527842095219164502936444971531250407038360196502340026592062749942542269329553184283274584
542 28083717450895962917645434347943214187740084268074247206256777229019139341799724567211618543473700962429648128823731330232618488017420688935394491194872737117679393457367020548412989166823575563271645053219999120781489877169359913977952537422926171488077912309158243848672606716315282750226080960368938610530574853659304712880800
543 112542129710970537743774692626813028073379083081655470354224575906699505254829799985163028662068742406620132850858630978645145228502277704864354939209013265068904093433210688774937784203197917026528317790110780707560467250166563133046484867118201576486850150961636346673912012772029936498893729879099546644719334973214583755789800
544 450997558473428895267870591447412797583191316364055807533688171589286969263955023648461627106311492906776304509034011016900990049080799750310454701211880938551259696057091457450727421267731331447130765241025331269721951898923717730061501970478828204842521340319833008069906400971885661343912008961453223846593767538698003184192000
545 1807306392411902558242569649550293931491465201605958934601912158207095124202674548629071960212809935912249065217392676177491636683007061096775347522958329490709379629197033001373060172761182446681638459084495105246726688885470321841520503619640618799878566248535602515847646023591947805691852538408470329126319022303175205322233080
546 7242490203720358141654627733243746690600660551022778556276286520228143800160973014298224409185935906299129672277647355109997976093074548792706495188001858742319412128107773665343703201786450017843986077662667543979464020623739387951667519529802642454926493289909922962304390861271716401283765105533969862412429637131757366307881440
547 29023019351172424201355907473145270620941841182486885496579697630511551215107332925330965859590409268378753678011468600497547602784774591584979842013566057077376496530876851031742306002481450191936277803586006838286353650776338447812347786380128085927021093373121423484262485843111668365710021930864760991154474685239919261821840520
548 116304311549853663344373216053262217917924160643530627072216996720441876891791431675168755176135622852148140523113375495320666579869953320535696546348277610181748247925064650688978521512692699250570282187360281829810024690870279767957628194430481842631438723238208806158376586994363262066470191864971949520026242602219876424638683200
549 466066182780070519533291208855773413408323826228454848632460811675349498324103071302717403188391444825314868380090259387089221416174308701035264330163877197943501795859561953140030527641940470705720418877557843261583839072921289209332753153705489107135751679643930906820811708097238380846720117436957488362970134694840695069560692376
550 1867660477442905542756358213993991820579804039531148755904214545875723860351520303347382466267993745928149844231932726008588728206373125775514730890076845158046659115736571032286572987023583598190240257635886885706843231811610294096051016422885170573005668044367653106486298446739480825053724825990517482066717187785772730414136884000
551 7484224895062116029518206370259559950105251096593912469114343380200192610107264621945675880809102675260459505749864833604954162125643842343391858895669923054169086676519358151434754576165456697173049601525720550557476996279731039760682181474330432010748270606123228874572535124579805008168817741224454977774217127523526671104482766120
552 29991231521410439552043919538172610471565144140252919658447314307589940181872072380512765284050127040835060104093856177547194321109786194811694774357148619609297652031691066744955350370887228733591140757256308995421387786523701345445792216330512116813013446752320668157757775010616904035418584165314163488377259955385409507954457680000
553 120182253850289659944060054381227924570837135576520757761749020377516382788763264619913322951531864538761130321805554250201125115106590913633517867605487961623798273909736193714653411313274644959007101606436363169086724685575457443946371399460624292279305277593982794869682193291155216380943702299067445057162734240755774926045111753272
554 481598326459750246719777722439061629021654778368119347558835134098691848373425953706205128419124979591800056303005238042266088545868315971631242664706463601596134885436103790873416766096017929313424097346747241433478354906847453491735481958363352511902243409843685399330252945721180548548317670717854768029778648363130599728138442448480
555 1929870550073367414653260909412846239039844057720622656282696746749272148347307088999166463289834160578422203410055174115858352839726654338506887381714368398370271460648229043564836309932953573573903791095284631577295653104893209448860208354489779098099514901695479521219577220368367390728482834363306180884397828971052611660001231251400
556 7733391177230935369709643716277783847972276007875071689320211828415106067924854658786956166415689686528127976695207885003585513005884156247562663070721890989725201936608386659746763385258352893187931276784741686989142413399658214223060493366347369969458095881118316551119561142339817752473338985493117354924361401830279565883199518980800
557 30989200616673604323224975179616730959140703139470611014038546679332489526748197843453177579054169967009777517363762858664278283912860412425696698860453199369446719795653651538643441911000430105150591512019639143515766966283184353373806098811495012643547373517608864965878903060144968429975334730969511477339938355280465380149861177284568
558 124179346097693868670445501976489306105569208989763741083184984180018205172534633335063113298751174337539265009599019389416040051819542796841937516293929881218676517653230203451765358754998698541868609477606733852975917218841212390898712851853325590557867203404241301716795103823669569803979739452964718008567151912496848929137738103806880
559 497607558914773280191964412938046753498302421686580152440863126570825767012229785979130288155661781347268654160578562377251009375902689073556801824216343420000375537080147227082073717985901083420458620749093754088310438602334424977195495469639735954497043882603609709826038484030294266586876607505945106537292640251651009544312128662957160
560 1993990933755084342808587271880545130297312029656421362195945265686314727288706937083028908687670451818987006820373682669225645304324253648201808775944111742588491577236018866158964062066379256640907129701820789156738307940002818762660931912227437502233828726153956884755790811603852162426602312068520082941628067363118075289316242326368000
561 7990206527404302259397267568035612986405657490266088458513752100357305167283200653519239149070473100572394900875249909604074005641874539185323967796899454071748795189625184087510155095541877568032648519887093085770032130824224508634290566740203928772289450859828084673988301041920987404092248436060384197773572628261022085949278217321523064
562 32017797279153068590240744194196181806488267447625965872974892551877404563098819586453037847917690586962956851961159586905823779460210633888107212634691991460096919203929034530047472240131481656664943904542125025887184582947377160718455246615770218963207935872444219571268127335344579462125716991762426675722183300144885609466696079766463200
563 128299073794755712571569672464999646669415619736750311647579106809302350406451502752392167153816471267279699110262456521689893561582594900210575739383485053478507327648490535854636194298672377308151948190048409435432912935620559727670262275182800937926711864819853323011333713352028895307562297798723296077417978298586131217933446129318120200
564 514107833891596603128705472612858264451512678731987039213034573644380319958111119573694591448254120727848151715417915968649313985573182386909599955179431565233082289927117280548456691372201641705635104304658865669364716674606460023158112776033079185651411767143448002767915071377225924109655507950366391059919343532095419721114814782654408000
565 2060077490416681423884529021462871768901451514067891327343010880206204922254416769524435999030979179805807974370130321094919903939380578551877730757392366188296573059593934371915963120922609846413827195232652843973321719227166585029566344310821734595788838118893730568625832325639730517945030996008991816467156447911530982711476127569160673560
566 8254894581067905741016944609897241919987409252831337991335533863339554165817345486415045442452177432528720229798002344746942228308091397437376719472424464588272290349216249497547383499639452657100650907611270193981385019136044836022274049636775071498040799737185455763533452563262790785842629724483466615734081951417376870960911936136037393440
567 33077916801876343145983092535771987057476049797564442693196096823417154291304064326563027558226124349368313904464935530137778285446898305206689613323222427748415001065043551586189953396582058945779099043103978689049335810828577812762825472987309776591395431355643134900778230779610182522257188419458860419604635785709434682402728454686849553320
568 132545021117924253311593626527820025740009850335214133684200232773904366838364696125077295184812697139125423734416640299863155977659303192965630438734207447774193243680099999295842738516524512815662972886223675892450995119451206903924111717997306707540696266942784474653232576981340317803350663991143759402314298428799000122502415552219673251200
569 531113500113372536157019531650208413000462005920681986382464313016560463524587076818189971308375489216657667552658298177844197038095219879439380011986476362919448591860024900485671742300205611649865763243579449913068262839410854053675376806808764893379136314581812899300350787998759386203502676698057712009604340092486798247417229044433860508856
570 2128187663020192236270658228756546892163538442002029752112510779750013831204981315142839135894805298286792435983998264019395443242917699269401905574485770354378683866033227020141733094422798619870912764695914076010480486198123904960747945833731512643851943424297419381383602748928190228696722469895820527648203399009213779920366385625781465845600
571 8527685302347577311652953323649040529300915441285326234780657229735143210472365490259789619679834676263118357570964783326079952762306319041014546556590832098474531703573892251828778534695369753730383390907452066748754390770281248417036731741934495500023534913921288694325194074819425625738390350407043357213577649931178795686534622324623149045320
572 34170479810457542712893094929087573959790708458250133844445085361880924316055593521654582428390952493112236310252231583846782623556353699866629603690812569999983057972158708953858145760023459369734003890538402130591488723190349838654939361938216750399848025253860486733409602387849272296653399711375325264828696715698646758848627504917586489432000
573 136920873646099104716697506254315943209511020605435850999070167219285102955191950396377130722766623201346093358579726408699990269465052322759001967827802060086340289515066357738795389331665687595589429061385001979677183179181445120542549693091910967751799254082521651889658371518281302696344595016753643749738032734580317589555998540282723793969752
574 548639312201472154327290531169126362319436829511484666481439971964186033966469071451571133383553455480557829661929597680973220489984225332458635898941220092723191670734972488273505994174350686611104292234017338665723602805674171797667770838266143208370510987022847931095717685620698773491582830914389774133317807837240388249841735906564632069739680
575 2198380519274191559151164149283955807203318306404903715866397100204926622590873702427025467343568708490511456722850316985829764748525646728701437649654962849638663429697793393284973688031145501724540856152664445824700131243509766281829197257397920432916244196127161497495128903246561574949969662701347888930951398618126772581519796793734657784161000
576 8808815158969978003972664695565624660515557179055475063228137250212436431680231817486761897547055207604420484364116495678233278188524462375057374136054149140655904342656409977777501901317768977033606347969419114641828924022420633720465882165352320097281889541732339920468635350573335570532980580099439308337665412107457536427685608592006987918668800
577 35296432963372759085362691175981704368871364529965341051962744398420665475208628314427451033936843966394428379898249607080395511511352583431352837134867278870623429422556644704998924802581606607937043810112770795429758659669478545073678502557451122514400408853024406708596014309492137201152744773734673457094882750655975518774140509921673486470765048
578 141430421163462424619338894278803640382722001374835127404051759183966340844359109444164731260668630811604899218115981502173764580591230617207549363650687082308002850505268349674169028978241428644485491509239137717712351895093528579484083358562993940354904888433101317585680791031510255307539254421906695214584915849320587282960991732386973923607667680
579 566700441893735251588908095414721853159834178519235562401010163097000078999990797453386643662402602670584308926132645341547536399832906600493565813571090200038753954916916460451414994081001833819260272925069897822609410543675947909464773633052998969120651390021551830555209801163483316097244003997334505554181799754847193476917233801590373783217441160
580 2270716796534483218801842454856916579155121406156522460743253157832539178034752350029105689699440224600250100117863543734821549089260568785217832606561011166068633199599234195437069840842387572836624230542257437087604576887168493758990950760901502138869710642948156081417314113348709069498355482779937042143341098512203539826107023337198597505586664000
581 9098527301976101724992210112219782982683624392944410687529862653108312158909492595652376571342197594639672231980543451300147025943537752833772836647059113392506531133491303034295650722440525346402494117010682812451206986198329660279981256007125698395831467613642368440943317472120989254703937469047337932919825325053655132100854609946152921543410971544
582 36456749671257082299108201620047598594987052645050926128346850699545870418606716999217791484478984340924212351305152706627049295260298118356949881094117986126239466251417469222781094068260162476556321099761506719374132313380278609538287413360369033330253744273238989568168770256559474505225636059756038188542130056741424611959443123152457370395636493600
583 146077560538439030792990251164864261036958430873296838026297003146633968793940798478027670256845339312520776318130440366135132245185754705577403660830349415208325562799614822157381939055573306760585938961019185536014061444960266675637725012754901550164697821186404305420516586589830663439787846906582007623867468008710097654024654832042295791380800002600
584 585312489567398929558190783398152510775874604665559886156826413980337823616671255414896649897638697044852287364308967062727650168259623809028778593115424267728290892525381442586316332969286786056476689467921526060464671683996869241624384388775000676240358408276827387922769588736479910576443413920834395333337031751177449602759425018613244963902133904000
585 2345258947924166943777682248547391909615661943351729680833859261496559088118680809007179912936424904461070225490870789876445558324935287295156724609635741778675596257998845371262807762594696738567961856948033724139116342610731611636327562876569800639347210742013579681500043442072815432030598399336174131033946949766314352527993539854851429538479994634040
586 9397071750314952677290405454008695104511301872164879268161651468287067526747216577234349967967367037591170022135608454447526472939865345566696339379420125110113323867762164443347315640113525403506271552418186226155656017884240669202734480508035238889353770384349750740128875167361712418863782589456619404297530795435901833684568010563238467370742634553440
587 37652430835732950317880327655311290282239823883691359251951463562351594803070628952623418573001692743150446336458073755099631048398706987700996531292293562886621996215874138068734799016588488919201164487181323719402547165663786570471751305449956397652886338534340632204121979479562164217450492529569942404536122752465592474098921907509905664023852451538120
588 150866298680824359706396133978351200585737761114892805725025285006219677993579710332081420148465316234951905596519416838935474327331470038531304280404624271639061587495751023238094460490425313280493801422262725329918823635416502081254869397900389337504062983147143816246188433558894636872160519136704791612244141812706453694054402566200417716268038380459200
589 604491496074867672565083829341828960170064906780080697768978863052131907090402379585967213405063333112266547037929278227799861104641667121967929813282343914593209049813912139337066675614701418975453339969394741262893460889121962413784679922114028896802188036280821404293018878687684198479866208478028673633659850707093851873568445024218698151434202479365336
590 2422071189705751625218332491081012471988715076402360690551426344317540408798580936880585241709902105856389051322521239363202633597428191066928949302884063523749607537514048770045233359079805351439622349931998863198915766848786610166981630948599905562275253555210394980863964811657289475425781139516079525574745333586679578311285326630457466216506970110455200
591 9704705580448130240705318659178836413188682102737594360107748945706212756859980173164493115798935537252244652511759448662259825747426135277662032472652388146879024132981392631132989556967757914598500232752967523893871938320128482679607045768805439364611503428583318612582745383637442242833912929112018871848374015780012176631215539992114787476778151258716520
592 38884505608293015922149229416134491753690015599462983832039170056569055513855435514642948327033878219042729885093904525221513670295776336943559547759764679358219239392563028684908493025597259336593463962747570186285588126066224849994840023040835280246359959014857351350433052268737483490751325444947924624417280210299492089183114233641945495797861753786784000
593 155800755579174043525908736782214551418501211151902360894589377321253040000341199299552321002086434662891336606677975748971086549878296875621186887904946324581412552917397584819086442546625075891721045682501061515973024231019169128022827799899629869575363868527119921529099634943974862167829591619380691201218659510753385591152696224977902853303290567337946232
594 624253954900704093452882223599564543288969439623811145844088297664919431778811011805627834803732242305416509113169159051383185254242414874826222199996723012245503834125316032612747244894417019253574010278050081722428262671892176146359241629024840533536020305473715897611504106762412242146048502966601914837535633750508012962635499216701352876890914712657478880
595 2501219549938848051208518000281083523615736138560051392439276344179306814218322637935798564366586485319618946030958596674324157120339197453755139330471562716024190057585669044966684348463810362539309825012481699333070114315130779533816196901745936238418620165220832674964044770597210333482217698190937465409171973918118431068539177527404911305099890800943982600
596 10021693121099518914422028424655635496302378074499432806008797990795743605265451837506553329717399666002851525640449416884810247982014561074744552317465966832510619332645014367782845335353692775154440801605121819366928679153827999336376980483162226242329994148573502099283971895943784149314541754647493625283055535793003524751541126656346488056084605171426516800
597 40154032169774582496039939392747747592567246379034640169041962419497039814569890439988393440009352011561359358357104491942218661493693389803652979061236652702904032966224202131385195025670240675128905280938051045102807456441888414499413629444868869140787726872018805094680051099448922664517958048879471621981341659876174680695706259761455165616010713281827925528
598 160885167420604357337567060347491812799699921840286196456194931503244420832129899495062865692609839185366875266151340792487192877830721929050676798401991981596092627804399671849412845639779356129093564530983507488096519314343596176709886043091660297978538140254422985917840115268252921376270349375939745579617553631775625303722916392642607470808288760792353576480
599 644616824648441538763897452495970540916523432657735328944888053314002729623374039650073364699589741753610948645187607298584181036240091378259152431903989491787603062319254721612976988767866387132504969221241372275747477591078310399373296561940351337740908441159933513717438906598890399529582890998049605267634157018784670159202525170459559905365916283399276757160
600 2582771918457862592710106654407895322536988711817303488259985522460111103671270421278544328676003710056669139115347462943493513847248971167179212711883096658718029397173173946686524983228544326070040111842517882156662022219557613701195923357004714526565303106625548044020332002922488950648973409670818406741253054558943313791833280553865591422479370284373967280000
601 10348306153287836121458493995327633925631534772014662642961675326656845155391239895256497759391107086256567993626171354710432894436428361676378523584088695240482768735121700339645923247477343289777113014644351243783473790540767041582149416725980939384666219724326663155773711473455328558375390346802680046952113465108871810183690284897687497807754979831813265220024
602 41462098530976887488306245492094746244460458787040445331533634253892983584374750914180505247922488145368914089411759123115020650941533562029456951799759066550822592363863347131591293399412046342081509895260403395074187097683219542179214053590586463377016144600008203179427414181356728702114022997006375220504036116214424785867464162631615604431538882023979746972000
603 166123889795209721963114060011515827145579113944088960364882268804634346188693569509987619736191717215435772483525477153259476076441453463653554888960337931003488273181323278179193236089721669746670858073439432342607990920143176277893739932877762399368575098037514969718287588712793220653040986170679869795490943544348334534338594765297472418364129586149564019037000
604 665597541866047575892012552218610677253265570960064557614520002374787032159418518143631033456703862647113153138885017085725817822764511376557196295678054057384495496284010162640196424668054258193628809305514291271757164779078751348348845363777426724409633834266678772900725620815566369076399300230330475469930060954160695654895235869444690572565177755098036835480000
605 2666798098205025055726275457564632183696858744575093095078043718124146718255848288447127431950517308333804528586037264617240828497809010764641501751638838906036969825011060439079968113522646398566199526768267001571641412767293276110918196925471257546297815151821579258704214810316569604412518675697750796394513060049318538145671093749756054569188996440257827833714520
606 10684824115783439231538002825019286633522620821239711838792029706996581231494879759810645964947230542694089369422902305402415905014100169177861115224617265320716982915488093021540532120816335970520303583996485468308904490551088829727365365483029974924092062772412145057760060565274868652569719084152663464068667671132439791863727429510418230864709177213511025907361440
607 42809823354987112960683615279120178129031226656716205189087538165986302359861828619400537355588105735041779074844926118907815029074213195166723058938630893925431895628629045514478950989405747708668189560881547601782320612912765764870537824534340631479985970466786309591132047539524164489856661749189928609990346816166406944148406642017022069352098459848579721917394920
608 171521400987361875980860877032652838895887880113894252092027830015945119174965624051864907287007202252811249830411915365684990762163496552585797441441457298494550365107136536975492827428123503409251551702233646836869545101912192931709516324216194456486121872705007054252732374934684272608433958792680523755342046619026360396532841372365614536596624245870726458821107200
609 687214034219101200475949171795299861102603414403694733710822029471780115641902893621671646970429351653846787108745429642042566286555719360802671983160054693778306205610398119491230150671447799742352632488887198410429940969510324398085494381302147339472508607649111318110913591597934066348974319028796215906022692951284263387663066847218854820022271848918190467922861816
610 2753369857955019588113819341839953466486621233407249836214130955519119018335674477563822082420885724037703797279415849292156636936282215138871667848359486896083423151504000724996872849881963456959267265996488191906377055850077538393226895080659674650149425297882868477081070332205031984797427250770796911444524034151686476943213005247448055713185230679523029122662712800
611 11031534316134537497295367985994829954251315236798882950339895172604470296414652971031105970063580218423311487704937946533438662046164219336014144781350801321173839478973303084894244968612687123138565257219689162321726240289667563878130967143945431778459794395665363625214282944390347299396246261785776592822063966299650007187183074588896424503409204895236964341573379720
612 44198356801795986568541834418519384170224582159875066223293066092529858077945540997248761605868559156615423885161690620345219238687514714609060335611988012653884052612953413013803409690021614951913073038210584860051724602860025673220620130884277455454339604078988580651741681096388634536461486306713913285228577008204261830781424387112615053363509009170768991938858536000
613 177082305356215292591608787572237794093775613490218402580906205978567339880927202625413319350485447247894496389085719400520232472286606548372667562478569603346625450461071449588705350050431085008014387271392579910862214731525910198214140398599895116946732313377625772667708604594084842946583060022899046137593570876503567642381026495579034338734418082013738287089945282712
614 709484734020986555636200949881592206026611593363746161074560590348060989800280918320662296780465375471283988956590349041629389692754867379208797528128018032040412564360339958096909457709183502883178990369953986172565163445912981171078244649210685687659389520068898901094701682447926120803093068730003803324575212407091758443836080902989462155730881091394133835779181666080
615 2842560986468447763623866997896932942712482931066474847301985427127410480307387924543412532437839994360111967466660330262016149986500689747654532867156142139865605971390561335475443406752201190214494133931223056110466523270768012383248526909835157523709715010128768914625957362232886570453394331501602038994404681807429039786024973492227994090993843748529322846609744316200
616 11388732147411797218811720785069988245274077954711860201222913971450308005654536043665043768792270130731490704605266553586968137213052119007824702755114093159242138502357753812496625094993328616282219093055572934144263785777719401100525042118962024930213410830699679513548494673616011101790449208179892913545690255846629436331355999624922324275333745313835390874130599324800
617 45628881395799213532511894314208978878792896740631284052951544937563896360317863219453245767777740917431598904086362686409198964341725691272178794997791934520075949067640400104752601125124269770452343359869193623560228954509656880878033842745936219048337872057284941652915700233322334168560329680825177115093490257394982332359727091776610293976921146808251344780602346366008
618 182811336807804952759107621952552019105957926649660509204045735957306242792069672969915180340222758285277479345674544419904192566206769965239194506477555565539989570200574923548202314241970186736423718124545008106061813196078815901232493403817729459067129728683955893818494477590637897504414387264820664135014617168234480727384669002847405629371372217855629961530236501533280
619 732428592129652205552670666593072490786977065347183528785141168657427600571469600760201532201395951796412305899624839215667492983685460720131968385835649880206341709386161530218861682641066835663021903913468330538350080552067050539972238553418059608336754198651140903990162503280254048347474302535927978280420657628101875529040321727512759094246335891292448202420547746505160
620 2934447348112338400275643381503747620600489696382900083016397573942520919898636114419392272263855545627690244783856553966560858689232653615985638791730157622911436805788362672644217592654940688429727759157945848299778847641066851269015480108389141933897120410979205224278575380494153626703990850193542476220305643817579879612351129807020297808922392503314937401462663673016000
621 11756721310824271913362416386540821112212284525508264203568921893021325750045557501721262867589501857466031384186265728489104734097747372671156181526767061905524481623803655252055757695008374926443289360870865497111032958940886219489780114018253253453689977609352508803319268402895624894424057085362093492457753720369754428360651037348325236154243885420249510288357506077868504
622 47102612916796760902489036988266606968090441061939712300289013961090271281986228691528115711834013882420361874746030351054458684779862029416961589466058538641714764978693046511580352899170088803533205580539314332536228862905416204398939411532883477226010749119285031521763137127766564908139836177652277179474138106475498244549689518931067285577945991062398279012093937441898400
623 188713362361185736606113633721479717949326976087385471145209361400380958255160748768730311734969273365633364274988950954383881267922889670629644870521156919780127728384873486414767102118502288221027720087407208945273183115168627624915305936448674175325152229155633499750320278113864274802793615744983159350829256503013091348061193990460526020992371389710732662135018320152823400
624 756065092220737718409084477959572032105168751708048372357050667825603325529505848093451591874727927186086560287802396349383685439162583729429138666761647258505476366709126271945973627438743139720452846868234103223506197061848441228849389509592868426920932039192094210463618727364773664177583708314640596253165076484877235924872421426310668986401218981518145976573105232211936000
625 3029106939986929961574857684132900769652118396266219440533055560198731272153473353119871116248660089685488527589550963296066240922846425533446922677061984052539900124424708756615102508471170067513833566491380953379482123006598107553437001412242082587366217436625927791905897943908449910281691455448992468695563547289271294371090212012942421089803709549112829797529981347167515000
626 12135814044363636198053509825710053643534247142800981566551633796380196968755688894422873129596842497370393573478853942424568338263726677649667664169709459823313359183906651760568662653996152031829989278326144299189071428737705448099462881625934882049746943566605149985054567367674920308734104744627664457304120604480641517247490122477519682019361197258280266884213712187583817440
627 48620801315118210199230355659554016833840082802148341483884181407861875395589924401172334873322324818756185187419128522596301399522802377127148377611317744671555956211400817058255900742195489209633003686329986098567932786264114987527099730721944720395406315244203672551818677783771114790057047742036645069206640565985056941144468043533391273504521794124719309391480611721896723720
628 194793385811127502424986688065071276374172708132371026806247310520811851664628333522224268065757118706913469713512478278782608671865973243935624843902393973901822790631662748245187255720995826115889326570805295262404263960212723336428113756478686540477153468404841942882096669444215672522778857331649842837133184014256164650927893889607434977618099158220839460562233823477295995200
629 780414265447128656212207813967705941651940340224594750707831581640704806987587759439340552200532436771102829679130437366120461376375248453144726964021583820352832990390178265002901390565176939179578450057657134121294736106896759906369254673393345018677411965312884600144689436181671927654331343176775745856028302203488069098782322712583195482449369202704308603017808397103176598296
630 3126619950598989210897875502700507111228759391678821576762695684792648829266648383628454690063389699120458763326873832861596820632891589312534347689690632280370875070383894500407053702793180208500416900066769674003954437891364907718358172125355153720768631778333044871655046155267129639305687450327100582577697091012175213207392446117443952295670424195424894042649963277543634618400
631 12526331357637855187787678998120761823399029689837056602776260172089913722331781849691366163537369072256488364881453575917172663727289075970791406681665665422237613818569133709289559582097758850484953254667355708367690096329280996077566386853880677405601817357328621983504225090609892360824895391288058035573446560553198864652857474875354788176666386787783998518804400861622214634920
632 50184731651519014127935423941757980807532087251835307594006950420036928510387877449410852083116143259547083132826676869307391248463302636777656464629584509021666173856534086173519382636592803821718732040654813698616515831923253024107273284114646610220276058952905425687529831376367167141748036554585124474618074992710790977525553111926852418089340334922214446915528861297170453488000
633 201056551489946430018880527564131657285872222977289555107635440606856808525794500354597547639170861916133777988347386068376792454521885596272347546101507703451479686444239051559100729247031669859561861068636321036545816645784212853076948824250502571809702383669347384710172033614968719791844321520622792314348486119820718736452398468474900966652317590111228959914358515323362297579192
634 805496705495267214104077437444925565366464387788951519356972318134263612040149934663025504986063496344679806521530362319850598560533481765131953982665819432301598030076692086262525553577374269268657745529910556775405641120924483094567369259633137487951390546209677555916502773486186882575138147015185028748013431687939774568674107148721962764405265301153134082422404453637408538301280
635 3227068820122994832530531058533298006357759534674979273133611495364399959908487384542202514559546950146727139924018288597971396832476312222818308387521751395102056128668009666874564218175441704424732528266331111614498839317746474154830219137706158153451308758869498807229037528302956422909797736987653762587334691106569690937711410834318375495995644930093532074460110435771734578761800
636 12928603273059683234579009469147575004998646072776609875357334872766981886625499860047198643263002241428248813779858981329542653316685402742595533529092825854140787893044865292021665057139819125292252091073064626539170170083686260945359171111172960653357507824954188831233489143746677443487224591858288312244137554473578144435581985636601189933801595466486971694406724527145360233892800
637 51795725062509548556143578816647831938265016027413210632720895056305455734468199941406235420453167289267345643759767946850327622381298256809551179567452265445176327314777255474053910862576540376629610521326739628446885669868750990356747995134580050938456231433493459190324427102149006208241129123816974061788822565590629616483284264321327453009093847439261270144726500632167495603686488
638 207508148131121456695884479026821455426141791054879927056049802486171935689737599407856144656155922576496942974841745929248681496359340274378717001920331665005906379499788373932296311843197081232375876767690630631472326217231002414554684811033889182658027784322785814368761438380697934119316863106653730336921229218132971568572764634027092319503428206658143834896150302513034358131538080
639 831333584048818876668778571148206332396894072000428046324864098988488193766409589101183049464711319693258062219279058194662909128522549794875015143545090475185773702521641562475915355018897698447403254602375310347069021347675227327438047047751549079739192098680604841022000273028894079560655437547738183522332899806658958881317721845576031030316710852523527408646638607641494670892285160
640 3330538302292607706216076904756507372356883919125345537702115952129154579095475100952515078612835909452582272873800683649527877047539266247674712208589668778963015664102548895195121462395905679687650018686696500926876356748877002137493079680592886204558291587406117783765365261118882761719380865864761653658134701844962003452998692202781609424490233420974136869178641111982680473148672000
641 13342969073559759623028158099680757660504766200995915560419102033217425532501247317906182891344715297925301925297845054650329226048865809556618951906366351713807619635992372504351896782609235366089496102120736571675098628933020437067181800107513153687471747651470400031667444197649362806094025479694904197195866718711511627534271585912316562290085529527247915980999767194526491409522516984
642 53455139751796353684768034321341943326327986901961795880118961031672930994482376735420427219674041638367515698844051221580632738329798263740878631301130543199365994800073402361385798939382614158406501995224750897708648737930191158214828925798553290163426466812825175278719278262657030790546212708568754658468567248452277871325627279413292165351442236041320627298607927427658830831985272800
643 214153612837414675509693744975843424042547635999759718074246055721904639435839056218186804091310368940802840120296358585744049264529321153886466819423655256122202912179696269637961314580673302121585096420684807741775341037107994384995574035324698274325655464277881027214316507750063360118281296719923709971123922316181968421534898001854950874997669988030733735964710006514261027785738961800
644 857946666670575745121261410665276299119133297566689010512065069268470219574994420240000624667803924660689991824743951760753795486699024567173220749181278715906128993326340942373316250447836519801241494922449601983491824515684928359530746338455263816514400715592328302235459379467882296184831671773541767765569965787110363743467927675573862207366477493592416168886693697766011161543956072000
645 3437115527965971152814991365708715608272304204537356594908583662597287525626530457204513483235198004915551716927692065247136431991515331439027493654684244936470183216280375465741392627001109508306605381709237802245215888187495018362543426928813831363915369861535126635176296400810711031164072942865147296954026449598682265608035382986052714350137299416028827961142484464280972739896965635480
646 13769777556998557300579748355025304080272300875231828591075628192482776691812332918097984732250165554717309513357625301422272139473620850616979699231157367657256534510080771086265356297605485488556888313127962233621008807730944510292525046785001054353162221787318066465695715397635085184733626471999188141461798123644642624320458548774620979721649965530327201857208050503957767934951311921440
647 55164372008532919959598124988862982909821539729256923210067686938305613124474175982343507130375229622727367500519541716330344964923286594714158616309701734229900559877612401699444027171015382554793563150058865007214685805869387791691353922635596777924752819348461448033711016481913969450992555748382418566639597544888764678422974046561288238404633242741562621558036563677001950819342399124520
648 220998535156286442867509026230498997994215503830346128223331444426720477926796081027454389602340628898492880153256074932769337351841606375042377730566185454475389024346787317037641791940712853647146846826698323563748073760064876119593615672120363199981634480769437030546272796549687052148422268674652425289804491579548645739168331000718881671967403806687642475019012717535359822313148345923200
649 885358329113764823586502210022184257396579394974658254425568564400874013422781832076296927347536342604471045614151897010009613711172663012892339621878276259440096884338512589893390423395418817442651320687836459864788656736162666649916738277612128067689166861814862195387404875993125744692889259928583931050704838655158485071471689129494280754811007695336263407351767991273875378895441706174776
650 3546890070409535502811873260489490091265187098511727983831245404379464460553517358891585938353657623611519557574218052986663731294890762225532751225707559863436310693410954563844000373739219486810767894212569238917940265561976323082535763763406198390570417388804740934335430976494086485049445569930109483380706436683001292258879548844093719577664282308534810803190564351184131753665939458172000
651 14209387297456046845110950723560972611776226468499291799840866204621731469663629554067399867000246309708950421878170841636269437373302872584598342749313777771740952618926028249202385457897043466872093351574285562871942261948355173831249341829449268244636788366371602179364571916867290200218947377117901506310220717807967694034004666022743805817879861885291436715328641153529907063284916664082120
652 56924857253095806715897633620655939433966818171806686657427003166902420388452758678722276329835496808452539124485117822244150263511030641880296622287760724915002913108897453776890542218563296404208524731919059419645213357507567335934857627436622271348225852684975638798411248565688176381875917145161813026694558934427989607125272320181757815044396426679721763358694468902808576580645463560440000
653 228048661265469704205405857388271953683314921878464824461962166061271659593003996529991358432048222141273622049715937804288557244036103867681478991697142647170877487491258844465837294452650540649741771972011621006518801990696720018990595420233918207758533193390061038198083095110029874087898400734195185628797862755177956395833940868397273024059538397189650915224662248516810738685067691556435672
654 913591574074224726188884721175680598523050284278811609176865277819734550528787833276087648503798525191840207193454830001030520352450830124014857862136290186914723468056504985481177243490242627922959713222020576563906805327649647718179853992600126873106778186793184786934089394318885380010099957653541027422588601350244265099493293972651874081091863347092107589276044771147895887907665675543384480
655 3659954012346282542224584051193093529251363524175055682023527565577529850742238721415494756077987131594726203242147353242757051407773573579167714864459267159921864191098598317362826500601366860167809665105843650445611082511473864355503037914784814709106991905729858551220288674204684562095295350726551748733062578614357328769842487290323573294586486507805639054338144330968430437048668737200919400
656 14662166913582664718774516870733858657642103644939459709358376079504485997477304437965068669402317282638634590694280940040690713032396468394989141162162976931078283918105765029342059622203600350924011243666396128265650153658098228310317665766664825686631389939242593922972297867055266529093846205525799798320836866096492612993391633256916575046848945189107014056957271178447297210164252509367020800
657 58738071111120797074602790146781372793115012772714786762490567586795410367942615958243813512362589594411624666384492770203980405756620190138967937199263384569867073338034597201059706672129707758180758699419863902771495262482188046962941573843212414508452935605210777400820270810266791330090131096513949651305549414724949050175284964673384938873019190929535453919392415635209958456977515981657486968
658 235309898271643741096430051242509243822646443862686938750190523422291506983904056650009873943261943169431432517523649984520093334980781292553380381033321163960577305415191313080530870027387777084364207302028514778101844551502172613958773213487860954313146905568537477689469988774224921827859138137759351870224373315384868858330797208394815989201009753955224450600141755109092246757681895869243590880
659 942670048395217175577795767591571985891331346538058921801675105989605489984150597842640140387557320513641492569033106618269761456220876310560690693681514875240189176859723154679292593761568243924973978653459990280563594984039190528763112868361942854591998099566355849694637329878884126988289712418329163678922138857714023764413337230109634040623203184886107264953746741093411485681261606842339697160
660 3776402014815437547079485320852427985968307670501480354410352473160179808130739876264231949250661998983675885079855373814219092423942334485921079018233543213902900617309740476184116935983120140632360742746979246929662880656145852756261268088176219162637583733944876868622801906528197049383586523384839941638384162588802013902668440358342289474987653175831185055037420249088284332431346393623079048000
661 15128495344200025567391150285354272113485159819402900086456018089447750625299509444401066717905377139144840144563164688755377209478886661900921206673423047269422927480651734975565866162983668795325112202419648584067568164916967365117503225474372091601429057897948611443847865055083487189439705635913413872617658701352372832529857179144599928744093170433589103766595500326708766731334165875099752765464
662 60605530516553203785857437149195329132388355827199515021082505145019128072304237534288123492656864052113066882129019668235713670164497563187167386766570258587037889398159175799006300423003217947636428533267341262982846689008535315210763031016203229496478236585005791721520686478704680041781688581544772536324504651871201373423847415934789722633716189289033519324512713009298487115918694407164561095200
663 242788318625225221208601092627894279243344289507149718785363751728989014573641749161806645748406527247302779560170188523915416967870745570767097142745198287451756807726888073694893487767735585709217179288472248072620978373537784136696985469453226473205541317739906476076899996556845539970531478482722193259740995930009484520261057010962431966257620768371044878605991629083427770101197273508272675052200
664 972618060736950509095089746636028967828540622822005509945589931511606067432266192739589833429748337180668848282076697435264561511587378911458268106982588865931863509967702045725601574468750347115140167706379384469214406494106131438464546116826492201649530362294440718283155166500228168455014969095189043873606636055498106076166298070708458048936652836608026830446069307798646068436652067731678000688000
665 3896331387892000533423100491041923274734816350461648578998899424429024306279861555309023667770779084194399223437229590930704000930334789396129129293167653774893306037161890958182771179112699411515212171476834533106167202361852908305469422406221770049880638783441284022007478874259713972255201375827713792948089832503596914082124426267551597256524135827263004255566448771076815453018203980756740677675960
666 15608762131344796121863367982158922712621880838541100472861756491246497371322633358582300211208986718575348538611628200047390304777405997799274454581425360690841935917406499142275080255426131436496578720423490734277763538679711613943821568619206948051329609760275439298305861887655968746552572620122021896297865916931710571038529248138627264354669784840916965009010084879166445805257409861836122659673440
667 62528794844486360440137336000600609305217985100942426518911661139107590070103281983544410238086121636604502484369412684402698489542536638206942979156482700188075851492775009114345229772934917043557888226992276147309768900077750116224151356081507997678407606284250995460215139884093707834469646974853565912958849889535207155119300249149446072794495252508116431534009736718863233567816187050867336794197320
668 250490164654374145571284800290262111039793787390881804585505185252916762619664122130528868086556798047105346847358445823858461903472537150849869637593379509689487667736024276604971289542414694895535649849766341110678864897550602750346399007291593432065772886099786677219691341782411834943645843764233638982135180123254353668200623212066932030926966099106736590521234975247899770558563647674984224751691200
669 1003460599723211397528081026312487139434862537511975612381454903797612659835660465305989233155625873784011240815843592086561671980646343480026851199347394474400099354104743765046290713288918150431007930875411425533462925948854942813441151077219585884266253271365237661484451938625208402172359037491285594594771753774749261549016683569342742354306940859152614099160156447930816216933898409401699957457191256
670 4019842163315704851084091405855703338842199701841696025683556266334233076770657768354851583444490323012173279378630614243024831130753288244006332285110660126384295491416306173207552894520284515122226482041484022176351557695144694424447713727820157327330789974644101357183539906034508675348055524963464392398662407189011289017105434959958888461178482452541174543734406600612874539236355596761785058485373600
671 16103367710954256448223434825845832479779797014541958407365171669912062056794694701929162912119316292180255244351269848937578598532623926815106824556343693938923889594874468733695982009015998918425245069606842590424325820876713814872706869385495790422133820958118606574923375643838170965348748634643701847136264264163491351352796648072523044375273306483487423048231281616708482333147181253872485963763321320
672 64509467074582773968442016113075406416763180886868530847984473097948767226027033321714149343903602387565642537319850317292030085560285288521163060652649148222811350790461668324253360964673748461483096603899411271716394874467205209025101247770122875641010878265195022108293465850251755337767596653605329525232175863996411220672328882452236392552724675089043268129853708311610033146023359186846821259408192000
673 258421853221394088575961171691069931657628694862276912266033038064997144899501151342721814674204592537907854942963671402008474369715926345662681907716564514496862306207483473911943390413068142294189369329690076961657051888868510235591228501584131653085398404220213894651498142162342418858071505058334700935599124602747849635261545560151168318100925289109633404027018396954965031325070717467280413301363452152
674 1035223352577828325112617115719352950592818664708318804560512734952796883579576677593973244553939851810947992797632852636318073800774488975033677956798320906230718580376029505415749476065537202548225676850014212845111718744840719939307355583749206201115659689446788327679089023710531554340069582718073242330064551040768200852667589310750221607320670724331517629257050641762616420752002222219095757872932915680
675 4147037169080321183685558178697704698220490199870119840227573270582420750244594999267110582968846325123069679413663919619884140407010305427275723585398848103186378603253756261070968397530432345475260454342725299895941880538300210133060686078891344677932690216048418833188691170638185381862503191801354585126242441694993900467368038468484321217222066514527816318062007537751242369535657388861002572130724389000
676 16612723711397316267682591578071990376278822963627857848852382405414615864683533152629928668870492172082839142607934982074529940033201125328684719111707808381154877007133177138157851423124265177603420087330141868956348637593811437405132070955389902062511682182579995184028135929310543730568960782483026286390104354932752978312289907641435676954708780706048331850993605600291588346735687059546800098421275508800
677 66549194985893391202491801765412647838702740511100945347177886913998194913554745232755492579437542453956193077529174177804093000044084212440689947860726027962775189471635609542555290663546588804492512583243741244633287875076265016739467530614909696634053943633633060510954896761733417492754128063149936722440379182656489276587808400947665060561507049674896931000615855369407409035199101927590053819333045367448
678 266589980504790069337012948874149336689160756670761837195784976825351705473501431419934534007578509753238640853665592514327349339259701724553146711463542650492634760854659405590305681633256162170744768654116135901766396249490030435954008995176736474757389413282272988369072713979792221196476173024655215298566497649773730441151359816949860161185727567138281874515042853629523161006497006717957969908891757691680
679 1067932724264026295456234762746592328094042205188479572011433623978842525171135527635296610229887351498733819414254052784141815453385981709265016381126074746789478638865665039274042914267179579751410411828202686093125101573220326082994920930574395961225595994236094820095996076488080763424359961608747593436059212077557322520062266316127414861320403845390485833482095343395999972960829740490202289017127074341160
680 4278022106035569254257670919986349237725765534775647180958909362625112913793061318363144585693347968480564289971327109884444227224070703680035831087442481259950292943936778836998844267058747011635227275256288553839814497135971905065722990980771423523454204394870500495467141840150638476562393733994967605254155048797253727529420635823922812483262244070498281008083207251350845692237775909294176519635096388944000
681 17137253260060133306761611155945316652301448995189504295488336917339422907606322104739582434759278424494731102609652145943071950029094949877624734435921898379795173117588608216022079656154675297878421112038704824706260514888560741394589840848252220922977929381271773539694997276860874393890604922759184737557422913475057219800633796660444160031148943444382385944295098023596954576715060207125274796603421402213944
682 68649672383911958385970154527780945414799343405105679468564145536713576640161595744103856952545265891165959647295086567311265404365615808465000238298035861130454044505216432116428675132574204366576006975788243985696232969097707860095295973683607667766706200171789796165652999485061146390656092879231311328070758100100602188228592414828780875789193300762473476778935186041159520554045073900909850011016254273365600
683 275001326910333534179575457727122496881571563317813367020699773616277846599591612276990058121585077577125195291156976148183672057350986829555254986158385562235273276073784728820733294168143202857454439422025510295256901645933173924618239576835395585345063017765959691827293616189562552253739432548498329734612127164785116974824744930561548461359340358481955095240777361453611055755634921075086375597131548218694600
684 1101615857140076939261081189372484848415783012060816064668571860342805546554147366310236284866103343878551247306206803355925153168845631845344348119103941635143427515980176686754848641453613801612415661861452765075743890116315166417709383894255755405657850286915009254543678816077061699170900272238036339143861484965046279597906117269726620463208590758831111053500680013237676930014322350171467586600737630518584000
685 4412905626555278967215442191345918837221119083401514645017378504881998826839713134049981842672004727758218148002220622458034311306450590317029337953190308152058810618279789423107188457862332504669921720051409220941390098661970847586727443426365964719513681127910331310218757764155856143494050084739637163494995802718259438882631562552438304588663807822957536545642594283930560699132635627751382513473312826233236440
686 17677391298201000709546238500807593123116424474239060125441878273571101869851347211435871365442296830109947638381871596631978864370894250674596122009768185216093667961008822007514151785116220198937961583220618612293899482217419547065761285117893153913661053655963604653118622642518334836321297755313842240179075078604821111072387209607373528404714246454548312376981542683268529081519682333995049491386649549115073440
687 70812640360723542200922832944926043589393490459488246683256970110456833729375367546686652089132921095679923558700235311868176331929150462863097803556516771667234647249743562643002344971671307403639568517288504523142600523054226703565631421546304033628914350649513380352807992216214135888773763014139405359270429507504163864630829348405072161629025158014966965010969434593884432408120961207289921608272662521811542120
688 283662862114572326254642847546486858745285132088081011458985708506517039917381384990517444118751139486362021472205952701716553791102754368369194990063161456651673921912625050642809205841465702480841757327522108596030822004683355198873150631371959614480715394420948902333296231829132165020416377205765471298897232577978213583846950178111124021332745767821992870567553321590427411544532790174388020731970468797534099200
689 1136300651145001934822377453253078172531985209352836144739774146284826979669045199177147619205349899485721670761600818657870389230791926475842514033640186803822573145962663056395100060815863507015204919116910997175641229541916848674047753207230209987337454319781112331540684928561656036178096083278796502701533001043271815105428609990044104484263471128050864477617667441935904489489326769837080307636057669944855247736
690 4551799415326858258504734065280835640331319561413392974574421834174343198674259433568885322556705410834070521126026936463725689775274407434702551624440027886921760295427302247548684923179136752275801625648342332460610411153839237505368077637953826718616540064784096408333270668097530751811751082005683577834279071138318151004503788182142222547485173534638218285743667119422709816480908310503883540441921401730988223200
691 18233584904294835110879833270197434362138793141661765480758988332837513914689352281716671024918383885150215945045283517446984888113496138583070872904899463335256234158065763836238893390395448270408581028076464700721152503544737883044215408049721104836237454269740831200563413361031344043774668368352535703442838373389819266135073890035011849376441430977540630397122449743945194174392949344286233805579477403237713952520
692 73039888589128948750962921117086104651809232150679836252881157315910620138726667316631053875616498428780984784385283227880854724848161216326084231166926584232650020413037015818102792649353300890899829077219389938148963393799040928979142288279659011412384462932450380991625687556473359345725958486045784762851217881637648193412648143996613093555594460061185229410712174012131333026642187185163883050923097778865465544000
693 292581750244314228233626036613529887420253166938850442330905445201884738474783702025581246463545077881147949952590275855874649148601101948509712166341049141035800388856880758875284537928689118104916356787575885292348875900435369205608817715135591658541252348282922114555953456697580289924115409056614089036697832621053112033585530167900339996397361722306619211440878175249565236775770982265636979808958901830011840228632
694 1172015784528450645853601555034861424933077621099926158601145044560507985578642939138551763307749618580189533801597938427259655041927495098690560667692793150124067809858145270373603128247496305534067651012531744618112492096809689192260776301002304753423059634382549091197199330896964485331337642243992371840820778106126811120644331787892145147961804326955340693242227164733987300579411160384291595646034637367631362894880
695 4694818272318577515090795854462413200740570297777802191514673233253908069032604280699110117985028431372427474373487756274403552625252129527278806342540660236931826662090487052357541043545052654550388685612251475467124945161253109625415820983022635497994862952185429641694858265418910899371472188901710549051623048699021907580880880291820709864378741888343535734139419249472548480794162311745635406004495711805019622770600
696 18806293626093409787068741955141522806995320444623598994499065153063136783002547219376040578111473193148542456795864641623792895279672583376167874711254170922501485538100851208973546478076403373054875627849860046584942815921401948708150631783794552566706044402612411200533835581366006738984999552922635670861101153091243257597057173322226471195784811371564702932737848223875828335360918323036737118226958119742173476156800
697 75333256651650038055097201969733571244113438792543956891757749492442565159498709263822526225604993920478925651372952707235313761917271207769613023171368368530685587261583938248253506598128949763205294732898088895619366877829416098690899225049620209926966232130606244099975647860312383174626328202265671087691523250518300381614762140554298565418319799844991874781060968790762598615093963545236104230052973183095354784927928
698 301765355195705747847677744475604205040982383226374071222076953490530332747948918600563450861501203181881882600439058983331917826430496788685726199876671388273670891992441903082748244322157228419427762864587138469996633952239592733449594059817749336772036961243274385711265053412316922028984387383702641759325629746551849657226785406313818148184013125353913290446162009141288461189305680054177175103530501621290157513840480
699 1208790735139245373899866724289096500422044045130289259508491636045161619431612000583346857724735690682710360287844301027752039779014844229686470944928354173953411148858472018604039336893136049575965299353271725917831107783943007594158862316101684671204384260833314741813441571802469265806304807914190779592224979642284258143003119385437331380700470980420921521392414143120376964666568145106168623414923636919257541441817160
700 4842080197982671025636089882703104722720634229420328936514701832512807631485713307057758657910298676107637009849820455027005090658610264540679394572369232391684745711029928387030327296629088493943874926547442145017823429495655150739713349280664247932928186045865510314745236961020099664835115677970583795640579593499316407114019809877491651120576848280154692650176303800809466934526532588799797016012428011926828478243160000
701 19395989821633442222690851472999293775012369113278003339981748483379875140979914447128516565083559055676252819960909114710049378476696481382776871276003146946545411376812692670482910655600152904731083838588668505690233680235037357245718268101366430254220831289567671273116274424826276556478826454003398259395246941217601562047346482713501907687130352365197038647978959772001001066574631174694100170250559257576268967584462424
702 77694635405344801371349373660744674636568805235498763735618758546834079024067902664103985057417446200114387194310452468031866196463703720905862940046812913971413786931504590215109717940134896044696876541127184518798314120302044320675223577281114154405002720767639442247892714935229748461765368518497558420195677495213256512149251567404759385818473063174560743251818150583845061626982373759260997101253324559583561518146084000
703 311221246096623335407741365717968696692352536071542056445242092640594629936864590158775588569312673865007690636520226275153083624161395825498656029595499109255724060551145696408396894624152658424019135911906934200487640740091302684336698949184374804548734228892677506382926194152507756825214428024757808195436213065292084867185136824231413105998406314555296066742622020858233971558349458181000169190608478732473665714987489000
704 1246655802287469861320340947171834779353719404804356231792036604375411775109830278644540866973858773495868148061678723433216500925654300709301871346867004032283956130632427344923308974534526751540300010724477249051749135799435791050487374636299534099187751332413932995726701869603658448582405363703709305187737172242491127187484104706227702828834706409170478838237924512201293776817583088409563414233969920395711415327922560000
705 4993706480753785524038865725887179087752114661290176951212419352753780121888808786615917276348296094398429298967310712089962318900636246461889413159786737863202506374852090402702245815456470973838602414726074024515352316260160915281078063240805074781383245238985825584968772056448218283031960860631668564711610483755121974947571518984714114909424781075559872538589387316337989985855400590757724018366140855073609260066041916920
706 20003159009430766411185470652348076232357406813451715901026769152023652573353185834614683611160871812884455647994496017463797213604484661560745125521025826471184348566217885464064765188848362356097397634556247537587942545494212598170754755263158925087232296875730783188267190385876412394830547445141615635544514413119263708064474280352520545091026026395920288391319654293451144846868367106171554682887366811218504257480086121440
707 80125968383385562904861913604589744454825419926970895988815443572128738636604546091062790280453839400041781670012375215084239824347020790423412514641834512273678279789730610763949523011477203340857236839181641052786077311103699636925771362364501418258104085585765088582713819203138347153634016841798507840478665173382121300457185830621644081591114202561299495308342284494078347772211018190031146815109980283745667592177540758920
708 320957202916192240659927778399148735920884850400539713494095242144651467919185395374667377893888189735550789982201507193052654389743580875451332978846121219804169859886404561803586268038465666159973292555592616750917532483944461930393043115864601300477242873569526882259118820440991818672026907959012481822245462617220566548117863299732211680502497065250458739830895622870558564261488421697487077173207335146702083802935953947200
709 1285642129195368918801631609519753976089872084372783372131714840003151925167810425540334358922176207065875727651700298394551012242939418207102653727514826276137673254905233019455649727001476537948651861402931764445437329804366946445452449487433735935868000551435922611154030059921576778695828334776176743610985612452033675871156833411953388526084161983890861533787677350088803605509754149928467910238505838973595870277198805944216
710 5149821786903875499854208421771652033984819068573631561148194845710791914635517078327996765765708526378710225673965762050235892681124152517875849114241197870350430608105096362235492289946683883589066232689199730877367856708118859782075805646334118392713176255828494520892468970760461481788659053148627033114717028290018552756195979903088480680394233197291880369526027153376601099428961323706361336536254039579944860808309158720800
711 20628300228105101298007561621857152654440599198624518535078121325635904514399169817978624205188919255459531197389470063361794006572111199386620703828518647186546745076584097084028223704955301733787412419732180730324839020388703392516445268233312566649460252440039529070652284071652673831912202033394368848717784100408167846764587063743581873100008409967672164938945732844753696621281230735802744355828959558137126677401468077575720
712 82629253234378802386393158226510788691767688491818043302253853073714565481025085290581044853953850615935398777301713351882883750978240270336006745528302974815401643680942215102036926241975303219359297477626149485212583189712483951594912761574336184574403378332035933240203542752773278323282446948415580895727086324567734226516266055871123702623658733160906831487281792487304282788237438561781156548668902461017908617831895441296000
713 330981222225348798323024279862371867063091920756552049856780883379542051617813965236990369940408461588687018604174077356573694241376827630661143572344766661252758014397854558348405780948747489482906317096080280186540460350044872408272284218616375237738232725385259209584495798588754545724927838554688753207890822695152317997545818096960872255377546079604724719141325885137035171839950654963041755405890643526238526989499919588365112
714 1325781726052729548401903707274802317436452350183327706018185417856903365246110357246626237028563774397001118379791909214128630115896850629105673560001016330023683378160176548383816010298435929786919472486176611639325360242120530778741748523538415041776203499392295657420553224057040713754303931004218258354499113683126105461310958310974533026160342929515400975820973047744182087358914221838400898584529074295637345238360439409322080
715 5310554252816255614046841180400468666482148069361788850436989208782554096083859414181163962667117676274837801374983235960147275220007844473991700956294476923004977090569271074981941530057823775951686054592371197682129732307576859687341294659423859380622969678235460038543394090756454979960540380182212264554615526599284247835180507777125971762778657938195126671773484801394361075411658867243040170092599905948032577936533339729664200
716 21271926405686372137944270126806912252873946951961067507204946984549978924733109597503291865273758995071369279094754204043917227030080169733856792305893655547386302391060793845567466489568844558419005708165625663347432847737300195726874097923591029443791137417773015808441809930018839050549278018156288575766467771023233784807146803883070833275393551313731874847706524679806976228809618376170388709668518760233142517751326117725764800
717 85206543200430887278804702128047799359277206505899918450647748535878965860523126153127711388512931192861267615756756240151087976072957456547149406135538706507626559320912929090573456433260285892056959644917772264613789224465443255633371548782527150466710963027073530374143589177012673429410982462547934435617026046203132876161220861578592559016659568138566373319171912460816151433219248618587755455389029068448179681463971664373768408
718 341301523112465144023329294995471798828234500815822267489902836534232064088455255664969020870159216160852378830984679181379493592097723382127934615584630807688997500705915174171300007893857970194776871466267067414766126613338774074953824488596448020872453029927897031693335779082020451576713041606388326925071794050492323369835862533228865395280607509019490560977307054677632077055239901586668596521731100573877277415597680608272037280
719 1367107493692826955725759125915009600877440702432179444708858715699793058939272026869708783562711614961474163173463423309400374545414571932882314139974235187637408280112406946044272580805249974684068313559265227466062662642386296716128171300044198198097052877607029140909020777901315586984135668408631985261880975143960478935840583943022494820330173516469848494832378855490083894929916591082107597870473202765906553963577230613147725160
720 5476035579743173341432804287392528025767773606404279277832424341050631446098892124318165931027090974828830413024096789053960910700595508423258893160683059960084532791642507303569541061311682234811477171162552908180039230940530987124138333675315979249767348422381551307881199165399826691447349734472265869860416781137309247742422261645808968113962014480217006722735287167890962078206682529385899763637177422270436427444336665396046496000
721 21934564738860155439850288284500070592103137612319363107317655277208362625762784564629986900542211978667188977610978349059223662910985021279919072966144072698306010211171682660477500059358960959690005723914087229074304365434262973511071271799349823944586764252647543246906370510902211297587039930220090834503806472101598429631730636486031443714068501177078845870172958003725969708655528890280301961031435188227271173490822686559893110904
722 87859948634990470055877437677720116324540723196086436413222452760856797868520002527949240275845950725200942397274692599750600645977894100718774011667638315905982200123733105940879095793839098333297853826744959416469614130454267936453951583505818904697737330761177088890222575145484001077673680832927912447792683042456881790144883361851432410701905965303624887300018912123166185441805175748382857201463790889003632893703925536151123250400
723 351926553258161273409414888869759801122675583771581681588697137651520580935955467189514131701782646926899628087313804519696860714348957913401184651656883321981826772976485275726757483444949845702621863331475759927283970123124514704081566679474918880697645372305777676982739167028773042899857236690700314016647164554456057284652539086252459363858366194465654796392305593130415572413013533283616189722282929967531751500168047883690959035400
724 1409653247905442666381280108114556547788753099035270470098017857038455881591323697068925208911393166077662166984515128512141407072658871797223205914632613025672111206118598761736636872422466860921031006258437637286251281596209954157814697037512634965625689058649922507160117542600673756746094410060182624839830567044308995676748950891291893280376959301651061702805413460023100651176121611751779451534469967549014783608502366379266865416000
725 5646401131112960956499602643000295564347215451936856855364988653883317757755302101519175563193412296329280597375471543725681567934854643339284090686942590458385146608755397031218548007250475458401716683069921068295983563301225764780223039998355052083511644793494601287032537391323233286925296291945103443408640901050526952320994493243281903130332556484078295009929107746261550191142841600756365566335120498570943754721597939822616993317400
726 22616757082416604989896339414169459750157674030930527321351623518451247956581237659050601160353738804230791986848160655718205341773675544500578801647231996145813395518149807896893847839105319488434352194749600946059509065155274919128083333074427859344863300204872556965816416481914865984803624872383456138514865312321193965651234425038715646870570945510069007289293006852406634769096873813909199840935991768168242935229320195852326900817440
727 90591638561525464615177073025350948971705945016454508884973169685476899528565067648098000263890596370767301816290180227283528770927509181644092606734126632526803462134264039544661782169091419228311273594075188893787650781271086793797997989715625558021049340481906423831893382909829047150870356891649001420996925959643204799470334990653914021832163451003757663260825519793517973074192827228620787451646546729416926791368046727164047431447720
728 362864995173538037083075153576096235771124775636747633938159381188595228923220738639974383521898066350030198701455836154706553638099516336674629557729096058042791213644589056706654413701836195579510057954863495155188004026577599483361603941454909158695579160004538216369566834171597499233846387549900901954641093323342424726770088190819959837317877779461733078446697415122420379729111301341448074239246342228840502382685432690859327512035200
729 1453453744403896862821768060203154702621703084830708929345704334541131438928724826750227063882136142273766396999621637438354502291043481288666383134431342964631613590611362461315547217407658342493541805356464468029509440692856260338380769357675758514958439281257330040333371496120487657097727707404852333294364690869300567465304926682860503505178222626096590931003687469115412588281979773373452505896085236904757615062500435119309694694880696
730 5821790032454566309244942024407697848635628268457709291755084577311527848658266795762226374494028950760197711819042028603595880793756309572205616661946656087224684356446859625182354159049366941627098292046156604008163904680940950860428242295797282207514937648192186570073073064689834306541236378793361276557483490660414143286985795001188787839891897628489332122280543168145347530696815775841403396304685662006876596873727484339722507108866400
731 23319060349174180668811247232011107547137776790370331464509407265834119766406537138094177973199096194072402904793003388712336532053571622342821094782539051470367014220583514908804656225491394669231690636494526275326268465025008714927911426577128663307679321823251925689943670580873454861010803449811088161477583888602245892076271132359700505886739365993789185134379040396174210366789774787074466495610832541175863865490975533118340759775790920
732 93403842274120384402570905465565694798932162027639303047993904889688512552720028372557801791768783659107613787238774037276024811814766618043291020904916611917685389525436525420207030497697928005931068545939623088582306937447738476547394765790159701250222361456140429803699678565899514676575040806981224776220656001038743080563721139757789118828531620960254645185349960631039888602778538219317815629042586807398031631801803161728498709284248000
733 374125772606176184519587288012347837637252867575189120951800722864162184159255632770955566757198208300512035389107134160144840168936802924142718801392406645257598030088550990141355221920490026103404036271477731218456875728570625843503601502650945895718368178120153799074464931098568093659848513446271854729856409646964201083043888475330668898021367327686173081871804352322384475501292828293637036445312217847300358901489035896821277077689461592
734 1498544704463483325715563816649731584315108348159284118846503304678281272430524608206719705371961700787007906482351890705632681653336401796034153817581022534076642827612530224956783127534357085851310376823529614869525353665519886751592043135782106388746510905943676033525457705239484967025946146716380479222303568824864670883271702106751982979314520827464874430600980842340983631557119884211741562579062236143920112679989881872507479563568197280
735 6002345274009047653411113925000287272324820904071247015543214871599655232896106741318468574808480407864385205314027226476079918583489489895966334807828997763706638782620510992802943212427718368996906691774185124460847929757517222819914738326899729057462859707150668177025023197565046860895101027821238177709442638169508036966567798555183712189037051214202749760964273121551043626446072748634069061837870223621583060009917290011939857698238669800
736 24042046920656648015839890333606592829556833662021430222801666097944741504280460199240233312360115700224341261192308226690518674955352025690778310249807647991427789504186154160633901554953812651328840399713882976921423122626502664564495320503443443792932317204858582624176814154832544054471399262824025380983927564381948190287009979478509380421721152591163407553181203125299849425793116975148472209119124914728603423205271985088034162920021132800
737 96298850981108421672141299868848146279257534831031489533721890837963448307905973732826369301475573765984252861772017960398860926213811477922540236478895463937186300633462590986644180731351362845959539179739029593880494155759638055264431050708330064862523272473292190813093246352854840008136236977812273200094855276585791615075824089369910533674916271193546275779074646963195478179986541908603865652670993990813741006366671871293500422971789488888
738 385718057118361005123692153613079684961150940055909032704948469136591722394760426674767221412631810215290203957067652683546509859198455259382172760452182571142058323366928514483861406050200021925319829292707793367273831501117726752195097758238897947921517647472434733496868203453928458092663684715160959882362777336074238436510513898922428610807641147835875097551172041454024130680570914944824722187395473789386038633127930376074481697395712282080
739 1544962841249153294235276431003067139221086963150768429100037499685318606231587833672915862473206717002430258804677687931985919531646789514036585293011496313160329232900150376771906129956799899487121873513409628988994550362945650400285280585593305574577815077760551220306615714058641351721604934972120387700595982329476097719734479373608910680852952995936696233829119678347455834213607095251712544063154408885533771329837062759821658933541257665160
740 6188213816099450271903136990215262154390280664311602909521124491297081291536535842587051357170811624170888073565555617852481600131917455853128265641633757321556048472635232804109743716684276928601208255457423713130172094012214372652509232328349419599127484051792039812020382140544933177898747761936142253124569434408189905145952565204342959502759716048255230997353265357552925086451075780233580260415546030752700186093516321745124794966959443752000
741 24786305068809149467460673025673023007584853904080528410568395935411552632586881401929757057756933891082045989868502495438147959007180378174484222296039096785991615649607659084399218737852491771492576489217518091809019673440700648439123973804824714541753552465816705624069915286706967058108242193144956070764380269247381931823317900231694330906590401144266984390330643953157698168015996134295219369978949950049447892049171163360189035737728401759384
742 99279019492881991389235192361939989590434340603658580732209175622539120396110477734045234747207573696080308597241584419045851678062634098171529172026100160896769993154522789693581958373496248969598287532756217652087365290104777232416400741527831302576419621558016261741445915990734795261870188693241144446312316771898093402146683704123058295900226462837081274368747217108423247685809907961517758919387751586728505711316957507722836051693206068864800
743 397651274842109539634510770484751548602117062363980191288579070013728121047493719441485765053204443308494202192121256436668058894957704660968340526355363948103720695607057399384286911054894924734275378876624423658618374442109011053177567541124340870485133993757654899743264536056668925928440568025302464231910715293937592686466193113260119823557678920573483249170210294153794401956209552219470826568156910778203471946436881006183800196665289470933800
744 1592745886850764454848323086086972555369987049253304238593285750149199042042182111787162364469277346326232146795530337785857158725045765977498016904409090733730400687293253146135799446259985511391359175784212067351450099612207197831714312042589808352850502015498510890516408024425043552842424256141197391825354856437412316404797711915942280737930266659741389837992865945708845533734089029732057423327843514510754329903419711812069007173415154239952000
745 6379546697332363004634412360939755665326023396202750848129020880973942399577557383233526674899832387672850516908094832181841698636216837469974551127540899154128565039206679651216529249129078665674507094041107976171338596059186666794321753778172714642710082312862963773062613917763950844848118843236508706486403766072681652369389429549967159696861018497720855068032130659650146330137825768197995966421941908650939231993240285164949122614326160457037880
746 25552439389046672759502129510126484436688394381569138967539595045404354523945545277273615567680863009196422050913195917195842446690569881128269489419651684707770858224220396829802448962267046491609989730884038582490189377636918151206222297437279136614331916326406343421562723123583748686196284686592474339649148573342757263000376211284411753794919493590052030807440939129241453393261917323271451263213479153192543157033245353146168843896588822807161440
747 102346767955055574001866438305975784848290780713309098170252426267651757798323444086452497743021472175015656524477455912611152438157928413527856423710192782397178302574848204117904642065088605040313525340889368202557504589783748284865780996299779267190185762662383862575591031765729128786055732990945057536156495104767202110297885204319904243577431331416780194212755424690530176176806991493740730577661786061199339426913205949411393473938487938293208520
748 409935113415697827862897434285782527799311935601366561881385889414744390003458828255242132861193514036941839328024643986645610040277234861222327359500087962129644813296279617435908008257993378869821574903895940612197309483263793993980817044788661316478674618967941039617446380237795699764977178034074307042319992218294621925474297613624268436984474254137172953976460742823988147826761308523341788436483312250191029673973681549574942693157771917949163200
749 1641932620044693438873316461390647664821842993397986924327048295035526995254495520658697099000950849461151254424141992447140739018753029303452002962292751907532002114207260541127304458646715618967963952016218223073743555321960501746157219115210388312151923664037126704645773372038918305822307641274950112525433590856179308357612279189940556826546369426136415988832801277599554697070178479424516814260216008127214194211034399763193384076130351268387657176
750 6576499145706382265180172742552660873785752977562030404514212129648305721980622913185702666227748419837708811772901264477313110609394175969307216935474650314790909476559996651277405034588932960035354096264763760493079682933146847893876070625703671291387285439589803508261718442559723913292063599822240477158368027924901283766065892147620948836718059472637001577478591064830689026383333090207727663322299960494147542957692090136442245585993937640870660000
751 26341071244935963099468318558170924353136535926128452446880924316618013851773054974946467745804484232067856259441638792381566135834381089555644492231021232129823231397706767951844721933004949780158465785289211364200703354820403463745511477175975127845520793116360917596496755332774084822409147054010361267689645177608236504021134888900916417481120318102009212872472586759616926387904431660218720496200183817066224032270853738055494821525210815313090198120
752 105504583628185588552863784584524820844520239768035133102820000458571219262494473188600499306785021288951030252781456783540745136546147510983517412841817430756496349851170501781191935400574368269001309119284850611047534841865319737637779613829939392640383093454376364522738992922540170281984712625170611802069243299358508400759622687987966539494553639578119351764093695318352973083593295431481240113696309194039143447969762119184063605171848723853183200000
753 422579529106509298831417179745463777105977343326225825672465214602681532471586905909660510521387761314690216340471728645516440159414030959353719865510479063314117493500026883944294598264493509969003004426020366608232457650631408070230230065771777665627976989956432055189795881728174895228819636029064707418050263615245864689378204709794608986902127990827593372763117532996223066183389312239131231281894545349911176274992322503726828636333011511175705118072
754 1692562894801104973805516884611313083335494910321244475734601709484312751572783676259676095262479682843007603004455390874125790156350926834923342435797251793653823280055027243319080051225005472750477758322952565583499052920126060823259947352017852632838135522953251793108657583052158861651913162405288268861445328835577435371109390450810508420463955889396998552034124591298627434904421229252406867088014377156504498707683226512969952099617626482368255520480
755 6779230692704691009141460200963084232988321789350342595117370242231597493036878915522840593757446830955722430315628034646960589931290620605323362395054824429619790348995288592708220232785831491618870152380057621979101902724907785434896795544460200916017961396606066128962558818428758826211048281377923008851927094408875641855281212398306683536609978226755835365817919522503562098638810654291569874782122062109137081306254410197960020443036455682813703387400
756 27152839224819848492243411453923664530538655749662829149185334586103775919130492504027907225859339621099566993892269586863160224743362989114921505674106933685784229971353015781772093330328442015935622006139672522304203643056977281638233930631785289626713813252211328764283671831731924422036675957114945899017130611575937538284126972646388017705294640141354752511554933198322124160126012915981957764038544396162183760466647062380044644348868023302600599060800
757 108755022715283731791683928415979968516496097367697151671604752813124647464453877383857808306753885123936086653171504428754885444734201793540481493178924204455343916107526859266736256086946343321465017723120307134226779092769669487088509211931413484855317321559386145087655378115898164063655033538833272357101325060749028155855114331428045380618097482444472881769324285410866235651683891862383590219829515230989519875619113484697036395757440101900359489689368
758 435594754125152278457576844065061115643350286946971946985872669127336765009543139006415950840276592666005096050649315696372965145955617701642834561909538949202540263899890438201978243834891441853111230076832716799433297392902387304710743940160815599066243168377277440620123801226647671792637541940834450987393280970439185313245528391306019160243246020910306223511520161147623647557798034805990070328175242128071268370154079617778442549029569225836281434574880
759 1744677669556678518993671897864809428882864737692621149141305308008699760645083073909602673814135395963840244036021450053963467384561049698684783633034148504941958643680990502343676685315415647360678122376612300575626827769633013624460526256189730280251878060524914379994204862793476013820227108703826772429793817900853170770709912881560540771823032876214965868750355431347148128338712918759698732562597180756208398371684426270109306005719202859447956197237160
760 6987905290450991696628145677877497580769313310389418041356479758032209845007974367174166177068612074258316315419226178442787770081396234443912241880069603675146830537031543128303571377508433835483767326263882637038438442078087666184821557951341975274343946298206955327937775322943955808372541497706710274749297871280289361475181409322482566565436724890224210491211789419377221308355248867066314031642156771091221612896824662139599376457836011033449200319728000
761 27988399610701077269126415057183029784028670680033405944590953136118482589742465754839686635522593244298150259691989043509650302545409369816949052492519068615749886945427023008683925344834220232474963734980231171493517534558785999884229108548755101289693627087101538174056020108580404169890943765960903979026117712535690897066021408770033476865180975166486756593257467083097254702125004370797118506146319999850200879752315559893881850652606600529775191664007864
762 112100712238392751006960989611424276979920352474036558895023948960432503197812136163930834251082541177337439776842437731599752559282453463374168551084949232479863042169497855048067060290328874394080384900666759174690151452843006897599820761291321954845760939447975228088363298358772475613832116718199563024383943110504616978055053056666472175894477460924526534973346545412669101932806536474145027903169919870557212484666308673372039504241412581085106073766927200
763 448991304135924771749665275976465739294904088911757976046736341505564304146617637234011687840297601105563333767521837236809669814437240720567726675930173278481366328888033904256522842627703195687788297145877864666202735387302292559375990208541808507094848603208869170946826780816719532157448709451407773101439922984436876655615004968661329688364501100216295220550130590557690388736668602364208245390534116697927534053466450007364595474687870409212332899220784200
764 1798319037273114157885946374028937482680507071709478866053507548677594382007946919249200154705056435881145263243693356522413252510409983630957947221834312525933963935558328896065609575164771435607299474788296422651833049511324016411284944561269610399422076744259808276183991050449506844476440457886044670561753033213897398472730625218085013151460044829941967015763258393861868300009074056680150645749098517450195489950943563953904421288633033024314520547178968000
765 7202691432010116915092926576608048032725591151087703311680278925331726189717693158249414232195678712243666565496495989670048425084734430825186866786126451209884760453324277869017147419603589998022756840861928049145741928986628847846872006120803432718370786329843592198514950334351949685021937393342433361408783564697795120796708738430955310157826975689076502044120934917133120956464328828511815521301647560858924392761342884106976740287473689388047495182282678360
766 28848426859711108794568270628401384538916616061349964636586110623812299405614394558008111382284493208285776445239686451678170678215136368822183798011901923852976544231563885541624745767068724135786592607332821777223252127343542828773268737711265458150892238834985611699784135137950685486547154851721297457539541372029366487408618141169935602787755444499334683736510202749442663356361807888656014217047611333802362093709414915115360096800528503168182626582973153440
767 115544351965526999715059339801482307787723470073396464105804422185190776209432065932074263343144985591044495114528742411245688432296210299511114388713615547875673295963144485470577798397192409048335844095166143787061127388916598338990555050854203696718091188072079875961502475670529057533526518268598528544324778262826048016803119320265116083476089777089162155002416130041212965792928764633305643451176691795744424007083136739772714238473378494845060038920295641320
768 462779985968838257007382388357436309679121903605572278661057607500529419185626214528464324628607690959812316197224765710273805595178336004909633407246880028518287364017938473010915724234352897704652581892319250676179063088876738321351224405981579137839851089486412409620349439954247349863058091348473023978148837486953648987273926918154851279182810008758590605490260858765999697432202785660165938930657832789646465570910072757168583016548953743126780472551246131200
769 1853530256302274060618109670035773552829399707670234803595590105041182934134096661314526383538540849720046740769320425292343723502814504127723486574159699637408526416565627940655128916730523402433490100493137432507564103473003298898333743873566497849908874563942607437632758020927235197013951221011456330415593113903205721536543071003936341819104343416998985615292290148213968349939344281983792116689610230749796312352795196458489793066267499213352891877296229873656
770 7423762274916780372826759146567207467769247203672721970187799120320992766102753858060781874250601013316678659499391933290443399554168222637198323699387087850168883611072356680438063705389994546196375401296604576050946938134562640728635324156805304283465624800254395127322303748131287447158779842897940009099246549514213790206003332232985443299120822651754934496233236848574588703589841714396015489586887411125084329198553117852354319005596397168472990923268396101600
771 29733614098497858012724318451965282896883582306658018903972951281909015182676484283453832857388146313008150981472717751831735983792202481292179952320476362268517264682043011416379119656307295180525750490359140899922357835281938027801985805916264916752750996331408758180386207916062062096831330988227076574963387869213028320870372826428208530638330081513626438914372279118512450096952010382046798839767149869831970260112493340212407522999389239688047978401743662397320
772 119088716389314378136566401270646943690760703194500599708778824330136237203767812538658152871095529664751450514007902582276253148403710794325600236246690473674912259504762476073818818415813644994381467660728955111094867508790363512697111501114743547284277976519967556133120731114163854243366637115084209353572872840671577741447910163813248719002572673804485390678078661746238615197818898772844769715471759546124742814954407867228054179960146281425336999195499566952000
773 476971905538549296888942114933731023175948308649476495206663374130545654707318751774003897250553822334440569673717943818847812201516142794886403102876926196888555953952240330497043861407282195553529254400805864356465877853977661749293702235574996750284864080714434695858391029143738797434290116172139595972113850775668359232550057858930311906265058448766454469276849379149779004084349765364386977681789708459492526658189942536500220773119644256074211421775219676934552
774 1910355782079364324926474499139497086355415218083802366312845803762185442398265013573500732066901881823079725828978468871610686729044903939970499571396850388857769638072510429538451244031021028835610446971692990116216719049979296469089754375507069347948705632285389513976512750865606342314787741992143904619246665563599799255125646704446625572814259044056184403910884259699882893661427836731491245776623470231887336571976631556932622320107822458354051121947035807291680
775 7651295768018125849188722154176280320028148806278795007196152444008753063869020080203943500526353229714024520445544942985299870761696487273506494044835696481862963777087504223697083797051135981351289182735621932680143196555522836998559091124157540096046698597106094838055367980989197349767785262025905485275944513864895658297895848015987564184960343334287984666229773907074456209853966684326985522813837105260232823992733107124234329625954545952982559565604556037417000
776 30644673630875177594686185247178289178538546960889522196563686691875057432579920424455536291140393723373330131889677563885270055928050469369273735179529845227554344195222376744325691208997612607720469325555534454926790819331265903789461457683136732047829636855128751209336769276677409669678874936620065098772340670647785976189527014315540948019251712027426845042837706128833942016470997249611379391446282230577354095454855455811737553182750042869260405762899573936348800
777 122736656758711407170469927510605828307857994786655457457371054430860410438735042112381194320701492088220783760183703916983400630850082299655260108420805482985917704832784610661558052695796546554116802675605459155517940511508294067066889628711491083273819595614902319849713441334845153940288051629337621848710678391497404112276365199769350518844810628489289789373349683672335337500771232895675782534310336405858018424257685364361363500939231069838975944541092562411969848
778 491578475975688415848780456129993999606247206919011304513949448376882364588601610107760973907365619038270511930104043578161334148136011625809997911036848613148839828076010254653610378248449748108729655028583107081124286828064523886515686782308615649720107913126764389502239843710078929207101821840222030409873076572422604837950997673192683234280762836786945178891117683283161699674349145419679216797433482594884026607650045800595933317109753756852266870847524436958915680
779 1968841299666124812062724808870258743924249738765603116793658716121292349689052207063988682127701024543569883741353583097312620028076339573159035207501754030952628181167625671691143505021383911854141779460365210904690595596455250824175521634800391347880189709753284743109109393370011145567819318484386340464858677502992889022536700093655116328555262085343276627083595557831308451453426612385532807583593281855100473468895232737898179789976867875917806447503835279752041160
780 7885474781717983842921311172882165957694042599420644062126078554940220964094791894787733874503758128471563134200103671010331705508314464093004925748177631102337835934593803153921304776960706759600595361980266312361151527851354380944370847884231600804812561436498424272515693133217161594197524906553459984912986271795335516459608068192721944846134142889414900150972415050921861268770101891804289099332012350726465611253116278688217715518951724256250380921892312512799224000
781 31582337459085873750366892441133187758764344975115502628310088981581090117733499845278052081986848144646935508473665785126317061111267810447181583768453368632220787479925308967986974968433724047529747626631843848248004664835373690333389418247670218707112934095150991543976589535333352834353849433762298813479561754991182395361007978444434975698877140924421860443243644268503234735345647350689707018202330158748135151170780650792061292369694757301541989964154027336713456344
782 126491103165199248516194160762950846747010078210193716032463454973605185516351328445620674663834653628441775072636172693107512400836032841645260808812368567287037600686822331489554615215756276678411753973511761085414126531509552554531623425620770939570437449645511337898674520748796720689368883445008737205230704596657379612385238577862755761454612223451443043656097196316528824800062583806401854691408376202645100287574870586594734573443279317194079575823870219362921437600
783 506611425976220008123683007045475769835851106079701686206746216083544042247074630040516563998887654287907102185191316153006737391935746689479322164089653476601986902504585919325969978131245470333996583455432204380091441821289436249078357249321743692938859950298687857945819796906395773737214130138755438248072719707963485965198991493171729364326128717855881986528552585127299923868274803857195587300572109722155807467680756322161807840506320690420993622221403260764266186600
784 2029033757166572088730357484156592610734647597274514033134554449090669369714975785194201717369746762955229924388998742820979418899565765538340268019314830311950515706972116924283236689901752253754405997458683719611707912379602520126308570653919196459084948823792114116292455666301323538184869415760094628025547057232149327808845520398259744490602113286413050380248347458921683577263155264510220111774519347136632228469640628879724911716157520477634063104333927713493055264000
785 8126487241713056579863931760525128568503563080920885285768496135388650281766612200905348714975771595105059980909685459708092461523042161896782902109683554796544699533051772028024556215836210437308824381490011503019096105917617453338904687510528839981552385878121262191528898525776829965239896016174822859093512725323376873583149494488155055374414534202119859842818378830726353221713475259953796444361999643442686930269204452338673453463230129328729339244157832958252799838840
786 32547357819039299219225734337695546776274143090974857755995097897658492338693285044135562241890224433611832808991220455879446977779106096891729631223667864759038531975628291631934600393859366772672036974703166250168395884574910099516750448872246566004956698752053259354848960555303300779328094036742907216807986097832587645369875663842570957230778028944033488621686004301224309911303149636110213019020917120997132369653129429045314931153762961138714436636078740963064486793440
787 130355066684905488475982966533162317114136135433064697475664845015049534201280485138598918495509449586916285302154287091513080188413708625175205618740431998255776906556671995697935888810582803796509037352550115245997288309570211860847020996237979918262938911011406712885091861228483753241303434114112512040987957154096452826551522282898131531127014130210412118097515679322343120280223129406022017601241752479886775455915492895968872251666671748901096492800254755142126968346120
788 522082808374615120300251982862169788492702794008919855709397193757860396191151320402622352093832004675261166854612264266721990474250788640495144542683795489069699117321255514251215975511056507673315856238641954064791343171511498049883065457161229071483692527508094103800359091884221350954743096400084058645649372963506785428272684318350012854284686620355261522691879789069465507540045535705865691386056715174908169871182797104612483562722391028118124133047324967459609623739200
789 2090981400038433146786288398366761234115444185142323686064540029822090622308722801003396120822504840760426783566839072443434790692882064293815853571303370363120110103006619335697180545070205745117693761420399217542817427158983490294542185986145900330538436134450238584533482659029388546721592426970860313512591979545542954047766647111700795323881226127540869974740956668066625031301329538995727602655036032849984382075993434115628501201051345392029760701916931907806375047130136
790 8374526266313623249486275461139373257040308776995871797165965138450958639411361281585211333078726641513741795816236208464938871933353100434301875434514517563262477574671439441676408282137917594044400105335889820172971357334438044774014291973013717269089647179529708683733291636929035011649781119143585282687815099026489583744171445479749751940518506338341092637621494487940451823663960121804656128792325993659458879554750880389524766692083941415232372459979395503576229557191200
791 33540507729894055647309589315246806310475363253689795400295080630454219158351325436627352731469735650609160889112697685769815339029111162209623619450312643792784225691727099691277052056939396465449719360337946289257262956312158999753004491606853720877062459919955564901080422207083237309630781354005274550684861745659035470449451091247117895903644887379115034224003009562184587596650091544538499513957071571741838989746390049780863329120839102068529187071605946775757002493988520
792 134331641578134473186696307143744478371157965597584414447705202828418415036228822987655440522498258852539192965157322498925955303384853176360456351417316901558960121144015570780452155299285994225869931975473918338838146648967819378338945403583770254325395631040156656183600631800676871070673220640917384578237629989234972508040024505230748542233512026112995468991734668973432229590318391469685978303489342504643107292657559199041471956109463469152763720396684820093478887104304000
793 538005008946770895136617028106006926001657912721638589176920332540079813756209376915205880476470300145887121470478440514021975123291133242397096858700367243290993598231988355324347966942488505686860850403856780090847335796053833234396234062925877694113680358622726183525430151924834277459515306105764283916312759532481731088401100020424676667683725933082507759353831882779705904728567470697715253533061465482280045478245725121248381788566706021250681756432258186930537212126511032
794 2154733806324015590105795310548143754074735852211758082252079415065943869470013847519159995451790258731418824903608821965090693977469412307923340373423441220347774677192165776101006153284919973780706108812805725026990296974386484173850959026446891574518889170595625848128648951837938208891878188650559390007135165700989358230199052091937718197572014901044544400975391121260582235574640865213035617606091856663649431832479483569334717329950018381535390501670136450330749686479510880
795 8629790307443790398660490034689039216571360214147847231185909999886273935660760749509985875990797265128968931419799063056372613832782371886309560380065587080370684662341084462308751153267992656710432427888689219017771415847123711919498520910034924085773197865918490550382151082067475282962037392874924391681766488419598985258109845758044582200825899037860613809337988448523410180863106955598491489752066026873743164358806515345717986886237038972592954539672228194455054586514358600
796 34562581558366073747591195308742013667375108077794648533454009358035089573765864435773327080697733974155383441971466445847950190329177635256736555718575073088198700895982882319054415039193624894821860710486525953748167439015196615079618468511025045010604320958843160548178858172402043329209784666834026083879435605552639059620395963440617012037869617178192760774377786346081947448165600476472681999954541790359909855828922806549771603728215889032906408039906493164868699688749796800
797 138424007547827943602161721914911481873859101195991632568657514866100333619554743494026842629729115529631253286012585294872174025276311826719653107397548408352244899815738713936485902872295495363895146533333035835629384326437898996445169944595527008329737206389601074488710869299887094060744186229107201893008187740927230093727876666890131898792323445714222456424762916397432891202496412223280710834983691156818651624005207276078883455411666119275134814978576494490571559247973930328
798 554390755448766368855834650379419636312871080323218684013995969200241235776184116979841507746669180585837024432665715811807611650990241304892420066187740475265118901771221903729155650026996607875467187817401871466294152620026362930861444437095263822979381129362698715237637295863880941397471580064470759708561637248743870465406766270181409550884321368780972855525498608586623572204800477025173746346719523027606687701883802674537985958683166804981485196006139632190555123643725304480
799 2220341922824883853212089652396773380521223023449883351013447515744324548296597039934302579897687596018169744305156592661975834852073796089462368752598500583241790097396188601873389751214319388455965262256079697218306126722969671108530931864640299177399032056373668057069699251078607520306206292589134947475520541534439386974022187601296469059548441147111896096827434582167092201485010036477552699256734129688086956870847287424509525057917368457336290708974110820140809577685067677160
800 8892483295418808924003362813103472863163846902427567863883644618750736613953830447796956515234793878187948973093818204342126446245764337407258155723987275549507911774270010341384889981931480299754445636204669427062813088483029620397871093427421658875441768458526224167796282627400603431042452631042216721349216939006990507199011529013396896147965802171494336994261569424514419149438544933753164320878939597013689273437228251342695495051180573717056588449995442602940542575093247040000
801 35614395598152329740633468066479408816971206844222409294853996698096700138885090943426810843515349487458613920539051570387620000965885245345157784850424744158276797653957281862275187099320287629954361214695111327949822285143000211544055475283321416491721237413115943766299384357130611411697165141733993385279243819849861409234243510985311281813442779353216248643424216888939187848832015145850250322266695701110717950225514924609931365308969228359742569368218622118725274442699063704824
802 142635432058517695141013939522179704725148104314938188536693659684761815287819440382663182504366093843392305376660437558763093614987399799227533080960388772648241222141194922128486715309604110663821414576106210057241227844915949156761335388098414206563377262908970194927306161302407662921690617332986477074022504621409146170303643619198881348068692655606276712797613471353381338857568183294864395278296966114099278658378897306032868330025150074945294551496657127732754377490180156396000
803 571253126897704285277976027113767096729645525011946959575885330308547320080394067966476486538683158931972443373714270170539773289903756326525733900620114701851682285290157912535618748873703250727919304510252801208156679630425616339156535245025697510192030181118788228834421734009969301438393014224651533329497042800439590391624950638267457624218514039933578763330952767811439110185420412195787366944701636802850448268061636108747049642715998252356545606809087351947663826797864024741000
804 2287858102245351159967585184555261498234794531056564660019984087512189516038041497609200972239607769913958401260838682997704944067451059859091693129190414762063305488124923323821939541918420590399599511543092188334108941309562110506721892493288339997623914822207346074426178519007261907244123671730595865492429231162983077142734780411733379911594580306591279812297586282935466317563738520724916822523576626144897824667165251231347389018342426484908466696814186831199707717129169481640000
805 9162814787599540715293065042621818438204027848261365926945707415160759007018026893409983993297931616257296150091929923254848213960136317131427965646281584079826136465118297247825126148788920135264853566224583406873839434198086982209239778779023370165935473889999044754660998033521109012764460825061173883844752608685589915015575518006899409956152307986240721822060190201782892765929626645869612325993835012246349649322470213265217996770088394581569975486560814291177795463601306818119320
806 36696788664870707162863157388090363533875510289185892855245913921091039799535551185532656390549728611006061321790689446924210510663626561893856452262925186136680497818951219350032042329199332981237345043261614302571384731418790550343324376174678669959137070480019120484013582485806853056787047227306761312047345506473964402256376189635249318927252431751697962058819108621706907957513194991734905600728912106118004540289070595173582447151750781683958789761340250233617266316456926356081440
807 146969272717373005858216218422773813259739636741305288010835992726156174283995979189701507231630923026643219114364811698391730779786457861227447603517090131046212080434885750806171126951680882945300858361031095800364847816627863815822774279166046218568083240210284452857590224726614545621854238520387487928970123345845196444093951878203611827336162084604423206452406776934216629837358277959675560425065483781124685438886676417087711417098544611560683639514921991489593364012619155200922920
808 588605563101052732259919229172744689535908929303468018402753319071792757479399014549089555604251726433178334544270490907161851638155619697303439852017609646342967721154846477738318586252267071310838898359862234352090121435920052344640490763416531027654823216777025647310916735837851296352892455757805936118021372570372357782132970853435595528591278593308754100543316775485484924411704538521430505877617952745355538292003995045453305133648231478709791979641270240676668375186918653542787200
809 2357336141330453764347894338617576504131437246566859539048650668955843271291256449357492329127919043027509344718753536852238798990996884623886739798605838645895426207027960926604532885938917984714516970414412479744787565842878961289452315361878757534454006565379899884198867970907856700416696221677863486224564076024572994949487349847105651352099127097914891833186328818557309229321556533300503073187638746345142084206226109295284117141294128691556930423902497200601006252049348002145026616
810 9441000121026786398624447042176697000476955103679388017945152246498062050659667362074505743355324721254300385206232764681252473757158842604759116248206152071580961081219490646598338839207039965824364523955383243615462088847316918702363958067641973536943804679266755516404650893452471735880005997836927274460047660355497093024724537733627013365407778237636633855410819812520819733147026018516835902447190695185842794046929079480490229441293762021600885861953682571222320482413322086145928800
811 37810622706927030959429266919532351937712644884365351518782807268691004064617235706876168680795893081489359879387160103158884149178345396053121062409157349566731379595422381554194723284696367473478975815591631965145579252972429092124199343583913090572482391733649387528421558721620696283015426872790975644354477043723006084654724415156217088699255574086439399594597349068314097731327021703738023081909020177939951654075292127632623076874282674079355651790389639480595309607248405895946571720
812 151428979718987665297442982681431663494069877416052603863140022205559039706383207861817257552681949111530999929740893123037759098817307414997556335084398896145873406341290067432291039141046990286805100835341005578532710630591050183465980182100586425904385223596238398623370394787098818853612045874569706187917073304325890789358396028507595023804811609985563667961987782349838175790582003284295619485768772601161054000510004118191837583850122935966183417090425518762966588009326685760704056000
813 606461874441068827028675590738935676949156701178575206604595261345416252617189891584519361528721303587471846896256411351658113029922224069847792134012490810687497066145075145793327937603401562910908973441413932487978884806262050759773182011035897717644743292394243571711106062330904764946570476323835296796133351091533715906402490480560657637046484696091686146017336380802332929059051855147866149951214377288638747420505357265555566914720534996908844628821680788565501202620444815832055447512
814 2428831320024747971470317003008578799688135570771759991026521735474385385635387806887078771386859242912436065943849940158049349046178848884886503160010500759879413639452230566543897988134367570281712712769720630662647284959876498427533074621516779859858745095462744409009916913533486275609550923405569843326882573337576391555472788667939936123691972491323665314288311471770404109685526065833122901820844371449591040233295084108869613694433342241196752623316978729497608923203695211898448178080
815 9727260569140882539303726572245659566318577347316876622538649702268423043208064189744320386635333085891400265351900123357112846581807435977462249764495537673021918727336650673522486811532449343449907340444965691867135372092407914078420723012429551077319199622736585183943891163965437536898996428069765955479390457822966064962428170404815540005000464960579257510093078496518445741993818005212745805263192881442452715287618697448372625801276434707910906252880276850275733398000090942597767812200
816 38956783432731092770904740529828015735538449646186853123884849850557218175498308607761302750892916800506577189713944592823103050571489511062537732284115987101603403101927132854639446108706154145466447751908349502438385723869639713110769106434835420710339600031847848698928448560019573672076251128879844220811737827155584773607263199213942036977426943458682325217733956267495371188623091054922820863572864443661700575479503579165916355934120722344254559164403573302971745207701667967267996204800
817 156018098355594621538378299082693572823210359612424799030460403568162976712657441826181295820978005029713174410812382006367727270978156675123634482753415020212589490234488274982946347271701282712843876243983857200892302432586694682244273037005988935398319053444773158974981594464231377213825131469758245553780333537730360303615947402653785769523809583340858020912464461591756156003741814358819138460976904969997227083727222088281110112427025609743044087320912824132369147176136423476296073170808
818 624836251921059487972550544184300330817067682560408742261525630936388322893286596885269522553537371429368757985460222154297511065069354148955629807201081444204251218953591262942025769914371264939781384082378952552747609691032340285943596468930608724167507337446092794212643960676224694120850116093651284858598645585011922608990005844440548348282764832773710466925854359164441395528050239233468656056018011549055029154733239746060698685748458874650679371287138532868607029181429373683893093741280
819 2502400441678961959166351568151305481365175706684473153604838590400498955743773705863255447292650890958844209468408297526178126717795487879105275117459972151494699702619914230025466273368965262100912976639011416854109766124416784374695044630853827299644600143034614422131066491912856275995312102456197441587059992853083946083018704373620937160663686538174057206601022494568870583957130292638510086170890481415392910755161286947430173012643639679951486237826286376457025116478379721204656649745160
820 10021823502694743865770003838261638557848322732509245352654298628221778479657604096741731217484609184798765785316792103806026808541109809261478035372421685947099601165783160091655552725408540627619343367646981981005740482733810728300935201490408990143016405390696969170727595853968809614814680201701780054146701530650020957544805166847366009392629330695692742218828308326245537645763476626323668198170640648479375003089909076633747824172379323565106574895679593698264996009172459742070380267976000
821 40136180954694559579498405615672220760943770553122392363556971579366244545360453480121762583194459223042347929641618046878401201087263650292749853732615555915982656220147523068034755538274492452537914199115902895663460708991874070655703452264876336596627714771366790709420581482052600494225487706063568554226859968885266600640884461617757752885531835934025554769622148187785427693785421953343546070393316622915909914447253947619899321442531585556701393159445292337871715241901801286414442708353304
822 160740271594440574783667183513191549161977000704831213265986994583381500688361962293106401185801926827539694727643151072636743486940329994250676897566154302171183676490723085042257851639336130400943593716884304789764179599711416596984468229365847779005079061918228100445015263017661491781123271542463243190098128134125990215468476855332930334791747323847057382774655526489251695566417653662094632446377232061726672564326837395683699901044818572492493165974646322340539747340297563309219810015802400
823 643743277480411644997362978254776861120715676788691428310984411397192092781128442662903008155304067051583413092936276190433974725338271149475887569097831897827333805473657252899538483160171704275460792629594684455238477416917210604517230619331655581501802655402140423639345449325903138757455866572831556435383085859083359707466433238033051100468263795999490148263414650551828770872361634555244430455570768620868517598952878974355066576944721544384392053066058066702908380272330342721544393274047400
824 2578101874332243963440228889827150102374093403032232014232083377843432731235236144613521646269601707171862247277331607291096912960832187227892150778491073128589008569920425154740154932542151222236752895992077613927188342654873635878198558892816620309590632963385461780569120005616718101179036313001977012562457002833000018336969733545077821090924891443425384807264325488622899588810648778308841683234988456029602533986161167990796465704182275303317963273367678960910803631857128891258924524310896000
825 10324922554971365387564023466540771041061296395638793260880916440392388365383834074301725039671948584549052918473950721626159759351366300670708058208350577971708107334049207669998174062794525693398966781692547817453071776389962650283991354695542061424338112400786811047721632102166125962254212238150640529446485857787898848716151731538628565747200427266142316976800161582489348625678354160139978445656263519624461316336492468812250733634281036019501475281904808824859768489130414341595408923627119800
826 41349750450455019685468525495091766690504876716594633859333997477644183223306894280597453977061961361641094166222783416049378676515800575693637446445969292539257506977408165324980461338390764024844109202814570726412278199337349076460515485581011635130048347195628205911139547998279457647786785800967504769745531553582993934441379833311010389439954449493127735440294590175054181110826374601359254129752392317153104125133364110682853736543622299991663262721639373179184896855432183502994441789509017440
827 165599242724098311282723828496081796867058271402536378700577316774875251940313809055952031181744513540339301335729451399463428055542564519510589521870390395930730634056546936218672239245487000649801086163855404073910955932238306100202724590169026216667351672703629924341558752738440591003641516056004181404868095777978313073635740852043791421297965285982563450438877391700303512194640546771169139424273880516290432466424703215911777687882161579780376639433217271336510619741326605244776036065242971720
828 663197934585506175294294220047186107888388143754776887855274574556695083949600163958056985820964726536443071261637100004160233496612164799375203782529889756394575665492586704614948603997702775772529236790000850933258011590921724502470468923237990664655268781298661962565849193275714209230083974633372068540515940203542690215719912224803457845204420873985721140475163193124461607613904671581874544233565471528576713892311705558992657921657393076778068725016411501741148753976850348506427315061704075200
829 2655995593098476421830772504440180113234172807597633043632959528055556640551780366769223387659805595646074199819848157879541633206020846686928948479800315605250016746869773390763187430854524469704289154607688411994132780908027820924259516344444853347399455815458926416164408550860333725084646960860980196614983818493237738576698324087468975571773159798529439811145825248113226305911093626600138894675703665154175618372839677377265596141730624126281161300289712222895356142954209951501425986255309163096
830 10636797791419712569937472514766463179659172160704634143379283031537331781220640310824875328143009140585379659844832933208631203544479379640510649978528474647405876391971107511733125700644586034054444629159985349603696622486560762083032498650585357289549110877127537482351892181025818682667872243608181364728216262761443514960477726459822153874142853418778804414104828157381176237080915329579208378893793440292958628272950546533622725157553564215115908136353195139586608547445402617603357766961874314400
831 42598452841782077810207420047088823625526612364074944448906911803409748000936636618291428422587183594345475230588737338890483213015903902306845204989660867940694547464713855198373640376907856424562671895003505589024228001558353379677356726083363364164330994684036875659613303501121782572631668141636929793308667417919167997633134451183379284166752449303680229221250961949041724816314691814654857739876995980967067490916320399735191616020665697939880941246518152969559101845612471136253538058205741746920
832 170598858071541221362659800140447178129666144341325409297186765922680675507962847973133422130409322505396601367628266743400607878575010430832589421344822398670278605535292568604375678537546120656979316477701678405894492103753957270341472984594820722833954588302038151911560652808763949796707229476602079927045196528311539023870724785559750461751443624431872668345449481096723494674896059642743555189540373773985609105916460159271384076581780249169132250618650238648610599617254746788687140399811515008000
833 683215619103816525937959680370156247028903356905404163194983538526889436048716597892404522281879642533641825393691706712999282763694695019944572549883808515321383334871883224681249879676611100288364441787937997090020157465781806885189670199940245678333285341112540436324376027595376239744598799903171235576478161826661567179895191622816161515028450035711704746580439962217658958240575709204191549111711969953741504483306168664701127241991915751986030027492985905665389179724795015809430872860114945343992
834 2736143223685872665701120640714095126156568545782026756804880053452224680262327215569101424168487980182778823396072352265303870032016793747761448781556209576379266257758095829055275264659388086500300933920460484243122271570645033703567105100062280459770640340625080836451022479300284803911766230801477405204167167043404899445259947644059349789799237851212669043236781011786439734893349379544512356840897004073620719326346330450478795584577021880258812347869399108512832551834146186410748767918627809293280
835 10957695883825916910601610239790261056790094655769747443319303811187566465319152158274339036837829560923930870362288977756379079624833966460395800067687910443995535057976222582011922268871839835189109239740350159203026148193220503974921639661159548915041605042173230342754611643924019079325941786864859743303314609863792319278897557143641724230174563973222904949752239841076855529525600155055010546823824292299423582214010582885466447921752622728127491468365381445962171916051963111436985135036153791377800
836 43883275491633372633594951666896566435815660513645551437676349634264936838355981817089089508006828804466894146360500289956316572196356848169750751600852852305723335056720372494551699520334450851965765827755828699769019841358773305071196766759994301119512071131847546980328559643927260930491041385376809401567847880176123743606655431534593130242524973025228373779394257514681820201199695331624665007745844036790786292257022060603956796961059249018330416253978262001400510037065673999342006553172148872372800
837 175743069791852310499133849498528354577883769616848452408301936095118431261741420004323291474649357460951983986448458097071912645542901589519522065588897252493890162643629881364039729446383204049241824368710329946827007909713514951559436187394340884437174740837001491426560117580757506964399173621821359623499486456353120534410662422269586663222868830164690014874780658671750643529173109342554465944359789964550530320470402927585611265966826605451722654931475581950610687102878733455933565411733079087291288
838 703812150468684521855551569317881773650019588716458796263593894612708460680235650961160899669085598816144738777792021729063595359628260402550349838209778092189294366493070741388325450324467152351611653527601641187538448107086917866107914978707024231917220841725576876399792731432569215920181537332534389354226818515922109245029530372045197056215011118543877076017828175311037370690433411265576457251899699990119467057279262707791619981389817298037229241179598115617792765089666996832577937123247386344226080
839 2818608087079839206858270962566600515954016395862095131575920179379772785254022487620114533758295071153923683134745299036383308573175688923000918006143613942022302499098455567136624767655209044190926899010937689143126264098580421341244308726583522227241651725663858030109236064615969681727406782587564404082337156291443149085993938176697505066351176538316346607746203970390605609352784096707944807099494108043737823256858664057237431824198219183703291989755504438046375940238979561069916799869745150363845160
840 11287870289139761305177342591446695749231817747433420312389859121234846911148409485582341875360990988173066185755045518842095596826528716438672912685108722145443133309346300248508218689551041854594882093384703939613659457238988050483275473795366631475666184826685552408656758852295428800300675356277096212403397855764412834178285360921608098992340840012669285365264916157893732358195911786630327356891266317488549229818371201480565938266382033730160588914093238654689077592768962952217179410007028494706832000
841 45205232919840663131686405330507957738590279645673840393904150099802410725122916082736902462755206766921728152354712118637685429188946657500001358517479807397257054046814128714958408229115625950370620763130192054306385265141317997336593001532530701673835089118300799026981088015841135085487520399167443445267891916752301061196627412829231859579526331465045689714092474662194849475636436443232232610135965824706846359424865856384936492486887734740529276999980299646613447596947615613037240817423824840121001784
842 181035938732489124170653761180916529921013153206455998152995454858661735222608776892577749696265798324604698955482805894581855548815703146073800241561699683928738456146656232387351846989744557405205938792602196613531929174673318890042696543525885970490595743583481150859383896230285332026173630092951329461997076134164727191334566049730649095083562934693428105909513495090452049310952978523879620798242468490830103140484881338033950702118561747953008881504280277854365782073790260540750281442140175794963656800
843 725003783142462383258247604159204915550660751320866538921497237272455310178903557816831558166043078326089739090309621967827805184946263204318021348301354547785808276735756697312668830433208038504274545618981967243565490876064662463077561638481229251867536750054251873071522135329541921159359531900648052743180835199438456463561018073717913862097862011481365523793222423229843056952570455506920353376354512828649174565794413147002138469197145155093652224854285889930628658078833604454588330401758021842151705800
844 2903455245419873079335520654378974845669075559263636340924050620441054717869488032253408470188091853415042122360954958462983203686424258489896210046495838395998782458913595186428507887009634981080411373564262086441191805215080139792924971292279896629040462950243723420889938840470066309191570102230256913373633436189751342338704031181708438549596004109902176420751892119921657618291437908372549189885842627050977589723852466765427561395181520844622997582777816276463736357568457235573075265384358510915635832000
845 11627581433079586502552203568484520116542032452975226104648449167169152780093447332957962830848045574102899330042799860036260103506692214803729627180791310190441995072977106212295385305795138431534945726980406976649649062223169379206991225574453239421624277562891698159714215137353268308139121160907171067244032133327775070546797687752884527506938816139496891844918779288088463932041871377516921351263472446192920304643511523728198147553459925272431673303300312264715942818603190724827757058887167433606996440280
846 46565367537918722751049298077812563401631050675583627382402783410296346754835770147609167123774894938182515205831978514485151652026231102780591798866624949300554264327475666047604016075684318624987678385388819547458489756449426477645236306703031832545886771646600722247488176241575063454969730070394593904637853940105318477880207018641618619254199747999100370570893009733862416602256325310922582305552024115796505746790348785332781824743696707392910186749482735830649810116726853559690264613246041330396793601440
847 186481637374076397967559127526748185348375886157065401384847080607664329557191003853545931696630430319813715916159156878559109845065717283136790613590889441952133121504865598075858111171772074524670035515536391608041267637980758095451175128069084799273715613699910571061728470616059824664655716877426274945473630133623785227801586968771811240086319304992422046546717995302126944056081588211923572994756878446364679019543317740810618533391116322055481120291905280522426744793083716054102941588571394992980704092520
848 746807218385911619723684250968984468360910278447185172960332110296573088380155708466620779592645123547589434627706627209833583291284370325413390392686370271359832903338990888406839978524049602943571619423580287177717417213443396044807531434065702522233337406946186114959922307255670347228160335066636374435004868345728536437540012801067894862503237120137361854387209075633778087449768762626749721559545526256128696259878879909738770226990373645210012291229915228788173145772112310819057077603192048578671048403200
849 2990751549102070590308527967323904781313268049064434961525103592649955434126189606076231329595074103263695873961883539391139170023626969222204106601033297351601411893397892379585056800477798595765987863356110512436508117538979461297962618771264726355280567926778132987190710430088247634337198553748812433879062219108252901314135631665760976576384106893998265870060520807577950051521890796519918657666823011783373598302838080338937838086251140998044151887782063548441097810828634947067712937653703951439472805139576
850 11977096898641978806889275723087486756731579937360516924835514976454474058927025513143918163278270849348135591918719214670165416146281760122255597794836566661830514913485083026380661136392725963989442148178309985454652627216394494155410261461279547242270852982032349510288848158112121110043417224298255345310462680427603696371279159027944561136963171881574691857253144958348089033265267224769694854328734037724655622042003278971086559559694344274638752073533439423447327406779686104959495681398149142099782374348000
851 47964750403502701010177758307517417552840350713853176014282462329236505525397170407931644032704981142565949413172365410568686589569486814388430324866503352546068898834994841789045657857924020567902622998424520242798627752673283613207168552636678450096096128558553809696629400775983054701540390322142521736806262193094640449029016986027737659827523968432377234772344945352592425551065391959878499373765788308952372615441792959435735293022112934163949866480446139367408974431658772308945156491746101569295408961114120
852 192084452849749947171193654890739552315017526713057137316891459010620459260344955053150461649187515550957421813553293376534881445318628414984127601534734205324558255015547955960555532627074313844219093007757659196733202418441872979160846077307104217145108376193854872356209016238731336212573107589932248386711580448885335691479210648021735754377249437507325363819211502324713598404938555106672120659625411942558022720923307321770059492578683648989156496837477517046711906414768651885963403755757822610578116925960000
853 769239616341956361206705106205637737674694602282806282306612274817179585676404913898297388670220426126604171819997030692237968625061312491963921785215282519237709148079245378619147324795761856522099851794293414795489480359777750535330847562254775524557601439437943792800217922519720024792133719199805322334066645465550068580120520577178535835883528332223939233803822414758227390436828167641466101762527291067865762994062058229092885995762006165598298693622783865748227564478189469120729229376316830512893132757800472
854 3080565685139651734914542371393269064357276390853536061382634854367509337245720030335971722974763160197514589267229835267320742365207711953305078576094455909071156313711715980308363981854923997274565129951441448660028432620582619876315341420685974305470655534440319558885941854593585693702322199918716425975104905681161147447048031735127439771502008880389242762915678384841418861426158261395332207412117800063992673991994397732114428898915094983428090688464340985331306983416613773369301833502135613750206528578856480
855 12336691619645912100009057271855948712063097490303387974155282437865201327143281620315015565074578463554449856061567121345087897398955627878304280021665622550535285992551910468870095785685746199781452551866916831257841600337662709386452777252916838650424637243582888197675079300551020573624944313398820589315979043986008874084371474955427461675223837329190577536225830436034621727778986950015531184622379829459579543418550751567949707839042405941755937548739223765023651930266307711914776399401015170879318129938655400
856 49404481994932869041439780232555284666788357668770526811120101833041461221214732477144576953000417145275365092961988634391772171809633824597213669543589172010498341149845797951367524191580285698042306948005800646740358375611779061375739513157338897663368503354541805924021134405986955840187539750282173113536016972068422115522877951204306628260029259102917016201474424408203996767642947023965199538356648284269010056526819888231030740968282372058825053898221583382311276417971055378104548119447854391813756722815100800
857 197848790045128358731373325510747097941297301505310006902476295658488468535425353892116366582810081745331722063788480928521011130557179318557227395741525871911625042021708657262276280508102051391490824159260192016876871942365413136182635754450371353588936051299395432619389728571890367397176189554390709787847026179728479966418985633196757451213996981438976840735864268759272769606809486216791713351339118166898901854481671534491420541329789030631323303859662130314044420732194671097738282715809297926606621741873891768
858 792318608442100965187950120365092228861764689342151626241888735939244368743967111502617701414473979638247932070675742796175367148131876226483773392381575587580053221939411808827810339736164169479529781025853700068503340332819350340862573515730708014102768634494847284946417156443496495054667664984913443389754468354515057916903820148906512449520676110215933760058719794244583746483749655771971860674881196700424108612783061260566110675088265204696749220804244621445398010355034146902577537266887195362586502934676758880
859 3172968226814753981801627754748784263833360690652252899495489156978139453384931229747079745990830529180675894677649716468546395181741049033951307764413800827058757169813652291755626550261589165637165170532096268678286129520951197990218657431365713427231189941006653509264322315561692676580146054133655926806914459830123458606631625788941283919303252152229694282457356336307482298894707746470920145885299782876447241101546881022475951140988673797397272700297390990898160560111215873498927300790007700714321645353435577160
860 12706648079444416411405820112148798448878650495743597176093693480797205727175976053934754745295060559233440217657705239077962407923766576717618285128237699397119961109883329555214108544695847440167004630804904622199964849226797419020669654243783889091150740996114616941454199353229085158498342214133824586522956110701993764571804935656472122337812831289620939798665387489002314448418053359171059723907365780098109598575485351249968663421720955597924757135015738889573666318007247603439916613088753513370429161679648408000
861 50885693006519267582420516821209839369695432915512731016821721334727414563248908755524762026507196006976707346427427580938022940751556878745243709926445304342565117376665133712141134139154740143011331915835591058362912050358757778658025968925182838540691847469953678095405683917162404278094113444417466022519332750825531538640571440669709062964446229462489721022684389448360144630616443237278580404069273764692353230819754684354940921404750159899786983786121625673205643859059153781808724858139567292634525849752255250264
862 203779174781043478076871012775297939775505055392204293317074674985064024871175653181242020287336599108078615048639349084507606913288342263137433460527453859140498022821247098983086525707308838291958768954609477724570923463060212125976002667360553737659722998604493991260416109859764947467925980317115155456151080023425149336122432042185130251959785928829060524695066150497283771168305361397665580970991391092141525331484269152457663639730819680247175838066929407150069964569138014404627870934168994778718850604415383959200
863 816062310144039543296239833063026088288913516489430650267449858524873565957422685361539969874577656753001602124661594768257825736195213363192161206222192990579411185008138060040068580015261235743900528927136654723421240825738645806509156854348435747557650251037940551948391884701096515777945072831355465472046005619220171613549912395967706949830757285426494891932180520427611913684086211184965414863800613475981006072697786446430727320419741992608393575929697063772725779059467866623046309425716800811002978776676155316200
864 3268031684655620697139982460099441669903227245640176509066404068437964129720571031992447434399235668294754974051688122756915522941923170457521524477783152567221066243619437622484522648521906417743472366317894324442394244928558034570451933811883514462357848287993602966966529298858512001869788993374709981843805458894376813113529624773823737686026289183654833639832305075324400772525775789785121063133062565275745942436275470931031971332043626241112619410662155209364603811351856431711977764836306525176049902634751789248000
865 13087256514940332884380022351787115946603201701290521668252034811105735982445805290154939957200642838310014151909198375056198700408891120560047301773948172139072201836807781706468523740982221891559315905263611892707424655263345857148371331590280092078275245436180193678525212760696511684606802297449397897968782614209125030095009418015458851407697343585182433701560278623343993685065424433100784184238906873549460015629462286677183391638697641640598826029910242053745183393510847218451988680525463639960220666533065175680760
866 52409545165032731920800459452705860854373977680081349200953813393838461784037305809360360707217372013764033610894625942430167959131358803566083602286479339240982353726197609282356240772363352877490166062779474014805720773945527425787201441427042200710415641458632445000523270426660081908964585088160477150639207809640592437608903037955583648151332376791028745917539148829592039968476126722462842216773468734729004706816745395552197166631810851065390239177194339146136187162412493031722864848659258632032906589609172977833440
867 209880257081216529216323317993053031689340594220002446915597950173015918553165561832403846342528690697152042397885616791452527246220953361605662301084068023871186136366692105312415067150867402434813945170567536265787665470104521200888319267258399770259542939813794432671522111638123783367295220002102416750339707651878600498315811574526597909255614042930865017611177371759857060691011636657721835044770381388471682365292117813720127499390172862427590120229725496589818245965615886460596045985374457677417057903895288553885320
868 840489334009208522997779192701130479844741110878717988109522587082711959880727601709464999424751573356991801232393178615378666795560926110360016421486479519289190456623772305810746090827477627657518161139553919895352270897969541752752069755699345518343970410721413723603491756952349779853758010368083987306425872447848909523038309553835266380988495931220053989946398830334974678250879741543306980201570272048478297401832199625693211116054799414348834178021939357007070615528357022704438739082783674877130697229000416756571200
869 3365830558774203716521060453720195331728479379509704754226613493893440982195171824357258453917553535701501730963227067159442450438911327786282115650353739731910716799465166387248526400626969740497642666691316253069924152918870340976566040480670410487947143565935637248866437417964291553244169188043540991730075393055773113515890387158604653442213401488740192153627781337611450459122613317226970298220718151535206206711722197233099184002259485128533507712904012376091989249707204531346491567607764683897511713336435933378556056
870 13478815126046293364204016546543474976311977262018150224060546557824136499469732967506627640544403111900145026396434386563632021319015479987903648189309754498296943832008769053121337588497110342658330446106093225138526372841811838156904103897250608493453531459115189840083840470433972369549094056264621526776771692937419506187404694409301345962246982837445269796166986565899188362317293029314823637646105724148645488367370156103190019940502712289978776290347897436622711251525820703027104075818363212920520133637444915198029600
871 53977232067983087449295165112824674502840148023989925724858556560298036280635114550336885861674368323977132510981030698666001514624108093901324019628136326349808080363155704685773872582482089236738554543902551997980663739871662804441766243944849033452620805782332412803450717713242651996039504657267517567388929861911278320314897079068196383122935970343857512290658246079072515708277278232237959765090745300858679601660087023634108983561112365903512124754723601664524789343164934808316255138963399720381624464285466998046273320
872 216156814527124005767097056157901796401729547999629002213899707557198106253565188922589044644684496801414739651152249124350687303625712983705123021539671714704993221903864465743981570420634332321202993848936288587433397821813618348397524586660515255648171864370568760047133168795642570637529833442094128214544909949480062443251720550127759918696699301753420653083211292585526320686625026897242524802263976847747584899798029934385443631849351109016790401859549529786176549727071660381910771636300742985060828203673148580565712000
873 865618803129262646948053807458019579168394015613193206113460755492816269538359678575322183370686081227683796990412526010021978401591460353818257110854552416652658584798225319514846200544919033149866403122495865752682469111866331863050788030794797253668891890714357397567061582472761483733003905439573584489195182713786327991465834585954190131479506903860598058751907458077694000905315341632882038586289259841685962251626095962735979007643915416698089805934580310865864648061289233132241226071891697653351149285448959673934416952
874 3466441392600117083310877561137727890919479356911481613485290723027360456249834405841152752650536700998834541375387783773432767844515327800145928937833996838685712577393944117457730148035967307079588671878944364895720237182952953101314275626440097886030927212268823715495774779096494242151549171628966662365697826542508273103309817644796289605668372251391944314812211576374753523310577152182897655710388965702311848874464472451357804557056028567993154442397836608867639694875429997766030540027226485323079788190532322672692867680
875 13881630290732734315318159569773509860661530605480761610066953696333823337384920389524067087273316308347735578767624006379465575410286199113980244829506846402022397100799578090061915611513599859045745090662351903573858330918267556106862123953049473018319350131215289665679640381492492642120616491631441933738728470151357365140330753552240250340709382198983735250630603952709486980428094329638495057065402372236947904347022734247367449159366356138461461272877149212107307216621375369974260866967462269828123159029661561752923245000
876 55589980044260001189571235579984432630580575133262387064770978002232819399082012622734092655777943250800531966966808369629119402839650527973000094673066159484384159553381543297813333305539838324754782832442467902506684842952562919923416463306977218379250304512040392664493910372560952298059040411554504172046219561393990014448258544690573617369527935070622855277262174518980055300996405622537572618861375231225231172377666125474650262633860607543382693225393644196070247202173377465569045927623036711012448149268018302975501188800
877 222613755702356260471479331523499303274060111378406910757096564876521381794497374749487667849850485072840486471944508637600224742853619635776130490461982366334960122180210571317627638628639113652017702861866110308296653938929693615868380266532555167297067042988144925881048349855701085542970256807645945969188905640510529819845151294476177850037411040717282271971265068895758171215107488666887962271291618865039344173457651294332783278202007490041029753728190474669698697730013708417449091598995453344295881740672233358481770572248
878 891470364910690064738694882908243504103191688895057093020436870976445943970666796032155860306356788569915380293551102151853328091974060606764487319642978137098418164915696503922902290913644877521373099778532518688589647049402341647111503043951372771962863675932539658579100349162939678173505565243748564062181518548694920015574098265643830054168793946859630313266814045225867057326527568546324099362907829511977511273910926524687256663942014332823881069093135595603020811243536488544413755088309473837996609486573886590759211339680
879 3569942828047820350365889758889959180440571729105946172049949929787225443053376372265444196853246547393875258765652248760179203877302691110096157320903110088411079012117339377797538600173107447558147310778185142641086775113565191568915103144775740167870262064048762513490291416480553567811800915264805839377095494722112381030589912439907232017374974241155660155037512874584307873838155674271385974655422228566717507929298616841705461979386441079180429627676528496749875266518046475508700234713283018040322797739721093792044450541160
880 14296016785811521767107999944587777377873506810526655888072609502674668440896342241609059809924263762032355985333358071447460466358629674029816536923397647808092561681385340249269996459341062581528111419983509286541045861338561208722587635879674698656189839925881816376809219814066262151346649092788618321775132157160900173898317280490046151294507412927868521483610409775648119900297451526297893180347368483577830957480308712425829341004611284868410726648530134216616839972708683677317447146288974011326547470869831916173740417504000
881 57249049037727048531009763414462872135938906818518108351781677144801740438316715976625371329742165337956843742130974758468291402458439939765083111575134899139587089766715679299868837529106339527348937743646357854063650012543315453615110125749959430531112071653159569636828334074455558067304196397318814729903208566108685836459655914833525605380830360914273762268172480564927003373945482605314233167220127152904937663419243466001882138222124577950445403165901077239024150130204226975365816608515908547363872253366761718963108544698744
882 229256123728832039974350108202298539041535145579718372605091665115619228452192251947258013679149102511137054170856726484734692596380780331656624622526993941074351312280742390906542538813108373758024016594879253311940421341856463100256325231276505694573262345980767791927430810346135502890961185016305578646298461784206842129170453996250590348873764480580754127187082624641701963197233632090438999937966063487975880569875716463419029112019594869323848777412560977218031077017499951213451804832295407270563297535866852833233569580709600
883 918064205227023543298644650986982358157258655541457247212226486608125980604470559952058168157318174681786933490183245599807976959783006757497009119313824516879415803687989175275684250503125488364213282847296322619098656958853350769156462033061684085321066983375223895081134075164052639133022804718614383633741683266029108628777696499003543222772782346662513583763489756368286014079869183671811218520791538486132188123109172671684500866384662629888628731618005508412598572152967858405619435060683342150070521777663343250957616142478600
884 3676415662154875706799555476659082240593506915056164016016345251015100189600688448460337126392159757276102601180024602145917766358540367214264911653576387308969477653826399044165059388431597581617806244890925807116513037542949286600764608138998689213382277599060911945705242292000452716934639360643214760195662694195966428669380590875856717798376401569943001931442623654798120841161803373276300627222394611396662807260634373684970973897668466517264793359829717785630148178188332528766365290294347547189931109256029401937826131343944000
885 14722298013606628961618129397480940194231916831785996172735138222390785827133978628449766320620187263300229873574037185472860805193361392094568065957875789217765813021104040676303915067725099391471505533474968773857805751230643781784769566278937509450741932407175434084339531715360205363115418064794252023085693737724697585827552686313898952172434874410587783723066798022811520839971260559040325213120408924711936703673395965596185199054497481191759781000627185274342222640234994146682159556829963372335176954103699541201515490894441240
886 58955733514375020384152147553302205704359224013389345125619581762884683583460813852232736542686941989984197369642141286933998723898325450183557959100020166814984779617284716399978304088082244246533594720295148637592982472453747265912332322008766926048870264354816557819305841273574879242045231663895050754008090027329821928932977960951385240688030997557103673368126244219742694435753106047710623761861547283510172272997352964964183453610378789665117805897201336118203569258937810774269006722085815056010624439329188903717623184749713440
887 236089099897294099687327110066722602527163122798538822241194442544824895433542852762665631211572539707069900979743009271698979421487203398583278457094992059989118934213155658409541902473277487261395158552124225573105918479656063290654397804351196054342011626279826087978976423056994497002500551571643198562680750693521976573847757968799140193275799813286374294935847181488651774693128714476839141512474912947459718288548473356211130482165886384476809094092909761782570751152159874534710197748005238685720424165416125950725646439121950120
888 945421062948352471352182519680945528947557398174081055919642232152444226132969800465601265009589245816812049923040520308032261973097990709799455187836549478446827972316872291794459615639547637676828635507694745262528627026624793726892493317122449500218230140156658118242743810275170007829788244552126650935242949073643599604829449808288984368900760248246701587225575179978381060709116236250585838654359807532897829105305843087580569295034387606311023224246534055068918627913557361853132070477135568147505775606401073976740960972249379200
889 3785942905230114175820226396380002591145849220616027291498026776502355482127072759522160020691553331221377983706545988975245999521880657009832980892646546696609075315540699519034467055449813078439501438991847434518765756552871328054988879275382823251391739388741828441152546428040392856760880152252359391238210866585718435206877562343673961038555089721498337022580432131252160362398345208346800720508030972145464459817430434141268857618381014623644370979997099450801252600257235554697682735424816767622987096269427570707696145536255012536
890 15160806234667273864926890856144892266005875394142921437269938497579736238889065268727659925378998716702031070878043075494021595838667182457859938466539303882722785121359267416693150661437180236158078750858516171566535647345467677245255274467159211781974186358866754004351387124994930161651863615614533513741031052147776225328405361025170293537498776292783406374335959185388676159472663932775299025103334829378911993320288616340747630543538206840687238146521927228949450652115304938602035173801541434860367087566277210990593365209817359200
891 60711363393656364106291504507079096669713415623286934834191079556600202197079357997466719071967136434074200827702559938348111351430357742542547907103213801246290466487098809154683195683576213544195805399401192403639155913879432765683091248887282151807454623008004687063500342316748285326854576190234026263496340397515359483536947126342620049677697332575584611893262984784976750289441830610331041706165220243850174134057874331946238743987316849379465841657394028282494069825044649069600875062768302721400271384700106328408933636400798824520
892 243118007394574531011501782358314497101613318680008735677209620491525837754409819680091193769673112005361109487520585849294664619352143791612714434303780754143284641957364715926353021948626569731574445016467338807939605347141331097225255128918009243422636195040860985679867900562647771612595929068947794629961533814029286272681533679124410131435490993044629915517513400610221730553964832251757972246080187085644575113420601318300443454131071882006814062790183184332263863668727460122818409322352789142317974262804993746518370023372303064000
893 973562244858094422391350186753250430097491899467478928070619691026603466882008829481262045005910713097701662656769940661273380186259169920476525275555823395012501988795389149940555077516381583895017459003660384097971812957205142003572398130908153357143972087298503021131424851771349958174509918397207475887807806558699401458381310403584386134396709895265597352623970220890802719767866531123485833269347019875192852276647314103981051665821068610667862973220578292998416609685111809528148413337678516042279400720557890061316080917923396793432
894 3898609840551562882946772976292971487154122096859691653729603600348414330985513520968637259732515912695835549453368269030660402634453908572159417407763791327979966292604689266526963662573452505543441906824903639497811251373552177064012519711491947237211260813864165191338613765475790592940236794188451868261292982961441481591212619833206311711993569585882443547500087062647457398105231696091190746815451534336188711757192063106267894234361534774511203201615445480751619929013362354950123541236969865990516506893756158130780547253670007326880
895 15611882806682992305312580822291765015673106383397870380706913746361659177771966896048905357765555892003457793117239889715664504730623957880254624933290350072412875589097285543069898126266768417812222973534184127427230420074860418710867934223048989284177104075019562793395664285786242801906330953950879080526639002518070594152535250411019192495537285526651471415480003478061468560192664763973953054717622507766449915633150143657820699588139740439402301556464081361251866837126282859984489050440603988885608411444594108114019091363240818746600
896 62517305004638932315352278957646576330918897517427896585981652365318644126407518832893046706404192532894293553679860485576589840018431925203752646052942035836710064562984539243128644262022604997716075461504259840756965937600849114878963287612150134609385116218454345752349944253779849359356329671434719551767582959860045135172921447086694559862871646130646134792866961897390232975265396272588210187623040040391086377921886932941109289105968381625656236027825763722280477728100872566023275494714257461158078523420620139479042027419526847436800
897 250348315130183581637816938504504370396581478005057246596542598980762606166908680326361887926984645991099023739550532590756329810689434199168111909435271320646635036648733463944788420600823448318148505643120912593934051625866302340651804808967398719209222865740128073717680556509056594738928597019965363531327737614581993301793890136431821177519497093424205129930788015875337590533285774214927418534464327512288140407902451052110962252104536517351026444763799699136089307247157328376744491294526697337406711820633552489494142082676828594932728
898 1002509640967245736056899044713689741877949463761611627396634354001002543312749141284606356113410087402483493057488911555314097843690010337971444452303822733909303752817665847334506975086118045015003395284838617259908099692051284229168957440874012040027338563821472553865100455015383680665140427352408778898170142687513125560931388414633368344417634114151926875797090799589744701318878218021079735335669376855072507294295406704947736311960584314756939160205256594606112342635604847227950484917020937961567558747470773236638860479857690987968480
899 4014504085655028582250121341637448008678292062011977073628393248315818647831454245055060642075526363362283564626989900106996698073218161691801831489979163477665731625841172469357089853182923890436547191383707161179176724026640659346084502908338230215564667232368779416869358645565113480691573508321102363467746604291660336172201727318670411796766227612707282180489038573507682599605309906761143255207195777897008950894081470815777578365378273248764547918946173513450736059963143227890828367099929335221249449303007498009527184923281553354337160
900 16075878429764296881090586017680548199379145075910030550680996322510508489647647699886783438789649508458532628095757623284059101668854257244212615595031157820089505666004256007294178650481401377794246905166381095247100436984242002802781642023305709539307610803079506000256271528358318554350513735340082084148181306366780693555632303105616694494567712396451483304738634579603837397878007918262752412104654317923759186430420155052204836849585232765247109511358371651365017459220452352773235548864700979551418859049437993577685863881613484578920000
901 64374962067633917732722746675245217456180487615088611227393678607030969551877913678213297237108774253871723990733204466389925409019677010016437472590320424735302255833604237383198581072335430291958697296562188853517562577974488120421299233593117734972550629335621133006126793626297289445388198445610993942424224962066079650615463535029743688791641311942128282114420509599361107846418687242376143526981866241862229726977061676018954572178538942654129660718435190870914395567477024403673603042470844799748757874259677208673541988667581386902947224
902 257785641664842591764332597119072968459377579706148401008253487696079620580660946227517842876235801895637269876330455983732856491258407036957423367011960415992600840787721727668127184449883938619621177306170866188882467472613413322436996019717296435697180563921554818344567695589373717151439225198157241527391554045258733454302532387253503155051991020329040253791430145445241198444571941522436694873686529581166777344987209897917479541203150371445989475703165616779725029712064254426530545351588219807343317353913585143560467019879866053777908000
903 1032285740236598050391096830148660268376132835807769428427729043856141451815240950968729987216146027103150575158903192822109840577005376719612247324482289791210518692942581032018285238440423120608282264146050533129283901577966555248394247664859209498326698486857677519390603064967916284828349681968575196519695930597984946599704779367896258965609480327958222362445730965672188940469765663442576253137261958100151781357603961356808673287572476851087423940525871838770410141496175279712389702338224353098672703843843759487413778772206406518330793000
904 4133715655255302934899453087284114651659021411163781011289776547711857685231352468109554411709395386495008283249910665297642202291202285016274435500368291338925290487833347343809708767807426659930295346172723081696922546764735756766796472660954050472407807422474885013307490041360573765208781355487650632228567015684006119850199089318613041431541426637262777119944719716125496283578676473171017380526327577795881444623130202343509461895374028872052297099638745512136740256704386937921740614928180102817090827301507181602963576375194735483112720000
905 16553153398256854672938075415894352919254045916385937235474547679996598252806964529376755498216826658309657063456751400259943101588018382462628171922952132711459618657156687541065871656317285160673834940488184550144916363685469210431118779393731260596939358488529697599796132977482579427191167822380833062582156368438148421003261986154939401701656746676045104955674896606515318820683655015937735204451661261604559964128006178339298295406422026807408882159225983312517658662916618962658790713618815796444424363430763141025692556472827332841362321720
906 66285776701969990425113353930608988927488024752467001703159956676583063058754076745261173398384287082557123975655191769368244537170183223861749201057746975239321074929280954071675068635707643175488099740673683572674103326812908465358826588119648472849872421586135089841703018949433469024845450647790671991568740172518615140542751425299247758274794851078148711765860336268257830713307979602209492501211918648495354509589060754002904290018613592508930260344421608060442617493575274911851246137512295859570110630204009813832656091302938551500717241440
907 265435759243650248633897624790562264711839463357561017857686890532718932425121181492061299215605070127502478789932764555799650046290432849402573813769375180419076997209765851655040328644971937228340417833780298811324658055589889334604937081233250907927107797411498452442136771409015358173165073836656011926276320963774007018780569468670033240166931350634536815216128875704503303514002839950314899236061602409200051428693517506046572900510302879345299117437191871227512193631935499893787757922426066080352237558090079274612940817900189702346097886920
908 1062913646717682142269367335434754294854907310821016115610935817436422450460904224012311619350691967699105846708976804058123213371496643761106355886558647676116613595253533765328752966319983637349376308756888163213324772285953011091284041079500642705197910345209722530595067648061600581778390656754485073714274753395378299976280210758262641216134714310362335439408800723880055475051876397621601419129869400576072436172338269525018234333506622363120912635593521831388305263838919830857992067597008415225615680709954732054064957999438516611389187627200
909 4256337025843053160012576686829038123449827072847152639164496290967876684885294888225512167355854619552807113032883459856783809437667549183256503027453064024795725038725202821912523549686014495567386345733352736748228176479141289730017930754385323506911174826019147039090429712763216125391945303202194130796542325274203736455292019664072937674954095565795410230831689805041565110516428377252537239124159363935020114607662137394868137206322968981345528317442286560664093423091641450871384128213732987382883423115415094306579512493043816107481140109016
910 17044077859261511003790736127676236269920099609640963263540997248760254271707891521607111429235765473236763356919418572337292750432377028468367578426501081866570058830069080329501928483058782248529842134432182165739957768111450835758474432715804384058681473620686600886899826380699222654727796272825810035578513706283937109697749872980395493620020356947599926092143279901437654019148257733330839398399727824499164915726933057982597789295604341436761907121316728098766228879728735543590519901450951207683085372397854629698243614308284295715437624336800
911 68251230460603237470124662032145280184163563711573263881696037334596007215498413961248696756192449873049193046829152428906430656849161129731318536726004255929136892198414708550317470652625185416812786346608648928746562854618159349479941074609652604548770283558192286551299881787538150042699294402023596868155192242878232241856851753050760318758814050510035016262759632614301526568731312787542391448886578252124989210829276710651292836993055496408636008595849665357171915402768996226641232004269802789750963093942494373852045686868872930416500380367720
912 273304597936641723700345518214342461154586915938330698836912342696603989376661047344275791181767351412605330663922339695637595674357364299235403549977150097553191644972088267524767339070634283169711250661183151174418529331836822959848651907570058227011614676565586805136013493079833652623376356293973994527299804738873754839320332950955549233957043782589692422131411180697269236654053493747456575650872358497191331847333955195309970355283072504440225387755995424466736280204040066359202832556661485066419862012473487807710816875819578266248368246816000
913 1094417096123481990080769553200415206290078308121473368588162144219295799565313755374227181355059613332055556562111730362045215004629551419206213258380731216930875377000138310174487983346330759339933950753136554395928369888317283612146550927099824982965653165498770129029446532842871894198724195752163908588579824397914797879960181643897860671785856668206755186020483311001033887600672743534359356752584056549626388461675894968204012784467244858285773212810183065390504829997910610221534136337646721442202124768147713190372246224163216851615142546529912
914 4382463202001588341440628134173842271847235809958495767314699670608702566495933285485404791932199284054759161874134760926798720125122903720119109345550839122958174612843216282139873382772894465606404851149560513973313178180155744864509905950129105449414548364092378644388071700353776806647212497699342419785311383641290849772574671568991306402273207331873818241358708523205429862366704354829171851187211397777334942572310527125179858474040041001079502266141501366650013181961575936975501348512089694608318841984293238234633253105335523294225188298234080
915 17549032078036994890232712222184094874136633549724392241107003057360887738922446197895603433776640459125184389999285455650471445119521398069851890083534972420601025937534042220135801764426909959164938388282002676286421369358590035345902471351500059618239340846521975601746490955428932482445417827640946665088411226854755511688083628069276581367479265378099331874438729346995315859288074607845348303227278451436344717337376808083253986146409282117634641821241406320170269034803558611024212257976662260821387944939711859997422926415268319488872043058760200
916 70272845392270545658811647630691282643537295438459205651820829729147860847444637015398350799297935128125328530008112616102076006209631780745977195155531588309195082847964328071437952135567674231712066933346687317357735081321692260355826145624258349296645959650912899121482714140699538703944449698495671346568449822038317597377045866134323342015255940786582762771004187202972902004416810244938296548090902617928345852990445778534311150652560795779941879787679110411830985826351892346749135247009740108445411062286477021897048661096113991925668671010644800
917 281398249889572447026769785490584743162112226712083369356854588915408682956797956956857151453957233678999678000076289026512322613563775291958808416925104927043783547101155929664590259798757653101853960806941929588602459845675095361819246496199427455976161622652373082450219903907200874012913662495453209048560397733240300398086581238400006814007424181323240030460774061012345816354532232852441910404876194009065958259767361608779279690973888175579959866456721698057795267922596055318902862301659083278700803714418589753312257617866013979230732924644573208
918 1126820472840250845673171921833617423000301086681319664425703435656903690095269463408483598842890907381992167520480376371541155218651630833004948378872217564996723824771083014443966060590590994603361915828718575677281469297268498737116331046454543716159621960402970894736368679599841483833501281703462088914801446168739134164191572992473600415634674253736245372541181831612458635097387272796983749393849320262135533660156748057043490093422297285793469399575106128340947854487002782075828335138876502512804109437191200526352883552655401295752362770966645280
919 4512191784488847612957058806819583493408613066057223405695954062608690593453388395958154367479811520191942492162621984157657503216974293192341759482778657043136160791863884373002456387656859484819603799584934283444815817901884355556792477018064801836784965131472560073200709810249154489608575110540171235464300229264179292243408141673092276186230069167495572705486241184469250267763730896417463984871986596025752879243337111777136711880322947959233227243680795498120707011905258487716377972410606507451474831928335453224722033479435606090492574321452565160
920 18068406710466767372885719705218789179264087141556672614756377530359065706102795753129497358352237643423665256973288642820071968260598326505082499042250395385976955860692654108988965542752430813173961115856945140971573594288872905279996958253336144740615243147066186087198456758897957867254768155104356633982132467983812873180501798460963550206561620207966475590538851893149798761507750656193297948089004883885766386821160580779565573269808181596936588217296916058722375682609923994025798145101548068986400181491991756540893162828623048827857992161937456000
921 72352185131912577175772816732636977539574888075537806426915755241133476153568151689705508987140916824318242181184353766573149441189543505932969459961981012679882416022609090851551502067781474039302209755322112135155008237370556774007678713579621282937560165147187106320004850498631290937057772959061339910585579977447407423312886252912973655464147243732108122059277939578076463050555669562258704505609831010882756707581447212734862649374496617727283954934494288336387661107876571172762120310312808967622234123850347655745154074157678558384142788093723595704
922 289722973687832339440011018577595193448373710339395689579224001443322757930900481467572114163491532299767293337902200947143372682595777664551253035932670368229382828752060142550008104729320477415341097567886059322445768768809980666064108505966591808513818142114150187570262721865017949547305333313509147249875686571149599591022426551410077131333929473204692473439554208690477257363563403038064521244284475553312594380227135934664440582150724145758269509510765752652330376057593874072183520967315386932137096373201987111752554455983360450540777163242119554400
923 1160148827392057480707723080898569906953791473506560613803139927688446444990113424705288769513677589209046471804267914575236718554040432003767418399410711040212464663446344904134646306622259689744916574135626891515096047497948385709198345288179072516677887803628514476731762542577698950632742671611884375183917336459364418500845725621315491473365823631260339102453291203727025097457351458597574507977093671138664476184106928651944967690318247254645141826623591223473603172801164288016452139149082408592906841756921104558529885554907198256613996302854297859400
924 4645623040131142414621608349947036160456352422622153877157535398414407433026499694161156329493556196876095081027708003130046596617391428520509375380193770876869123037207023323100697956702178406614652753653808889078938331148804650979067374991841783902843217608016142046819734010527438736544691489030165951131523289270962369795892658418839747484811461952685338306832009099139302591567572507355009629979288285544608349165330903309078859026806724552141518341685238360006814356766735862654762539907875115406296164013108634428911912049796551976660965878206148376000
925 18602603082776219625649297505199170772390155804872261196410044344300116344370182758004630323729608147664017099353377096561924989343324845802372619967894242377291049412405543387358536307170848285344014825891035185211693135711749533377128538095634640009632020941326720055781049340926866864118622423192219028495709501470952153047543631079761437857504616488221217608450860560987313126101359054164188732437641319590382012995339607860629373950680156448638435252358527684386379590477349639043421099800161697117005241222773151640221799140353373068689735962118268922200
926 74490856020111478371248646442440787611819607677023627536759788379770411826537466957458541317939966031294615498383687835624671348521974152173578130723069041001291646176254188204087969892650331441283422950756168922305151003048445529039971542489329697603188746338548516443912383209353649379681499012380516241706353955933115420928120599088323721794206061438249884828158967709325682520967432802643596579047139458137959864887268997143322459944123946861215362043247262005633416341649828517256390973488488216057113775355803205460696513765466188292711776972951408417440
927 298285198836472312959600411456339568536314368538232841151517597529361433102376811531594245363845997887732650397415466476738615417184862169759959386824097997999254198076460219665586616645993292335848514958850417378906323929015135292387975591000920299017549634447034445359098270681491124117763906882721988620218178751785241950894181460167204341278372067274016754336386564831629543344662095236463559956970945288605788319867495316171705560997815828686575738452577401461125917765895335172042584533120957927131080256289379710368450599321648915407451245927386531295720
928 1194427894369994849736824948571663946501401225473484688623984166158564875594415020933417301823728526601147355205184718445416295695258165655813477972611661692011011186130207266969524424720020718873473828242250943064609838897821422339885628073533218900821672582133005049250946407019383999866216937947198711280640880076119634295965222595134613796794777819238860673061117627297734727912042185483964271851684011450111807472771352519914795984439665373381724170172304335174158170782136878205549476982047300845998638236986781672155350068108206152449789392625737472115200
929 4782859973576401790540993005271878475430179907176152050567591768798736075117291182961830488768292246605456435282830259913936802365372260558531125064502937820095685588465611072492668644655433252757768924194160046521157654721041952486485284538833883819170991204553659252843885212603596032044840312600121720615955260223955941929466658152218520024363718537388442133440429627569688252816486215438727239919939686794287189326789361750216645776850296563249215601899011087979543146968208071358081224168401446676913986824409390161714871330156971464899466376493948219445496
930 19152033478691296728538744865028404659419019649833461386556987491852850591427689128759967080966681547225293798979686512041860363261258121551729785064716347724224489878478138328551961952599778445722913085211903602424009602189190076938567131345440527488500937482392661396900431556385158260849646412054210262694785729870262515640965531581735061711415513646588586443385856835851586359640441140576356081711824403111128599859105390969066577800621639864630278729010441111918164851475615927398320326447770106202984177045687359229818440868746567465456673705046131930962400
931 76690508252307945179654070835877181668469278683849258283374431634043027529544854102690448827440776432115047427312207721048235569714190358682675008893403459818115085087568877526798286832490717463185068717416665370183567925068418016623431098750742118319044613259052022241451266670464033953925589247550333625429046654335527825208525211610651673168020289931293730651263360448855361851196413387248262225372752084514711686431741108929313389090062384699824128797686812481009776969024043583432274903129595512998098318192195263442752912696466646040965454472534755312502920
932 307091530359402813780612648846562978797049915073458684082083653202698610773515806761364117324059306701315678634822676925020927675192186067677263997563769323711712998156533001126039608257516020892343254821099104219867919182995739816998632154228540109708461819949926056792222662877017864017299680067368540501008584060125804981441708076970367709291112493912324645606755753200506664378181968484748014972828472998905572528322542245115716229431507376339438590480856648905777368364210646995594900310171618537500690840441190427294910679914720336777295752357008590745768000
933 1229684110838295387370436057398468923680890861646081340122678319476900445715408788447865757353422030696684670241586089909197432350832467663908542198258241336817516337644213201066064900039782308164626224355611645562937320919899733992095777042837316246735743474974407353734927844192214639873232081741133112177116463714520567563755598582438806209812271639433358634721198855388115133519656634680519750604031087580618404621374932488021284990605433655759302574854708175653872418699188235738424154117830862018763295054645351530506142244083978070592598228570287349265226392
934 4924008400955918078473686077642743728694328251993311775668088104572025793347017399401100181642427338352426503775525882604312016024987775109519631398232845261645187613802795237914646864442355226794701599293814093272546421216158124962023489017420239364838055823353297301866886085187296434690535603427652761840583169641171750266761221604544596862805137014367880830913881260687970806028996637868138464075526043083156889648257129610592263326362661141488163390444357886235186545772609065579716830199378018049753133157847695307367788214464966729082068441131871873261589280
935 19717121434234618429862511702766447050660372229609192763381851724945799215329598580042949335484666215672457306338829604661525590132502559787426409412471364245113145382899195478298019282672892874323124926790396875352602111406965262907333245807047138489102669296098511741811097529382863128349386720789427331887355422520095555883634998987876691231320962982278033322500442065556498981632851257522852203072288480556730146645757817431130476526583944005171916219718497317688268213156862214799347395584080872603923488226286686150572601283536268331464388352210458680436885800
936 78952837058582258183321116379847676746173725804980553696365404126413981029084510249925991777598492311740834390302222662688736141743108027820145713361803157302341412542671749945352248470729689447670309224121612892953030363109739335499238256014741818867845696763499544598460495562689334556117173429711808910672673825364565680737707145531619534347187619436653347538701404645343867079792202023310164809241505774055348850801499030527947788785810445206224403589676732394741199853194298532135675256198570387433258690193123040988979568286427157674002723127568853416387612800
937 316148753520904170588768743794518261158823850766097345356813605412179060787402504718720744853033279043167358220996507467950926338408896399796380098308765863794189329143866128335323398575681498167599901856156299309327295502676889803512162901049971028208191214000841555002044070980489375996544773986799008445597313434685048187282002030955649922669671501540602934146644372017828239567955095640897710995712958312488613132520296356661860269135881391535280126654534544371016066891977449997534317862105506033673675815874347944097472221484646472215502840985782562804697093688
938 1265944635229917233777012088278583261331811193249089903712662377274808789833867873750950090382690355357485515523136496663150599225139853994795494160860751085549828900338550376778171532705620494894314010027787894773001390591708879931626490802698846415194509535457990175496433606319881777453220987234346654704255671405883844023601775319953958240545692939111143406012524405155931660003950492793874989012812578759810720358870228957487438178163595350723113320418714841602574343212444038887800602464358196863817001580024855219301967294292281570565221754641992933250027370080
939 5069177025504871140795796805516373912113307933735161703992281331603605346072502914508068805412990378169206392649147852384138753281870298806396247964897661116218847949268847748360056328231628815591685265084234493206461293548344573891599019075397802380892467551980166743521418517203299589289670587065397549751097996841266296274109773636805018961530290373666958178742286075431481808073523783226536467183658900392654021583651480478393846910607542326364961631467118368033941521214930248950832377906669144143805656343603159539974082612501222623268061406899222675061410825160
940 20298302040360293385934181031673659115597484377895855172535652616431902131238137336049348997180877339633882892822998868156526422952661880829167271557505436847813005455074468540437873888661923702690929962711512613843105868643990822151805496968825755845301693257486498416225298543189781969773240602047532224131894441545552493764195353725347234219547481164969465392356899177844368202258178371344310929876798346522645285044907840976163406623806274273060513256409796603543092093189509956454551163032920726413445404906219849109748901899186289335771345921585155084904537912000
941 81279583914804408834740699365127290330966948083404254116408719625797531512745052056265691090839172666363760860197625294173608208853348908296379985235690752371414167934576414754292370580004135705590362944193917811052910799008337312846047562161731377719771641451079971113197127489365759006187548281812905764504549738419960537340659046365009236587956848525258116292219864401147196989772901627350999962680830356229977415859558300085284287772947510530974466570440886592752569263143697506939199973280891061631851922059461260190259832054663800564341247826290154578243880244184
942 325463838672670576502978698414239776798175834620900350170699315143469818002150219073335944771819343896767960596413020424045710311336638639844127468540632554515040046692048770576561156681041759336449101030924366555567319846021202066397285120618156027571704548145322638840424862778357923326200424110410720818349204061451868006406776149987826412716180299917870856078352709779752484139983283027217663287739086309496875805358923205190431292956002063240847119575735357323833571375645685929809414049347273736342767079834700854092112991446811576425329412147844865219166669648800
943 1303237366744494070667978397471881569089935507632734735503055007134998039813280919686436500721127988512323511008142158568947003695876343603361087552079081029794397206222401150038227843224131356809064475070189483674991349177917044572913584394753237251622702987878266775361323660951918801206310854946411046785268534609825352745206073295405944339347217094886920103589977114224913309593446945768495883074146435667231417199164324393231979771662798181180615522066030635401848413142506149340077366633236357385782244207940804036581337211802704563344813027843614739401790981277800
944 5218477515193223341296168005147216123948670707127472281293251014784467230471843852318116889419914405750300718522528941416547573196873495492825670940956221429836144906072170057344289784895168349117805335719294388756946308879956863342064366601079894125181601750390561594788190698500853827633416912708199112420317139924096622331154082280025299498560535780543103563459842362050425520998506183094041665878979521039039642235683043587788668432261638290937147399370975732841262340918270525576990689015583419444341323478232103008355053924820026631996228187907508132307309743712000
945 20896022253633881599681689681627623886150397534896022482297128004115769206762256103561951103821267429805229572049956993177214505186928902553334698712500985659758120292460286582273597392065187867506004729177658550866570413405813207071122522910693092624484354109813075210549033117817343129271930078803798383382113417935095028344640574607186646047156426260100584148166448209376614748575523455721418870171620745792600610850115150446807354108428840016597496139200796698259387890926217302508167120918875608891029033773920433499737089132371839721292085095657166506614647783842680
946 83672537785979479336714829370665533106024448965128623357685007796374677966548547191405738599851508946437025080039192879593544565319989225997520156564644160013868069872883968209094680291149395258958437964317453806271757843507544265713289679820400415906812676789494414795829737458719292453809296935214038256445214546725944519780629212046681929705211460330727322711143238966355332263411116762904427702446190736421379591194194228527507830969000882183826605929649783677441660186585861346400637050287936991639385317670529459056183142059047021381311298474000573975422289271241440
947 335043946229693729098811600059282282669789231162692627144726014305145116424192279874254691137671792694612527487514231136424588800702593041482565296473703818953889343394873438449688788893446186568765798261209450736513195240693954226761368781141966109904859488847711249043922336992471182421185445509223151657944071128208762869888743663746281066477651384532202234463490245714192155727135402566976517863199277631084630548921390746896216688917477939335593892332195454709013437198524427006951882674363174688291297167034923867362717247049263286109507512531723513947692000831776520
948 1341590965261878163403055530543609731661922665859483043434847989699166083928761483931545711503750198413907818619486762989404676272531361360930275489615299489285041049466634116596118016096388077526800030420026427017929971767127458244280331367539229984357928276627220972242079986617278900980776010850149402195884867865482851864416390486538270583513050084629231648080315856936215724561375386318747896349687662931640464053950143461819931308933386741484380393323449607139205225227480272089604042480969854289968703703435320856359942553893176921224964523038198371551145745243643200
949 5372024582419925641643458643400361330578753628272782313163167688711006808643015393464290633827252904197462109155666405646867083590990195024699779900293891013681319041237342016798878900583572816439450049815829482614425530347956091687935741032873158292375035895720151286563124336290652021960271888442544929909956315255441134153276634698076310404086612222470051032113025885559769620774514948787648215167210736802899059402248035747752074217626448718278887750809847156689832495318869863152151733648320422323684196979740023039875635720502467559294542449035147074090549778158621976
950 21510741215169354518698780658505134938039266372430529810347773674501397126283939404809593686558020058957171775333543037087458303491030533423314875124471094015986877594901943961105772005307136196958537517781157959924153156842578767631832425967573073808557107015023281146991372105687349075967194024065147807391144105858815170648620739117615413611097526483956290166925573146121576120747806760324137732029672500859460854678556257878504911507237768234217834555604257643459413047693246683394505093986921643978411991115887825421659637553751362118537135038874380265614757827969236000
951 86133536402636025883294906973635298215054072927079721472171506376635068071983268943048099351228114004497980456177681805577963973216238541786121198584298236495606827179834004680555289435236037315939801773330938041039415622612791630011803433408429995522254061902057595613115754155192294569993650094528156226306495410602208555851222686556315900840673961696629652631686551839911940508011279002950387786743103967646773065309085036645107737357882239622786647818017670340014505270169157570461201810634093696403231644677530305336521571168436406094653914461079178606887967919476830120
952 344896431778378534767178765253000226711804321457749294811807672221058190555323121067431295824896591092669095244084765848906436130223947373279314248838556011612869203894512302399423356686043930043152390017184149088730211431061102199438317748682227024658352413178772410992995764881457019409294651876057007124393533577560353684600342566710278546286299827944194272395405413154450545554130687611404215608919931084786806263624815628409006365107180127279337321059552419760515710908616764057210653221411237555668349645403341112757977802940026876566084780023511348946151209648388720000
953 1381034871784851864004711610445837042253569404828718814939717275742304435290852665450680776979522904669385074653835217895042870727740391207083682702354836387116555964400639226958122000039948692062281426601174702017126073563569197560359898696554330277827976075192818721573951264340981521774644780147731754999407006232386831521187078004897904310875276628695114895408612912195352813450324484930634053000974865318193890198733634864501075068667887010516047270954400222677412704476556586029253985381797544272044137091069946090416683259895719709957043461161309608941467222997914482872
954 5529936065824758355762832639518692710639686095305761802528815450401504433441651386526545482637837779872375073325325489556934304479636996856892637011991386764852168209855783958189860418833501452437672796521113789428003365436125956589040493571243767708838397880031399677383315979280706108893982147782544501492545906494880745819466369219389549020565382296067747400545632545049615273130951785085293953133020163485690184069682760141299963393066974940298585569202714884376022936722077862564696783698409618797826911795353392557636969668600666120813790207746467664412885077668513392480
955 22142930578040437022027275349016149009060378285186593381195047191335164502879568445001471429430335764268839392141240430072005157324354206573111422104714822344016412677116281975818302105334156687335145076937121773738843416727235145124231992516746858429693937331501300087002601314775323277864940498036094773380173905598967493500326639848388402169924875783942462294422374614262501847646055534359346211392748995694140680913798230462693203156827900995405923274006749739146562121331702069424150465572168161715718001381776424737560087423179877715365340752109347986810007560185106723400
956 88664467571127362484012880559830108702248048756600558209099330324257245087970125375587043713237281636192713963924715607476543455035595422508234849753496726345349734818653337297043951543753641934991252437601230674199592069950923674160637089744547770394809310533376342810486774185718064804482507147239322741573712016393887610820925464795046980459043378721100932591964366046841123106050384054630817116403849432270127110841710644536033835633336747804697642079504849671226096084789903902536033761629311309645855873649971098446636733729238646136805221065908419845530050984525615140800
957 355028851320371907519666638894382485473018337489818971573673887532695328657687907884672806835012880861240281437137877978094021653604877973416066791780228674472078362413737794217806250281433181266972447894985299489297130358339962102446961310366277535237295211285183142889373045075511595138119797350484309624465000244589605146813502610051307144705777081229335428099600553436343036923533720147763848786359973048048275004760800676300860843216111518459747407018458254132306778356005661558019963350972908812034533061549177826351080749952992346070368402126015099710942169331676010094168
958 1421599329424937460413127022197778144548177919812942841243801815073446707853981257067989755268306540710838828074307574103426957518293604941613970236783270879054611539566937978323213894630162790804532332811300425944082813297715407852580094462330267920616905466023787836358927635365576232208762945113213638157104445552309202697771445261554539545857446944408507583749129115111619319222001642378030016634518432621242686306229967641246082447456995789840419225689767625738797877553520048375800091419165330670487148050087089231527436124572803849462698520643561199331917499570988970142880
959 5692333014273549162990349955272105388817129958666439184771632320064448404308843530389153132786246231906866121600254545172804382334227402358078117490517614678783233121763288780010686610460150120876733481462340318345606885752231792818590770970557968628766163294385698657734158078478709140983913907642451879503876556182494544245416062308364718186756752014695520141596660651340087951016254347737696079658123433221087161585280691796734117070514421633730752816681146830518921931181328983262272515488041211423412415944048508415899016826680020926776625551134357707764219858978517254717160
960 22793074843389393937312767287012392797766192952324428018272229519340439908807048130025388977997065203881507723613115175712266834124244230967987220236642720049557424387921439360372119263420467977756039340590786460037627671926200950353881657056021749580705241880767843794781071806957409673900688175641754769053904556918046742876463851417793945754362587725370271938327926580180280221344782965387072585055082313650430717206707432656856185600570219192657075239054294323686580532267510438471943234876278767762511312616831488970593558890819599059357469329792562403446860533336166665088000
961 91267270518738364890656539011745456161055464279932397189831719033692344801514888553976661699396581920542203843300848682887205512295042063431351888268448787699823378001847408095365381381636563617300406036940755633444610609469126405678310358912313829819413073707523795044571589819001105453980744852072992286130386113073899538565044737044624506031329586607230080530924263053783350878428501983583148408095506792580191449742205036033857440888275523572802268673247283209907375264791244752616120913618676015938232629712224904239842424756299487498609976348888120031766693789062840726492664
962 365448966655676616128248035501765364524184627002268329226298079960091719871206338351407069947219612102233507168596946651563052630576684511940571382793532723631554414466192086191203182843779506697453381614889079431591760173459022766414699980160986047144181420958652459668636993249904728408243696111619504124292083467243511092495438019172495346638542027865013749124194352197509846570751386514751868832267071839656893647666288838632425150725115707851192702788680295703685840178385139969816001721300877769118313622004986291880599786987901220813524935449141723868171412936524997412191200
963 1463315404945599090775479659826195617616589587539228278773077135141656242145412489947629972387411586089192795855961994285893731507279797399737915596634137083335516936028716643936148883301820952558182689800447070245382125272460472608864190887306201530217538634349354547916693148979496208488505105874163536599810184399460997738355470795113937633531101704650791034844224683970166037051535013178006582190262258970951363991882736469762818179409542550464172306341859881097785314748553599471247726708500008833695655611699502906929937188389775677881190601337104604710669940294905870678648200
964 5859339773073966868151868710581319108545762668277532962563847801771782419223998505958526659943778895077806252150144807860893501021495091621746064923972874988027823240819688015276050916811984645810059348480329881102427458785378253878822755551736431451560138702942762176062756327860220468264459268300718235839634984805470445245309247996403303035624597541648579008440906676674774676033195808589047496901305835719540240462260646128258402650116512686196301355003203648899460321272092924266791385675939566647269689657309011418642295436790250724504000527873131572172315433222734053431528000
965 23461671705462149492807275127431422986500667945592611240141548251907759479465388208506133721351645783195365283505766554309101862435903013395478390779985114890223364239433560920915364153134147468874404165273878740812481059483242676196425547934629793042188617640865975204872694646587698523253494078046824221625962447854531827836332532112458162190253353769452859614948215319330088354405229682235969038464275772799689243282578738119851431307473820963756144871522763022291314131907484478506608394042655092362548859270989809014266683065736713246447457827198276233191019402583913360556683160
966 93943937274513726052028301650150278155273140872300362520110821186913557128139129572712643211712703944318022233643815508687267813953463892585762272582038052134519012341925363547403135281804856485448730808701301413972513922228045053521363787732317472914534887609947623873357235119000767277525603246458728564497970595001499926166665852953316661285619281092273268762556477024899104073862797766859266752818162854844050891970203740051750247963567748987780678821042916019909677081622671364948473469159832386102585350724698474993779483491436860542406240644191276938551602467937336748673713440
967 376164750908715416531310011162299457458174439848921120318621797464784305353666825245603006152075299023418333333058259200518724272090459085221828350521746600885320448977877532276393425595426428896162390470256113626176864605625153982925807473944097192234497077504127534949833832092578334333938694903134001415677850756383565530470309786750196277398137259951051443207193020326034964387985967924666573588847775639668512471637134914533162026277846395583827920945599914878698085350620107340038964354909800338563144880959309969556455193252050769513585299742665549350196041297669651892768929320
968 1506215010877503715418027262895991209181025264834563162227201240727657528779108528801421757829199129078258310926165025465052038132799976091253887310801079909856117030276537073423108928469826466882767471133234713124229852084195167896350763384325944270584940079973335027608171275023902273892279354643029878753623154461576921988234212761984805815860797482091570544260273887304725309603875777582466381881425200423268450479871036737658882113259562521383741187692647994975007569413574722921862608927926391985833181011541146601074803425937766574328096551291421723566655478481502037438883011200
969 6031084072480583058843257924571138354117411081093767372719661166384711344574199026481725964200388248251373154080388056511811986550008052081820126284592153087764275271451487475098719219403339880976362667598969787898691879336820733414630579219086770006637574640011880716398875578459913743390188024010316492245822859330460657863860952942783847419666515321316237044708755953675908273047583623814268021175892546191112763047044435836340173840244030945416870489304885330572110353428081454685951869726359853694912769001822850153394590493703909869138156829753577744298406270521769048152103238456
970 24149232405804605024057627190233247486042884411397128386122069479435170296127855751031059588335919920758852257824464044652748140507612800268865389931651259250566408241179791363103161312801166971877716316209482658098578357513430392795681652200575460535927904326973841047996396956110976093464260508464819391964522879265323857322805813747375982342400290670304734614733612572042997100804412191319878002447705965126626865196123963870961885221866633171778905137758320696023740355749898655635179108580522288169168592597462129888843843540941812561126004711545323733243254531363472205702891157600
971 96696514086747511250968890728727766222464497993676749125461977173325980855835661584540861279481147394048847597309503453030245060085361276849956026007340368429479136994202357088519402059961966970271104614874514139476736460534877992917122820133530878794950066131692401980228342540664263910831695264751121951802373532522924649107019893516421592837461042095863290161132255089009617704905605564554693483398711136227849226360879769200860343592651365940332381566446130975850556704367203226955447436956401619838791638128529034283774047686396768364107787417574674396061933427881755486362114949320
972 387184394201106409622829090786090170003029833367059938825742705715645122108639600659829936822474460420249144653284602909789736833417479648877432342148349444446477509556736786976397996165088437409632585838392089588569227377469652263338386252691065070157445077980438947598894251351022021377816106353696426454606447595460866379336875915655018001401576988726490469485489083084137281742434383499503202367032101049808785854817475856070621836201524347492963995731228531278200345341081609760404933307356374385002366564423852107462467264909544616724467951670559359026324250980218186355176004472000
973 1550330928220891096967130474629077100464806699037651524598550010951945283175746219925985714108097325057211595669324768029809187823691132819624550215077186836355809078646733702794771128890529643319925681840591159161316955103283158581755155830075339319252953442882494394729807118774233438452520482249348693307613709187874382858005383766936680727947066404104337682922934690825973100987884451338441589315518905963630682281008350694135371063509497516755791843534017822852513275893448473396554131261580198496118394465776505842941515910440227496671667430682978628053957679538542250730659335899352
974 6207697118549426221771778344455174083669976258428253175576516796165240311667736148850606723705187233733706450902044497681763278553444296378767138253326506828459401131708592424434146401446201482630935205330406560958780214778605131168368461040157321668425850394822968773264899699366276357315582394369700574068422619215840541966721397166814805815195823203340576819364786951882591040509702796618525558049560586856757497338640371338523164251735134963483743193550442051137565342096834192714425728668341815897605255443564933203244932280574191043759217377174139958514561949366822953486535589643680
975 24856282096861152222700139161576159061922902882823601011035334194090797962529949671989082363911940668954266076507159692976935687980612010615162735581802150157620778981075374429347826670338491035577753456570478249441765433458680409149815283319573218292474267774849509321894029021724873583697500297388499352937011495469022210822796785123563861565459527386368183937228984547416734476375247478787970074568291210891580143249043911100528704488707105832488161525657965777628964231874916572353868735234291013959840794848773814424320461433304514604389854657704754987204134620997367236943140581873000
976 99527102878098398233252659781326487156663602927736757279058404814082538713555818994302951332012529611894825397624565580906601747695127757220851384516000172236637786956809159772097124285002411356790700591357870380541040104579291868620654869607684209831376757200892259918545552009934102669345411540124761462868525558039932739929540496621353226856894781028759257075923947171681860691753916963469881723645584120244411522451577270206537972491400420451823709548562553868627853720108867331038816182531504725883475579291107471465776750383536489894109316439245264737849754775902279203247555570028800
977 398516309475008750302819051665393352262542377296716442055901891407207542307967357202598292833509186191890345956881969559619826995514230491791983681340183692552555034578739777569457945938049493841821622259828448440171119369559303493265811507394315180611770623803657019428784533943206478652773133588978930396591692326949695370984809926132965677568474634990272500613872730777820375918625743438020251207634502621897444603815072850239767917044104083893683029088253107470152241278575582675154867098333765178164674941991088933210250859422414031072075597989133318305595529887019418745615198321174648
978 1595696829750495630690509856821923023593721371529943419982280654232339719046845753711939121355873015744805561293062707182446933824501739712770492138358303365643349142109913817621238969136130365217989479604735541511051985432481112345337464830065111563756639986906273360677209497420736172884345014843322930234870827488129373324826204096401237928476312101880302533569977046242554767206107016518797751553240598222336548082228216624819682600295729536772926001604623427435052112242606486508543929739103891930587517172800589824682811512943531479373721240181601155742077392807043118760009258514963680
979 6389313686403825040678974027929090552549092935492084286963814971343397075447288314453940285510837146888198955034390144505640057414058863762491679874091356875728126500759874608013145353779874461416515491100794201033516597228177472837016884877198957525488704929192434955142574544576780931125980555441296102359136198560101271566133214513676703597661919155887973236545199234999687242041037012944031785122509386230125363722538801522707878324116410059573351720450167528756403980997354993837324132543561673049490503628647626893636337181348946484365998959267708526088573589249281324386420824369841160
980 25583360215222670234383634514281956042893201539457579575994029303029741098828774456240496342392728923188702659586117841125914918186489419223888251231969686114982688124062299450320539226532693528966156518761070287313275703649908376295883487704770685329666361726622027878324992525389370044486688881220172166811597358235429138508762631119089305622599225544081956075348890125758110833056696697161407780588946069402968801069325538805070676261956424450019535088955480105937945031882222228318513784838038383241631294381809967431531796954951859377474171673938068279974168817322048049910289164843784000
981 102437862739320161224205491667390199502360125347787288016531194882743575583473582618660926170968437035298437996138700416916914458546797895399939915570115067382119130076528339309894140945317647965520479380477281745411240616882048922026553466217423051957674152314187952367168176280208116769187695061616621188981591200402428805419297336964594765921357960010732424420614885138967798248993260444350855720878753902901530651060977296736272581159234649962087681857354685001972765726890901847166827703519151075405534566823831255734193087201621222278557496543366626270273751333890742982188073356095941144
982 410169138470998566043505781110610299332589778150977030916345090213472747086528269649439467889463833511368261415731717877320184566875081525714967828971576127425614563678680234873868617576976580829341402898975321257927544701961908697662495648435711497442939996345049006549064369429802809054918493740057107865137755864698772124888854138528477277356427708980397213101834758238510639902141223291831282194020006304895723411227554655055827900458413765979493548177837010280450161046407486247148059539018717640849423288900559971271647068193463903195685814029192819284227054676706892612076923922251181600
983 1642347303938865948760758382206639202622956219643219639066261603583884767356648835296940924380215675526171083387634536347889366450040641043628360074085417742276148784647998882711846016182674420550120710244158373515768989007404201588514530556312903423004522090163755618901692313408404516009779704983885233123471282680806527078174596848373937944385880149634372978220933138104689889742317993942758394726488409342435527073008321647373646247073438522445878805062871440123746427767315502957848582118212704906950160358181163942438356534613471232934231912446029089752299190631494963734943010291047570600
984 6576072215974950533389974559883348831662213306730124617868571385255514185468738367984495908810304068027476484449368804745987537735695593292554387160646487609434726599520117095389493173630808477196081529011607989248031805171036900023695005547613802650145991029254005169747448110760952493945315398325548150775329123902222440805007931593764766739201442197586144274855585979173798133987140192625616467291240428050539260213901580174642159236997163159735113113509255040251670452022644202611811594738315794583403689966557057453708608894129684653653750426621176126840167059185933025759676616586984624000
985 26331020864777749086947662363760563411330406939549482717888385424701957206043525579124912480398981735801074541392797856401657102651046309293414382265943551050405403080975919495673316706302410252880736214578075982813917935952595500805644916857641899311222603280327080156011331351696708352983775972429970398775733662538608365567831706054701001322106545842395235144307262891886083273899689077720097987944472479423431756188312944019529558177521689996665803531656738186245118624640314274977507413334613839614914534090213949908954639942496636877939788041409083291645802743198107573935528678071717043640
986 105431011462622784161341705951950925984047842608713867857209941233527430680848390745247365302226988797968972579952481975277416168385685975377940214070459337570045100019828183449746482000789399718011472689811841033796153042012034323956335191117004316329435452462860631825013966292924739069499566875457791977748526551667918376498393196292522031307555848725216247664432799898579681580271298983853941699196831868617320656081054397342216490216577487241483206251228913053496098701824968268386746777517255452759820102623641469062856214129455570722425795684485663181181556715815155742874276793005903833440
987 422151757864538287899571049795438393291096229836919219371465363072988130150090716695980322731432202610934587977335090099792695434664230439738566283892861262798305619096420278027227655290646355201591188591957564135128742115297003151811282276920262531204721606947264053557095928904116405882582999670992296872403070323313034229155874721166392839714343244016245215208428486228884459125552865131099061237169842814893623672094217868977399923845557529907675936748992591573945398760413844901824195467266559045375147513163175143976508213874647850587645551859113971211392638827778651534119617648829472354120
988 1690317879514341756615101103132292330584004356955931869256363844847466150307151481643884737015825800119973142539441009193902543604579764480916076816901948397272493453175484114086724177667391295175167077802586717085704850842686269008481748158569811847481689110355243348339594604409593574455842559496748262179687948441640977321197738875402267728961306277960135094377776488506744104773136550006064030371433948472214465817329529010262298661107169939322218187603072971072562648908919853544942523500664602805325725008201385757239327170076821327724770661950111348761404176023132274017537979579783011019200
989 6768114910282121446527672028331324352014495178256747444107464949611919120055760386015392732423691159184831732678166631954536137240672455957152021629989702738047796910088699713406971021551366278947283719012458209488019265661774550345172312084954492729328071379216617571223036274300842573799500352022872891767992809322600899055462651664798270763657759594357590550598379402597694944881437411113483264102322445550213642157470251454738339008988017364799246875741088365938591920996017636834650636022989770405394812790715448290128212586503907620493201892007499071535392186279240766717084778602271678894936
990 27099833210027503466379758576533917526771891714759069644757898079335894555531659381820986067136316471559083580794276908533845143011143509714910440053868152871805984264774803951177482012714477471948443002701550251410798245068909654067827908615522117035384219065588311583122206628021858860182504399726072179565516328130541414688209554725869904406024109760081225351662759446909360991533610600815458113905585222919772350832252559913345874663907243341160313302375705376374916534979525223982651027718177294103853460351147534472750097965951723587424754387607606741613766333380473814509964809954615768727200
991 108508827115706084586595316158970150581943210865964598052343745440896450523361108878321604818311473225515360923503549156998173166564671100608195942123861149226617496253968987368424743091021608684525428463504933462065645114623717721316120981178842255137873715374698138273259324546963474216681133941341504415667968290959051977147487028588254867792790003493182744990430265674452106176612060597539194545109010351024536728323333837556250803545382226814436990421799208009912539999709951987207933164741936688650327561240959307374857890795323787122814192548685196367628744633722218585572385052447987828460520
992 434473285565208621230686392047218524227195419491571670102623594257797291298382320917437061472310722259177550095319962719443833669465405714875905638006070420315598919864636974145873066382670854489039264882376392049576497824532945072241833103008978900836936783275063900062277930859453019916887784571119515574575680802758734208977986492089250978557638259161722947520190656248196931173686995043999749293019507343472215321654846782426547552242796550426623036656648574361945941886109480573819452227262348448614733683873106440059139266612141340935873805565578478546770458742612820631746974997440274661824000
993 1739645050670371616459966077834225784506471982077139791983488827008035122013280825286350814685502206465174625986502915243579810476509965638139437971374454479059830252994575865214429834745449999995122999433475806034018207092211123988999107523244488695573640267909573922632373830112359618902238894740491541837139255486960508607512488526431194715040309732312301276854596223880978106640228233918374393555701199085147234546650106704409257146378623012247558017986333073098121853726728112552987587508835396923892993476401079664789609904889316032178176407109386920195204358420969992945164743973450700851075832
994 6965587836319634991988746349918309888416649144751971614225933107939524315332129467611813533927046095574556206366903918437536880189424981251240834933850881080330580028344781109279083269962073125271551845134990250281043990066912332567674794803177695987002035209158940574244913438287680203234686121260098855086975366296829156958927201828603318122927786459077804881402232606751167568799027828571603455205640478711069864254052787517276352742750592214178902791901352951072412846953058561990062703448552112690878798909448693117877175790698082280847502741341454677171187215512222819697747321953683573946342880
995 27890381879831134072550513553998866555229641444781536242071643631387632570444542536312895236448333461153655635151184703603017278351597767544764648682760983277648211004910374844707299990232765657744681674740653109242685481221080025017618818063395239641904317947080474986378848187450637724257230901980650765586378560755152009289693098080739777272520199177098374596330990655974221126350710184791836296041784088338104608816081361278242163841532453623680040190457209703969503282214821641251816642375179341306791597383052916010822637264614124814092354712430994906249692351016987584899172557612624321735934600
996 111673649657534912708584166833297974227170745242220744108958219324068671518242268808714145348753930160036345779339014933823545754745000918551419298705573658979547850042157247927547611834158378016361268513276590217457428566969244812555429529327342687071364549207723205282695975044423454411013439113903758320644978900043108242225648076808722079342436653990066406457560521629509633487243152239018469563164562342559182425446471742517279813026332744087397288354968082803993821343782215950425495688480446753330817413296287710710574085401019663690850823500624276423261487208443828485750668625245289897369076800
997 447143087182981156507865117802401928933691698821261372998519456490347251018825469888706839006858105901832276072293164212940082409969337627268432029045506022956272385562448409090041759541508884260018994994062432048004728318393455566443333735541591678793826195330973571566171359034182296904915159279131927711595965456202818932182656807752705875476033416170985976363437147079346073255690584997135890649503952048129476328811598939769900822978834278857035245015398754594589775186103777510824323853144514854180053415009114619734545374041369531530153136150703827050159236742358588975847697904048952763847935128
998 1790366302943290648725574273086447843834801666694559078244824142737679263858727458170228386474801964654076676108921074762343905658976887374846220349359525530958116269540093122724247377172128884907896384104674089109974737344259574926875107639679079384615586987460468371309971808613921173074251164664169709010942014704026759284071192769100640239162068797772068574542342990310351744497696030239027867744631144704979632578781674431915818912968522658550689041248357803625443184750249977644803319561422111089669369816381588429875402370589722529331519763404443384688929536050273689054967984999031219939301832480
999 7168641028618626685678752299853151887739346152416290657982281838055878094568612147142517667688686022803296991714677970691709862012444852247443879542930210874188440049877893528756562423424745089762621691966692816837202445531909397532663195386835575752223928047803396563463465779569837257737926199172366864788147572080995710755256523863415135450900385874922581121313263646310851265808975677587981303006507807928701643138476168987533153069056838328226908681492109111873992447701119933112445018640293186568932624655703122223919353982421514656884738348884084776085025371310202686827115490805322576469501797160
1000 28703267381856363105820830029442049600557942552217380011941068420644156534809257846416487157912656747961149115974686569336176211260483742210132429963819993442294543390284400469281974893235708779727436140983150523443603055162311877949900093066975320553283448314324779245269146796507124418750443294420777962561952528810710558618576553098907184939164029340746481102597028206931596108496365633845580450500600104741952411778837837808210672936519544769222346861022916166267320730314901368355061771740229046422052651798528891118438580826967390697148564664295236035760278938932677829711273005797365959317838800000
