0 1
1 6
2 30
3 150
4 750
5 3750
6 18750
7 93750
8 468750
9 2343750
10 11718750
11 58593750
12 292968750
13 1464843750
14 7324218750
15 36621093750
16 183105468750
17 915527343750
18 4577636718750
19 22888183593750
20 114440917968750
21 572204589843750
22 2861022949218750
23 14305114746093750
24 71525573730468750
25 357627868652343750
26 1788139343261718750
27 8940696716308593750
28 44703483581542968750
29 223517417907714843750
30 1117587089538574218750
31 5587935447692871093750
32 27939677238464355468750
33 139698386192321777343750
34 698491930961608886718750
35 3492459654808044433593750
36 17462298274040222167968750
37 87311491370201110839843750
38 436557456851005554199218750
39 2182787284255027770996093750
40 10913936421275138854980468750
41 54569682106375694274902343750
42 272848410531878471374511718750
43 1364242052659392356872558593750
44 6821210263296961784362792968750
45 34106051316484808921813964843750
46 170530256582424044609069824218750
47 852651282912120223045349121093750
48 4263256414560601115226745605468750
49 21316282072803005576133728027343750
50 106581410364015027880668640136718750
51 532907051820075139403343200683593750
52 2664535259100375697016716003417968750
53 13322676295501878485083580017089843750
54 66613381477509392425417900085449218750
55 333066907387546962127089500427246093750
56 1665334536937734810635447502136230468750
57 8326672684688674053177237510681152343750
58 41633363423443370265886187553405761718750
59 208166817117216851329430937767028808593750
60 1040834085586084256647154688835144042968750
61 5204170427930421283235773444175720214843750
62 26020852139652106416178867220878601074218750
63 130104260698260532080894336104393005371093750
64 650521303491302660404471680521965026855468750
65 3252606517456513302022358402609825134277343750
66 16263032587282566510111792013049125671386718750
67 81315162936412832550558960065245628356933593750
68 406575814682064162752794800326228141784667968750
69 2032879073410320813763974001631140708923339843750
70 10164395367051604068819870008155703544616699218750
71 50821976835258020344099350040778517723083496093750
72 254109884176290101720496750203892588615417480468750
73 1270549420881450508602483751019462943077087402343750
74 6352747104407252543012418755097314715385437011718750
75 31763735522036262715062093775486573576927185058593750
76 158818677610181313575310468877432867884635925292968750
77 794093388050906567876552344387164339423179626464843750
78 3970466940254532839382761721935821697115898132324218750
79 19852334701272664196913808609679108485579490661621093750
80 99261673506363320984569043048395542427897453308105468750
81 496308367531816604922845215241977712139487266540527343750
82 2481541837659083024614226076209888560697436332702636718750
83 12407709188295415123071130381049442803487181663513183593750
84 62038545941477075615355651905247214017435908317565917968750
85 310192729707385378076778259526236070087179541587829589843750
86 1550963648536926890383891297631180350435897707939147949218750
87 7754818242684634451919456488155901752179488539695739746093750
88 38774091213423172259597282440779508760897442698478698730468750
89 193870456067115861297986412203897543804487213492393493652343750
90 969352280335579306489932061019487719022436067461967468261718750
91 4846761401677896532449660305097438595112180337309837341308593750
92 24233807008389482662248301525487192975560901686549186706542968750
93 121169035041947413311241507627435964877804508432745933532714843750
94 605845175209737066556207538137179824389022542163729667663574218750
95 3029225876048685332781037690685899121945112710818648338317871093750
96 15146129380243426663905188453429495609725563554093241691589355468750
97 75730646901217133319525942267147478048627817770466208457946777343750
98 378653234506085666597629711335737390243139088852331042289733886718750
99 1893266172530428332988148556678686951215695444261655211448669433593750
100 9466330862652141664940742783393434756078477221308276057243347167968750
101 47331654313260708324703713916967173780392386106541380286216735839843750
102 236658271566303541623518569584835868901961930532706901431083679199218750
103 1183291357831517708117592847924179344509809652663534507155418395996093750
104 5916456789157588540587964239620896722549048263317672535777091979980468750
105 29582283945787942702939821198104483612745241316588362678885459899902343750
106 147911419728939713514699105990522418063726206582941813394427299499511718750
107 739557098644698567573495529952612090318631032914709066972136497497558593750
108 3697785493223492837867477649763060451593155164573545334860682487487792968750
109 18488927466117464189337388248815302257965775822867726674303412437438964843750
110 92444637330587320946686941244076511289828879114338633371517062187194824218750
111 462223186652936604733434706220382556449144395571693166857585310935974121093750
112 2311115933264683023667173531101912782245721977858465834287926554679870605468750
113 11555579666323415118335867655509563911228609889292329171439632773399353027343750
114 57777898331617075591679338277547819556143049446461645857198163866996765136718750
115 288889491658085377958396691387739097780715247232308229285990819334983825683593750
116 1444447458290426889791983456938695488903576236161541146429954096674919128417968750
117 7222237291452134448959917284693477444517881180807705732149770483374595642089843750
118 36111186457260672244799586423467387222589405904038528660748852416872978210449218750
119 180555932286303361223997932117336936112947029520192643303744262084364891052246093750
120 902779661431516806119989660586684680564735147600963216518721310421824455261230468750
121 4513898307157584030599948302933423402823675738004816082593606552109122276306152343750
122 22569491535787920152999741514667117014118378690024080412968032760545611381530761718750
123 112847457678939600764998707573335585070591893450120402064840163802728056907653808593750
124 564237288394698003824993537866677925352959467250602010324200819013640284538269042968750
125 2821186441973490019124967689333389626764797336253010051621004095068201422691345214843750
126 14105932209867450095624838446666948133823986681265050258105020475341007113456726074218750
127 70529661049337250478124192233334740669119933406325251290525102376705035567283630371093750
128 352648305246686252390620961166673703345599667031626256452625511883525177836418151855468750
129 1763241526233431261953104805833368516727998335158131282263127559417625889182090759277343750
130 8816207631167156309765524029166842583639991675790656411315637797088129445910453796386718750
131 44081038155835781548827620145834212918199958378953282056578188985440647229552268981933593750
132 220405190779178907744138100729171064590999791894766410282890944927203236147761344909667968750
133 1102025953895894538720690503645855322954998959473832051414454724636016180738806724548339843750
134 5510129769479472693603452518229276614774994797369160257072273623180080903694033622741699218750
135 27550648847397363468017262591146383073874973986845801285361368115900404518470168113708496093750
136 137753244236986817340086312955731915369374869934229006426806840579502022592350840568542480468750
137 688766221184934086700431564778659576846874349671145032134034202897510112961754202842712402343750
138 3443831105924670433502157823893297884234371748355725160670171014487550564808771014213562011718750
139 17219155529623352167510789119466489421171858741778625803350855072437752824043855071067810058593750
140 86095777648116760837553945597332447105859293708893129016754275362188764120219275355339050292968750
141 430478888240583804187769727986662235529296468544465645083771376810943820601096376776695251464843750
142 2152394441202919020938848639933311177646482342722328225418856884054719103005481883883476257324218750
143 10761972206014595104694243199666555888232411713611641127094284420273595515027409419417381286621093750
144 53809861030072975523471215998332779441162058568058205635471422101367977575137047097086906433105468750
145 269049305150364877617356079991663897205810292840291028177357110506839887875685235485434532165527343750
146 1345246525751824388086780399958319486029051464201455140886785552534199439378426177427172660827636718750
147 6726232628759121940433901999791597430145257321007275704433927762670997196892130887135863304138183593750
148 33631163143795609702169509998957987150726286605036378522169638813354985984460654435679316520690917968750
149 168155815718978048510847549994789935753631433025181892610848194066774929922303272178396582603454589843750
150 840779078594890242554237749973949678768157165125909463054240970333874649611516360891982913017272949218750
151 4203895392974451212771188749869748393840785825629547315271204851669373248057581804459914565086364746093750
152 21019476964872256063855943749348741969203929128147736576356024258346866240287909022299572825431823730468750
153 105097384824361280319279718746743709846019645640738682881780121291734331201439545111497864127159118652343750
154 525486924121806401596398593733718549230098228203693414408900606458671656007197725557489320635795593261718750
155 2627434620609032007981992968668592746150491141018467072044503032293358280035988627787446603178977966308593750
156 13137173103045160039909964843342963730752455705092335360222515161466791400179943138937233015894889831542968750
157 65685865515225800199549824216714818653762278525461676801112575807333957000899715694686165079474449157714843750
158 328429327576129000997749121083574093268811392627308384005562879036669785004498578473430825397372245788574218750
159 1642146637880645004988745605417870466344056963136541920027814395183348925022492892367154126986861228942871093750
160 8210733189403225024943728027089352331720284815682709600139071975916744625112464461835770634934306144714355468750
161 41053665947016125124718640135446761658601424078413548000695359879583723125562322309178853174671530723571777343750
162 205268329735080625623593200677233808293007120392067740003476799397918615627811611545894265873357653617858886718750
163 1026341648675403128117966003386169041465035601960338700017383996989593078139058057729471329366788268089294433593750
164 5131708243377015640589830016930845207325178009801693500086919984947965390695290288647356646833941340446472167968750
165 25658541216885078202949150084654226036625890049008467500434599924739826953476451443236783234169706702232360839843750
166 128292706084425391014745750423271130183129450245042337502172999623699134767382257216183916170848533511161804199218750
167 641463530422126955073728752116355650915647251225211687510864998118495673836911286080919580854242667555809020996093750
168 3207317652110634775368643760581778254578236256126058437554324990592478369184556430404597904271213337779045104980468750
169 16036588260553173876843218802908891272891181280630292187771624952962391845922782152022989521356066688895225524902343750
170 80182941302765869384216094014544456364455906403151460938858124764811959229613910760114947606780333444476127624511718750
171 400914706513829346921080470072722281822279532015757304694290623824059796148069553800574738033901667222380638122558593750
172 2004573532569146734605402350363611409111397660078786523471453119120298980740347769002873690169508336111903190612792968750
173 10022867662845733673027011751818057045556988300393932617357265595601494903701738845014368450847541680559515953063964843750
174 50114338314228668365135058759090285227784941501969663086786327978007474518508694225071842254237708402797579765319824218750
175 250571691571143341825675293795451426138924707509848315433931639890037372592543471125359211271188542013987898826599121093750
176 1252858457855716709128376468977257130694623537549241577169658199450186862962717355626796056355942710069939494132995605468750
177 6264292289278583545641882344886285653473117687746207885848290997250934314813586778133980281779713550349697470664978027343750
178 31321461446392917728209411724431428267365588438731039429241454986254671574067933890669901408898567751748487353324890136718750
179 156607307231964588641047058622157141336827942193655197146207274931273357870339669453349507044492838758742436766624450683593750
180 783036536159822943205235293110785706684139710968275985731036374656366789351698347266747535222464193793712183833122253417968750
181 3915182680799114716026176465553928533420698554841379928655181873281833946758491736333737676112320968968560919165611267089843750
182 19575913403995573580130882327769642667103492774206899643275909366409169733792458681668688380561604844842804595828056335449218750
183 97879567019977867900654411638848213335517463871034498216379546832045848668962293408343441902808024224214022979140281677246093750
184 489397835099889339503272058194241066677587319355172491081897734160229243344811467041717209514040121121070114895701408386230468750
185 2446989175499446697516360290971205333387936596775862455409488670801146216724057335208586047570200605605350574478507041931152343750
186 12234945877497233487581801454856026666939682983879312277047443354005731083620286676042930237851003028026752872392535209655761718750
187 61174729387486167437909007274280133334698414919396561385237216770028655418101433380214651189255015140133764361962676048278808593750
188 305873646937430837189545036371400666673492074596982806926186083850143277090507166901073255946275075700668821809813380241394042968750
189 1529368234687154185947725181857003333367460372984914034630930419250716385452535834505366279731375378503344109049066901206970214843750
190 7646841173435770929738625909285016666837301864924570173154652096253581927262679172526831398656876892516720545245334506034851074218750
191 38234205867178854648693129546425083334186509324622850865773260481267909636313395862634156993284384462583602726226672530174255371093750
192 191171029335894273243465647732125416670932546623114254328866302406339548181566979313170784966421922312918013631133362650871276855468750
193 955855146679471366217328238660627083354662733115571271644331512031697740907834896565853924832109611564590068155666813254356384277343750
194 4779275733397356831086641193303135416773313665577856358221657560158488704539174482829269624160548057822950340778334066271781921386718750
195 23896378666986784155433205966515677083866568327889281791108287800792443522695872414146348120802740289114751703891670331358909606933593750
196 119481893334933920777166029832578385419332841639446408955541439003962217613479362070731740604013701445573758519458351656794548034667968750
197 597409466674669603885830149162891927096664208197232044777707195019811088067396810353658703020068507227868792597291758283972740173339843750
198 2987047333373348019429150745814459635483321040986160223888535975099055440336984051768293515100342536139343962986458791419863700866699218750
199 14935236666866740097145753729072298177416605204930801119442679875495277201684920258841467575501712680696719814932293957099318504333496093750
200 74676183334333700485728768645361490887083026024654005597213399377476386008424601294207337877508563403483599074661469785496592521667480468750
201 373380916671668502428643843226807454435415130123270027986066996887381930042123006471036689387542817017417995373307348927482962608337402343750
202 1866904583358342512143219216134037272177075650616350139930334984436909650210615032355183446937714085087089976866536744637414813041687011718750
203 9334522916791712560716096080670186360885378253081750699651674922184548251053075161775917234688570425435449884332683723187074065208435058593750
204 46672614583958562803580480403350931804426891265408753498258374610922741255265375808879586173442852127177249421663418615935370326042175292968750
205 233363072919792814017902402016754659022134456327043767491291873054613706276326879044397930867214260635886247108317093079676851630210876464843750
206 1166815364598964070089512010083773295110672281635218837456459365273068531381634395221989654336071303179431235541585465398384258151054382324218750
207 5834076822994820350447560050418866475553361408176094187282296826365342656908171976109948271680356515897156177707927326991921290755271911621093750
208 29170384114974101752237800252094332377766807040880470936411484131826713284540859880549741358401782579485780888539636634959606453776359558105468750
209 145851920574870508761189001260471661888834035204402354682057420659133566422704299402748706792008912897428904442698183174798032268881797790527343750
210 729259602874352543805945006302358309444170176022011773410287103295667832113521497013743533960044564487144522213490915873990161344408988952636718750
211 3646298014371762719029725031511791547220850880110058867051435516478339160567607485068717669800222822435722611067454579369950806722044944763183593750
212 18231490071858813595148625157558957736104254400550294335257177582391695802838037425343588349001114112178613055337272896849754033610224723815917968750
213 91157450359294067975743125787794788680521272002751471676285887911958479014190187126717941745005570560893065276686364484248770168051123619079589843750
214 455787251796470339878715628938973943402606360013757358381429439559792395070950935633589708725027852804465326383431822421243850840255618095397949218750
215 2278936258982351699393578144694869717013031800068786791907147197798961975354754678167948543625139264022326631917159112106219254201278090476989746093750
216 11394681294911758496967890723474348585065159000343933959535735988994809876773773390839742718125696320111633159585795560531096271006390452384948730468750
217 56973406474558792484839453617371742925325795001719669797678679944974049383868866954198713590628481600558165797928977802655481355031952261924743652343750
218 284867032372793962424197268086858714626628975008598348988393399724870246919344334770993567953142408002790828989644889013277406775159761309623718261718750
219 1424335161863969812120986340434293573133144875042991744941966998624351234596721673854967839765712040013954144948224445066387033875798806548118591308593750
220 7121675809319849060604931702171467865665724375214958724709834993121756172983608369274839198828560200069770724741122225331935169378994032740592956542968750
221 35608379046599245303024658510857339328328621876074793623549174965608780864918041846374195994142801000348853623705611126659675846894970163702964782714843750
222 178041895232996226515123292554286696641643109380373968117745874828043904324590209231870979970714005001744268118528055633298379234474850818514823913574218750
223 890209476164981132575616462771433483208215546901869840588729374140219521622951046159354899853570025008721340592640278166491896172374254092574119567871093750
224 4451047380824905662878082313857167416041077734509349202943646870701097608114755230796774499267850125043606702963201390832459480861871270462870597839355468750
225 22255236904124528314390411569285837080205388672546746014718234353505488040573776153983872496339250625218033514816006954162297404309356352314352989196777343750
226 111276184520622641571952057846429185401026943362733730073591171767527440202868880769919362481696253126090167574080034770811487021546781761571764945983886718750
227 556380922603113207859760289232145927005134716813668650367955858837637201014344403849596812408481265630450837870400173854057435107733908807858824729919433593750
228 2781904613015566039298801446160729635025673584068343251839779294188186005071722019247984062042406328152254189352000869270287175538669544039294123649597167968750
229 13909523065077830196494007230803648175128367920341716259198896470940930025358610096239920310212031640761270946760004346351435877693347720196470618247985839843750
230 69547615325389150982470036154018240875641839601708581295994482354704650126793050481199601551060158203806354733800021731757179388466738600982353091239929199218750
231 347738076626945754912350180770091204378209198008542906479972411773523250633965252405998007755300791019031773669000108658785896942333693004911765456199645996093750
232 1738690383134728774561750903850456021891045990042714532399862058867616253169826262029990038776503955095158868345000543293929484711668465024558827280998229980468750
233 8693451915673643872808754519252280109455229950213572661999310294338081265849131310149950193882519775475794341725002716469647423558342325122794136404991149902343750
234 43467259578368219364043772596261400547276149751067863309996551471690406329245656550749750969412598877378971708625013582348237117791711625613970682024955749511718750
235 217336297891841096820218862981307002736380748755339316549982757358452031646228282753748754847062994386894858543125067911741185588958558128069853410124778747558593750
236 1086681489459205484101094314906535013681903743776696582749913786792260158231141413768743774235314971934474292715625339558705927944792790640349267050623893737792968750
237 5433407447296027420505471574532675068409518718883482913749568933961300791155707068843718871176574859672371463578126697793529639723963953201746335253119468688964843750
238 27167037236480137102527357872663375342047593594417414568747844669806503955778535344218594355882874298361857317890633488967648198619819766008731676265597343444824218750
239 135835186182400685512636789363316876710237967972087072843739223349032519778892676721092971779414371491809286589453167444838240993099098830043658381327986717224121093750
240 679175930912003427563183946816584383551189839860435364218696116745162598894463383605464858897071857459046432947265837224191204965495494150218291906639933586120605468750
241 3395879654560017137815919734082921917755949199302176821093480583725812994472316918027324294485359287295232164736329186120956024827477470751091459533199667930603027343750
242 16979398272800085689079598670414609588779745996510884105467402918629064972361584590136621472426796436476160823681645930604780124137387353755457297665998339653015136718750
243 84896991364000428445397993352073047943898729982554420527337014593145324861807922950683107362133982182380804118408229653023900620686936768777286488329991698265075683593750
244 424484956820002142226989966760365239719493649912772102636685072965726624309039614753415536810669910911904020592041148265119503103434683843886432441649958491325378417968750
245 2122424784100010711134949833801826198597468249563860513183425364828633121545198073767077684053349554559520102960205741325597515517173419219432162208249792456626892089843750
246 10612123920500053555674749169009130992987341247819302565917126824143165607725990368835388420266747772797600514801028706627987577585867096097160811041248962283134460449218750
247 53060619602500267778373745845045654964936706239096512829585634120715828038629951844176942101333738863988002574005143533139937887929335480485804055206244811415672302246093750
248 265303098012501338891868729225228274824683531195482564147928170603579140193149759220884710506668694319940012870025717665699689439646677402429020276031224057078361511230468750
249 1326515490062506694459343646126141374123417655977412820739640853017895700965748796104423552533343471599700064350128588328498447198233387012145101380156120285391807556152343750
250 6632577450312533472296718230630706870617088279887064103698204265089478504828743980522117762666717357998500321750642941642492235991166935060725506900780601426959037780761718750
251 33162887251562667361483591153153534353085441399435320518491021325447392524143719902610588813333586789992501608753214708212461179955834675303627534503903007134795188903808593750
252 165814436257813336807417955765767671765427206997176602592455106627236962620718599513052944066667933949962508043766073541062305899779173376518137672519515035673975944519042968750
253 829072181289066684037089778828838358827136034985883012962275533136184813103592997565264720333339669749812540218830367705311529498895866882590688362597575178369879722595214843750
254 4145360906445333420185448894144191794135680174929415064811377665680924065517964987826323601666698348749062701094151838526557647494479334412953441812987875891849398612976074218750
255 20726804532226667100927244470720958970678400874647075324056888328404620327589824939131618008333491743745313505470759192632788237472396672064767209064939379459246993064880371093750
256 103634022661133335504636222353604794853392004373235376620284441642023101637949124695658090041667458718726567527353795963163941187361983360323836045324696897296234965324401855468750
257 518170113305666677523181111768023974266960021866176883101422208210115508189745623478290450208337293593632837636768979815819705936809916801619180226623484486481174826622009277343750
258 2590850566528333387615905558840119871334800109330884415507111041050577540948728117391452251041686467968164188183844899079098529684049584008095901133117422432405874133110046386718750
259 12954252832641666938079527794200599356674000546654422077535555205252887704743640586957261255208432339840820940919224495395492648420247920040479505665587112162029370665550231933593750
260 64771264163208334690397638971002996783370002733272110387677776026264438523718202934786306276042161699204104704596122476977463242101239600202397528327935560810146853327751159667968750
261 323856320816041673451988194855014983916850013666360551938388880131322192618591014673931531380210808496020523522980612384887316210506198001011987641639677804050734266638755798339843750
262 1619281604080208367259940974275074919584250068331802759691944400656610963092955073369657656901054042480102617614903061924436581052530990005059938208198389020253671333193778991699218750
263 8096408020401041836299704871375374597921250341659013798459722003283054815464775366848288284505270212400513088074515309622182905262654950025299691040991945101268356665968894958496093750
264 40482040102005209181498524356876872989606251708295068992298610016415274077323876834241441422526351062002565440372576548110914526313274750126498455204959725506341783329844474792480468750
265 202410200510026045907492621784384364948031258541475344961493050082076370386619384171207207112631755310012827201862882740554572631566373750632492276024798627531708916649222373962402343750
266 1012051002550130229537463108921921824740156292707376724807465250410381851933096920856036035563158776550064136009314413702772863157831868753162461380123993137658544583246111869812011718750
267 5060255012750651147687315544609609123700781463536883624037326252051909259665484604280180177815793882750320680046572068513864315789159343765812306900619965688292722916230559349060058593750
268 25301275063753255738436577723048045618503907317684418120186631260259546298327423021400900889078969413751603400232860342569321578945796718829061534503099828441463614581152796745300292968750
269 126506375318766278692182888615240228092519536588422090600933156301297731491637115107004504445394847068758017001164301712846607894728983594145307672515499142207318072905763983726501464843750
270 632531876593831393460914443076201140462597682942110453004665781506488657458185575535022522226974235343790085005821508564233039473644917970726538362577495711036590364528819918632507324218750
271 3162659382969156967304572215381005702312988414710552265023328907532443287290927877675112611134871176718950425029107542821165197368224589853632691812887478555182951822644099593162536621093750
272 15813296914845784836522861076905028511564942073552761325116644537662216436454639388375563055674355883594752125145537714105825986841122949268163459064437392775914759113220497965812683105468750
273 79066484574228924182614305384525142557824710367763806625583222688311082182273196941877815278371779417973760625727688570529129934205614746340817295322186963879573795566102489829063415527343750
274 395332422871144620913071526922625712789123551838819033127916113441555410911365984709389076391858897089868803128638442852645649671028073731704086476610934819397868977830512449145317077636718750
275 1976662114355723104565357634613128563945617759194095165639580567207777054556829923546945381959294485449344015643192214263228248355140368658520432383054674096989344889152562245726585388183593750
276 9883310571778615522826788173065642819728088795970475828197902836038885272784149617734726909796472427246720078215961071316141241775701843292602161915273370484946724445762811228632926940917968750
277 49416552858893077614133940865328214098640443979852379140989514180194426363920748088673634548982362136233600391079805356580706208878509216463010809576366852424733622228814056143164634704589843750
278 247082764294465388070669704326641070493202219899261895704947570900972131819603740443368172744911810681168001955399026782903531044392546082315054047881834262123668111144070280715823173522949218750
279 1235413821472326940353348521633205352466011099496309478524737854504860659098018702216840863724559053405840009776995133914517655221962730411575270239409171310618340555720351403579115867614746093750
280 6177069107361634701766742608166026762330055497481547392623689272524303295490093511084204318622795267029200048884975669572588276109813652057876351197045856553091702778601757017895579338073730468750
281 30885345536808173508833713040830133811650277487407736963118446362621516477450467555421021593113976335146000244424878347862941380549068260289381755985229282765458513893008785089477896690368652343750
282 154426727684040867544168565204150669058251387437038684815592231813107582387252337777105107965569881675730001222124391739314706902745341301446908779926146413827292569465043925447389483451843261718750
283 772133638420204337720842826020753345291256937185193424077961159065537911936261688885525539827849408378650006110621958696573534513726706507234543899630732069136462847325219627236947417259216308593750
284 3860668192101021688604214130103766726456284685925967120389805795327689559681308444427627699139247041893250030553109793482867672568633532536172719498153660345682314236626098136184737086296081542968750
285 19303340960505108443021070650518833632281423429629835601949028976638447798406542222138138495696235209466250152765548967414338362843167662680863597490768301728411571183130490680923685431480407714843750
286 96516704802525542215105353252594168161407117148149178009745144883192238992032711110690692478481176047331250763827744837071691814215838313404317987453841508642057855915652453404618427157402038574218750
287 482583524012627711075526766262970840807035585740745890048725724415961194960163555553453462392405880236656253819138724185358459071079191567021589937269207543210289279578262267023092135787010192871093750
288 2412917620063138555377633831314854204035177928703729450243628622079805974800817777767267311962029401183281269095693620926792295355395957835107949686346037716051446397891311335115460678935050964355468750
289 12064588100315692776888169156574271020175889643518647251218143110399029874004088888836336559810147005916406345478468104633961476776979789175539748431730188580257231989456556675577303394675254821777343750
290 60322940501578463884440845782871355100879448217593236256090715551995149370020444444181682799050735029582031727392340523169807383884898945877698742158650942901286159947282783377886516973376274108886718750
291 301614702507892319422204228914356775504397241087966181280453577759975746850102222220908413995253675147910158636961702615849036919424494729388493710793254714506430799736413916889432584866881370544433593750
292 1508073512539461597111021144571783877521986205439830906402267888799878734250511111104542069976268375739550793184808513079245184597122473646942468553966273572532153998682069584447162924334406852722167968750
293 7540367562697307985555105722858919387609931027199154532011339443999393671252555555522710349881341878697753965924042565396225922985612368234712342769831367862660769993410347922235814621672034263610839843750
294 37701837813486539927775528614294596938049655135995772660056697219996968356262777777613551749406709393488769829620212826981129614928061841173561713849156839313303849967051739611179073108360171318054199218750
295 188509189067432699638877643071472984690248275679978863300283486099984841781313888888067758747033546967443849148101064134905648074640309205867808569245784196566519249835258698055895365541800856590270996093750
296 942545945337163498194388215357364923451241378399894316501417430499924208906569444440338793735167734837219245740505320674528240373201546029339042846228920982832596249176293490279476827709004282951354980468750
297 4712729726685817490971941076786824617256206891999471582507087152499621044532847222201693968675838674186096228702526603372641201866007730146695214231144604914162981245881467451397384138545021414756774902343750
298 23563648633429087454859705383934123086281034459997357912535435762498105222664236111008469843379193370930481143512633016863206009330038650733476071155723024570814906229407337256986920692725107073783874511718750
299 117818243167145437274298526919670615431405172299986789562677178812490526113321180555042349216895966854652405717563165084316030046650193253667380355778615122854074531147036686284934603463625535368919372558593750
300 589091215835727186371492634598353077157025861499933947813385894062452630566605902775211746084479834273262028587815825421580150233250966268336901778893075614270372655735183431424673017318127676844596862792968750
301 2945456079178635931857463172991765385785129307499669739066929470312263152833029513876058730422399171366310142939079127107900751166254831341684508894465378071351863278675917157123365086590638384222984313964843750
302 14727280395893179659287315864958826928925646537498348695334647351561315764165147569380293652111995856831550714695395635539503755831274156708422544472326890356759316393379585785616825432953191921114921569824218750
303 73636401979465898296436579324794134644628232687491743476673236757806578820825737846901468260559979284157753573476978177697518779156370783542112722361634451783796581966897928928084127164765959605574607849121093750
304 368182009897329491482182896623970673223141163437458717383366183789032894104128689234507341302799896420788767867384890888487593895781853917710563611808172258918982909834489644640420635823829798027873039245605468750
305 1840910049486647457410914483119853366115705817187293586916830918945164470520643446172536706513999482103943839336924454442437969478909269588552818059040861294594914549172448223202103179119148990139365196228027343750
306 9204550247433237287054572415599266830578529085936467934584154594725822352603217230862683532569997410519719196684622272212189847394546347942764090295204306472974572745862241116010515895595744950696825981140136718750
307 46022751237166186435272862077996334152892645429682339672920772973629111763016086154313417662849987052598595983423111361060949236972731739713820451476021532364872863729311205580052579477978724753484129905700683593750
308 230113756185830932176364310389981670764463227148411698364603864868145558815080430771567088314249935262992979917115556805304746184863658698569102257380107661824364318646556027900262897389893623767420649528503417968750
309 1150568780929154660881821551949908353822316135742058491823019324340727794075402153857835441571249676314964899585577784026523730924318293492845511286900538309121821593232780139501314486949468118837103247642517089843750
310 5752843904645773304409107759749541769111580678710292459115096621703638970377010769289177207856248381574824497927888920132618654621591467464227556434502691545609107966163900697506572434747340594185516238212585449218750
311 28764219523228866522045538798747708845557903393551462295575483108518194851885053846445886039281241907874122489639444600663093273107957337321137782172513457728045539830819503487532862173736702970927581191062927246093750
312 143821097616144332610227693993738544227789516967757311477877415542590974259425269232229430196406209539370612448197223003315466365539786686605688910862567288640227699154097517437664310868683514854637905955314636230468750
313 719105488080721663051138469968692721138947584838786557389387077712954871297126346161147150982031047696853062240986115016577331827698933433028444554312836443201138495770487587188321554343417574273189529776573181152343750
314 3595527440403608315255692349843463605694737924193932786946935388564774356485631730805735754910155238484265311204930575082886659138494667165142222771564182216005692478852437935941607771717087871365947648882865905761718750
315 17977637202018041576278461749217318028473689620969663934734676942823871782428158654028678774550776192421326556024652875414433295692473335825711113857820911080028462394262189679708038858585439356829738244414329528808593750
316 89888186010090207881392308746086590142368448104848319673673384714119358912140793270143393872753880962106632780123264377072166478462366679128555569289104555400142311971310948398540194292927196784148691222071647644042968750
317 449440930050451039406961543730432950711842240524241598368366923570596794560703966350716969363769404810533163900616321885360832392311833395642777846445522777000711559856554741992700971464635983920743456110358238220214843750
318 2247204650252255197034807718652164753559211202621207991841834617852983972803519831753584846818847024052665819503081609426804161961559166978213889232227613885003557799282773709963504857323179919603717280551791191101074218750
319 11236023251261275985174038593260823767796056013106039959209173089264919864017599158767924234094235120263329097515408047134020809807795834891069446161138069425017788996413868549817524286615899598018586402758955955505371093750
320 56180116256306379925870192966304118838980280065530199796045865446324599320087995793839621170471175601316645487577040235670104049038979174455347230805690347125088944982069342749087621433079497990092932013794779777526855468750
321 280900581281531899629350964831520594194901400327650998980229327231622996600439978969198105852355878006583227437885201178350520245194895872276736154028451735625444724910346713745438107165397489950464660068973898887634277343750
322 1404502906407659498146754824157602970974507001638254994901146636158114983002199894845990529261779390032916137189426005891752601225974479361383680770142258678127223624551733568727190535826987449752323300344869494438171386718750
323 7022514532038297490733774120788014854872535008191274974505733180790574915010999474229952646308896950164580685947130029458763006129872396806918403850711293390636118122758667843635952679134937248761616501724347472190856933593750
324 35112572660191487453668870603940074274362675040956374872528665903952874575054997371149763231544484750822903429735650147293815030649361984034592019253556466953180590613793339218179763395674686243808082508621737360954284667968750
325 175562863300957437268344353019700371371813375204781874362643329519764372875274986855748816157722423754114517148678250736469075153246809920172960096267782334765902953068966696090898816978373431219040412543108686804771423339843750
326 877814316504787186341721765098501856859066876023909371813216647598821864376374934278744080788612118770572585743391253682345375766234049600864800481338911673829514765344833480454494084891867156095202062715543434023857116699218750
327 4389071582523935931708608825492509284295334380119546859066083237994109321881874671393720403943060593852862928716956268411726878831170248004324002406694558369147573826724167402272470424459335780476010313577717170119285583496093750
328 21945357912619679658543044127462546421476671900597734295330416189970546609409373356968602019715302969264314643584781342058634394155851240021620012033472791845737869133620837011362352122296678902380051567888585850596427917480468750
329 109726789563098398292715220637312732107383359502988671476652080949852733047046866784843010098576514846321573217923906710293171970779256200108100060167363959228689345668104185056811760611483394511900257839442929252982139587402343750
330 548633947815491991463576103186563660536916797514943357383260404749263665235234333924215050492882574231607866089619533551465859853896281000540500300836819796143446728340520925284058803057416972559501289197214646264910697937011718750
331 2743169739077459957317880515932818302684583987574716786916302023746318326176171669621075252464412871158039330448097667757329299269481405002702501504184098980717233641702604626420294015287084862797506445986073231324553489685058593750
332 13715848695387299786589402579664091513422919937873583934581510118731591630880858348105376262322064355790196652240488338786646496347407025013512507520920494903586168208513023132101470076435424313987532229930366156622767448425292968750
333 68579243476936498932947012898320457567114599689367919672907550593657958154404291740526881311610321778950983261202441693933232481737035125067562537604602474517930841042565115660507350382177121569937661149651830783113837242126464843750
334 342896217384682494664735064491602287835572998446839598364537752968289790772021458702634406558051608894754916306012208469666162408685175625337812688023012372589654205212825578302536751910885607849688305748259153915569186210632324218750
335 1714481086923412473323675322458011439177864992234197991822688764841448953860107293513172032790258044473774581530061042348330812043425878126689063440115061862948271026064127891512683759554428039248441528741295769577845931053161621093750
336 8572405434617062366618376612290057195889324961170989959113443824207244769300536467565860163951290222368872907650305211741654060217129390633445317200575309314741355130320639457563418797772140196242207643706478847889229655265808105468750
337 42862027173085311833091883061450285979446624805854949795567219121036223846502682337829300819756451111844364538251526058708270301085646953167226586002876546573706775651603197287817093988860700981211038218532394239446148276329040527343750
338 214310135865426559165459415307251429897233124029274748977836095605181119232513411689146504098782255559221822691257630293541351505428234765836132930014382732868533878258015986439085469944303504906055191092661971197230741381645202636718750
339 1071550679327132795827297076536257149486165620146373744889180478025905596162567058445732520493911277796109113456288151467706757527141173829180664650071913664342669391290079932195427349721517524530275955463309855986153706908226013183593750
340 5357753396635663979136485382681285747430828100731868724445902390129527980812835292228662602469556388980545567281440757338533787635705869145903323250359568321713346956450399660977136748607587622651379777316549279930768534541130065917968750
341 26788766983178319895682426913406428737154140503659343622229511950647639904064176461143313012347781944902727836407203786692668938178529345729516616251797841608566734782251998304885683743037938113256898886582746399653842672705650329589843750
342 133943834915891599478412134567032143685770702518296718111147559753238199520320882305716565061738909724513639182036018933463344690892646728647583081258989208042833673911259991524428418715189690566284494432913731998269213363528251647949218750
343 669719174579457997392060672835160718428853512591483590555737798766190997601604411528582825308694548622568195910180094667316723454463233643237915406294946040214168369556299957622142093575948452831422472164568659991346066817641258239746093750
344 3348595872897289986960303364175803592144267562957417952778688993830954988008022057642914126543472743112840979550900473336583617272316168216189577031474730201070841847781499788110710467879742264157112360822843299956730334088206291198730468750
345 16742979364486449934801516820879017960721337814787089763893444969154774940040110288214570632717363715564204897754502366682918086361580841080947885157373651005354209238907498940553552339398711320785561804114216499783651670441031455993652343750
346 83714896822432249674007584104395089803606689073935448819467224845773874700200551441072853163586818577821024488772511833414590431807904205404739425786868255026771046194537494702767761696993556603927809020571082498918258352205157279968261718750
347 418574484112161248370037920521975449018033445369677244097336124228869373501002757205364265817934092889105122443862559167072952159039521027023697128934341275133855230972687473513838808484967783019639045102855412494591291761025786399841308593750
348 2092872420560806241850189602609877245090167226848386220486680621144346867505013786026821329089670464445525612219312795835364760795197605135118485644671706375669276154863437367569194042424838915098195225514277062472956458805128931999206542968750
349 10464362102804031209250948013049386225450836134241931102433403105721734337525068930134106645448352322227628061096563979176823803975988025675592428223358531878346380774317186837845970212124194575490976127571385312364782294025644659996032714843750
350 52321810514020156046254740065246931127254180671209655512167015528608671687625344650670533227241761611138140305482819895884119019879940128377962141116792659391731903871585934189229851060620972877454880637856926561823911470128223299980163574218750
351 261609052570100780231273700326234655636270903356048277560835077643043358438126723253352666136208808055690701527414099479420595099399700641889810705583963296958659519357929670946149255303104864387274403189284632809119557350641116499900817871093750
352 1308045262850503901156368501631173278181354516780241387804175388215216792190633616266763330681044040278453507637070497397102975496998503209449053527919816484793297596789648354730746276515524321936372015946423164045597786753205582499504089355468750
353 6540226314252519505781842508155866390906772583901206939020876941076083960953168081333816653405220201392267538185352486985514877484992516047245267639599082423966487983948241773653731382577621609681860079732115820227988933766027912497520446777343750
354 32701131571262597528909212540779331954533862919506034695104384705380419804765840406669083267026101006961337690926762434927574387424962580236226338197995412119832439919741208868268656912888108048409300398660579101139944668830139562487602233886718750
355 163505657856312987644546062703896659772669314597530173475521923526902099023829202033345416335130505034806688454633812174637871937124812901181131690989977060599162199598706044341343284564440540242046501993302895505699723344150697812438011169433593750
356 817528289281564938222730313519483298863346572987650867377609617634510495119146010166727081675652525174033442273169060873189359685624064505905658454949885302995810997993530221706716422822202701210232509966514477528498616720753489062190055847167968750
357 4087641446407824691113651567597416494316732864938254336888048088172552475595730050833635408378262625870167211365845304365946798428120322529528292274749426514979054989967651108533582114111013506051162549832572387642493083603767445310950279235839843750
358 20438207232039123455568257837987082471583664324691271684440240440862762377978650254168177041891313129350836056829226521829733992140601612647641461373747132574895274949838255542667910570555067530255812749162861938212465418018837226554751396179199218750
359 102191036160195617277841289189935412357918321623456358422201202204313811889893251270840885209456565646754180284146132609148669960703008063238207306868735662874476374749191277713339552852775337651279063745814309691062327090094186132773756980895996093750
360 510955180800978086389206445949677061789591608117281792111006011021569059449466256354204426047282828233770901420730663045743349803515040316191036534343678314372381873745956388566697764263876688256395318729071548455311635450470930663868784904479980468750
361 2554775904004890431946032229748385308947958040586408960555030055107845297247331281771022130236414141168854507103653315228716749017575201580955182671718391571861909368729781942833488821319383441281976593645357742276558177252354653319343924522399902343750
362 12773879520024452159730161148741926544739790202932044802775150275539226486236656408855110651182070705844272535518266576143583745087876007904775913358591957859309546843648909714167444106596917206409882968226788711382790886261773266596719622611999511718750
363 63869397600122260798650805743709632723698951014660224013875751377696132431183282044275553255910353529221362677591332880717918725439380039523879566792959789296547734218244548570837220532984586032049414841133943556913954431308866332983598113059997558593750
364 319346988000611303993254028718548163618494755073301120069378756888480662155916410221377766279551767646106813387956664403589593627196900197619397833964798946482738671091222742854186102664922930160247074205669717784569772156544331664917990565299987792968750
365 1596734940003056519966270143592740818092473775366505600346893784442403310779582051106888831397758838230534066939783322017947968135984500988096989169823994732413693355456113714270930513324614650801235371028348588922848860782721658324589952826499938964843750
366 7983674700015282599831350717963704090462368876832528001734468922212016553897910255534444156988794191152670334698916610089739840679922504940484945849119973662068466777280568571354652566623073254006176855141742944614244303913608291622949764132499694824218750
367 39918373500076412999156753589818520452311844384162640008672344611060082769489551277672220784943970955763351673494583050448699203399612524702424729245599868310342333886402842856773262833115366270030884275708714723071221519568041458114748820662498474121093750
368 199591867500382064995783767949092602261559221920813200043361723055300413847447756388361103924719854778816758367472915252243496016998062623512123646227999341551711669432014214283866314165576831350154421378543573615356107597840207290573744103312492370605468750
369 997959337501910324978918839745463011307796109604066000216808615276502069237238781941805519623599273894083791837364576261217480084990313117560618231139996707758558347160071071419331570827884156750772106892717868076780537989201036452868720516562461853027343750
370 4989796687509551624894594198727315056538980548020330001084043076382510346186193909709027598117996369470418959186822881306087400424951565587803091155699983538792791735800355357096657854139420783753860534463589340383902689946005182264343602582812309265136718750
371 24948983437547758124472970993636575282694902740101650005420215381912551730930969548545137990589981847352094795934114406530437002124757827939015455778499917693963958679001776785483289270697103918769302672317946701919513449730025911321718012914061546325683593750
372 124744917187738790622364854968182876413474513700508250027101076909562758654654847742725689952949909236760473979670572032652185010623789139695077278892499588469819793395008883927416446353485519593846513361589733509597567248650129556608590064570307731628417968750
373 623724585938693953111824274840914382067372568502541250135505384547813793273274238713628449764749546183802369898352860163260925053118945698475386394462497942349098966975044419637082231767427597969232566807948667547987836243250647783042950322851538658142089843750
374 3118622929693469765559121374204571910336862842512706250677526922739068966366371193568142248823747730919011849491764300816304625265594728492376931972312489711745494834875222098185411158837137989846162834039743337739939181216253238915214751614257693290710449218750
375 15593114648467348827795606871022859551684314212563531253387634613695344831831855967840711244118738654595059247458821504081523126327973642461884659861562448558727474174376110490927055794185689949230814170198716688699695906081266194576073758071288466453552246093750
376 77965573242336744138978034355114297758421571062817656266938173068476724159159279839203556220593693272975296237294107520407615631639868212309423299307812242793637370871880552454635278970928449746154070850993583443498479530406330972880368790356442332267761230468750
377 389827866211683720694890171775571488792107855314088281334690865342383620795796399196017781102968466364876481186470537602038078158199341061547116496539061213968186854359402762273176394854642248730770354254967917217492397652031654864401843951782211661338806152343750
378 1949139331058418603474450858877857443960539276570441406673454326711918103978981995980088905514842331824382405932352688010190390790996705307735582482695306069840934271797013811365881974273211243653851771274839586087461988260158274322009219758911058306694030761718750
379 9745696655292093017372254294389287219802696382852207033367271633559590519894909979900444527574211659121912029661763440050951953954983526538677912413476530349204671358985069056829409871366056218269258856374197930437309941300791371610046098794555291533470153808593750
380 48728483276460465086861271471946436099013481914261035166836358167797952599474549899502222637871058295609560148308817200254759769774917632693389562067382651746023356794925345284147049356830281091346294281870989652186549706503956858050230493972776457667350769042968750
381 243642416382302325434306357359732180495067409571305175834181790838989762997372749497511113189355291478047800741544086001273798848874588163466947810336913258730116783974626726420735246784151405456731471409354948260932748532519784290251152469863882288336753845214843750
382 1218212081911511627171531786798660902475337047856525879170908954194948814986863747487555565946776457390239003707720430006368994244372940817334739051684566293650583919873133632103676233920757027283657357046774741304663742662598921451255762349319411441683769226074218750
383 6091060409557558135857658933993304512376685239282629395854544770974744074934318737437777829733882286951195018538602150031844971221864704086673695258422831468252919599365668160518381169603785136418286785233873706523318713312994607256278811746597057208418846130371093750
384 30455302047787790679288294669966522561883426196413146979272723854873720374671593687188889148669411434755975092693010750159224856109323520433368476292114157341264597996828340802591905848018925682091433926169368532616593566564973036281394058732985286042094230651855468750
385 152276510238938953396441473349832612809417130982065734896363619274368601873357968435944445743347057173779875463465053750796124280546617602166842381460570786706322989984141704012959529240094628410457169630846842663082967832824865181406970293664926430210471153259277343750
386 761382551194694766982207366749163064047085654910328674481818096371843009366789842179722228716735285868899377317325268753980621402733088010834211907302853933531614949920708520064797646200473142052285848154234213315414839164124325907034851468324632151052355766296386718750
387 3806912755973473834911036833745815320235428274551643372409090481859215046833949210898611143583676429344496886586626343769903107013665440054171059536514269667658074749603542600323988231002365710261429240771171066577074195820621629535174257341623160755261778831481933593750
388 19034563779867369174555184168729076601177141372758216862045452409296075234169746054493055717918382146722484432933131718849515535068327200270855297682571348338290373748017713001619941155011828551307146203855855332885370979103108147675871286708115803776308894157409667968750
389 95172818899336845872775920843645383005885706863791084310227262046480376170848730272465278589591910733612422164665658594247577675341636001354276488412856741691451868740088565008099705775059142756535731019279276664426854895515540738379356433540579018881544470787048339843750
390 475864094496684229363879604218226915029428534318955421551136310232401880854243651362326392947959553668062110823328292971237888376708180006771382442064283708457259343700442825040498528875295713782678655096396383322134274477577703691896782167702895094407722353935241699218750
391 2379320472483421146819398021091134575147142671594777107755681551162009404271218256811631964739797768340310554116641464856189441883540900033856912210321418542286296718502214125202492644376478568913393275481981916610671372387888518459483910838514475472038611769676208496093750
392 11896602362417105734096990105455672875735713357973885538778407755810047021356091284058159823698988841701552770583207324280947209417704500169284561051607092711431483592511070626012463221882392844566966377409909583053356861939442592297419554192572377360193058848381042480468750
393 59483011812085528670484950527278364378678566789869427693892038779050235106780456420290799118494944208507763852916036621404736047088522500846422805258035463557157417962555353130062316109411964222834831887049547915266784309697212961487097770962861886800965294241905212402343750
394 297415059060427643352424752636391821893392833949347138469460193895251175533902282101453995592474721042538819264580183107023680235442612504232114026290177317785787089812776765650311580547059821114174159435247739576333921548486064807435488854814309434004826471209526062011718750
395 1487075295302138216762123763181959109466964169746735692347300969476255877669511410507269977962373605212694096322900915535118401177213062521160570131450886588928935449063883828251557902735299105570870797176238697881669607742430324037177444274071547170024132356047630310058593750
396 7435376476510691083810618815909795547334820848733678461736504847381279388347557052536349889811868026063470481614504577675592005886065312605802850657254432944644677245319419141257789513676495527854353985881193489408348038712151620185887221370357735850120661780238151550292968750
397 37176882382553455419053094079548977736674104243668392308682524236906396941737785262681749449059340130317352408072522888377960029430326563029014253286272164723223386226597095706288947568382477639271769929405967447041740193560758100929436106851788679250603308901190757751464843750
398 185884411912767277095265470397744888683370521218341961543412621184531984708688926313408747245296700651586762040362614441889800147151632815145071266431360823616116931132985478531444737841912388196358849647029837235208700967803790504647180534258943396253016544505953788757324218750
399 929422059563836385476327351988724443416852606091709807717063105922659923543444631567043736226483503257933810201813072209449000735758164075725356332156804118080584655664927392657223689209561940981794248235149186176043504839018952523235902671294716981265082722529768943786621093750
400 4647110297819181927381636759943622217084263030458549038585315529613299617717223157835218681132417516289669051009065361047245003678790820378626781660784020590402923278324636963286118446047809704908971241175745930880217524195094762616179513356473584906325413612648844718933105468750
401 23235551489095909636908183799718111085421315152292745192926577648066498088586115789176093405662087581448345255045326805236225018393954101893133908303920102952014616391623184816430592230239048524544856205878729654401087620975473813080897566782367924531627068063244223594665527343750
402 116177757445479548184540918998590555427106575761463725964632888240332490442930578945880467028310437907241726275226634026181125091969770509465669541519600514760073081958115924082152961151195242622724281029393648272005438104877369065404487833911839622658135340316221117973327636718750
403 580888787227397740922704594992952777135532878807318629823164441201662452214652894729402335141552189536208631376133170130905625459848852547328347707598002573800365409790579620410764805755976213113621405146968241360027190524386845327022439169559198113290676701581105589866638183593750
404 2904443936136988704613522974964763885677664394036593149115822206008312261073264473647011675707760947681043156880665850654528127299244262736641738537990012869001827048952898102053824028779881065568107025734841206800135952621934226635112195847795990566453383507905527949333190917968750
405 14522219680684943523067614874823819428388321970182965745579111030041561305366322368235058378538804738405215784403329253272640636496221313683208692689950064345009135244764490510269120143899405327840535128674206034000679763109671133175560979238979952832266917539527639746665954589843750
406 72611098403424717615338074374119097141941609850914828727895555150207806526831611841175291892694023692026078922016646266363203182481106568416043463449750321725045676223822452551345600719497026639202675643371030170003398815548355665877804896194899764161334587697638198733329772949218750
407 363055492017123588076690371870595485709708049254574143639477775751039032634158059205876459463470118460130394610083231331816015912405532842080217317248751608625228381119112262756728003597485133196013378216855150850016994077741778329389024480974498820806672938488190993666648864746093750
408 1815277460085617940383451859352977428548540246272870718197388878755195163170790296029382297317350592300651973050416156659080079562027664210401086586243758043126141905595561313783640017987425665980066891084275754250084970388708891646945122404872494104033364692440954968333244323730468750
409 9076387300428089701917259296764887142742701231364353590986944393775975815853951480146911486586752961503259865252080783295400397810138321052005432931218790215630709527977806568918200089937128329900334455421378771250424851943544458234725612024362470520166823462204774841666221618652343750
410 45381936502140448509586296483824435713713506156821767954934721968879879079269757400734557432933764807516299326260403916477001989050691605260027164656093951078153547639889032844591000449685641649501672277106893856252124259717722291173628060121812352600834117311023874208331108093261718750
411 226909682510702242547931482419122178568567530784108839774673609844399395396348787003672787164668824037581496631302019582385009945253458026300135823280469755390767738199445164222955002248428208247508361385534469281260621298588611455868140300609061763004170586555119371041655540466308593750
412 1134548412553511212739657412095610892842837653920544198873368049221996976981743935018363935823344120187907483156510097911925049726267290131500679116402348776953838690997225821114775011242141041237541806927672346406303106492943057279340701503045308815020852932775596855208277702331542968750
413 5672742062767556063698287060478054464214188269602720994366840246109984884908719675091819679116720600939537415782550489559625248631336450657503395582011743884769193454986129105573875056210705206187709034638361732031515532464715286396703507515226544075104264663877984276041388511657714843750
414 28363710313837780318491435302390272321070941348013604971834201230549924424543598375459098395583603004697687078912752447798126243156682253287516977910058719423845967274930645527869375281053526030938545173191808660157577662323576431983517537576132720375521323319389921380206942558288574218750
415 141818551569188901592457176511951361605354706740068024859171006152749622122717991877295491977918015023488435394563762238990631215783411266437584889550293597119229836374653227639346876405267630154692725865959043300787888311617882159917587687880663601877606616596949606901034712791442871093750
416 709092757845944507962285882559756808026773533700340124295855030763748110613589959386477459889590075117442176972818811194953156078917056332187924447751467985596149181873266138196734382026338150773463629329795216503939441558089410799587938439403318009388033082984748034505173563957214355468750
417 3545463789229722539811429412798784040133867668501700621479275153818740553067949796932387299447950375587210884864094055974765780394585281660939622238757339927980745909366330690983671910131690753867318146648976082519697207790447053997939692197016590046940165414923740172525867819786071777343750
418 17727318946148612699057147063993920200669338342508503107396375769093702765339748984661936497239751877936054424320470279873828901972926408304698111193786699639903729546831653454918359550658453769336590733244880412598486038952235269989698460985082950234700827074618700862629339098930358886718750
419 88636594730743063495285735319969601003346691712542515536981878845468513826698744923309682486198759389680272121602351399369144509864632041523490555968933498199518647734158267274591797753292268846682953666224402062992430194761176349948492304925414751173504135373093504313146695494651794433593750
420 443182973653715317476428676599848005016733458562712577684909394227342569133493724616548412430993796948401360608011756996845722549323160207617452779844667490997593238670791336372958988766461344233414768331122010314962150973805881749742461524627073755867520676865467521565733477473258972167968750
421 2215914868268576587382143382999240025083667292813562888424546971136712845667468623082742062154968984742006803040058784984228612746615801038087263899223337454987966193353956681864794943832306721167073841655610051574810754869029408748712307623135368779337603384327337607828667387366294860839843750
422 11079574341342882936910716914996200125418336464067814442122734855683564228337343115413710310774844923710034015200293924921143063733079005190436319496116687274939830966769783409323974719161533605835369208278050257874053774345147043743561538115676843896688016921636688039143336936831474304199218750
423 55397871706714414684553584574981000627091682320339072210613674278417821141686715577068551553874224618550170076001469624605715318665395025952181597480583436374699154833848917046619873595807668029176846041390251289370268871725735218717807690578384219483440084608183440195716684684157371520996093750
424 276989358533572073422767922874905003135458411601695361053068371392089105708433577885342757769371123092750850380007348123028576593326975129760907987402917181873495774169244585233099367979038340145884230206951256446851344358628676093589038452891921097417200423040917200978583423420786857604980468750
425 1384946792667860367113839614374525015677292058008476805265341856960445528542167889426713788846855615463754251900036740615142882966634875648804539937014585909367478870846222926165496839895191700729421151034756282234256721793143380467945192264459605487086002115204586004892917117103934288024902343750
426 6924733963339301835569198071872625078386460290042384026326709284802227642710839447133568944234278077318771259500183703075714414833174378244022699685072929546837394354231114630827484199475958503647105755173781411171283608965716902339725961322298027435430010576022930024464585585519671440124511718750
427 34623669816696509177845990359363125391932301450211920131633546424011138213554197235667844721171390386593856297500918515378572074165871891220113498425364647734186971771155573154137420997379792518235528775868907055856418044828584511698629806611490137177150052880114650122322927927598357200622558593750
428 173118349083482545889229951796815626959661507251059600658167732120055691067770986178339223605856951932969281487504592576892860370829359456100567492126823238670934858855777865770687104986898962591177643879344535279282090224142922558493149033057450685885750264400573250611614639637991786003112792968750
429 865591745417412729446149758984078134798307536255298003290838660600278455338854930891696118029284759664846407437522962884464301854146797280502837460634116193354674294278889328853435524934494812955888219396722676396410451120714612792465745165287253429428751322002866253058073198189958930015563964843750
430 4327958727087063647230748794920390673991537681276490016454193303001392276694274654458480590146423798324232037187614814422321509270733986402514187303170580966773371471394446644267177624672474064779441096983613381982052255603573063962328725826436267147143756610014331265290365990949794650077819824218750
431 21639793635435318236153743974601953369957688406382450082270966515006961383471373272292402950732118991621160185938074072111607546353669932012570936515852904833866857356972233221335888123362370323897205484918066909910261278017865319811643629132181335735718783050071656326451829954748973250389099121093750
432 108198968177176591180768719873009766849788442031912250411354832575034806917356866361462014753660594958105800929690370360558037731768349660062854682579264524169334286784861166106679440616811851619486027424590334549551306390089326599058218145660906678678593915250358281632259149773744866251945495605468750
433 540994840885882955903843599365048834248942210159561252056774162875174034586784331807310073768302974790529004648451851802790188658841748300314273412896322620846671433924305830533397203084059258097430137122951672747756531950446632995291090728304533393392969576251791408161295748868724331259727478027343750
434 2704974204429414779519217996825244171244711050797806260283870814375870172933921659036550368841514873952645023242259259013950943294208741501571367064481613104233357169621529152666986015420296290487150685614758363738782659752233164976455453641522666966964847881258957040806478744343621656298637390136718750
435 13524871022147073897596089984126220856223555253989031301419354071879350864669608295182751844207574369763225116211296295069754716471043707507856835322408065521166785848107645763334930077101481452435753428073791818693913298761165824882277268207613334834824239406294785204032393721718108281493186950683593750
436 67624355110735369487980449920631104281117776269945156507096770359396754323348041475913759221037871848816125581056481475348773582355218537539284176612040327605833929240538228816674650385507407262178767140368959093469566493805829124411386341038066674174121197031473926020161968608590541407465934753417968750
437 338121775553676847439902249603155521405588881349725782535483851796983771616740207379568796105189359244080627905282407376743867911776092687696420883060201638029169646202691144083373251927537036310893835701844795467347832469029145622056931705190333370870605985157369630100809843042952707037329673767089843750
438 1690608877768384237199511248015777607027944406748628912677419258984918858083701036897843980525946796220403139526412036883719339558880463438482104415301008190145848231013455720416866259637685181554469178509223977336739162345145728110284658525951666854353029925786848150504049215214763535186648368835449218750
439 8453044388841921185997556240078888035139722033743144563387096294924594290418505184489219902629733981102015697632060184418596697794402317192410522076505040950729241155067278602084331298188425907772345892546119886683695811725728640551423292629758334271765149628934240752520246076073817675933241844177246093750
440 42265221944209605929987781200394440175698610168715722816935481474622971452092525922446099513148669905510078488160300922092983488972011585962052610382525204753646205775336393010421656490942129538861729462730599433418479058628643202757116463148791671358825748144671203762601230380369088379666209220886230468750
441 211326109721048029649938906001972200878493050843578614084677407373114857260462629612230497565743349527550392440801504610464917444860057929810263051912626023768231028876681965052108282454710647694308647313652997167092395293143216013785582315743958356794128740723356018813006151901845441898331046104431152343750
442 1056630548605240148249694530009861004392465254217893070423387036865574286302313148061152487828716747637751962204007523052324587224300289649051315259563130118841155144383409825260541412273553238471543236568264985835461976465716080068927911578719791783970643703616780094065030759509227209491655230522155761718750
443 5283152743026200741248472650049305021962326271089465352116935184327871431511565740305762439143583738188759811020037615261622936121501448245256576297815650594205775721917049126302707061367766192357716182841324929177309882328580400344639557893598958919853218518083900470325153797546136047458276152610778808593750
444 26415763715131003706242363250246525109811631355447326760584675921639357157557828701528812195717918690943799055100188076308114680607507241226282881489078252971028878609585245631513535306838830961788580914206624645886549411642902001723197789467994794599266092590419502351625768987730680237291380763053894042968750
445 132078818575655018531211816251232625549058156777236633802923379608196785787789143507644060978589593454718995275500940381540573403037536206131414407445391264855144393047926228157567676534194154808942904571033123229432747058214510008615988947339973972996330462952097511758128844938653401186456903815269470214843750
446 660394092878275092656059081256163127745290783886183169014616898040983928938945717538220304892947967273594976377504701907702867015187681030657072037226956324275721965239631140787838382670970774044714522855165616147163735291072550043079944736699869864981652314760487558790644224693267005932284519076347351074218750
447 3301970464391375463280295406280815638726453919430915845073084490204919644694728587691101524464739836367974881887523509538514335075938405153285360186134781621378609826198155703939191913354853870223572614275828080735818676455362750215399723683499349324908261573802437793953221123466335029661422595381736755371093750
448 16509852321956877316401477031404078193632269597154579225365422451024598223473642938455507622323699181839874409437617547692571675379692025766426800930673908106893049130990778519695959566774269351117863071379140403679093382276813751076998618417496746624541307869012188969766105617331675148307112976908683776855468750
449 82549261609784386582007385157020390968161347985772896126827112255122991117368214692277538111618495909199372047188087738462858376898460128832134004653369540534465245654953892598479797833871346755589315356895702018395466911384068755384993092087483733122706539345060944848830528086658375741535564884543418884277343750
450 412746308048921932910036925785101954840806739928864480634135561275614955586841073461387690558092479545996860235940438692314291884492300644160670023266847702672326228274769462992398989169356733777946576784478510091977334556920343776924965460437418665613532696725304724244152640433291878707677824422717094421386718750
451 2063731540244609664550184628925509774204033699644322403170677806378074777934205367306938452790462397729984301179702193461571459422461503220803350116334238513361631141373847314961994945846783668889732883922392550459886672784601718884624827302187093328067663483626523621220763202166459393538389122113585472106933593750
452 10318657701223048322750923144627548871020168498221612015853389031890373889671026836534692263952311988649921505898510967307857297112307516104016750581671192566808155706869236574809974729233918344448664419611962752299433363923008594423124136510935466640338317418132618106103816010832296967691945610567927360534667968750
453 51593288506115241613754615723137744355100842491108060079266945159451869448355134182673461319761559943249607529492554836539286485561537580520083752908355962834040778534346182874049873646169591722243322098059813761497166819615042972115620682554677333201691587090663090530519080054161484838459728052839636802673339843750
454 257966442530576208068773078615688721775504212455540300396334725797259347241775670913367306598807799716248037647462774182696432427807687902600418764541779814170203892671730914370249368230847958611216610490299068807485834098075214860578103412773386666008457935453315452652595400270807424192298640264198184013366699218750
455 1289832212652881040343865393078443608877521062277701501981673628986296736208878354566836532994038998581240188237313870913482162139038439513002093822708899070851019463358654571851246841154239793056083052451495344037429170490376074302890517063866933330042289677266577263262977001354037120961493201320990920066833496093750
456 6449161063264405201719326965392218044387605311388507509908368144931483681044391772834182664970194992906200941186569354567410810695192197565010469113544495354255097316793272859256234205771198965280415262257476720187145852451880371514452585319334666650211448386332886316314885006770185604807466006604954600334167480468750
457 32245805316322026008596634826961090221938026556942537549541840724657418405221958864170913324850974964531004705932846772837054053475960987825052345567722476771275486583966364296281171028855994826402076311287383600935729262259401857572262926596673333251057241931664431581574425033850928024037330033024773001670837402343750
458 161229026581610130042983174134805451109690132784712687747709203623287092026109794320854566624254874822655023529664233864185270267379804939125261727838612383856377432919831821481405855144279974132010381556436918004678646311297009287861314632983366666255286209658322157907872125169254640120186650165123865008354187011718750
459 806145132908050650214915870674027255548450663923563438738546018116435460130548971604272833121274374113275117648321169320926351336899024695626308639193061919281887164599159107407029275721399870660051907782184590023393231556485046439306573164916833331276431048291610789539360625846273200600933250825619325041770935058593750
460 4030725664540253251074579353370136277742253319617817193692730090582177300652744858021364165606371870566375588241605846604631756684495123478131543195965309596409435822995795537035146378606999353300259538910922950116966157782425232196532865824584166656382155241458053947696803129231366003004666254128096625208854675292968750
461 20153628322701266255372896766850681388711266598089085968463650452910886503263724290106820828031859352831877941208029233023158783422475617390657715979826547982047179114978977685175731893034996766501297694554614750584830788912126160982664329122920833281910776207290269738484015646156830015023331270640483126044273376464843750
462 100768141613506331276864483834253406943556332990445429842318252264554432516318621450534104140159296764159389706040146165115793917112378086953288579899132739910235895574894888425878659465174983832506488472773073752924153944560630804913321645614604166409553881036451348692420078230784150075116656353202415630221366882324218750
463 503840708067531656384322419171267034717781664952227149211591261322772162581593107252670520700796483820796948530200730825578969585561890434766442899495663699551179477874474442129393297325874919162532442363865368764620769722803154024566608228073020832047769405182256743462100391153920750375583281766012078151106834411621093750
464 2519203540337658281921612095856335173588908324761135746057956306613860812907965536263352603503982419103984742651003654127894847927809452173832214497478318497755897389372372210646966486629374595812662211819326843823103848614015770122833041140365104160238847025911283717310501955769603751877916408830060390755534172058105468750
465 12596017701688291409608060479281675867944541623805678730289781533069304064539827681316763017519912095519923713255018270639474239639047260869161072487391592488779486946861861053234832433146872979063311059096634219115519243070078850614165205701825520801194235129556418586552509778848018759389582044150301953777670860290527343750
466 62980088508441457048040302396408379339722708119028393651448907665346520322699138406583815087599560477599618566275091353197371198195236304345805362436957962443897434734309305266174162165734364895316555295483171095577596215350394253070826028509127604005971175647782092932762548894240093796947910220751509768888354301452636718750
467 314900442542207285240201511982041896698613540595141968257244538326732601613495692032919075437997802387998092831375456765986855990976181521729026812184789812219487173671546526330870810828671824476582776477415855477887981076751971265354130142545638020029855878238910464663812744471200468984739551103757548844441771507263183593750
468 1574502212711036426201007559910209483493067702975709841286222691633663008067478460164595377189989011939990464156877283829934279954880907608645134060923949061097435868357732631654354054143359122382913882387079277389439905383759856326770650712728190100149279391194552323319063722356002344923697755518787744222208857536315917968750
469 7872511063555182131005037799551047417465338514878549206431113458168315040337392300822976885949945059699952320784386419149671399774404538043225670304619745305487179341788663158271770270716795611914569411935396386947199526918799281633853253563640950500746396955972761616595318611780011724618488777593938721111044287681579589843750
470 39362555317775910655025188997755237087326692574392746032155567290841575201686961504114884429749725298499761603921932095748356998872022690216128351523098726527435896708943315791358851353583978059572847059676981934735997634593996408169266267818204752503731984779863808082976593058900058623092443887969693605555221438407897949218750
471 196812776588879553275125944988776185436633462871963730160777836454207876008434807520574422148748626492498808019609660478741784994360113451080641757615493632637179483544716578956794256767919890297864235298384909673679988172969982040846331339091023762518659923899319040414882965294500293115462219439848468027776107192039489746093750
472 984063882944397766375629724943880927183167314359818650803889182271039380042174037602872110743743132462494040098048302393708924971800567255403208788077468163185897417723582894783971283839599451489321176491924548368399940864849910204231656695455118812593299619496595202074414826472501465577311097199242340138880535960197448730468750
473 4920319414721988831878148624719404635915836571799093254019445911355196900210870188014360553718715662312470200490241511968544624859002836277016043940387340815929487088617914473919856419197997257446605882459622741841999704324249551021158283477275594062966498097482976010372074132362507327886555485996211700694402679800987243652343750
474 24601597073609944159390743123597023179579182858995466270097229556775984501054350940071802768593578311562351002451207559842723124295014181385080219701936704079647435443089572369599282095989986287233029412298113709209998521621247755105791417386377970314832490487414880051860370661812536639432777429981058503472013399004936218261718750
475 123007985368049720796953715617985115897895914294977331350486147783879922505271754700359013842967891557811755012256037799213615621475070906925401098509683520398237177215447861847996410479949931436165147061490568546049992608106238775528957086931889851574162452437074400259301853309062683197163887149905292517360066995024681091308593750
476 615039926840248603984768578089925579489479571474886656752430738919399612526358773501795069214839457789058775061280188996068078107375354534627005492548417601991185886077239309239982052399749657180825735307452842730249963040531193877644785434659449257870812262185372001296509266545313415985819435749526462586800334975123405456542968750
477 3075199634201243019923842890449627897447397857374433283762153694596998062631793867508975346074197288945293875306400944980340390536876772673135027462742088009955929430386196546199910261998748285904128676537264213651249815202655969388223927173297246289354061310926860006482546332726567079929097178747632312934001674875617027282714843750
478 15375998171006215099619214452248139487236989286872166418810768472984990313158969337544876730370986444726469376532004724901701952684383863365675137313710440049779647151930982730999551309993741429520643382686321068256249076013279846941119635866486231446770306554634300032412731663632835399645485893738161564670008374378085136413574218750
479 76879990855031075498096072261240697436184946434360832094053842364924951565794846687724383651854932223632346882660023624508509763421919316828375686568552200248898235759654913654997756549968707147603216913431605341281245380066399234705598179332431157233851532773171500162063658318164176998227429468690807823350041871890425682067871093750
480 384399954275155377490480361306203487180924732171804160470269211824624757828974233438621918259274661118161734413300118122542548817109596584141878432842761001244491178798274568274988782749843535738016084567158026706406226900331996173527990896662155786169257663865857500810318291590820884991137147343454039116750209359452128410339355468750
481 1921999771375776887452401806531017435904623660859020802351346059123123789144871167193109591296373305590808672066500590612712744085547982920709392164213805006222455893991372841374943913749217678690080422835790133532031134501659980867639954483310778930846288319329287504051591457954104424955685736717270195583751046797260642051696777343750
482 9609998856878884437262009032655087179523118304295104011756730295615618945724355835965547956481866527954043360332502953063563720427739914603546960821069025031112279469956864206874719568746088393450402114178950667660155672508299904338199772416553894654231441596646437520257957289770522124778428683586350977918755233986303210258483886718750
483 48049994284394422186310045163275435897615591521475520058783651478078094728621779179827739782409332639770216801662514765317818602138699573017734804105345125155561397349784321034373597843730441967252010570894753338300778362541499521690998862082769473271157207983232187601289786448852610623892143417931754889593776169931516051292419433593750
484 240249971421972110931550225816377179488077957607377600293918257390390473643108895899138698912046663198851084008312573826589093010693497865088674020526725625777806986748921605171867989218652209836260052854473766691503891812707497608454994310413847366355786039916160938006448932244263053119460717089658774447968880849657580256462097167968750
485 1201249857109860554657751129081885897440389788036888001469591286951952368215544479495693494560233315994255420041562869132945465053467489325443370102633628128889034933744608025859339946093261049181300264272368833457519459063537488042274971552069236831778930199580804690032244661221315265597303585448293872239844404248287901282310485839843750
486 6006249285549302773288755645409429487201948940184440007347956434759761841077722397478467472801166579971277100207814345664727325267337446627216850513168140644445174668723040129296699730466305245906501321361844167287597295317687440211374857760346184158894650997904023450161223306106576327986517927241469361199222021241439506411552429199218750
487 30031246427746513866443778227047147436009744700922200036739782173798809205388611987392337364005832899856385501039071728323636626336687233136084252565840703222225873343615200646483498652331526229532506606809220836437986476588437201056874288801730920794473254989520117250806116530532881639932589636207346805996110106207197532057762145996093750
488 150156232138732569332218891135235737180048723504611000183698910868994046026943059936961686820029164499281927505195358641618183131683436165680421262829203516111129366718076003232417493261657631147662533034046104182189932382942186005284371444008654603972366274947600586254030582652664408199662948181036734029980550531035987660288810729980468750
489 750781160693662846661094455676178685900243617523055000918494554344970230134715299684808434100145822496409637525976793208090915658417180828402106314146017580555646833590380016162087466308288155738312665170230520910949661914710930026421857220043273019861831374738002931270152913263322040998314740905183670149902752655179938301444053649902343750
490 3753905803468314233305472278380893429501218087615275004592472771724851150673576498424042170500729112482048187629883966040454578292085904142010531570730087902778234167951900080810437331541440778691563325851152604554748309573554650132109286100216365099309156873690014656350764566316610204991573704525918350749513763275899691507220268249511718750
491 18769529017341571166527361391904467147506090438076375022962363858624255753367882492120210852503645562410240938149419830202272891460429520710052657853650439513891170839759500404052186657707203893457816629255763022773741547867773250660546430501081825496545784368450073281753822831583051024957868522629591753747568816379498457536101341247558593750
492 93847645086707855832636806959522335737530452190381875114811819293121278766839412460601054262518227812051204690747099151011364457302147603550263289268252197569455854198797502020260933288536019467289083146278815113868707739338866253302732152505409127482728921842250366408769114157915255124789342613147958768737844081897492287680506706237792968750
493 469238225433539279163184034797611678687652260951909375574059096465606393834197062303005271312591139060256023453735495755056822286510738017751316446341260987847279270993987510101304666442680097336445415731394075569343538696694331266513660762527045637413644609211251832043845570789576275623946713065739793843689220409487461438402533531188964843750
494 2346191127167696395815920173988058393438261304759546877870295482328031969170985311515026356562955695301280117268677478775284111432553690088756582231706304939236396354969937550506523332213400486682227078656970377846717693483471656332568303812635228187068223046056259160219227853947881378119733565328698969218446102047437307192012667655944824218750
495 11730955635838481979079600869940291967191306523797734389351477411640159845854926557575131782814778476506400586343387393876420557162768450443782911158531524696181981774849687752532616661067002433411135393284851889233588467417358281662841519063176140935341115230281295801096139269739406890598667826643494846092230510237186535960063338279724121093750
496 58654778179192409895398004349701459835956532618988671946757387058200799229274632787875658914073892382532002931716936969382102785813842252218914555792657623480909908874248438762663083305335012167055676966424259446167942337086791408314207595315880704676705576151406479005480696348697034452993339133217474230461152551185932679800316691398620605468750
497 293273890895962049476990021748507299179782663094943359733786935291003996146373163939378294570369461912660014658584684846910513929069211261094572778963288117404549544371242193813315416526675060835278384832121297230839711685433957041571037976579403523383527880757032395027403481743485172264966695666087371152305762755929663399001583456993103027343750
498 1466369454479810247384950108742536495898913315474716798668934676455019980731865819696891472851847309563300073292923424234552569645346056305472863894816440587022747721856210969066577082633375304176391924160606486154198558427169785207855189882897017616917639403785161975137017408717425861324833478330436855761528813779648316995007917284965515136718750
499 7331847272399051236924750543712682479494566577373583993344673382275099903659329098484457364259236547816500366464617121172762848226730281527364319474082202935113738609281054845332885413166876520881959620803032430770992792135848926039275949414485088084588197018925809875685087043587129306624167391652184278807644068898241584975039586424827575683593750
500 36659236361995256184623752718563412397472832886867919966723366911375499518296645492422286821296182739082501832323085605863814241133651407636821597370411014675568693046405274226664427065834382604409798104015162153854963960679244630196379747072425440422940985094629049378425435217935646533120836958260921394038220344491207924875197932124137878417968750
501 183296181809976280923118763592817061987364164434339599833616834556877497591483227462111434106480913695412509161615428029319071205668257038184107986852055073377843465232026371133322135329171913022048990520075810769274819803396223150981898735362127202114704925473145246892127176089678232665604184791304606970191101722456039624375989660620689392089843750
502 916480909049881404615593817964085309936820822171697999168084172784387487957416137310557170532404568477062545808077140146595356028341285190920539934260275366889217326160131855666610676645859565110244952600379053846374099016981115754909493676810636010573524627365726234460635880448391163328020923956523034850955508612280198121879948303103446960449218750
503 4582404545249407023077969089820426549684104110858489995840420863921937439787080686552785852662022842385312729040385700732976780141706425954602699671301376834446086630800659278333053383229297825551224763001895269231870495084905578774547468384053180052867623136828631172303179402241955816640104619782615174254777543061400990609399741515517234802246093750
504 22912022726247035115389845449102132748420520554292449979202104319609687198935403432763929263310114211926563645201928503664883900708532129773013498356506884172230433154003296391665266916146489127756123815009476346159352475424527893872737341920265900264338115684143155861515897011209779083200523098913075871273887715307004953046998707577586174011230468750
505 114560113631235175576949227245510663742102602771462249896010521598048435994677017163819646316550571059632818226009642518324419503542660648865067491782534420861152165770016481958326334580732445638780619075047381730796762377122639469363686709601329501321690578420715779307579485056048895416002615494565379356369438576535024765234993537887930870056152343750
506 572800568156175877884746136227553318710513013857311249480052607990242179973385085819098231582752855298164091130048212591622097517713303244325337458912672104305760828850082409791631672903662228193903095375236908653983811885613197346818433548006647506608452892103578896537897425280244477080013077472826896781847192882675123826174967689439654350280761718750
507 2864002840780879389423730681137766593552565069286556247400263039951210899866925429095491157913764276490820455650241062958110487588566516221626687294563360521528804144250412048958158364518311140969515476876184543269919059428065986734092167740033237533042264460517894482689487126401222385400065387364134483909235964413375619130874838447198271751403808593750
508 14320014203904396947118653405688832967762825346432781237001315199756054499334627145477455789568821382454102278251205314790552437942832581108133436472816802607644020721252060244790791822591555704847577384380922716349595297140329933670460838700166187665211322302589472413447435632006111927000326936820672419546179822066878095654374192235991358757019042968750
509 71600071019521984735593267028444164838814126732163906185006575998780272496673135727387278947844106912270511391256026573952762189714162905540667182364084013038220103606260301223953959112957778524237886921904613581747976485701649668352304193500830938326056611512947362067237178160030559635001634684103362097730899110334390478271870961179956793785095214843750
510 358000355097609923677966335142220824194070633660819530925032879993901362483365678636936394739220534561352556956280132869763810948570814527703335911820420065191100518031301506119769795564788892621189434609523067908739882428508248341761520967504154691630283057564736810336185890800152798175008173420516810488654495551671952391359354805899783968925476074218750
511 1790001775488049618389831675711104120970353168304097654625164399969506812416828393184681973696102672806762784781400664348819054742854072638516679559102100325955502590156507530598848977823944463105947173047615339543699412142541241708807604837520773458151415287823684051680929454000763990875040867102584052443272477758359761956796774029498919844627380371093750
512 8950008877440248091949158378555520604851765841520488273125821999847534062084141965923409868480513364033813923907003321744095273714270363192583397795510501629777512950782537652994244889119722315529735865238076697718497060712706208544038024187603867290757076439118420258404647270003819954375204335512920262216362388791798809783983870147494599223136901855468750
513 44750044387201240459745791892777603024258829207602441365629109999237670310420709829617049342402566820169069619535016608720476368571351815962916988977552508148887564753912688264971224445598611577648679326190383488592485303563531042720190120938019336453785382195592101292023236350019099771876021677564601311081811943958994048919919350737472996115684509277343750
514 223750221936006202298728959463888015121294146038012206828145549996188351552103549148085246712012834100845348097675083043602381842856759079814584944887762540744437823769563441324856122227993057888243396630951917442962426517817655213600950604690096682268926910977960506460116181750095498859380108387823006555409059719794970244599596753687364980578422546386718750
515 1118751109680031011493644797319440075606470730190061034140727749980941757760517745740426233560064170504226740488375415218011909214283795399072924724438812703722189118847817206624280611139965289441216983154759587214812132589088276068004753023450483411344634554889802532300580908750477494296900541939115032777045298598974851222997983768436824902892112731933593750
516 5593755548400155057468223986597200378032353650950305170703638749904708788802588728702131167800320852521133702441877076090059546071418976995364623622194063518610945594239086033121403055699826447206084915773797936074060662945441380340023765117252417056723172774449012661502904543752387471484502709695575163885226492994874256114989918842184124514460563659667968750
517 27968777742000775287341119932986001890161768254751525853518193749523543944012943643510655839001604262605668512209385380450297730357094884976823118110970317593054727971195430165607015278499132236030424578868989680370303314727206901700118825586262085283615863872245063307514522718761937357422513548477875819426132464974371280574949594210920622572302818298339843750
518 139843888710003876436705599664930009450808841273757629267590968747617719720064718217553279195008021313028342561046926902251488651785474424884115590554851587965273639855977150828035076392495661180152122894344948401851516573636034508500594127931310426418079319361225316537572613593809686787112567742389379097130662324871856402874747971054603112861514091491699218750
519 699219443550019382183527998324650047254044206368788146337954843738088598600323591087766395975040106565141712805234634511257443258927372124420577952774257939826368199279885754140175381962478305900760614471724742009257582868180172542502970639656552132090396596806126582687863067969048433935562838711946895485653311624359282014373739855273015564307570457458496093750
520 3496097217750096910917639991623250236270221031843940731689774218690442993001617955438831979875200532825708564026173172556287216294636860622102889763871289699131840996399428770700876909812391529503803072358623710046287914340900862712514853198282760660451982984030632913439315339845242169677814193559734477428266558121796410071868699276365077821537852287292480468750
521 17480486088750484554588199958116251181351105159219703658448871093452214965008089777194159899376002664128542820130865862781436081473184303110514448819356448495659204981997143853504384549061957647519015361793118550231439571704504313562574265991413803302259914920153164567196576699226210848389070967798672387141332790608982050359343496381825389107689261436462402343750
522 87402430443752422772940999790581255906755525796098518292244355467261074825040448885970799496880013320642714100654329313907180407365921515552572244096782242478296024909985719267521922745309788237595076808965592751157197858522521567812871329957069016511299574600765822835982883496131054241945354838993361935706663953044910251796717481909126945538446307182312011718750
523 437012152218762113864704998952906279533777628980492591461221777336305374125202244429853997484400066603213570503271646569535902036829607577762861220483911212391480124549928596337609613726548941187975384044827963755785989292612607839064356649785345082556497873003829114179914417480655271209726774194966809678533319765224551258983587409545634727692231535911560058593750
524 2185060761093810569323524994764531397668888144902462957306108886681526870626011222149269987422000333016067852516358232847679510184148037888814306102419556061957400622749642981688048068632744705939876920224139818778929946463063039195321783248926725412782489365019145570899572087403276356048633870974834048392666598826122756294917937047728173638461157679557800292968750
525 10925303805469052846617624973822656988344440724512314786530544433407634353130056110746349937110001665080339262581791164238397550920740189444071530512097780309787003113748214908440240343163723529699384601120699093894649732315315195976608916244633627063912446825095727854497860437016381780243169354874170241963332994130613781474589685238640868192305788397789001464843750
526 54626519027345264233088124869113284941722203622561573932652722167038171765650280553731749685550008325401696312908955821191987754603700947220357652560488901548935015568741074542201201715818617648496923005603495469473248661576575979883044581223168135319562234125478639272489302185081908901215846774370851209816664970653068907372948426193204340961528941988945007324218750
527 273132595136726321165440624345566424708611018112807869663263610835190858828251402768658748427750041627008481564544779105959938773018504736101788262802444507744675077843705372711006008579093088242484615028017477347366243307882879899415222906115840676597811170627393196362446510925409544506079233871854256049083324853265344536864742130966021704807644709944725036621093750
528 1365662975683631605827203121727832123543055090564039348316318054175954294141257013843293742138750208135042407822723895529799693865092523680508941314012222538723375389218526863555030042895465441212423075140087386736831216539414399497076114530579203382989055853136965981812232554627047722530396169359271280245416624266326722684323710654830108524038223549723625183105468750
529 6828314878418158029136015608639160617715275452820196741581590270879771470706285069216468710693751040675212039113619477648998469325462618402544706570061112693616876946092634317775150214477327206062115375700436933684156082697071997485380572652896016914945279265684829909061162773135238612651980846796356401227083121331633613421618553274150542620191117748618125915527343750
530 34141574392090790145680078043195803088576377264100983707907951354398857353531425346082343553468755203376060195568097388244992346627313092012723532850305563468084384730463171588875751072386636030310576878502184668420780413485359987426902863264480084574726396328424149545305813865676193063259904233981782006135415606658168067108092766370752713100955588743090629577636718750
531 170707871960453950728400390215979015442881886320504918539539756771994286767657126730411717767343776016880300977840486941224961733136565460063617664251527817340421923652315857944378755361933180151552884392510923342103902067426799937134514316322400422873631981642120747726529069328380965316299521169908910030677078033290840335540463831853763565504777943715453147888183593750
532 853539359802269753642001951079895077214409431602524592697698783859971433838285633652058588836718880084401504889202434706124808665682827300318088321257639086702109618261579289721893776809665900757764421962554616710519510337133999685672571581612002114368159908210603738632645346641904826581497605849544550153385390166454201677702319159268817827523889718577265739440917968750
533 4267696799011348768210009755399475386072047158012622963488493919299857169191428168260292944183594400422007524446012173530624043328414136501590441606288195433510548091307896448609468884048329503788822109812773083552597551685669998428362857908060010571840799541053018693163226733209524132907488029247722750766926950832271008388511595796344089137619448592886328697204589843750
534 21338483995056743841050048776997376930360235790063114817442469596499285845957140841301464720917972002110037622230060867653120216642070682507952208031440977167552740456539482243047344420241647518944110549063865417762987758428349992141814289540300052859203997705265093465816133666047620664537440146238613753834634754161355041942557978981720445688097242964431643486022949218750
535 106692419975283719205250243884986884651801178950315574087212347982496429229785704206507323604589860010550188111150304338265601083210353412539761040157204885837763702282697411215236722101208237594720552745319327088814938792141749960709071447701500264296019988526325467329080668330238103322687200731193068769173173770806775209712789894908602228440486214822158217430114746093750
536 533462099876418596026251219424934423259005894751577870436061739912482146148928521032536618022949300052750940555751521691328005416051767062698805200786024429188818511413487056076183610506041187973602763726596635444074693960708749803545357238507501321480099942631627336645403341651190516613436003655965343845865868854033876048563949474543011142202431074110791087150573730468750
537 2667310499382092980131256097124672116295029473757889352180308699562410730744642605162683090114746500263754702778757608456640027080258835313494026003930122145944092557067435280380918052530205939868013818632983177220373469803543749017726786192537506607400499713158136683227016708255952583067180018279826719229329344270169380242819747372715055711012155370553955435752868652343750
538 13336552496910464900656280485623360581475147368789446760901543497812053653723213025813415450573732501318773513893788042283200135401294176567470130019650610729720462785337176401904590262651029699340069093164915886101867349017718745088633930962687533037002498565790683416135083541279762915335900091399133596146646721350846901214098736863575278555060776852769777178764343261718750
539 66682762484552324503281402428116802907375736843947233804507717489060268268616065129067077252868662506593867569468940211416000677006470882837350650098253053648602313926685882009522951313255148496700345465824579430509336745088593725443169654813437665185012492828953417080675417706398814576679500456995667980733233606754234506070493684317876392775303884263848885893821716308593750
540 333413812422761622516407012140584014536878684219736169022538587445301341343080325645335386264343312532969337847344701057080003385032354414186753250491265268243011569633429410047614756566275742483501727329122897152546683725442968627215848274067188325925062464144767085403377088531994072883397502284978339903666168033771172530352468421589381963876519421319244429469108581542968750
541 1667069062113808112582035060702920072684393421098680845112692937226506706715401628226676931321716562664846689236723505285400016925161772070933766252456326341215057848167147050238073782831378712417508636645614485762733418627214843136079241370335941629625312320723835427016885442659970364416987511424891699518330840168855862651762342107946909819382597106596222147345542907714843750
542 8335345310569040562910175303514600363421967105493404225563464686132533533577008141133384656608582813324233446183617526427000084625808860354668831262281631706075289240835735251190368914156893562087543183228072428813667093136074215680396206851679708148126561603619177135084427213299851822084937557124458497591654200844279313258811710539734549096912985532981110736727714538574218750
543 41676726552845202814550876517573001817109835527467021127817323430662667667885040705666923283042914066621167230918087632135000423129044301773344156311408158530376446204178676255951844570784467810437715916140362144068335465680371078401981034258398540740632808018095885675422136066499259110424687785622292487958271004221396566294058552698672745484564927664905553683638572692871093750
544 208383632764226014072754382587865009085549177637335105639086617153313338339425203528334616415214570333105836154590438160675002115645221508866720781557040792651882231020893381279759222853922339052188579580701810720341677328401855392009905171291992703703164040090479428377110680332496295552123438928111462439791355021106982831470292763493363727422824638324527768418192863464355468750
545 1041918163821130070363771912939325045427745888186675528195433085766566691697126017641673082076072851665529180772952190803375010578226107544333603907785203963259411155104466906398796114269611695260942897903509053601708386642009276960049525856459963518515820200452397141885553401662481477760617194640557312198956775105534914157351463817466818637114123191622638842090964317321777343750
546 5209590819105650351818859564696625227138729440933377640977165428832833458485630088208365410380364258327645903864760954016875052891130537721668019538926019816297055775522334531993980571348058476304714489517545268008541933210046384800247629282299817592579101002261985709427767008312407388803085973202786560994783875527674570786757319087334093185570615958113194210454821586608886718750
547 26047954095528251759094297823483126135693647204666888204885827144164167292428150441041827051901821291638229519323804770084375264455652688608340097694630099081485278877611672659969902856740292381523572447587726340042709666050231924001238146411499087962895505011309928547138835041562036944015429866013932804973919377638372853933786595436670465927853079790565971052274107933044433593750
548 130239770477641258795471489117415630678468236023334441024429135720820836462140752205209135259509106458191147596619023850421876322278263443041700488473150495407426394388058363299849514283701461907617862237938631700213548330251159620006190732057495439814477525056549642735694175207810184720077149330069664024869596888191864269668932977183352329639265398952829855261370539665222167968750
549 651198852388206293977357445587078153392341180116672205122145678604104182310703761026045676297545532290955737983095119252109381611391317215208502442365752477037131971940291816499247571418507309538089311189693158501067741651255798100030953660287477199072387625282748213678470876039050923600385746650348320124347984440959321348344664885916761648196326994764149276306852698326110839843750
550 3255994261941031469886787227935390766961705900583361025610728393020520911553518805130228381487727661454778689915475596260546908056956586076042512211828762385185659859701459082496237857092536547690446555948465792505338708256278990500154768301437385995361938126413741068392354380195254618001928733251741600621739922204796606741723324429583808240981634973820746381534263491630554199218750
551 16279971309705157349433936139676953834808529502916805128053641965102604557767594025651141907438638307273893449577377981302734540284782930380212561059143811925928299298507295412481189285462682738452232779742328962526693541281394952500773841507186929976809690632068705341961771900976273090009643666258708003108699611023983033708616622147919041204908174869103731907671317458152770996093750
552 81399856548525786747169680698384769174042647514584025640268209825513022788837970128255709537193191536369467247886889906513672701423914651901062805295719059629641496492536477062405946427313413692261163898711644812633467706406974762503869207535934649884048453160343526709808859504881365450048218331293540015543498055119915168543083110739595206024540874345518659538356587290763854980468750
553 406999282742628933735848403491923845870213237572920128201341049127565113944189850641278547685965957681847336239434449532568363507119573259505314026478595298148207482462682385312029732136567068461305819493558224063167338532034873812519346037679673249420242265801717633549044297524406827250241091656467700077717490275599575842715415553697976030122704371727593297691782936453819274902343750
554 2034996413713144668679242017459619229351066187864600641006705245637825569720949253206392738429829788409236681197172247662841817535597866297526570132392976490741037412313411926560148660682835342306529097467791120315836692660174369062596730188398366247101211329008588167745221487622034136251205458282338500388587451377997879213577077768489880150613521858637966488458914682269096374511718750
555 10174982068565723343396210087298096146755330939323003205033526228189127848604746266031963692149148942046183405985861238314209087677989331487632850661964882453705187061567059632800743303414176711532645487338955601579183463300871845312983650941991831235506056645042940838726107438110170681256027291411692501942937256889989396067885388842449400753067609293189832442294573411345481872558593750
556 50874910342828616716981050436490480733776654696615016025167631140945639243023731330159818460745744710230917029929306191571045438389946657438164253309824412268525935307835298164003716517070883557663227436694778007895917316504359226564918254709959156177530283225214704193630537190550853406280136457058462509714686284449946980339426944212247003765338046465949162211472867056727409362792968750
557 254374551714143083584905252182452403668883273483075080125838155704728196215118656650799092303728723551154585149646530957855227191949733287190821266549122061342629676539176490820018582585354417788316137183473890039479586582521796132824591273549795780887651416126073520968152685952754267031400682285292312548573431422249734901697134721061235018826690232329745811057364335283637046813964843750
558 1271872758570715417924526260912262018344416367415375400629190778523640981075593283253995461518643617755772925748232654789276135959748666435954106332745610306713148382695882454100092912926772088941580685917369450197397932912608980664122956367748978904438257080630367604840763429763771335157003411426461562742867157111248674508485673605306175094133451161648729055286821676418185234069824218750
559 6359363792853577089622631304561310091722081837076877003145953892618204905377966416269977307593218088778864628741163273946380679798743332179770531663728051533565741913479412270500464564633860444707903429586847250986989664563044903320614781838744894522191285403151838024203817148818856675785017057132307813714335785556243372542428368026530875470667255808243645276434108382090926170349121093750
560 31796818964267885448113156522806550458610409185384385015729769463091024526889832081349886537966090443894323143705816369731903398993716660898852658318640257667828709567397061352502322823169302223539517147934236254934948322815224516603073909193724472610956427015759190121019085744094283378925085285661539068571678927781216862712141840132654377353336279041218226382170541910454630851745605468750
561 158984094821339427240565782614032752293052045926921925078648847315455122634449160406749432689830452219471615718529081848659516994968583304494263291593201288339143547836985306762511614115846511117697585739671181274674741614076122583015369545968622363054782135078795950605095428720471416894625426428307695342858394638906084313560709200663271886766681395206091131910852709552273154258728027343750
562 794920474106697136202828913070163761465260229634609625393244236577275613172245802033747163449152261097358078592645409243297584974842916522471316457966006441695717739184926533812558070579232555588487928698355906373373708070380612915076847729843111815273910675393979753025477143602357084473127132141538476714291973194530421567803546003316359433833406976030455659554263547761365771293640136718750
563 3974602370533485681014144565350818807326301148173048126966221182886378065861229010168735817245761305486790392963227046216487924874214582612356582289830032208478588695924632669062790352896162777942439643491779531866868540351903064575384238649215559076369553376969898765127385718011785422365635660707692383571459865972652107839017730016581797169167034880152278297771317738806828856468200683593750
564 19873011852667428405070722826754094036631505740865240634831105914431890329306145050843679086228806527433951964816135231082439624371072913061782911449150161042392943479623163345313951764480813889712198217458897659334342701759515322876921193246077795381847766884849493825636928590058927111828178303538461917857299329863260539195088650082908985845835174400761391488856588694034144282341003417968750
565 99365059263337142025353614133770470183157528704326203174155529572159451646530725254218395431144032637169759824080676155412198121855364565308914557245750805211964717398115816726569758822404069448560991087294488296671713508797576614384605966230388976909238834424247469128184642950294635559140891517692309589286496649316302695975443250414544929229175872003806957444282943470170721411705017089843750
566 496825296316685710126768070668852350915787643521631015870777647860797258232653626271091977155720163185848799120403380777060990609276822826544572786228754026059823586990579083632848794112020347242804955436472441483358567543987883071923029831151944884546194172121237345640923214751473177795704457588461547946432483246581513479877216252072724646145879360019034787221414717350853607058525085449218750
567 2484126481583428550633840353344261754578938217608155079353888239303986291163268131355459885778600815929243995602016903885304953046384114132722863931143770130299117934952895418164243970560101736214024777182362207416792837719939415359615149155759724422730970860606186728204616073757365888978522287942307739732162416232907567399386081260363623230729396800095173936107073586754268035292625427246093750
568 12420632407917142753169201766721308772894691088040775396769441196519931455816340656777299428893004079646219978010084519426524765231920570663614319655718850651495589674764477090821219852800508681070123885911811037083964188599697076798075745778798622113654854303030933641023080368786829444892611439711538698660812081164537836996930406301818116153646984000475869680535367933771340176463127136230468750
569 62103162039585713765846008833606543864473455440203876983847205982599657279081703283886497144465020398231099890050422597132623826159602853318071598278594253257477948373822385454106099264002543405350619429559055185419820942998485383990378728893993110568274271515154668205115401843934147224463057198557693493304060405822689184984652031509090580768234920002379348402676839668856700882315635681152343750
570 310515810197928568829230044168032719322367277201019384919236029912998286395408516419432485722325101991155499450252112985663119130798014266590357991392971266287389741869111927270530496320012717026753097147795275927099104714992426919951893644469965552841371357575773341025577009219670736122315285992788467466520302029113445924923260157545452903841174600011896742013384198344283504411578178405761718750
571 1552579050989642844146150220840163596611836386005096924596180149564991431977042582097162428611625509955777497251260564928315595653990071332951789956964856331436948709345559636352652481600063585133765485738976379635495523574962134599759468222349827764206856787878866705127885046098353680611576429963942337332601510145567229624616300787727264519205873000059483710066920991721417522057890892028808593750
572 7762895254948214220730751104200817983059181930025484622980900747824957159885212910485812143058127549778887486256302824641577978269950356664758949784824281657184743546727798181763262408000317925668827428694881898177477617874810672998797341111749138821034283939394333525639425230491768403057882149819711686663007550727836148123081503938636322596029365000297418550334604958607087610289454460144042968750
573 38814476274741071103653755521004089915295909650127423114904503739124785799426064552429060715290637748894437431281514123207889891349751783323794748924121408285923717733638990908816312040001589628344137143474409490887388089374053364993986705558745694105171419696971667628197126152458842015289410749098558433315037753639180740615407519693181612980146825001487092751673024793035438051447272300720214843750
574 194072381373705355518268777605020449576479548250637115574522518695623928997130322762145303576453188744472187156407570616039449456748758916618973744620607041429618588668194954544081560200007948141720685717372047454436940446870266824969933527793728470525857098484858338140985630762294210076447053745492792166575188768195903703077037598465908064900734125007435463758365123965177190257236361503601074218750
575 970361906868526777591343888025102247882397741253185577872612593478119644985651613810726517882265943722360935782037853080197247283743794583094868723103035207148092943340974772720407801000039740708603428586860237272184702234351334124849667638968642352629285492424291690704928153811471050382235268727463960832875943840979518515385187992329540324503670625037177318791825619825885951286181807518005371093750
576 4851809534342633887956719440125511239411988706265927889363062967390598224928258069053632589411329718611804678910189265400986236418718972915474343615515176035740464716704873863602039005000198703543017142934301186360923511171756670624248338194843211763146427462121458453524640769057355251911176343637319804164379719204897592576925939961647701622518353125185886593959128099129429756430909037590026855468750
577 24259047671713169439783597200627556197059943531329639446815314836952991124641290345268162947056648593059023394550946327004931182093594864577371718077575880178702323583524369318010195025000993517715085714671505931804617555858783353121241690974216058815732137310607292267623203845286776259555881718186599020821898596024487962884629699808238508112591765625929432969795640495647148782154545187950134277343750
578 121295238358565847198917986003137780985299717656648197234076574184764955623206451726340814735283242965295116972754731635024655910467974322886858590387879400893511617917621846590050975125004967588575428573357529659023087779293916765606208454871080294078660686553036461338116019226433881297779408590932995104109492980122439814423148499041192540562958828129647164848978202478235743910772725939750671386718750
579 606476191792829235994589930015688904926498588283240986170382870923824778116032258631704073676416214826475584863773658175123279552339871614434292951939397004467558089588109232950254875625024837942877142866787648295115438896469583828031042274355401470393303432765182306690580096132169406488897042954664975520547464900612199072115742495205962702814794140648235824244891012391178719553863629698753356933593750
580 3032380958964146179972949650078444524632492941416204930851914354619123890580161293158520368382081074132377924318868290875616397761699358072171464759696985022337790447940546164751274378125124189714385714333938241475577194482347919140155211371777007351966517163825911533452900480660847032444485214773324877602737324503060995360578712476029813514073970703241179121224455061955893597769318148493766784667968750
581 15161904794820730899864748250392222623162464707081024654259571773095619452900806465792601841910405370661889621594341454378081988808496790360857323798484925111688952239702730823756371890625620948571928571669691207377885972411739595700776056858885036759832585819129557667264502403304235162222426073866624388013686622515304976802893562380149067570369853516205895606122275309779467988846590742468833923339843750
582 75809523974103654499323741251961113115812323535405123271297858865478097264504032328963009209552026853309448107971707271890409944042483951804286618992424625558444761198513654118781859453128104742859642858348456036889429862058697978503880284294425183799162929095647788336322512016521175811112130369333121940068433112576524884014467811900745337851849267581029478030611376548897339944232953712344169616699218750
583 379047619870518272496618706259805565579061617677025616356489294327390486322520161644815046047760134266547240539858536359452049720212419759021433094962123127792223805992568270593909297265640523714298214291742280184447149310293489892519401421472125918995814645478238941681612560082605879055560651846665609700342165562882624420072339059503726689259246337905147390153056882744486699721164768561720848083496093750
584 1895238099352591362483093531299027827895308088385128081782446471636952431612600808224075230238800671332736202699292681797260248601062098795107165474810615638961119029962841352969546486328202618571491071458711400922235746551467449462597007107360629594979073227391194708408062800413029395277803259233328048501710827814413122100361695297518633446296231689525736950765284413722433498605823842808604240417480468750
585 9476190496762956812415467656495139139476540441925640408912232358184762158063004041120376151194003356663681013496463408986301243005310493975535827374053078194805595149814206764847732431641013092857455357293557004611178732757337247312985035536803147974895366136955973542040314002065146976389016296166640242508554139072065610501808476487593167231481158447628684753826422068612167493029119214043021202087402343750
586 47380952483814784062077338282475695697382702209628202044561161790923810790315020205601880755970016783318405067482317044931506215026552469877679136870265390974027975749071033824238662158205065464287276786467785023055893663786686236564925177684015739874476830684779867710201570010325734881945081480833201212542770695360328052509042382437965836157405792238143423769132110343060837465145596070215106010437011718750
587 236904762419073920310386691412378478486913511048141010222805808954619053951575101028009403779850083916592025337411585224657531075132762349388395684351326954870139878745355169121193310791025327321436383932338925115279468318933431182824625888420078699372384153423899338551007850051628674409725407404166006062713853476801640262545211912189829180787028961190717118845660551715304187325727980351075530052185058593750
588 1184523812095369601551933457061892392434567555240705051114029044773095269757875505140047018899250419582960126687057926123287655375663811746941978421756634774350699393726775845605966553955126636607181919661694625576397341594667155914123129442100393496861920767119496692755039250258143372048627037020830030313569267384008201312726059560949145903935144805953585594228302758576520936628639901755377650260925292968750
589 5922619060476848007759667285309461962172837776203525255570145223865476348789377525700235094496252097914800633435289630616438276878319058734709892108783173871753496968633879228029832769775633183035909598308473127881986707973335779570615647210501967484309603835597483463775196251290716860243135185104150151567846336920041006563630297804745729519675724029767927971141513792882604683143199508776888251304626464843750
590 29613095302384240038798336426547309810864188881017626277850726119327381743946887628501175472481260489574003167176448153082191384391595293673549460543915869358767484843169396140149163848878165915179547991542365639409933539866678897853078236052509837421548019177987417318875981256453584301215675925520750757839231684600205032818151489023728647598378620148839639855707568964413023415715997543884441256523132324218750
591 148065476511921200193991682132736549054320944405088131389253630596636908719734438142505877362406302447870015835882240765410956921957976468367747302719579346793837424215846980700745819244390829575897739957711828197049667699333394489265391180262549187107740095889937086594379906282267921506078379627603753789196158423001025164090757445118643237991893100744198199278537844822065117078579987719422206282615661621093750
592 740327382559606000969958410663682745271604722025440656946268152983184543598672190712529386812031512239350079179411203827054784609789882341838736513597896733969187121079234903503729096221954147879488699788559140985248338496666972446326955901312745935538700479449685432971899531411339607530391898138018768945980792115005125820453787225593216189959465503720990996392689224110325585392899938597111031413078308105468750
593 3701636912798030004849792053318413726358023610127203284731340764915922717993360953562646934060157561196750395897056019135273923048949411709193682567989483669845935605396174517518645481109770739397443498942795704926241692483334862231634779506563729677693502397248427164859497657056698037651959490690093844729903960575025629102268936127966080949797327518604954981963446120551627926964499692985555157065391540527343750
594 18508184563990150024248960266592068631790118050636016423656703824579613589966804767813234670300787805983751979485280095676369615244747058545968412839947418349229678026980872587593227405548853696987217494713978524631208462416674311158173897532818648388467511986242135824297488285283490188259797453450469223649519802875128145511344680639830404748986637593024774909817230602758139634822498464927775785326957702636718750
595 92540922819950750121244801332960343158950590253180082118283519122898067949834023839066173351503939029918759897426400478381848076223735292729842064199737091746148390134904362937966137027744268484936087473569892623156042312083371555790869487664093241942337559931210679121487441426417450941298987267252346118247599014375640727556723403199152023744933187965123874549086153013790698174112492324638878926634788513183593750
596 462704614099753750606224006664801715794752951265900410591417595614490339749170119195330866757519695149593799487132002391909240381118676463649210320998685458730741950674521814689830685138721342424680437367849463115780211560416857778954347438320466209711687799656053395607437207132087254706494936336261730591237995071878203637783617015995760118724665939825619372745430765068953490870562461623194394633173942565917968750
597 2313523070498768753031120033324008578973764756329502052957087978072451698745850595976654333787598475747968997435660011959546201905593382318246051604993427293653709753372609073449153425693606712123402186839247315578901057802084288894771737191602331048558438998280266978037186035660436273532474681681308652956189975359391018188918085079978800593623329699128096863727153825344767454352812308115971973165869712829589843750
598 11567615352493843765155600166620042894868823781647510264785439890362258493729252979883271668937992378739844987178300059797731009527966911591230258024967136468268548766863045367245767128468033560617010934196236577894505289010421444473858685958011655242792194991401334890185930178302181367662373408406543264780949876796955090944590425399894002968116648495640484318635769126723837271764061540579859865829348564147949218750
599 57838076762469218825778000833100214474344118908237551323927199451811292468646264899416358344689961893699224935891500298988655047639834557956151290124835682341342743834315226836228835642340167803085054670981182889472526445052107222369293429790058276213960974957006674450929650891510906838311867042032716323904749383984775454722952126999470014840583242478202421593178845633619186358820307702899299329146742820739746093750
600 289190383812346094128890004165501072371720594541187756619635997259056462343231324497081791723449809468496124679457501494943275238199172789780756450624178411706713719171576134181144178211700839015425273354905914447362632225260536111846467148950291381069804874785033372254648254457554534191559335210163581619523746919923877273614760634997350074202916212391012107965894228168095931794101538514496496645733714103698730468750
601 1445951919061730470644450020827505361858602972705938783098179986295282311716156622485408958617249047342480623397287507474716376190995863948903782253120892058533568595857880670905720891058504195077126366774529572236813161126302680559232335744751456905349024373925166861273241272287772670957796676050817908097618734599619386368073803174986750371014581061955060539829471140840479658970507692572482483228668570518493652343750
602 7229759595308652353222250104137526809293014863529693915490899931476411558580783112427044793086245236712403116986437537373581880954979319744518911265604460292667842979289403354528604455292520975385631833872647861184065805631513402796161678723757284526745121869625834306366206361438863354788983380254089540488093672998096931840369015874933751855072905309775302699147355704202398294852538462862412416143342852592468261718750
603 36148797976543261766111250520687634046465074317648469577454499657382057792903915562135223965431226183562015584932187686867909404774896598722594556328022301463339214896447016772643022276462604876928159169363239305920329028157567013980808393618786422633725609348129171531831031807194316773944916901270447702440468364990484659201845079374668759275364526548876513495736778521011991474262692314312062080716714262962341308593750
604 180743989882716308830556252603438170232325371588242347887272498286910288964519577810676119827156130917810077924660938434339547023874482993612972781640111507316696074482235083863215111382313024384640795846816196529601645140787835069904041968093932113168628046740645857659155159035971583869724584506352238512202341824952423296009225396873343796376822632744382567478683892605059957371313461571560310403583571314811706542968750
605 903719949413581544152781263017190851161626857941211739436362491434551444822597889053380599135780654589050389623304692171697735119372414968064863908200557536583480372411175419316075556911565121923203979234080982648008225703939175349520209840469660565843140233703229288295775795179857919348622922531761192561011709124762116480046126984366718981884113163721912837393419463025299786856567307857801552017917856574058532714843750
606 4518599747067907720763906315085954255808134289706058697181812457172757224112989445266902995678903272945251948116523460858488675596862074840324319541002787682917401862055877096580377784557825609616019896170404913240041128519695876747601049202348302829215701168516146441478878975899289596743114612658805962805058545623810582400230634921833594909420565818609564186967097315126498934282836539289007760089589282870292663574218750
607 22592998735339538603819531575429771279040671448530293485909062285863786120564947226334514978394516364726259740582617304292443377984310374201621597705013938414587009310279385482901888922789128048080099480852024566200205642598479383738005246011741514146078505842580732207394394879496447983715573063294029814025292728119052912001153174609167974547102829093047820934835486575632494671414182696445038800447946414351463317871093750
608 112964993676697693019097657877148856395203357242651467429545311429318930602824736131672574891972581823631298702913086521462216889921551871008107988525069692072935046551396927414509444613945640240400497404260122831001028212992396918690026230058707570730392529212903661036971974397482239918577865316470149070126463640595264560005765873045839872735514145465239104674177432878162473357070913482225194002239732071757316589355468750
609 564824968383488465095488289385744281976016786213257337147726557146594653014123680658362874459862909118156493514565432607311084449607759355040539942625348460364675232756984637072547223069728201202002487021300614155005141064961984593450131150293537853651962646064518305184859871987411199592889326582350745350632318202976322800028829365229199363677570727326195523370887164390812366785354567411125970011198660358786582946777343750
610 2824124841917442325477441446928721409880083931066286685738632785732973265070618403291814372299314545590782467572827163036555422248038796775202699713126742301823376163784923185362736115348641006010012435106503070775025705324809922967250655751467689268259813230322591525924299359937055997964446632911753726753161591014881614000144146826145996818387853636630977616854435821954061833926772837055629850055993301793932914733886718750
611 14120624209587211627387207234643607049400419655331433428693163928664866325353092016459071861496572727953912337864135815182777111240193983876013498565633711509116880818924615926813680576743205030050062175532515353875128526624049614836253278757338446341299066151612957629621496799685279989822233164558768633765807955074408070000720734130729984091939268183154888084272179109770309169633864185278149250279966508969664573669433593750
612 70603121047936058136936036173218035247002098276657167143465819643324331626765460082295359307482863639769561689320679075913885556200969919380067492828168557545584404094623079634068402883716025150250310877662576769375642633120248074181266393786692231706495330758064788148107483998426399949111165822793843168829039775372040350003603670653649920459696340915774440421360895548851545848169320926390746251399832544848322868347167968750
613 353015605239680290684680180866090176235010491383285835717329098216621658133827300411476796537414318198847808446603395379569427781004849596900337464140842787727922020473115398170342014418580125751251554388312883846878213165601240370906331968933461158532476653790323940740537419992131999745555829113969215844145198876860201750018018353268249602298481704578872202106804477744257729240846604631953731256999162724241614341735839843750
614 1765078026198401453423400904330450881175052456916429178586645491083108290669136502057383982687071590994239042233016976897847138905024247984501687320704213938639610102365576990851710072092900628756257771941564419234391065828006201854531659844667305792662383268951619703702687099960659998727779145569846079220725994384301008750090091766341248011492408522894361010534022388721288646204233023159768656284995813621208071708679199218750
615 8825390130992007267117004521652254405875262284582145892933227455415541453345682510286919913435357954971195211165084884489235694525121239922508436603521069693198050511827884954258550360464503143781288859707822096171955329140031009272658299223336528963311916344758098518513435499803299993638895727849230396103629971921505043750450458831706240057462042614471805052670111943606443231021165115798843281424979068106040358543395996093750
616 44126950654960036335585022608261272029376311422910729464666137277077707266728412551434599567176789774855976055825424422446178472625606199612542183017605348465990252559139424771292751802322515718906444298539110480859776645700155046363291496116682644816559581723790492592567177499016499968194478639246151980518149859607525218752252294158531200287310213072359025263350559718032216155105825578994216407124895340530201792716979980468750
617 220634753274800181677925113041306360146881557114553647323330686385388536333642062757172997835883948874279880279127122112230892363128030998062710915088026742329951262795697123856463759011612578594532221492695552404298883228500775231816457480583413224082797908618952462962835887495082499840972393196230759902590749298037626093761261470792656001436551065361795126316752798590161080775529127894971082035624476702651008963584899902343750
618 1103173766374000908389625565206531800734407785572768236616653431926942681668210313785864989179419744371399401395635610561154461815640154990313554575440133711649756313978485619282318795058062892972661107463477762021494416142503876159082287402917066120413989543094762314814179437475412499204861965981153799512953746490188130468806307353963280007182755326808975631583763992950805403877645639474855410178122383513255044817924499511718750
619 5515868831870004541948127826032659003672038927863841183083267159634713408341051568929324945897098721856997006978178052805772309078200774951567772877200668558248781569892428096411593975290314464863305537317388810107472080712519380795411437014585330602069947715473811574070897187377062496024309829905768997564768732450940652344031536769816400035913776634044878157918819964754027019388228197374277050890611917566275224089622497558593750
620 27579344159350022709740639130163295018360194639319205915416335798173567041705257844646624729485493609284985034890890264028861545391003874757838864386003342791243907849462140482057969876451572324316527686586944050537360403562596903977057185072926653010349738577369057870354485936885312480121549149528844987823843662254703261720157683849082000179568883170224390789594099823770135096941140986871385254453059587831376120448112487792968750
621 137896720796750113548703195650816475091800973196596029577081678990867835208526289223233123647427468046424925174454451320144307726955019373789194321930016713956219539247310702410289849382257861621582638432934720252686802017812984519885285925364633265051748692886845289351772429684426562400607745747644224939119218311273516308600788419245410000897844415851121953947970499118850675484705704934356926272265297939156880602240562438964843750
622 689483603983750567743515978254082375459004865982980147885408394954339176042631446116165618237137340232124625872272256600721538634775096868945971609650083569781097696236553512051449246911289308107913192164673601263434010089064922599426429626823166325258743464434226446758862148422132812003038728738221124695596091556367581543003942096227050004489222079255609769739852495594253377423528524671784631361326489695784403011202812194824218750
623 3447418019918752838717579891270411877295024329914900739427041974771695880213157230580828091185686701160623129361361283003607693173875484344729858048250417848905488481182767560257246234556446540539565960823368006317170050445324612997132148134115831626293717322171132233794310742110664060015193643691105623477980457781837907715019710481135250022446110396278048848699262477971266887117642623358923156806632448478922015056014060974121093750
624 17237090099593764193587899456352059386475121649574503697135209873858479401065786152904140455928433505803115646806806415018038465869377421723649290241252089244527442405913837801286231172782232702697829804116840031585850252226623064985660740670579158131468586610855661168971553710553320300075968218455528117389902288909189538575098552405676250112230551981390244243496312389856334435588213116794615784033162242394610075280070304870605468750
625 86185450497968820967939497281760296932375608247872518485676049369292397005328930764520702279642167529015578234034032075090192329346887108618246451206260446222637212029569189006431155863911163513489149020584200157929251261133115324928303703352895790657342933054278305844857768552766601500379841092277640586949511444545947692875492762028381250561152759906951221217481561949281672177941065583973078920165811211973050376400351524353027343750
626 430927252489844104839697486408801484661878041239362592428380246846461985026644653822603511398210837645077891170170160375450961646734435543091232256031302231113186060147845945032155779319555817567445745102921000789646256305665576624641518516764478953286714665271391529224288842763833007501899205461388202934747557222729738464377463810141906252805763799534756106087407809746408360889705327919865394600829056059865251882001757621765136718750
627 2154636262449220524198487432044007423309390206196812962141901234232309925133223269113017556991054188225389455850850801877254808233672177715456161280156511155565930300739229725160778896597779087837228725514605003948231281528327883123207592583822394766433573326356957646121444213819165037509496027306941014673737786113648692321887319050709531264028818997673780530437039048732041804448526639599326973004145280299326259410008788108825683593750
628 10773181312246102620992437160220037116546951030984064810709506171161549625666116345565087784955270941126947279254254009386274041168360888577280806400782555777829651503696148625803894482988895439186143627573025019741156407641639415616037962919111973832167866631784788230607221069095825187547480136534705073368688930568243461609436595253547656320144094988368902652185195243660209022242633197996634865020726401496631297050043940544128417968750
629 53865906561230513104962185801100185582734755154920324053547530855807748128330581727825438924776354705634736396271270046931370205841804442886404032003912778889148257518480743129019472414944477195930718137865125098705782038208197078080189814595559869160839333158923941153036105345479125937737400682673525366843444652841217308047182976267738281600720474941844513260925976218301045111213165989983174325103632007483156485250219702720642089843750
630 269329532806152565524810929005500927913673775774601620267737654279038740641652908639127194623881773528173681981356350234656851029209022214432020160019563894445741287592403715645097362074722385979653590689325625493528910191040985390400949072977799345804196665794619705765180526727395629688687003413367626834217223264206086540235914881338691408003602374709222566304629881091505225556065829949915871625518160037415782426251098513603210449218750
631 1346647664030762827624054645027504639568368878873008101338688271395193703208264543195635973119408867640868409906781751173284255146045111072160100800097819472228706437962018578225486810373611929898267953446628127467644550955204926952004745364888996729020983328973098528825902633636978148443435017066838134171086116321030432701179574406693457040018011873546112831523149405457526127780329149749579358127590800187078912131255492568016052246093750
632 6733238320153814138120273225137523197841844394365040506693441356975968516041322715978179865597044338204342049533908755866421275730225555360800504000489097361143532189810092891127434051868059649491339767233140637338222754776024634760023726824444983645104916644865492644129513168184890742217175085334190670855430581605152163505897872033467285200090059367730564157615747027287630638901645748747896790637954000935394560656277462840080261230468750
633 33666191600769070690601366125687615989209221971825202533467206784879842580206613579890899327985221691021710247669543779332106378651127776804002520002445486805717660949050464455637170259340298247456698836165703186691113773880123173800118634122224918225524583224327463220647565840924453711085875426670953354277152908025760817529489360167336426000450296838652820788078735136438153194508228743739483953189770004676972803281387314200401306152343750
634 168330958003845353453006830628438079946046109859126012667336033924399212901033067899454496639926108455108551238347718896660531893255638884020012600012227434028588304745252322278185851296701491237283494180828515933455568869400615869000593170611124591127622916121637316103237829204622268555429377133354766771385764540128804087647446800836682130002251484193264103940393675682190765972541143718697419765948850023384864016406936571002006530761718750
635 841654790019226767265034153142190399730230549295630063336680169621996064505165339497272483199630542275542756191738594483302659466278194420100063000061137170142941523726261611390929256483507456186417470904142579667277844347003079345002965853055622955638114580608186580516189146023111342777146885666773833856928822700644020438237234004183410650011257420966320519701968378410953829862705718593487098829744250116924320082034682855010032653808593750
636 4208273950096133836325170765710951998651152746478150316683400848109980322525826697486362415998152711377713780958692972416513297331390972100500315000305685850714707618631308056954646282417537280932087354520712898336389221735015396725014829265278114778190572903040932902580945730115556713885734428333869169284644113503220102191186170020917053250056287104831602598509841892054769149313528592967435494148721250584621600410173414275050163269042968750
637 21041369750480669181625853828554759993255763732390751583417004240549901612629133487431812079990763556888568904793464862082566486656954860502501575001528429253573538093156540284773231412087686404660436772603564491681946108675076983625074146326390573890952864515204664512904728650577783569428672141669345846423220567516100510955930850104585266250281435524158012992549209460273845746567642964837177470743606252923108002050867071375250816345214843750
638 105206848752403345908129269142773799966278818661953757917085021202749508063145667437159060399953817784442844523967324310412832433284774302512507875007642146267867690465782701423866157060438432023302183863017822458409730543375384918125370731631952869454764322576023322564523643252888917847143360708346729232116102837580502554779654250522926331251407177620790064962746047301369228732838214824185887353718031264615540010254335356876254081726074218750
639 526034243762016729540646345713868999831394093309768789585425106013747540315728337185795301999769088922214222619836621552064162166423871512562539375038210731339338452328913507119330785302192160116510919315089112292048652716876924590626853658159764347273821612880116612822618216264444589235716803541733646160580514187902512773898271252614631656257035888103950324813730236506846143664191074120929436768590156323077700051271676784381270408630371093750
640 2630171218810083647703231728569344999156970466548843947927125530068737701578641685928976509998845444611071113099183107760320810832119357562812696875191053656696692261644567535596653926510960800582554596575445561460243263584384622953134268290798821736369108064400583064113091081322222946178584017708668230802902570939512563869491356263073158281285179440519751624068651182534230718320955370604647183842950781615388500256358383921906352043151855468750
641 13150856094050418238516158642846724995784852332744219739635627650343688507893208429644882549994227223055355565495915538801604054160596787814063484375955268283483461308222837677983269632554804002912772982877227807301216317921923114765671341453994108681845540322002915320565455406611114730892920088543341154014512854697562819347456781315365791406425897202598758120343255912671153591604776853023235919214753908076942501281791919609531760215759277343750
642 65754280470252091192580793214233624978924261663721098698178138251718442539466042148224412749971136115276777827479577694008020270802983939070317421879776341417417306541114188389916348162774020014563864914386139036506081589609615573828356707269970543409227701610014576602827277033055573654464600442716705770072564273487814096737283906576828957032129486012993790601716279563355767958023884265116179596073769540384712506408959598047658801078796386718750
643 328771402351260455962903966071168124894621308318605493490890691258592212697330210741122063749855680576383889137397888470040101354014919695351587109398881707087086532705570941949581740813870100072819324571930695182530407948048077869141783536349852717046138508050072883014136385165277868272323002213583528850362821367439070483686419532884144785160647430064968953008581397816778839790119421325580897980368847701923562532044797990238294005393981933593750
644 1643857011756302279814519830355840624473106541593027467454453456292961063486651053705610318749278402881919445686989442350200506770074598476757935546994408535435432663527854709747908704069350500364096622859653475912652039740240389345708917681749263585230692540250364415070681925826389341361615011067917644251814106837195352418432097664420723925803237150324844765042906989083894198950597106627904489901844238509617812660223989951191470026969909667968750
645 8219285058781511399072599151779203122365532707965137337272267281464805317433255268528051593746392014409597228434947211751002533850372992383789677734972042677177163317639273548739543520346752501820483114298267379563260198701201946728544588408746317926153462701251822075353409629131946706808075055339588221259070534185976762092160488322103619629016185751624223825214534945419470994752985533139522449509221192548089063301119949755957350134849548339843750
646 41096425293907556995362995758896015611827663539825686686361336407324026587166276342640257968731960072047986142174736058755012669251864961918948388674860213385885816588196367743697717601733762509102415571491336897816300993506009733642722942043731589630767313506259110376767048145659733534040375276697941106295352670929883810460802441610518098145080928758121119126072674727097354973764927665697612247546105962740445316505599748779786750674247741699218750
647 205482126469537784976814978794480078059138317699128433431806682036620132935831381713201289843659800360239930710873680293775063346259324809594741943374301066929429082940981838718488588008668812545512077857456684489081504967530048668213614710218657948153836567531295551883835240728298667670201876383489705531476763354649419052304012208052590490725404643790605595630363373635486774868824638328488061237730529813702226582527998743898933753371238708496093750
648 1027410632347688924884074893972400390295691588495642167159033410183100664679156908566006449218299001801199653554368401468875316731296624047973709716871505334647145414704909193592442940043344062727560389287283422445407524837650243341068073551093289740769182837656477759419176203641493338351009381917448527657383816773247095261520061040262952453627023218953027978151816868177433874344123191642440306188652649068511132912639993719494668766856193542480468750
649 5137053161738444624420374469862001951478457942478210835795167050915503323395784542830032246091495009005998267771842007344376583656483120239868548584357526673235727073524545967962214700216720313637801946436417112227037624188251216705340367755466448703845914188282388797095881018207466691755046909587242638286919083866235476307600305201314762268135116094765139890759084340887169371720615958212201530943263245342555664563199968597473343834280967712402343750
650 25685265808692223122101872349310009757392289712391054178975835254577516616978922714150161230457475045029991338859210036721882918282415601199342742921787633366178635367622729839811073501083601568189009732182085561135188120941256083526701838777332243519229570941411943985479405091037333458775234547936213191434595419331177381538001526006573811340675580473825699453795421704435846858603079791061007654716316226712778322815999842987366719171404838562011718750
651 128426329043461115610509361746550048786961448561955270894879176272887583084894613570750806152287375225149956694296050183609414591412078005996713714608938166830893176838113649199055367505418007840945048660910427805675940604706280417633509193886661217596147854707059719927397025455186667293876172739681065957172977096655886907690007630032869056703377902369128497268977108522179234293015398955305038273581581133563891614079999214936833595857024192810058593750
652 642131645217305578052546808732750243934807242809776354474395881364437915424473067853754030761436876125749783471480250918047072957060390029983568573044690834154465884190568245995276837527090039204725243304552139028379703023531402088167545969433306087980739273535298599636985127275933336469380863698405329785864885483279434538450038150164345283516889511845642486344885542610896171465076994776525191367907905667819458070399996074684167979285120964050292968750
653 3210658226086527890262734043663751219674036214048881772371979406822189577122365339268770153807184380628748917357401254590235364785301950149917842865223454170772329420952841229976384187635450196023626216522760695141898515117657010440837729847166530439903696367676492998184925636379666682346904318492026648929324427416397172692250190750821726417584447559228212431724427713054480857325384973882625956839539528339097290351999980373420839896425604820251464843750
654 16053291130432639451313670218318756098370181070244408861859897034110947885611826696343850769035921903143744586787006272951176823926509750749589214326117270853861647104764206149881920938177250980118131082613803475709492575588285052204188649235832652199518481838382464990924628181898333411734521592460133244646622137081985863461250953754108632087922237796141062158622138565272404286626924869413129784197697641695486451759999901867104199482128024101257324218750
655 80266455652163197256568351091593780491850905351222044309299485170554739428059133481719253845179609515718722933935031364755884119632548753747946071630586354269308235523821030749409604690886254900590655413069017378547462877941425261020943246179163260997592409191912324954623140909491667058672607962300666223233110685409929317306254768770543160439611188980705310793110692826362021433134624347065648920988488208477432258799999509335520997410640120506286621093750
656 401332278260815986282841755457968902459254526756110221546497425852773697140295667408596269225898047578593614669675156823779420598162743768739730358152931771346541177619105153747048023454431274502953277065345086892737314389707126305104716230895816304987962045959561624773115704547458335293363039811503331116165553427049646586531273843852715802198055944903526553965553464131810107165673121735328244604942441042387161293999997546677604987053200602531433105468750
657 2006661391304079931414208777289844512296272633780551107732487129263868485701478337042981346129490237892968073348375784118897102990813718843698651790764658856732705888095525768735240117272156372514766385326725434463686571948535631525523581154479081524939810229797808123865578522737291676466815199057516655580827767135248232932656369219263579010990279724517632769827767320659050535828365608676641223024712205211935806469999987733388024935266003012657165527343750
658 10033306956520399657071043886449222561481363168902755538662435646319342428507391685214906730647451189464840366741878920594485514954068594218493258953823294283663529440477628843676200586360781862573831926633627172318432859742678157627617905772395407624699051148989040619327892613686458382334075995287583277904138835676241164663281846096317895054951398622588163849138836603295252679141828043383206115123561026059679032349999938666940124676330015063285827636718750
659 50166534782601998285355219432246112807406815844513777693312178231596712142536958426074533653237255947324201833709394602972427574770342971092466294769116471418317647202388144218381002931803909312869159633168135861592164298713390788138089528861977038123495255744945203096639463068432291911670379976437916389520694178381205823316409230481589475274756993112940819245694183016476263395709140216916030575617805130298395161749999693334700623381650075316429138183593750
660 250832673913009991426776097161230564037034079222568888466560891157983560712684792130372668266186279736621009168546973014862137873851714855462331473845582357091588236011940721091905014659019546564345798165840679307960821493566953940690447644309885190617476278724726015483197315342161459558351899882189581947603470891906029116582046152407947376373784965564704096228470915082381316978545701084580152878089025651491975808749998466673503116908250376582145690917968750
661 1254163369565049957133880485806152820185170396112844442332804455789917803563423960651863341330931398683105045842734865074310689369258574277311657369227911785457941180059703605459525073295097732821728990829203396539804107467834769703452238221549425953087381393623630077415986576710807297791759499410947909738017354459530145582910230762039736881868924827823520481142354575411906584892728505422900764390445128257459879043749992333367515584541251882910728454589843750
662 6270816847825249785669402429030764100925851980564222211664022278949589017817119803259316706654656993415525229213674325371553446846292871386558286846139558927289705900298518027297625366475488664108644954146016982699020537339173848517261191107747129765436906968118150387079932883554036488958797497054739548690086772297650727914551153810198684409344624139117602405711772877059532924463642527114503821952225641287299395218749961666837577922706259414553642272949218750
663 31354084239126248928347012145153820504629259902821111058320111394747945089085599016296583533273284967077626146068371626857767234231464356932791434230697794636448529501492590136488126832377443320543224770730084913495102686695869242586305955538735648827184534840590751935399664417770182444793987485273697743450433861488253639572755769050993422046723120695588012028558864385297664622318212635572519109761128206436496976093749808334187889613531297072768211364746093750
664 156770421195631244641735060725769102523146299514105555291600556973739725445427995081482917666366424835388130730341858134288836171157321784663957171153488973182242647507462950682440634161887216602716123853650424567475513433479346212931529777693678244135922674202953759676998322088850912223969937426368488717252169307441268197863778845254967110233615603477940060142794321926488323111591063177862595548805641032182484880468749041670939448067656485363841056823730468750
665 783852105978156223208675303628845512615731497570527776458002784868698627227139975407414588331832124176940653651709290671444180855786608923319785855767444865911213237537314753412203170809436083013580619268252122837377567167396731064657648888468391220679613371014768798384991610444254561119849687131842443586260846537206340989318894226274835551168078017389700300713971609632441615557955315889312977744028205160912424402343745208354697240338282426819205284118652343750
666 3919260529890781116043376518144227563078657487852638882290013924343493136135699877037072941659160620884703268258546453357220904278933044616598929278837224329556066187686573767061015854047180415067903096341260614186887835836983655323288244442341956103398066855073843991924958052221272805599248435659212217931304232686031704946594471131374177755840390086948501503569858048162208077789776579446564888720141025804562122011718726041773486201691412134096026420593261718750
667 19596302649453905580216882590721137815393287439263194411450069621717465680678499385185364708295803104423516341292732266786104521394665223082994646394186121647780330938432868835305079270235902075339515481706303070934439179184918276616441222211709780516990334275369219959624790261106364027996242178296061089656521163430158524732972355656870888779201950434742507517849290240811040388948882897232824443600705129022810610058593630208867431008457060670480132102966308593750
668 97981513247269527901084412953605689076966437196315972057250348108587328403392496925926823541479015522117581706463661333930522606973326115414973231970930608238901654692164344176525396351179510376697577408531515354672195895924591383082206111058548902584951671376846099798123951305531820139981210891480305448282605817150792623664861778284354443896009752173712537589246451204055201944744414486164122218003525645114053050292968151044337155042285303352400660514831542968750
669 489907566236347639505422064768028445384832185981579860286251740542936642016962484629634117707395077610587908532318306669652613034866630577074866159854653041194508273460821720882626981755897551883487887042657576773360979479622956915411030555292744512924758356884230498990619756527659100699906054457401527241413029085753963118324308891421772219480048760868562687946232256020276009723722072430820611090017628225570265251464840755221685775211426516762003302574157714843750
670 2449537831181738197527110323840142226924160929907899301431258702714683210084812423148170588536975388052939542661591533348263065174333152885374330799273265205972541367304108604413134908779487759417439435213287883866804897398114784577055152776463722564623791784421152494953098782638295503499530272287007636207065145428769815591621544457108861097400243804342813439731161280101380048618610362154103055450088141127851326257324203776108428876057132583810016512870788574218750
671 12247689155908690987635551619200711134620804649539496507156293513573416050424062115740852942684876940264697713307957666741315325871665764426871653996366326029862706836520543022065674543897438797087197176066439419334024486990573922885275763882318612823118958922105762474765493913191477517497651361435038181035325727143849077958107722285544305487001219021714067198655806400506900243093051810770515277250440705639256631286621018880542144380285662919050082564353942871093750
672 61238445779543454938177758096003555673104023247697482535781467567867080252120310578704264713424384701323488566539788333706576629358328822134358269981831630149313534182602715110328372719487193985435985880332197096670122434952869614426378819411593064115594794610528812373827469565957387587488256807175190905176628635719245389790538611427721527435006095108570335993279032002534501215465259053852576386252203528196283156433105094402710721901428314595250412821769714355468750
673 306192228897717274690888790480017778365520116238487412678907337839335401260601552893521323567121923506617442832698941668532883146791644110671791349909158150746567670913013575551641863597435969927179929401660985483350612174764348072131894097057965320577973973052644061869137347829786937937441284035875954525883143178596226948952693057138607637175030475542851679966395160012672506077326295269262881931261017640981415782165525472013553609507141572976252064108848571777343750
674 1530961144488586373454443952400088891827600581192437063394536689196677006303007764467606617835609617533087214163494708342664415733958220553358956749545790753732838354565067877758209317987179849635899647008304927416753060873821740360659470485289826602889869865263220309345686739148934689687206420179379772629415715892981134744763465285693038185875152377714258399831975800063362530386631476346314409656305088204907078910827627360067768047535707864881260320544242858886718750
675 7654805722442931867272219762000444459138002905962185316972683445983385031515038822338033089178048087665436070817473541713322078669791102766794783747728953768664191772825339388791046589935899248179498235041524637083765304369108701803297352426449133014449349326316101546728433695744673448436032100896898863147078579464905673723817326428465190929375761888571291999159879000316812651933157381731572048281525441024535394554138136800338840237678539324406301602721214294433593750
676 38274028612214659336361098810002222295690014529810926584863417229916925157575194111690165445890240438327180354087367708566610393348955513833973918738644768843320958864126696943955232949679496240897491175207623185418826521845543509016486762132245665072246746631580507733642168478723367242180160504484494315735392897324528368619086632142325954646878809442856459995799395001584063259665786908657860241407627205122676972770690684001694201188392696622031508013606071472167968750
677 191370143061073296681805494050011111478450072649054632924317086149584625787875970558450827229451202191635901770436838542833051966744777569169869593693223844216604794320633484719776164748397481204487455876038115927094132609227717545082433810661228325361233733157902538668210842393616836210900802522422471578676964486622641843095433160711629773234394047214282299978996975007920316298328934543289301207038136025613384863853453420008471005941963483110157540068030357360839843750
678 956850715305366483409027470250055557392250363245273164621585430747923128939379852792254136147256010958179508852184192714165259833723887845849347968466119221083023971603167423598880823741987406022437279380190579635470663046138587725412169053306141626806168665789512693341054211968084181054504012612112357893384822433113209215477165803558148866171970236071411499894984875039601581491644672716446506035190680128066924319267267100042355029709817415550787700340151786804199218750
679 4784253576526832417045137351250277786961251816226365823107927153739615644696899263961270680736280054790897544260920963570826299168619439229246739842330596105415119858015837117994404118709937030112186396900952898177353315230692938627060845266530708134030843328947563466705271059840420905272520063060561789466924112165566046077385829017790744330859851180357057499474924375198007907458223363582232530175953400640334621596336335500211775148549087077753938501700758934020996093750
680 23921267882634162085225686756251388934806259081131829115539635768698078223484496319806353403681400273954487721304604817854131495843097196146233699211652980527075599290079185589972020593549685150560931984504764490886766576153464693135304226332653540670154216644737817333526355299202104526362600315302808947334620560827830230386929145088953721654299255901785287497374621875990039537291116817911162650879767003201673107981681677501058875742745435388769692508503794670104980468750
681 119606339413170810426128433781256944674031295405659145577698178843490391117422481599031767018407001369772438606523024089270657479215485980731168496058264902635377996450395927949860102967748425752804659922523822454433832880767323465676521131663267703350771083223689086667631776496010522631813001576514044736673102804139151151934645725444768608271496279508926437486873109379950197686455584089555813254398835016008365539908408387505294378713727176943848462542518973350524902343750
682 598031697065854052130642168906284723370156477028295727888490894217451955587112407995158835092035006848862193032615120446353287396077429903655842480291324513176889982251979639749300514838742128764023299612619112272169164403836617328382605658316338516753855416118445433338158882480052613159065007882570223683365514020695755759673228627223843041357481397544632187434365546899750988432277920447779066271994175080041827699542041937526471893568635884719242312712594866752624511718750
683 2990158485329270260653210844531423616850782385141478639442454471087259777935562039975794175460175034244310965163075602231766436980387149518279212401456622565884449911259898198746502574193710643820116498063095561360845822019183086641913028291581692583769277080592227166690794412400263065795325039412851118416827570103478778798366143136119215206787406987723160937171827734498754942161389602238895331359970875400209138497710209687632359467843179423596211563562974333763122558593750
684 14950792426646351303266054222657118084253911925707393197212272355436298889677810199878970877300875171221554825815378011158832184901935747591396062007283112829422249556299490993732512870968553219100582490315477806804229110095915433209565141457908462918846385402961135833453972062001315328976625197064255592084137850517393893991830715680596076033937034938615804685859138672493774710806948011194476656799854377001045692488551048438161797339215897117981057817814871668815612792968750
685 74753962133231756516330271113285590421269559628536965986061361777181494448389050999394854386504375856107774129076890055794160924509678737956980310036415564147111247781497454968662564354842766095502912451577389034021145550479577166047825707289542314594231927014805679167269860310006576644883125985321277960420689252586969469959153578402980380169685174693079023429295693362468873554034740055972383283999271885005228462442755242190808986696079485589905289089074358344078063964843750
686 373769810666158782581651355566427952106347798142684829930306808885907472241945254996974271932521879280538870645384450278970804622548393689784901550182077820735556238907487274843312821774213830477514562257886945170105727752397885830239128536447711572971159635074028395836349301550032883224415629926606389802103446262934847349795767892014901900848425873465395117146478466812344367770173700279861916419996359425026142312213776210954044933480397427949526445445371791720390319824218750
687 1868849053330793912908256777832139760531738990713424149651534044429537361209726274984871359662609396402694353226922251394854023112741968448924507750910389103677781194537436374216564108871069152387572811289434725850528638761989429151195642682238557864855798175370141979181746507750164416122078149633031949010517231314674236748978839460074509504242129367326975585732392334061721838850868501399309582099981797125130711561068881054770224667401987139747632227226858958601951599121093750
688 9344245266653969564541283889160698802658694953567120748257670222147686806048631374924356798313046982013471766134611256974270115563709842244622538754551945518388905972687181871082820544355345761937864056447173629252643193809947145755978213411192789324278990876850709895908732538750822080610390748165159745052586156573371183744894197300372547521210646836634877928661961670308609194254342506996547910499908985625653557805344405273851123337009935698738161136134294793009757995605468750
689 46721226333269847822706419445803494013293474767835603741288351110738434030243156874621783991565234910067358830673056284871350577818549211223112693772759727591944529863435909355414102721776728809689320282235868146263215969049735728779891067055963946621394954384253549479543662693754110403051953740825798725262930782866855918724470986501862737606053234183174389643309808351543045971271712534982739552499544928128267789026722026369255616685049678493690805680671473965048789978027343750
690 233606131666349239113532097229017470066467373839178018706441755553692170151215784373108919957826174550336794153365281424356752889092746056115563468863798637959722649317179546777070513608883644048446601411179340731316079845248678643899455335279819733106974771921267747397718313468770552015259768704128993626314653914334279593622354932509313688030266170915871948216549041757715229856358562674913697762497724640641338945133610131846278083425248392468454028403357369825243949890136718750
691 1168030658331746195567660486145087350332336869195890093532208777768460850756078921865544599789130872751683970766826407121783764445463730280577817344318993189798613246585897733885352568044418220242233007055896703656580399226243393219497276676399098665534873859606338736988591567343852760076298843520644968131573269571671397968111774662546568440151330854579359741082745208788576149281792813374568488812488623203206694725668050659231390417126241962342270142016786849126219749450683593750
692 5840153291658730977838302430725436751661684345979450467661043888842304253780394609327722998945654363758419853834132035608918822227318651402889086721594965948993066232929488669426762840222091101211165035279483518282901996131216966097486383381995493327674369298031693684942957836719263800381494217603224840657866347858356989840558873312732842200756654272896798705413726043942880746408964066872842444062443116016033473628340253296156952085631209811711350710083934245631098747253417968750
693 29200766458293654889191512153627183758308421729897252338305219444211521268901973046638614994728271818792099269170660178044594111136593257014445433607974829744965331164647443347133814201110455506055825176397417591414509980656084830487431916909977466638371846490158468424714789183596319001907471088016124203289331739291784949202794366563664211003783271364483993527068630219714403732044820334364212220312215580080167368141701266480784760428156049058556753550419671228155493736267089843750
694 146003832291468274445957560768135918791542108649486261691526097221057606344509865233193074973641359093960496345853300890222970555682966285072227168039874148724826655823237216735669071005552277530279125881987087957072549903280424152437159584549887333191859232450792342123573945917981595009537355440080621016446658696458924746013971832818321055018916356822419967635343151098572018660224101671821061101561077900400836840708506332403923802140780245292783767752098356140777468681335449218750
695 730019161457341372229787803840679593957710543247431308457630486105288031722549326165965374868206795469802481729266504451114852778414831425361135840199370743624133279116186083678345355027761387651395629409935439785362749516402120762185797922749436665959296162253961710617869729589907975047686777200403105082233293482294623730069859164091605275094581784112099838176715755492860093301120508359105305507805389502004184203542531662019619010703901226463918838760491780703887343406677246093750
696 3650095807286706861148939019203397969788552716237156542288152430526440158612746630829826874341033977349012408646332522255574263892074157126805679200996853718120666395580930418391726775138806938256978147049677198926813747582010603810928989613747183329796480811269808553089348647949539875238433886002015525411166467411473118650349295820458026375472908920560499190883578777464300466505602541795526527539026947510020921017712658310098095053519506132319594193802458903519436717033386230468750
697 18250479036433534305744695096016989848942763581185782711440762152632200793063733154149134371705169886745062043231662611277871319460370785634028396004984268590603331977904652091958633875694034691284890735248385994634068737910053019054644948068735916648982404056349042765446743239747699376192169430010077627055832337057365593251746479102290131877364544602802495954417893887321502332528012708977632637695134737550104605088563291550490475267597530661597970969012294517597183585166931152343750
698 91252395182167671528723475480084949244713817905928913557203810763161003965318665770745671858525849433725310216158313056389356597301853928170141980024921342953016659889523260459793169378470173456424453676241929973170343689550265095273224740343679583244912020281745213827233716198738496880960847150050388135279161685286827966258732395511450659386822723014012479772089469436607511662640063544888163188475673687750523025442816457752452376337987653307989854845061472587985917925834655761718750
699 456261975910838357643617377400424746223569089529644567786019053815805019826593328853728359292629247168626551080791565281946782986509269640850709900124606714765083299447616302298965846892350867282122268381209649865851718447751325476366123701718397916224560101408726069136168580993692484404804235750251940676395808426434139831293661977557253296934113615070062398860447347183037558313200317724440815942378368438752615127214082288762261881689938266539949274225307362939929589629173278808593750
700 2281309879554191788218086887002123731117845447648222838930095269079025099132966644268641796463146235843132755403957826409733914932546348204253549500623033573825416497238081511494829234461754336410611341906048249329258592238756627381830618508591989581122800507043630345680842904968462422024021178751259703381979042132170699156468309887786266484670568075350311994302236735915187791566001588622204079711891842193763075636070411443811309408449691332699746371126536814699647948145866394042968750
701 11406549397770958941090434435010618655589227238241114194650476345395125495664833221343208982315731179215663777019789132048669574662731741021267747503115167869127082486190407557474146172308771682053056709530241246646292961193783136909153092542959947905614002535218151728404214524842312110120105893756298516909895210660853495782341549438931332423352840376751559971511183679575938957830007943111020398559459210968815378180352057219056547042248456663498731855632684073498239740729331970214843750
702 57032746988854794705452172175053093277946136191205570973252381726975627478324166106716044911578655896078318885098945660243347873313658705106338737515575839345635412430952037787370730861543858410265283547651206233231464805968915684545765462714799739528070012676090758642021072624211560550600529468781492584549476053304267478911707747194656662116764201883757799857555918397879694789150039715555101992797296054844076890901760286095282735211242283317493659278163420367491198703646659851074218750
703 285163734944273973527260860875265466389730680956027854866261908634878137391620830533580224557893279480391594425494728301216739366568293525531693687577879196728177062154760188936853654307719292051326417738256031166157324029844578422728827313573998697640350063380453793210105363121057802753002647343907462922747380266521337394558538735973283310583821009418788999287779591989398473945750198577775509963986480274220384454508801430476413676056211416587468296390817101837455993518233299255371093750
704 1425818674721369867636304304376327331948653404780139274331309543174390686958104152667901122789466397401957972127473641506083696832841467627658468437889395983640885310773800944684268271538596460256632088691280155830786620149222892113644136567869993488201750316902268966050526815605289013765013236719537314613736901332606686972792693679866416552919105047093944996438897959946992369728750992888877549819932401371101922272544007152382068380281057082937341481954085509187279967591166496276855468750
705 7129093373606849338181521521881636659743267023900696371656547715871953434790520763339505613947331987009789860637368207530418484164207338138292342189446979918204426553869004723421341357692982301283160443456400779153933100746114460568220682839349967441008751584511344830252634078026445068825066183597686573068684506663033434863963468399332082764595525235469724982194489799734961848643754964444387749099662006855509611362720035761910341901405285414686707409770427545936399837955832481384277343750
706 35645466868034246690907607609408183298716335119503481858282738579359767173952603816697528069736659935048949303186841037652092420821036690691461710947234899591022132769345023617106706788464911506415802217282003895769665503730572302841103414196749837205043757922556724151263170390132225344125330917988432865343422533315167174319817341996660413822977626177348624910972448998674809243218774822221938745498310034277548056813600178809551709507026427073433537048852137729681999189779162406921386718750
707 178227334340171233454538038047040916493581675597517409291413692896798835869763019083487640348683299675244746515934205188260462104105183453457308554736174497955110663846725118085533533942324557532079011086410019478848327518652861514205517070983749186025218789612783620756315851950661126720626654589942164326717112666575835871599086709983302069114888130886743124554862244993374046216093874111109693727491550171387740284068000894047758547535132135367167685244260688648409995948895812034606933593750
708 891136671700856167272690190235204582467908377987587046457068464483994179348815095417438201743416498376223732579671025941302310520525917267286542773680872489775553319233625590427667669711622787660395055432050097394241637593264307571027585354918745930126093948063918103781579259753305633603133272949710821633585563332879179357995433549916510345574440654433715622774311224966870231080469370555548468637457750856938701420340004470238792737675660676835838426221303443242049979744479060173034667968750
709 4455683358504280836363450951176022912339541889937935232285342322419970896744075477087191008717082491881118662898355129706511552602629586336432713868404362448877766596168127952138338348558113938301975277160250486971208187966321537855137926774593729650630469740319590518907896298766528168015666364748554108167927816664395896789977167749582551727872203272168578113871556124834351155402346852777742343187288754284693507101700022351193963688378303384179192131106517216210249898722395300865173339843750
710 22278416792521404181817254755880114561697709449689676161426711612099854483720377385435955043585412459405593314491775648532557763013147931682163569342021812244388832980840639760691691742790569691509876385801252434856040939831607689275689633872968648253152348701597952594539481493832640840078331823742770540839639083321979483949885838747912758639361016360842890569357780624171755777011734263888711715936443771423467535508500111755969818441891516920895960655532586081051249493611976504325866699218750
711 111392083962607020909086273779400572808488547248448380807133558060499272418601886927179775217927062297027966572458878242662788815065739658410817846710109061221944164904203198803458458713952848457549381929006262174280204699158038446378448169364843241265761743507989762972697407469163204200391659118713852704198195416609897419749429193739563793196805081804214452846788903120858778885058671319443558579682218857117337677542500558779849092209457584604479803277662930405256247468059882521629333496093750
712 556960419813035104545431368897002864042442736242241904035667790302496362093009434635898876089635311485139832862294391213313944075328698292054089233550545306109720824521015994017292293569764242287746909645031310871401023495790192231892240846824216206328808717539948814863487037345816021001958295593569263520990977083049487098747145968697818965984025409021072264233944515604293894425293356597217792898411094285586688387712502793899245461047287923022399016388314652026281237340299412608146667480468750
713 2784802099065175522727156844485014320212213681211209520178338951512481810465047173179494380448176557425699164311471956066569720376643491460270446167752726530548604122605079970086461467848821211438734548225156554357005117478950961159461204234121081031644043587699744074317435186729080105009791477967846317604954885415247435493735729843489094829920127045105361321169722578021469472126466782986088964492055471427933441938562513969496227305236439615111995081941573260131406186701497063040733337402343750
714 13924010495325877613635784222425071601061068406056047600891694757562409052325235865897471902240882787128495821557359780332848601883217457301352230838763632652743020613025399850432307339244106057193672741125782771785025587394754805797306021170605405158220217938498720371587175933645400525048957389839231588024774427076237177468678649217445474149600635225526806605848612890107347360632333914930444822460277357139667209692812569847481136526182198075559975409707866300657030933507485315203666687011718750
715 69620052476629388068178921112125358005305342030280238004458473787812045261626179329487359511204413935642479107786798901664243009416087286506761154193818163263715103065126999252161536696220530285968363705628913858925127936973774028986530105853027025791101089692493601857935879668227002625244786949196157940123872135381185887343393246087227370748003176127634033029243064450536736803161669574652224112301386785698336048464062849237405682630910990377799877048539331503285154667537426576018333435058593750
716 348100262383146940340894605560626790026526710151401190022292368939060226308130896647436797556022069678212395538933994508321215047080436432533805770969090816318575515325634996260807683481102651429841818528144569294625639684868870144932650529265135128955505448462468009289679398341135013126223934745980789700619360676905929436716966230436136853740015880638170165146215322252683684015808347873261120561506933928491680242320314246187028413154554951888999385242696657516425773337687132880091667175292968750
717 1740501311915734701704473027803133950132633550757005950111461844695301131540654483237183987780110348391061977694669972541606075235402182162669028854845454081592877576628174981304038417405513257149209092640722846473128198424344350724663252646325675644777527242312340046448396991705675065631119673729903948503096803384529647183584831152180684268700079403190850825731076611263418420079041739366305602807534669642458401211601571230935142065772774759444996926213483287582128866688435664400458335876464843750
718 8702506559578673508522365139015669750663167753785029750557309223476505657703272416185919938900551741955309888473349862708030376177010910813345144274227270407964387883140874906520192087027566285746045463203614232365640992121721753623316263231628378223887636211561700232241984958528375328155598368649519742515484016922648235917924155760903421343500397015954254128655383056317092100395208696831528014037673348212292006058007856154675710328863873797224984631067416437910644333442178322002291679382324218750
719 43512532797893367542611825695078348753315838768925148752786546117382528288516362080929599694502758709776549442366749313540151880885054554066725721371136352039821939415704374532600960435137831428730227316018071161828204960608608768116581316158141891119438181057808501161209924792641876640777991843247598712577420084613241179589620778804517106717501985079771270643276915281585460501976043484157640070188366741061460030290039280773378551644319368986124923155337082189553221667210891610011458396911621093750
720 217562663989466837713059128475391743766579193844625743763932730586912641442581810404647998472513793548882747211833746567700759404425272770333628606855681760199109697078521872663004802175689157143651136580090355809141024803043043840582906580790709455597190905289042505806049623963209383203889959216237993562887100423066205897948103894022585533587509925398856353216384576407927302509880217420788200350941833705307300151450196403866892758221596844930624615776685410947766108336054458050057291984558105468750
721 1087813319947334188565295642376958718832895969223128718819663652934563207212909052023239992362568967744413736059168732838503797022126363851668143034278408800995548485392609363315024010878445785718255682900451779045705124015215219202914532903953547277985954526445212529030248119816046916019449796081189967814435502115331029489740519470112927667937549626994281766081922882039636512549401087103941001754709168526536500757250982019334463791107984224653123078883427054738830541680272290250286459922790527343750
722 5439066599736670942826478211884793594164479846115643594098318264672816036064545260116199961812844838722068680295843664192518985110631819258340715171392044004977742426963046816575120054392228928591278414502258895228525620076076096014572664519767736389929772632226062645151240599080234580097248980405949839072177510576655147448702597350564638339687748134971408830409614410198182562747005435519705008773545842632682503786254910096672318955539921123265615394417135273694152708401361451251432299613952636718750
723 27195332998683354714132391059423967970822399230578217970491591323364080180322726300580999809064224193610343401479218320962594925553159096291703575856960220024888712134815234082875600271961144642956392072511294476142628100380380480072863322598838681949648863161130313225756202995401172900486244902029749195360887552883275737243512986752823191698438740674857044152048072050990912813735027177598525043867729213163412518931274550483361594777699605616328076972085676368470763542006807256257161498069763183593750
724 135976664993416773570661955297119839854111996152891089852457956616820400901613631502904999045321120968051717007396091604812974627765795481458517879284801100124443560674076170414378001359805723214781960362556472380713140501901902400364316612994193409748244315805651566128781014977005864502431224510148745976804437764416378686217564933764115958492193703374285220760240360254954564068675135887992625219338646065817062594656372752416807973888498028081640384860428381842353817710034036281285807490348815917968750
725 679883324967083867853309776485599199270559980764455449262289783084102004508068157514524995226605604840258585036980458024064873138828977407292589396424005500622217803370380852071890006799028616073909801812782361903565702509509512001821583064970967048741221579028257830643905074885029322512156122550743729884022188822081893431087824668820579792460968516871426103801201801274772820343375679439963126096693230329085312973281863762084039869442490140408201924302141909211769088550170181406429037451744079589843750
726 3399416624835419339266548882427995996352799903822277246311448915420510022540340787572624976133028024201292925184902290120324365694144887036462946982120027503111089016851904260359450033995143080369549009063911809517828512547547560009107915324854835243706107895141289153219525374425146612560780612753718649420110944110409467155439123344102898962304842584357130519006009006373864101716878397199815630483466151645426564866409318810420199347212450702041009621510709546058845442750850907032145187258720397949218750
727 16997083124177096696332744412139979981763999519111386231557244577102550112701703937863124880665140121006464625924511450601621828470724435182314734910600137515555445084259521301797250169975715401847745045319559047589142562737737800045539576624274176218530539475706445766097626872125733062803903063768593247100554720552047335777195616720514494811524212921785652595030045031869320508584391985999078152417330758227132824332046594052100996736062253510205048107553547730294227213754254535160725936293601989746093750
728 84985415620885483481663722060699899908819997595556931157786222885512750563508519689315624403325700605032323129622557253008109142353622175911573674553000687577777225421297606508986250849878577009238725226597795237945712813688689000227697883121370881092652697378532228830488134360628665314019515318842966235502773602760236678885978083602572474057621064608928262975150225159346602542921959929995390762086653791135664121660232970260504983680311267551025240537767738651471136068771272675803629681468009948730468750
729 424927078104427417408318610303499499544099987977784655788931114427563752817542598446578122016628503025161615648112786265040545711768110879557868372765003437888886127106488032544931254249392885046193626132988976189728564068443445001138489415606854405463263486892661144152440671803143326570097576594214831177513868013801183394429890418012862370288105323044641314875751125796733012714609799649976953810433268955678320608301164851302524918401556337755126202688838693257355680343856363379018148407340049743652343750
730 2124635390522137087041593051517497497720499939888923278944655572137818764087712992232890610083142515125808078240563931325202728558840554397789341863825017189444430635532440162724656271246964425230968130664944880948642820342217225005692447078034272027316317434463305720762203359015716632850487882971074155887569340069005916972149452090064311851440526615223206574378755628983665063573048998249884769052166344778391603041505824256512624592007781688775631013444193466286778401719281816895090742036700248718261718750
731 10623176952610685435207965257587487488602499699444616394723277860689093820438564961164453050415712575629040391202819656626013642794202771988946709319125085947222153177662200813623281356234822126154840653324724404743214101711086125028462235390171360136581587172316528603811016795078583164252439414855370779437846700345029584860747260450321559257202633076116032871893778144918325317865244991249423845260831723891958015207529121282563122960038908443878155067220967331433892008596409084475453710183501243591308593750
732 53115884763053427176039826287937437443012498497223081973616389303445469102192824805822265252078562878145201956014098283130068213971013859944733546595625429736110765888311004068116406781174110630774203266623622023716070508555430625142311176950856800682907935861582643019055083975392915821262197074276853897189233501725147924303736302251607796286013165380580164359468890724591626589326224956247119226304158619459790076037645606412815614800194542219390775336104836657169460042982045422377268550917506217956542968750
733 265579423815267135880199131439687187215062492486115409868081946517227345510964124029111326260392814390726009780070491415650341069855069299723667732978127148680553829441555020340582033905870553153871016333118110118580352542777153125711555884754284003414539679307913215095275419876964579106310985371384269485946167508625739621518681511258038981430065826902900821797344453622958132946631124781235596131520793097298950380188228032064078074000972711096953876680524183285847300214910227111886342754587531089782714843750
734 1327897119076335679400995657198435936075312462430577049340409732586136727554820620145556631301964071953630048900352457078251705349275346498618338664890635743402769147207775101702910169529352765769355081665590550592901762713885765628557779423771420017072698396539566075476377099384822895531554926856921347429730837543128698107593407556290194907150329134514504108986722268114790664733155623906177980657603965486494751900941140160320390370004863555484769383402620916429236501074551135559431713772937655448913574218750
735 6639485595381678397004978285992179680376562312152885246702048662930683637774103100727783156509820359768150244501762285391258526746376732493091693324453178717013845736038875508514550847646763828846775408327952752964508813569428828142788897118857100085363491982697830377381885496924114477657774634284606737148654187715643490537967037781450974535751645672572520544933611340573953323665778119530889903288019827432473759504705700801601951850024317777423846917013104582146182505372755677797158568864688277244567871093750
736 33197427976908391985024891429960898401882811560764426233510243314653418188870515503638915782549101798840751222508811426956292633731883662465458466622265893585069228680194377542572754238233819144233877041639763764822544067847144140713944485594285500426817459913489151886909427484620572388288873171423033685743270938578217452689835188907254872678758228362862602724668056702869766618328890597654449516440099137162368797523528504008009759250121588887119234585065522910730912526863778388985792844323441386222839355468750
737 165987139884541959925124457149804492009414057803822131167551216573267090944352577518194578912745508994203756112544057134781463168659418312327292333111329467925346143400971887712863771191169095721169385208198818824112720339235720703569722427971427502134087299567445759434547137423102861941444365857115168428716354692891087263449175944536274363393791141814313013623340283514348833091644452988272247582200495685811843987617642520040048796250607944435596172925327614553654562634318891944928964221617206931114196777343750
738 829935699422709799625622285749022460047070289019110655837756082866335454721762887590972894563727544971018780562720285673907315843297091561636461665556647339626730717004859438564318855955845478605846926040994094120563601696178603517848612139857137510670436497837228797172735687115514309707221829285575842143581773464455436317245879722681371816968955709071565068116701417571744165458222264941361237911002478429059219938088212600200243981253039722177980864626638072768272813171594459724644821108086034655570983886718750
739 4149678497113548998128111428745112300235351445095553279188780414331677273608814437954864472818637724855093902813601428369536579216485457808182308327783236698133653585024297192821594279779227393029234630204970470602818008480893017589243060699285687553352182489186143985863678435577571548536109146427879210717908867322277181586229398613406859084844778545357825340583507087858720827291111324706806189555012392145296099690441063001001219906265198610889904323133190363841364065857972298623224105540430173277854919433593750
740 20748392485567744990640557143725561501176757225477766395943902071658386368044072189774322364093188624275469514068007141847682896082427289040911541638916183490668267925121485964107971398896136965146173151024852353014090042404465087946215303496428437766760912445930719929318392177887857742680545732139396053589544336611385907931146993067034295424223892726789126702917535439293604136455556623534030947775061960726480498452205315005006099531325993054449521615665951819206820329289861493116120527702150866389274597167968750
741 103741962427838724953202785718627807505883786127388831979719510358291931840220360948871611820465943121377347570340035709238414480412136445204557708194580917453341339625607429820539856994480684825730865755124261765070450212022325439731076517482142188833804562229653599646591960889439288713402728660696980267947721683056929539655734965335171477121119463633945633514587677196468020682277783117670154738875309803632402492261026575025030497656629965272247608078329759096034101646449307465580602638510754331946372985839843750
742 518709812139193624766013928593139037529418930636944159898597551791459659201101804744358059102329715606886737851700178546192072402060682226022788540972904587266706698128037149102699284972403424128654328775621308825352251060111627198655382587410710944169022811148267998232959804447196443567013643303484901339738608415284647698278674826675857385605597318169728167572938385982340103411388915588350773694376549018162012461305132875125152488283149826361238040391648795480170508232246537327903013192553771659731864929199218750
743 2593549060695968123830069642965695187647094653184720799492987758957298296005509023721790295511648578034433689258500892730960362010303411130113942704864522936333533490640185745513496424862017120643271643878106544126761255300558135993276912937053554720845114055741339991164799022235982217835068216517424506698693042076423238491393374133379286928027986590848640837864691929911700517056944577941753868471882745090810062306525664375625762441415749131806190201958243977400852541161232686639515065962768858298659324645996093750
744 12967745303479840619150348214828475938235473265923603997464938794786491480027545118608951477558242890172168446292504463654801810051517055650569713524322614681667667453200928727567482124310085603216358219390532720633806276502790679966384564685267773604225570278706699955823995111179911089175341082587122533493465210382116192456966870666896434640139932954243204189323459649558502585284722889708769342359413725454050311532628321878128812207078745659030951009791219887004262705806163433197575329813844291493296623229980468750
745 64838726517399203095751741074142379691177366329618019987324693973932457400137725593044757387791214450860842231462522318274009050257585278252848567621613073408338337266004643637837410621550428016081791096952663603169031382513953399831922823426338868021127851393533499779119975555899555445876705412935612667467326051910580962284834353334482173200699664771216020946617298247792512926423614448543846711797068627270251557663141609390644061035393728295154755048956099435021313529030817165987876649069221457466483116149902343750
746 324193632586996015478758705370711898455886831648090099936623469869662287000688627965223786938956072254304211157312611591370045251287926391264242838108065367041691686330023218189187053107752140080408955484763318015845156912569766999159614117131694340105639256967667498895599877779497777229383527064678063337336630259552904811424171766672410866003498323856080104733086491238962564632118072242719233558985343136351257788315708046953220305176968641475773775244780497175106567645154085829939383245346107287332415580749511718750
747 1620968162934980077393793526853559492279434158240450499683117349348311435003443139826118934694780361271521055786563057956850226256439631956321214190540326835208458431650116090945935265538760700402044777423816590079225784562848834995798070585658471700528196284838337494477999388897488886146917635323390316686683151297764524057120858833362054330017491619280400523665432456194812823160590361213596167794926715681756288941578540234766101525884843207378868876223902485875532838225770429149696916226730536436662077903747558593750
748 8104840814674900386968967634267797461397170791202252498415586746741557175017215699130594673473901806357605278932815289784251131282198159781606070952701634176042292158250580454729676327693803502010223887119082950396128922814244174978990352928292358502640981424191687472389996944487444430734588176616951583433415756488822620285604294166810271650087458096402002618327162280974064115802951806067980838974633578408781444707892701173830507629424216036894344381119512429377664191128852145748484581133652682183310389518737792968750
749 40524204073374501934844838171338987306985853956011262492077933733707785875086078495652973367369509031788026394664076448921255656410990798908030354763508170880211460791252902273648381638469017510051119435595414751980644614071220874894951764641461792513204907120958437361949984722437222153672940883084757917167078782444113101428021470834051358250437290482010013091635811404870320579014759030339904194873167892043907223539463505869152538147121080184471721905597562146888320955644260728742422905668263410916551947593688964843750
750 202621020366872509674224190856694936534929269780056312460389668668538929375430392478264866836847545158940131973320382244606278282054953994540151773817540854401057303956264511368241908192345087550255597177977073759903223070356104374474758823207308962566024535604792186809749923612186110768364704415423789585835393912220565507140107354170256791252186452410050065458179057024351602895073795151699520974365839460219536117697317529345762690735605400922358609527987810734441604778221303643712114528341317054582759737968444824218750
751 1013105101834362548371120954283474682674646348900281562301948343342694646877151962391324334184237725794700659866601911223031391410274769972700758869087704272005286519781322556841209540961725437751277985889885368799516115351780521872373794116036544812830122678023960934048749618060930553841823522077118947929176969561102827535700536770851283956260932262050250327290895285121758014475368975758497604871829197301097680588486587646728813453678027004611793047639939053672208023891106518218560572641706585272913798689842224121093750
752 5065525509171812741855604771417373413373231744501407811509741716713473234385759811956621670921188628973503299333009556115156957051373849863503794345438521360026432598906612784206047704808627188756389929449426843997580576758902609361868970580182724064150613390119804670243748090304652769209117610385594739645884847805514137678502683854256419781304661310251251636454476425608790072376844878792488024359145986505488402942432938233644067268390135023058965238199695268361040119455532591092802863208532926364568993449211120605468750
753 25327627545859063709278023857086867066866158722507039057548708583567366171928799059783108354605943144867516496665047780575784785256869249317518971727192606800132162994533063921030238524043135943781949647247134219987902883794513046809344852900913620320753066950599023351218740451523263846045588051927973698229424239027570688392513419271282098906523306551256258182272382128043950361884224393962440121795729932527442014712164691168220336341950675115294826190998476341805200597277662955464014316042664631822844967246055603027343750
754 126638137729295318546390119285434335334330793612535195287743542917836830859643995298915541773029715724337582483325238902878923926284346246587594858635963034000660814972665319605151192620215679718909748236235671099939514418972565234046724264504568101603765334752995116756093702257616319230227940259639868491147121195137853441962567096356410494532616532756281290911361910640219751809421121969812200608978649662637210073560823455841101681709753375576474130954992381709026002986388314777320071580213323159114224836230278015136718750
755 633190688646476592731950596427171676671653968062675976438717714589184154298219976494577708865148578621687912416626194514394619631421731232937974293179815170003304074863326598025755963101078398594548741181178355499697572094862826170233621322522840508018826673764975583780468511288081596151139701298199342455735605975689267209812835481782052472663082663781406454556809553201098759047105609849061003044893248313186050367804117279205508408548766877882370654774961908545130014931941573886600357901066615795571124181151390075683593750
756 3165953443232382963659752982135858383358269840313379882193588572945920771491099882472888544325742893108439562083130972571973098157108656164689871465899075850016520374316632990128779815505391992972743705905891777498487860474314130851168106612614202540094133368824877918902342556440407980755698506490996712278678029878446336049064177408910262363315413318907032272784047766005493795235528049245305015224466241565930251839020586396027542042743834389411853273874809542725650074659707869433001789505333078977855620905756950378417968750
757 15829767216161914818298764910679291916791349201566899410967942864729603857455499412364442721628714465542197810415654862859865490785543280823449357329495379250082601871583164950643899077526959964863718529529458887492439302371570654255840533063071012700470666844124389594511712782202039903778492532454983561393390149392231680245320887044551311816577066594535161363920238830027468976177640246226525076122331207829651259195102931980137710213719171947059266369374047713628250373298539347165008947526665394889278104528784751892089843750
758 79148836080809574091493824553396459583956746007834497054839714323648019287277497061822213608143572327710989052078274314299327453927716404117246786647476896250413009357915824753219495387634799824318592647647294437462196511857853271279202665315355063502353334220621947972558563911010199518892462662274917806966950746961158401226604435222756559082885332972675806819601194150137344880888201231132625380611656039148256295975514659900688551068595859735296331846870238568141251866492696735825044737633326974446390522643923759460449218750
759 395744180404047870457469122766982297919783730039172485274198571618240096436387485309111068040717861638554945260391371571496637269638582020586233933237384481252065046789579123766097476938173999121592963238236472187310982559289266356396013326576775317511766671103109739862792819555050997594462313311374589034834753734805792006133022176113782795414426664863379034098005970750686724404441006155663126903058280195741281479877573299503442755342979298676481659234351192840706259332463483679125223688166634872231952613219618797302246093750
760 1978720902020239352287345613834911489598918650195862426370992858091200482181937426545555340203589308192774726301956857857483186348192910102931169666186922406260325233947895618830487384690869995607964816191182360936554912796446331781980066632883876587558833355515548699313964097775254987972311566556872945174173768674028960030665110880568913977072133324316895170490029853753433622022205030778315634515291400978706407399387866497517213776714896493382408296171755964203531296662317418395626118440833174361159763066098093986511230468750
761 9893604510101196761436728069174557447994593250979312131854964290456002410909687132727776701017946540963873631509784289287415931740964550514655848330934612031301626169739478094152436923454349978039824080955911804682774563982231658909900333164419382937794166777577743496569820488876274939861557832784364725870868843370144800153325554402844569885360666621584475852450149268767168110111025153891578172576457004893532036996939332487586068883574482466912041480858779821017656483311587091978130592204165871805798815330490469932556152343750
762 49468022550505983807183640345872787239972966254896560659274821452280012054548435663638883505089732704819368157548921446437079658704822752573279241654673060156508130848697390470762184617271749890199120404779559023413872819911158294549501665822096914688970833887888717482849102444381374699307789163921823629354344216850724000766627772014222849426803333107922379262250746343835840550555125769457890862882285024467660184984696662437930344417872412334560207404293899105088282416557935459890652961020829359028994076652452349662780761718750
763 247340112752529919035918201729363936199864831274482803296374107261400060272742178318194417525448663524096840787744607232185398293524113762866396208273365300782540654243486952353810923086358749450995602023897795117069364099555791472747508329110484573444854169439443587414245512221906873496538945819609118146771721084253620003833138860071114247134016665539611896311253731719179202752775628847289454314411425122338300924923483312189651722089362061672801037021469495525441412082789677299453264805104146795144970383262261748313903808593750
764 1236700563762649595179591008646819680999324156372414016481870536307000301363710891590972087627243317620484203938723036160926991467620568814331981041366826503912703271217434761769054615431793747254978010119488975585346820497778957363737541645552422867224270847197217937071227561109534367482694729098045590733858605421268100019165694300355571235670083327698059481556268658595896013763878144236447271572057125611691504624617416560948258610446810308364005185107347477627207060413948386497266324025520733975724851916311308741569519042968750
765 6183502818813247975897955043234098404996620781862070082409352681535001506818554457954860438136216588102421019693615180804634957338102844071659905206834132519563516356087173808845273077158968736274890050597444877926734102488894786818687708227762114336121354235986089685356137805547671837413473645490227953669293027106340500095828471501777856178350416638490297407781343292979480068819390721182236357860285628058457523123087082804741293052234051541820025925536737388136035302069741932486331620127603669878624259581556543707847595214843750
766 30917514094066239879489775216170492024983103909310350412046763407675007534092772289774302190681082940512105098468075904023174786690514220358299526034170662597817581780435869044226365385794843681374450252987224389633670512444473934093438541138810571680606771179930448426780689027738359187067368227451139768346465135531702500479142357508889280891752083192451487038906716464897400344096953605911181789301428140292287615615435414023706465261170257709100129627683686940680176510348709662431658100638018349393121297907782718539237976074218750
767 154587570470331199397448876080852460124915519546551752060233817038375037670463861448871510953405414702560525492340379520115873933452571101791497630170853312989087908902179345221131826928974218406872251264936121948168352562222369670467192705694052858403033855899652242133903445138691795935336841137255698841732325677658512502395711787544446404458760415962257435194533582324487001720484768029555908946507140701461438078077177070118532326305851288545500648138418434703400882551743548312158290503190091746965606489538913592696189880371093750
768 772937852351655996987244380404262300624577597732758760301169085191875188352319307244357554767027073512802627461701897600579369667262855508957488150854266564945439544510896726105659134644871092034361256324680609740841762811111848352335963528470264292015169279498261210669517225693458979676684205686278494208661628388292562511978558937722232022293802079811287175972667911622435008602423840147779544732535703507307190390385885350592661631529256442727503240692092173517004412758717741560791452515950458734828032447694567963480949401855468750
769 3864689261758279984936221902021311503122887988663793801505845425959375941761596536221787773835135367564013137308509488002896848336314277544787440754271332824727197722554483630528295673224355460171806281623403048704208814055559241761679817642351321460075846397491306053347586128467294898383421028431392471043308141941462812559892794688611160111469010399056435879863339558112175043012119200738897723662678517536535951951929426752963308157646282213637516203460460867585022063793588707803957262579752293674140162238472839817404747009277343750
770 19323446308791399924681109510106557515614439943318969007529227129796879708807982681108938869175676837820065686542547440014484241681571387723937203771356664123635988612772418152641478366121777300859031408117015243521044070277796208808399088211756607300379231987456530266737930642336474491917105142156962355216540709707314062799463973443055800557345051995282179399316697790560875215060596003694488618313392587682679759759647133764816540788231411068187581017302304337925110318967943539019786312898761468370700811192364199087023735046386718750
771 96617231543956999623405547550532787578072199716594845037646135648984398544039913405544694345878384189100328432712737200072421208407856938619686018856783320618179943063862090763207391830608886504295157040585076217605220351388981044041995441058783036501896159937282651333689653211682372459585525710784811776082703548536570313997319867215279002786725259976410896996583488952804376075302980018472443091566962938413398798798235668824082703941157055340937905086511521689625551594839717695098931564493807341853504055961820995435118675231933593750
772 483086157719784998117027737752663937890360998582974225188230678244921992720199567027723471729391920945501642163563686000362106042039284693098430094283916603090899715319310453816036959153044432521475785202925381088026101756944905220209977205293915182509480799686413256668448266058411862297927628553924058880413517742682851569986599336076395013933626299882054484982917444764021880376514900092362215457834814692066993993991178344120413519705785276704689525432557608448127757974198588475494657822469036709267520279809104977175593376159667968750
773 2415430788598924990585138688763319689451804992914871125941153391224609963600997835138617358646959604727508210817818430001810530210196423465492150471419583015454498576596552269080184795765222162607378926014626905440130508784724526101049886026469575912547403998432066283342241330292059311489638142769620294402067588713414257849932996680381975069668131499410272424914587223820109401882574500461811077289174073460334969969955891720602067598528926383523447627162788042240638789870992942377473289112345183546337601399045524885877966880798339843750
774 12077153942994624952925693443816598447259024964574355629705766956123049818004989175693086793234798023637541054089092150009052651050982117327460752357097915077272492882982761345400923978826110813036894630073134527200652543923622630505249430132347879562737019992160331416711206651460296557448190713848101472010337943567071289249664983401909875348340657497051362124572936119100547009412872502309055386445870367301674849849779458603010337992644631917617238135813940211203193949354964711887366445561725917731688006995227624429389834403991699218750
775 60385769714973124764628467219082992236295124822871778148528834780615249090024945878465433966173990118187705270445460750045263255254910586637303761785489575386362464414913806727004619894130554065184473150365672636003262719618113152526247150661739397813685099960801657083556033257301482787240953569240507360051689717835356446248324917009549376741703287485256810622864680595502735047064362511545276932229351836508374249248897293015051689963223159588086190679069701056015969746774823559436832227808629588658440034976138122146949172019958496093750
776 301928848574865623823142336095414961181475624114358890742644173903076245450124729392327169830869950590938526352227303750226316276274552933186518808927447876931812322074569033635023099470652770325922365751828363180016313598090565762631235753308696989068425499804008285417780166286507413936204767846202536800258448589176782231241624585047746883708516437426284053114323402977513675235321812557726384661146759182541871246244486465075258449816115797940430953395348505280079848733874117797184161139043147943292200174880690610734745860099792480468750
777 1509644242874328119115711680477074805907378120571794453713220869515381227250623646961635849154349752954692631761136518751131581381372764665932594044637239384659061610372845168175115497353263851629611828759141815900081567990452828813156178766543484945342127499020041427088900831432537069681023839231012684001292242945883911156208122925238734418542582187131420265571617014887568376176609062788631923305733795912709356231222432325376292249080578989702154766976742526400399243669370588985920805695215739716461000874403453053673729300498962402343750
778 7548221214371640595578558402385374029536890602858972268566104347576906136253118234808179245771748764773463158805682593755657906906863823329662970223186196923295308051864225840875577486766319258148059143795709079500407839952264144065780893832717424726710637495100207135444504157162685348405119196155063420006461214729419555781040614626193672092712910935657101327858085074437841880883045313943159616528668979563546781156112161626881461245402894948510773834883712632001996218346852944929604028476078698582305004372017265268368646502494812011718750
779 37741106071858202977892792011926870147684453014294861342830521737884530681265591174040896228858743823867315794028412968778289534534319116648314851115930984616476540259321129204377887433831596290740295718978545397502039199761320720328904469163587123633553187475501035677222520785813426742025595980775317100032306073647097778905203073130968360463564554678285506639290425372189209404415226569715798082643344897817733905780560808134407306227014474742553869174418563160009981091734264724648020142380393492911525021860086326341843232512474060058593750
780 188705530359291014889463960059634350738422265071474306714152608689422653406327955870204481144293719119336578970142064843891447672671595583241574255579654923082382701296605646021889437169157981453701478594892726987510195998806603601644522345817935618167765937377505178386112603929067133710127979903876585500161530368235488894526015365654841802317822773391427533196452126860946047022076132848578990413216724489088669528902804040672036531135072373712769345872092815800049905458671323623240100711901967464557625109300431631709216162562370300292968750
781 943527651796455074447319800298171753692111325357371533570763043447113267031639779351022405721468595596682894850710324219457238363357977916207871277898274615411913506483028230109447185845789907268507392974463634937550979994033018008222611729089678090838829686887525891930563019645335668550639899519382927500807651841177444472630076828274209011589113866957137665982260634304730235110380664242894952066083622445443347644514020203360182655675361868563846729360464079000249527293356618116200503559509837322788125546502158158546080812811851501464843750
782 4717638258982275372236599001490858768460556626786857667853815217235566335158198896755112028607342977983414474253551621097286191816789889581039356389491373077059567532415141150547235929228949536342536964872318174687754899970165090041113058645448390454194148434437629459652815098226678342753199497596914637504038259205887222363150384141371045057945569334785688329911303171523651175551903321214474760330418112227216738222570101016800913278376809342819233646802320395001247636466783090581002517797549186613940627732510790792730404064059257507324218750
783 23588191294911376861182995007454293842302783133934288339269076086177831675790994483775560143036714889917072371267758105486430959083949447905196781947456865385297837662075705752736179646144747681712684824361590873438774499850825450205565293227241952270970742172188147298264075491133391713765997487984573187520191296029436111815751920706855225289727846673928441649556515857618255877759516606072373801652090561136083691112850505084004566391884046714096168234011601975006238182333915452905012588987745933069703138662553953963652020320296287536621093750
784 117940956474556884305914975037271469211513915669671441696345380430889158378954972418877800715183574449585361856338790527432154795419747239525983909737284326926489188310378528763680898230723738408563424121807954367193872499254127251027826466136209761354853710860940736491320377455666958568829987439922865937600956480147180559078759603534276126448639233369642208247782579288091279388797583030361869008260452805680418455564252525420022831959420233570480841170058009875031190911669577264525062944938729665348515693312769769818260101601481437683105468750
785 589704782372784421529574875186357346057569578348357208481726902154445791894774862094389003575917872247926809281693952637160773977098736197629919548686421634632445941551892643818404491153618692042817120609039771835969362496270636255139132330681048806774268554304703682456601887278334792844149937199614329688004782400735902795393798017671380632243196166848211041238912896440456396943987915151809345041302264028402092277821262627100114159797101167852404205850290049375155954558347886322625314724693648326742578466563848849091300508007407188415527343750
786 2948523911863922107647874375931786730287847891741786042408634510772228959473874310471945017879589361239634046408469763185803869885493680988149597743432108173162229707759463219092022455768093460214085603045198859179846812481353181275695661653405244033871342771523518412283009436391673964220749685998071648440023912003679513976968990088356903161215980834241055206194564482202281984719939575759046725206511320142010461389106313135500570798985505839262021029251450246875779772791739431613126573623468241633712892332819244245456502540037035942077636718750
787 14742619559319610538239371879658933651439239458708930212043172553861144797369371552359725089397946806198170232042348815929019349427468404940747988717160540865811148538797316095460112278840467301070428015225994295899234062406765906378478308267026220169356713857617592061415047181958369821103748429990358242200119560018397569884844950441784515806079904171205276030972822411011409923599697878795233626032556600710052306945531565677502853994927529196310105146257251234378898863958697158065632868117341208168564461664096221227282512700185179710388183593750
788 73713097796598052691196859398294668257196197293544651060215862769305723986846857761798625446989734030990851160211744079645096747137342024703739943585802704329055742693986580477300561394202336505352140076129971479496170312033829531892391541335131100846783569288087960307075235909791849105518742149951791211000597800091987849424224752208922579030399520856026380154864112055057049617998489393976168130162783003550261534727657828387514269974637645981550525731286256171894494319793485790328164340586706040842822308320481106136412563500925898551940917968750
789 368565488982990263455984296991473341285980986467723255301079313846528619934234288808993127234948670154954255801058720398225483735686710123518699717929013521645278713469932902386502806971011682526760700380649857397480851560169147659461957706675655504233917846440439801535376179548959245527593710749758956055002989000459939247121123761044612895151997604280131900774320560275285248089992446969880840650813915017751307673638289141937571349873188229907752628656431280859472471598967428951640821702933530204214111541602405530682062817504629492759704589843750
790 1842827444914951317279921484957366706429904932338616276505396569232643099671171444044965636174743350774771279005293601991127418678433550617593498589645067608226393567349664511932514034855058412633803501903249286987404257800845738297309788533378277521169589232202199007676880897744796227637968553748794780275014945002299696235605618805223064475759988021400659503871602801376426240449962234849404203254069575088756538368191445709687856749365941149538763143282156404297362357994837144758204108514667651021070557708012027653410314087523147463798522949218750
791 9214137224574756586399607424786833532149524661693081382526982846163215498355857220224828180873716753873856395026468009955637093392167753087967492948225338041131967836748322559662570174275292063169017509516246434937021289004228691486548942666891387605847946161010995038384404488723981138189842768743973901375074725011498481178028094026115322378799940107003297519358014006882131202249811174247021016270347875443782691840957228548439283746829705747693815716410782021486811789974185723791020542573338255105352788540060138267051570437615737318992614746093750
792 46070686122873782931998037123934167660747623308465406912634914230816077491779286101124140904368583769369281975132340049778185466960838765439837464741126690205659839183741612798312850871376460315845087547581232174685106445021143457432744713334456938029239730805054975191922022443619905690949213843719869506875373625057492405890140470130576611893999700535016487596790070034410656011249055871235105081351739377218913459204786142742196418734148528738469078582053910107434058949870928618955102712866691275526763942700300691335257852188078686594963073730468750
793 230353430614368914659990185619670838303738116542327034563174571154080387458896430505620704521842918846846409875661700248890927334804193827199187323705633451028299195918708063991564254356882301579225437737906160873425532225105717287163723566672284690146198654025274875959610112218099528454746069218599347534376868125287462029450702350652883059469998502675082437983950350172053280056245279356175525406758696886094567296023930713710982093670742643692345392910269550537170294749354643094775513564333456377633819713501503456676289260940393432974815368652343750
794 1151767153071844573299950928098354191518690582711635172815872855770401937294482152528103522609214594234232049378308501244454636674020969135995936618528167255141495979593540319957821271784411507896127188689530804367127661125528586435818617833361423450730993270126374379798050561090497642273730346092996737671884340626437310147253511753264415297349992513375412189919751750860266400281226396780877627033793484430472836480119653568554910468353713218461726964551347752685851473746773215473877567821667281888169098567507517283381446304701967164874076843261718750
795 5758835765359222866499754640491770957593452913558175864079364278852009686472410762640517613046072971171160246891542506222273183370104845679979683092640836275707479897967701599789106358922057539480635943447654021835638305627642932179093089166807117253654966350631871898990252805452488211368651730464983688359421703132186550736267558766322076486749962566877060949598758754301332001406131983904388135168967422152364182400598267842774552341768566092308634822756738763429257368733866077369387839108336409440845492837537586416907231523509835824370384216308593750
796 28794178826796114332498773202458854787967264567790879320396821394260048432362053813202588065230364855855801234457712531111365916850524228399898415463204181378537399489838507998945531794610287697403179717238270109178191528138214660895465445834035586268274831753159359494951264027262441056843258652324918441797108515660932753681337793831610382433749812834385304747993793771506660007030659919521940675844837110761820912002991339213872761708842830461543174113783693817146286843669330386846939195541682047204227464187687932084536157617549179121851921081542968750
797 143970894133980571662493866012294273939836322838954396601984106971300242161810269066012940326151824279279006172288562655556829584252621141999492077316020906892686997449192539994727658973051438487015898586191350545890957640691073304477327229170177931341374158765796797474756320136312205284216293261624592208985542578304663768406688969158051912168749064171926523739968968857533300035153299597609703379224185553809104560014956696069363808544214152307715870568918469085731434218346651934234695977708410236021137320938439660422680788087745895609259605407714843750
798 719854470669902858312469330061471369699181614194771983009920534856501210809051345330064701630759121396395030861442813277784147921263105709997460386580104534463434987245962699973638294865257192435079492930956752729454788203455366522386636145850889656706870793828983987373781600681561026421081466308122961044927712891523318842033444845790259560843745320859632618699844844287666500175766497988048516896120927769045522800074783480346819042721070761538579352844592345428657171091733259671173479888542051180105686604692198302113403940438729478046298027038574218750
799 3599272353349514291562346650307356848495908070973859915049602674282506054045256726650323508153795606981975154307214066388920739606315528549987301932900522672317174936229813499868191474326285962175397464654783763647273941017276832611933180729254448283534353969144919936868908003407805132105407331540614805224638564457616594210167224228951297804218726604298163093499224221438332500878832489940242584480604638845227614000373917401734095213605353807692896764222961727143285855458666298355867399442710255900528433023460991510567019702193647390231490135192871093750
800 17996361766747571457811733251536784242479540354869299575248013371412530270226283633251617540768978034909875771536070331944603698031577642749936509664502613361585874681149067499340957371631429810876987323273918818236369705086384163059665903646272241417671769845724599684344540017039025660527036657703074026123192822288082971050836121144756489021093633021490815467496121107191662504394162449701212922403023194226138070001869587008670476068026769038464483821114808635716429277293331491779336997213551279502642165117304957552835098510968236951157450675964355468750
801 89981808833737857289058666257683921212397701774346497876240066857062651351131418166258087703844890174549378857680351659723018490157888213749682548322513066807929373405745337496704786858157149054384936616369594091181848525431920815298329518231361207088358849228622998421722700085195128302635183288515370130615964111440414855254180605723782445105468165107454077337480605535958312521970812248506064612015115971130690350009347935043352380340133845192322419105574043178582146386466657458896684986067756397513210825586524787764175492554841184755787253379821777343750
802 449909044168689286445293331288419606061988508871732489381200334285313256755657090831290438519224450872746894288401758298615092450789441068748412741612565334039646867028726687483523934290785745271924683081847970455909242627159604076491647591156806035441794246143114992108613500425975641513175916442576850653079820557202074276270903028618912225527340825537270386687403027679791562609854061242530323060075579855653451750046739675216761901700669225961612095527870215892910731932333287294483424930338781987566054127932623938820877462774205923778936266899108886718750
803 2249545220843446432226466656442098030309942544358662446906001671426566283778285454156452192596122254363734471442008791493075462253947205343742063708062826670198234335143633437417619671453928726359623415409239852279546213135798020382458237955784030177208971230715574960543067502129878207565879582212884253265399102786010371381354515143094561127636704127686351933437015138398957813049270306212651615300377899278267258750233698376083809508503346129808060477639351079464553659661666436472417124651693909937830270639663119694104387313871029618894681334495544433593750
804 11247726104217232161132333282210490151549712721793312234530008357132831418891427270782260962980611271818672357210043957465377311269736026718710318540314133350991171675718167187088098357269643631798117077046199261397731065678990101912291189778920150886044856153577874802715337510649391037829397911064421266326995513930051856906772575715472805638183520638431759667185075691994789065246351531063258076501889496391336293751168491880419047542516730649040302388196755397322768298308332182362085623258469549689151353198315598470521936569355148094473406672477722167968750
805 56238630521086160805661666411052450757748563608966561172650041785664157094457136353911304814903056359093361786050219787326886556348680133593551592701570666754955858378590835935440491786348218158990585385230996306988655328394950509561455948894600754430224280767889374013576687553246955189146989555322106331634977569650259284533862878577364028190917603192158798335925378459973945326231757655316290382509447481956681468755842459402095237712583653245201511940983776986613841491541660911810428116292347748445756765991577992352609682846775740472367033362388610839843750
806 281193152605430804028308332055262253788742818044832805863250208928320785472285681769556524074515281795466808930251098936634432781743400667967757963507853333774779291892954179677202458931741090794952926926154981534943276641974752547807279744473003772151121403839446870067883437766234775945734947776610531658174887848251296422669314392886820140954588015960793991679626892299869726631158788276581451912547237409783407343779212297010476188562918266226007559704918884933069207457708304559052140581461738742228783829957889961763048414233878702361835166811943054199218750
807 1405965763027154020141541660276311268943714090224164029316251044641603927361428408847782620372576408977334044651255494683172163908717003339838789817539266668873896459464770898386012294658705453974764634630774907674716383209873762739036398722365018860755607019197234350339417188831173879728674738883052658290874439241256482113346571964434100704772940079803969958398134461499348633155793941382907259562736187048917036718896061485052380942814591331130037798524594424665346037288541522795260702907308693711143919149789449808815242071169393511809175834059715270996093750
808 7029828815135770100707708301381556344718570451120820146581255223208019636807142044238913101862882044886670223256277473415860819543585016699193949087696333344369482297323854491930061473293527269873823173153874538373581916049368813695181993611825094303778035095986171751697085944155869398643373694415263291454372196206282410566732859822170503523864700399019849791990672307496743165778969706914536297813680935244585183594480307425261904714072956655650188992622972123326730186442707613976303514536543468555719595748947249044076210355846967559045879170298576354980468750
809 35149144075678850503538541506907781723592852255604100732906276116040098184035710221194565509314410224433351116281387367079304097717925083495969745438481666721847411486619272459650307366467636349369115865769372691867909580246844068475909968059125471518890175479930858758485429720779346993216868472076316457271860981031412052833664299110852517619323501995099248959953361537483715828894848534572681489068404676222925917972401537126309523570364783278250944963114860616633650932213538069881517572682717342778597978744736245220381051779234837795229395851492881774902343750
810 175745720378394252517692707534538908617964261278020503664531380580200490920178551105972827546572051122166755581406936835396520488589625417479848727192408333609237057433096362298251536832338181746845579328846863459339547901234220342379549840295627357594450877399654293792427148603896734966084342360381582286359304905157060264168321495554262588096617509975496244799766807687418579144474242672863407445342023381114629589862007685631547617851823916391254724815574303083168254661067690349407587863413586713892989893723681226101905258896174188976146979257464408874511718750
811 878728601891971262588463537672694543089821306390102518322656902901002454600892755529864137732860255610833777907034684176982602442948127087399243635962041668046185287165481811491257684161690908734227896644234317296697739506171101711897749201478136787972254386998271468962135743019483674830421711801907911431796524525785301320841607477771312940483087549877481223998834038437092895722371213364317037226710116905573147949310038428157738089259119581956273624077871515415841273305338451747037939317067933569464949468618406130509526294480870944880734896287322044372558593750
812 4393643009459856312942317688363472715449106531950512591613284514505012273004463777649320688664301278054168889535173420884913012214740635436996218179810208340230926435827409057456288420808454543671139483221171586483488697530855508559488746007390683939861271934991357344810678715097418374152108559009539557158982622628926506604208037388856564702415437749387406119994170192185464478611856066821585186133550584527865739746550192140788690446295597909781368120389357577079206366526692258735189696585339667847324747343092030652547631472404354724403674481436610221862792968750
813 21968215047299281564711588441817363577245532659752562958066422572525061365022318888246603443321506390270844447675867104424565061073703177184981090899051041701154632179137045287281442104042272718355697416105857932417443487654277542797443730036953419699306359674956786724053393575487091870760542795047697785794913113144632533021040186944282823512077188746937030599970850960927322393059280334107925930667752922639328698732750960703943452231477989548906840601946787885396031832633461293675948482926698339236623736715460153262738157362021773622018372407183051109313964843750
814 109841075236496407823557942209086817886227663298762814790332112862625306825111594441233017216607531951354222238379335522122825305368515885924905454495255208505773160895685226436407210520211363591778487080529289662087217438271387713987218650184767098496531798374783933620266967877435459353802713975238488928974565565723162665105200934721414117560385943734685152999854254804636611965296401670539629653338764613196643493663754803519717261157389947744534203009733939426980159163167306468379742414633491696183118683577300766313690786810108868110091862035915255546569824218750
815 549205376182482039117789711045434089431138316493814073951660564313126534125557972206165086083037659756771111191896677610614126526842579429624527272476276042528865804478426132182036052601056817958892435402646448310436087191356938569936093250923835492482658991873919668101334839387177296769013569876192444644872827828615813325526004673607070587801929718673425764999271274023183059826482008352698148266693823065983217468318774017598586305786949738722671015048669697134900795815836532341898712073167458480915593417886503831568453934050544340550459310179576277732849121093750
816 2746026880912410195588948555227170447155691582469070369758302821565632670627789861030825430415188298783855555959483388053070632634212897148122636362381380212644329022392130660910180263005284089794462177013232241552180435956784692849680466254619177462413294959369598340506674196935886483845067849380962223224364139143079066627630023368035352939009648593367128824996356370115915299132410041763490741333469115329916087341593870087992931528934748693613355075243348485674503979079182661709493560365837292404577967089432519157842269670252721702752296550897881388664245605468750
817 13730134404562050977944742776135852235778457912345351848791514107828163353138949305154127152075941493919277779797416940265353163171064485740613181811906901063221645111960653304550901315026420448972310885066161207760902179783923464248402331273095887312066474796847991702533370984679432419225339246904811116121820695715395333138150116840176764695048242966835644124981781850579576495662050208817453706667345576649580436707969350439964657644673743468066775376216742428372519895395913308547467801829186462022889835447162595789211348351263608513761482754489406943321228027343750
818 68650672022810254889723713880679261178892289561726759243957570539140816765694746525770635760379707469596388898987084701326765815855322428703065909059534505316108225559803266522754506575132102244861554425330806038804510898919617321242011656365479436560332373984239958512666854923397162096126696234524055580609103478576976665690750584200883823475241214834178220624908909252897882478310251044087268533336727883247902183539846752199823288223368717340333876881083712141862599476979566542737339009145932310114449177235812978946056741756318042568807413772447034716606140136718750
819 343253360114051274448618569403396305894461447808633796219787852695704083828473732628853178801898537347981944494935423506633829079276612143515329545297672526580541127799016332613772532875660511224307772126654030194022554494598086606210058281827397182801661869921199792563334274616985810480633481172620277903045517392884883328453752921004419117376206074170891103124544546264489412391551255220436342666683639416239510917699233760999116441116843586701669384405418560709312997384897832713686695045729661550572245886179064894730283708781590212844037068862235173583030700683593750
820 1716266800570256372243092847016981529472307239043168981098939263478520419142368663144265894009492686739909722474677117533169145396383060717576647726488362632902705638995081663068862664378302556121538860633270150970112772472990433031050291409136985914008309349605998962816671373084929052403167405863101389515227586964424416642268764605022095586881030370854455515622722731322447061957756276102181713333418197081197554588496168804995582205584217933508346922027092803546564986924489163568433475228648307752861229430895324473651418543907951064220185344311175867915153503417968750
821 8581334002851281861215464235084907647361536195215844905494696317392602095711843315721329470047463433699548612373385587665845726981915303587883238632441813164513528194975408315344313321891512780607694303166350754850563862364952165155251457045684929570041546748029994814083356865424645262015837029315506947576137934822122083211343823025110477934405151854272277578113613656612235309788781380510908566667090985405987772942480844024977911027921089667541734610135464017732824934622445817842167376143241538764306147154476622368257092719539755321100926721555879339575767517089843750
822 42906670014256409306077321175424538236807680976079224527473481586963010478559216578606647350237317168497743061866927938329228634909576517939416193162209065822567640974877041576721566609457563903038471515831753774252819311824760825776257285228424647850207733740149974070416784327123226310079185146577534737880689674110610416056719115125552389672025759271361387890568068283061176548943906902554542833335454927029938864712404220124889555139605448337708673050677320088664124673112229089210836880716207693821530735772383111841285463597698776605504633607779396697878837585449218750
823 214533350071282046530386605877122691184038404880396122637367407934815052392796082893033236751186585842488715309334639691646143174547882589697080965811045329112838204874385207883607833047287819515192357579158768871264096559123804128881286426142123239251038668700749870352083921635616131550395925732887673689403448370553052080283595575627761948360128796356806939452840341415305882744719534512772714166677274635149694323562021100624447775698027241688543365253386600443320623365561145446054184403581038469107653678861915559206427317988493883027523168038896983489394187927246093750
824 1072666750356410232651933029385613455920192024401980613186837039674075261963980414465166183755932929212443576546673198458230715872739412948485404829055226645564191024371926039418039165236439097575961787895793844356320482795619020644406432130710616196255193343503749351760419608178080657751979628664438368447017241852765260401417977878138809741800643981784034697264201707076529413723597672563863570833386373175748471617810105503122238878490136208442716826266933002216603116827805727230270922017905192345538268394309577796032136589942469415137615840194484917446970939636230468750
825 5363333751782051163259665146928067279600960122009903065934185198370376309819902072325830918779664646062217882733365992291153579363697064742427024145276133227820955121859630197090195826182195487879808939478969221781602413978095103222032160653553080981275966717518746758802098040890403288759898143322191842235086209263826302007089889390694048709003219908920173486321008535382647068617988362819317854166931865878742358089050527515611194392450681042213584131334665011083015584139028636151354610089525961727691341971547888980160682949712347075688079200972424587234854698181152343750
826 26816668758910255816298325734640336398004800610049515329670925991851881549099510361629154593898323230311089413666829961455767896818485323712135120726380666139104775609298150985450979130910977439399044697394846108908012069890475516110160803267765404906379833587593733794010490204452016443799490716610959211175431046319131510035449446953470243545016099544600867431605042676913235343089941814096589270834659329393711790445252637578055971962253405211067920656673325055415077920695143180756773050447629808638456709857739444900803414748561735378440396004862122936174273490905761718750
827 134083343794551279081491628673201681990024003050247576648354629959259407745497551808145772969491616151555447068334149807278839484092426618560675603631903330695523878046490754927254895654554887196995223486974230544540060349452377580550804016338827024531899167937968668970052451022260082218997453583054796055877155231595657550177247234767351217725080497723004337158025213384566176715449709070482946354173296646968558952226263187890279859811267026055339603283366625277075389603475715903783865252238149043192283549288697224504017073742808676892201980024310614680871367454528808593750
828 670416718972756395407458143366008409950120015251237883241773149796297038727487759040728864847458080757777235341670749036394197420462133092803378018159516653477619390232453774636274478272774435984976117434871152722700301747261887902754020081694135122659495839689843344850262255111300411094987267915273980279385776157978287750886236173836756088625402488615021685790126066922830883577248545352414731770866483234842794761131315939451399299056335130276698016416833126385376948017378579518919326261190745215961417746443486122520085368714043384461009900121553073404356837272644042968750
829 3352083594863781977037290716830042049750600076256189416208865748981485193637438795203644324237290403788886176708353745181970987102310665464016890090797583267388096951162268873181372391363872179924880587174355763613501508736309439513770100408470675613297479198449216724251311275556502055474936339576369901396928880789891438754431180869183780443127012443075108428950630334614154417886242726762073658854332416174213973805656579697256996495281675651383490082084165631926884740086892897594596631305953726079807088732217430612600426843570216922305049500607765367021784186363220214843750
830 16760417974318909885186453584150210248753000381280947081044328744907425968187193976018221621186452018944430883541768725909854935511553327320084450453987916336940484755811344365906861956819360899624402935871778818067507543681547197568850502042353378066487395992246083621256556377782510277374681697881849506984644403949457193772155904345918902215635062215375542144753151673070772089431213633810368294271662080871069869028282898486284982476408378256917450410420828159634423700434464487972983156529768630399035443661087153063002134217851084611525247503038826835108920931816101074218750
831 83802089871594549425932267920751051243765001906404735405221643724537129840935969880091108105932260094722154417708843629549274677557766636600422252269939581684702423779056721829534309784096804498122014679358894090337537718407735987844252510211766890332436979961230418106282781888912551386873408489409247534923222019747285968860779521729594511078175311076877710723765758365353860447156068169051841471358310404355349345141414492431424912382041891284587252052104140798172118502172322439864915782648843151995177218305435765315010671089255423057626237515194134175544604659080505371093750
832 419010449357972747129661339603755256218825009532023677026108218622685649204679849400455540529661300473610772088544218147746373387788833183002111261349697908423512118895283609147671548920484022490610073396794470451687688592038679939221262551058834451662184899806152090531413909444562756934367042447046237674616110098736429844303897608647972555390876555384388553618828791826769302235780340845259207356791552021776746725707072462157124561910209456422936260260520703990860592510861612199324578913244215759975886091527178826575053355446277115288131187575970670877723023295402526855468750
833 2095052246789863735648306698018776281094125047660118385130541093113428246023399247002277702648306502368053860442721090738731866938944165915010556306748489542117560594476418045738357744602420112453050366983972352258438442960193399696106312755294172258310924499030760452657069547222813784671835212235231188373080550493682149221519488043239862776954382776921942768094143959133846511178901704226296036783957760108883733628535362310785622809551047282114681301302603519954302962554308060996622894566221078799879430457635894132875266777231385576440655937879853354388615116477012634277343750
834 10475261233949318678241533490093881405470625238300591925652705465567141230116996235011388513241532511840269302213605453693659334694720829575052781533742447710587802972382090228691788723012100562265251834919861761292192214800966998480531563776470861291554622495153802263285347736114068923359176061176155941865402752468410746107597440216199313884771913884609713840470719795669232555894508521131480183919788800544418668142676811553928114047755236410573406506513017599771514812771540304983114472831105393999397152288179470664376333886156927882203279689399266771943075582385063171386718750
835 52376306169746593391207667450469407027353126191502959628263527327835706150584981175056942566207662559201346511068027268468296673473604147875263907668712238552939014861910451143458943615060502811326259174599308806460961074004834992402657818882354306457773112475769011316426738680570344616795880305880779709327013762342053730537987201080996569423859569423048569202353598978346162779472542605657400919598944002722093340713384057769640570238776182052867032532565087998857574063857701524915572364155526969996985761440897353321881669430784639411016398446996333859715377911925315856933593750
836 261881530848732966956038337252347035136765630957514798141317636639178530752924905875284712831038312796006732555340136342341483367368020739376319538343561192764695074309552255717294718075302514056631295872996544032304805370024174962013289094411771532288865562378845056582133693402851723083979401529403898546635068811710268652689936005404982847119297847115242846011767994891730813897362713028287004597994720013610466703566920288848202851193880910264335162662825439994287870319288507624577861820777634849984928807204486766609408347153923197055081992234981669298576889559626579284667968750
837 1309407654243664834780191686261735175683828154787573990706588183195892653764624529376423564155191563980033662776700681711707416836840103696881597691717805963823475371547761278586473590376512570283156479364982720161524026850120874810066445472058857661444327811894225282910668467014258615419897007647019492733175344058551343263449680027024914235596489235576214230058839974458654069486813565141435022989973600068052333517834601444241014255969404551321675813314127199971439351596442538122889309103888174249924644036022433833047041735769615985275409961174908346492884447798132896423339843750
838 6547038271218324173900958431308675878419140773937869953532940915979463268823122646882117820775957819900168313883503408558537084184200518484407988458589029819117376857738806392932367951882562851415782396824913600807620134250604374050332227360294288307221639059471126414553342335071293077099485038235097463665876720292756716317248400135124571177982446177881071150294199872293270347434067825707175114949868000340261667589173007221205071279847022756608379066570635999857196757982212690614446545519440871249623220180112169165235208678848079926377049805874541732464422238990664482116699218750
839 32735191356091620869504792156543379392095703869689349767664704579897316344115613234410589103879789099500841569417517042792685420921002592422039942292945149095586884288694031964661839759412814257078911984124568004038100671253021870251661136801471441536108195297355632072766711675356465385497425191175487318329383601463783581586242000675622855889912230889405355751470999361466351737170339128535875574749340001701308337945865036106025356399235113783041895332853179999285983789911063453072232727597204356248116100900560845826176043394240399631885249029372708662322111194953322410583496093750
840 163675956780458104347523960782716896960478519348446748838323522899486581720578066172052945519398945497504207847087585213963427104605012962110199711464725745477934421443470159823309198797064071285394559920622840020190503356265109351258305684007357207680540976486778160363833558376782326927487125955877436591646918007318917907931210003378114279449561154447026778757354996807331758685851695642679377873746700008506541689729325180530126781996175568915209476664265899996429918949555317265361163637986021781240580504502804229130880216971201998159426245146863543311610555974766612052917480468750
841 818379783902290521737619803913584484802392596742233744191617614497432908602890330860264727596994727487521039235437926069817135523025064810550998557323628727389672107217350799116545993985320356426972799603114200100952516781325546756291528420036786038402704882433890801819167791883911634637435629779387182958234590036594589539656050016890571397247805772235133893786774984036658793429258478213396889368733500042532708448646625902650633909980877844576047383321329499982149594747776586326805818189930108906202902522514021145654401084856009990797131225734317716558052779873833060264587402343750
842 4091898919511452608688099019567922424011962983711168720958088072487164543014451654301323637984973637437605196177189630349085677615125324052754992786618143636948360536086753995582729969926601782134863998015571000504762583906627733781457642100183930192013524412169454009095838959419558173187178148896935914791172950182972947698280250084452856986239028861175669468933874920183293967146292391066984446843667500212663542243233129513253169549904389222880236916606647499910747973738882931634029090949650544531014512612570105728272005424280049953985656128671588582790263899369165301322937011718750
843 20459494597557263043440495097839612120059814918555843604790440362435822715072258271506618189924868187188025980885948151745428388075626620263774963933090718184741802680433769977913649849633008910674319990077855002523812919533138668907288210500919650960067622060847270045479194797097790865935890744484679573955864750914864738491401250422264284931195144305878347344669374600916469835731461955334922234218337501063317711216165647566265847749521946114401184583033237499553739868694414658170145454748252722655072563062850528641360027121400249769928280643357942913951319496845826506614685058593750
844 102297472987786315217202475489198060600299074592779218023952201812179113575361291357533090949624340935940129904429740758727141940378133101318874819665453590923709013402168849889568249248165044553371599950389275012619064597665693344536441052504598254800338110304236350227395973985488954329679453722423397869779323754574323692457006252111321424655975721529391736723346873004582349178657309776674611171091687505316588556080828237831329238747609730572005922915166187497768699343472073290850727273741263613275362815314252643206800135607001248849641403216789714569756597484229132533073425292968750
845 511487364938931576086012377445990303001495372963896090119761009060895567876806456787665454748121704679700649522148703793635709701890665506594374098327267954618545067010844249447841246240825222766857999751946375063095322988328466722682205262522991274001690551521181751136979869927444771648397268612116989348896618772871618462285031260556607123279878607646958683616734365022911745893286548883373055855458437526582942780404141189156646193738048652860029614575830937488843496717360366454253636368706318066376814076571263216034000678035006244248207016083948572848782987421145662665367126464843750
846 2557436824694657880430061887229951515007476864819480450598805045304477839384032283938327273740608523398503247610743518968178548509453327532971870491636339773092725335054221247239206231204126113834289998759731875315476614941642333613411026312614956370008452757605908755684899349637223858241986343060584946744483093864358092311425156302783035616399393038234793418083671825114558729466432744416865279277292187632914713902020705945783230968690243264300148072879154687444217483586801832271268181843531590331884070382856316080170003390175031221241035080419742864243914937105728313326835632324218750
847 12787184123473289402150309436149757575037384324097402252994025226522389196920161419691636368703042616992516238053717594840892742547266637664859352458181698865463626675271106236196031156020630569171449993798659376577383074708211668067055131563074781850042263788029543778424496748186119291209931715302924733722415469321790461557125781513915178081996965191173967090418359125572793647332163722084326396386460938164573569510103529728916154843451216321500740364395773437221087417934009161356340909217657951659420351914281580400850016950875156106205175402098714321219574685528641566634178161621093750
848 63935920617366447010751547180748787875186921620487011264970126132611945984600807098458181843515213084962581190268587974204463712736333188324296762290908494327318133376355531180980155780103152845857249968993296882886915373541058340335275657815373909250211318940147718892122483740930596456049658576514623668612077346608952307785628907569575890409984825955869835452091795627863968236660818610421631981932304690822867847550517648644580774217256081607503701821978867186105437089670045806781704546088289758297101759571407902004250084754375780531025877010493571606097873427643207833170890808105468750
849 319679603086832235053757735903743939375934608102435056324850630663059729923004035492290909217576065424812905951342939871022318563681665941621483811454542471636590666881777655904900778900515764229286249844966484414434576867705291701676378289076869546251056594700738594460612418704652982280248292882573118343060386733044761538928144537847879452049924129779349177260458978139319841183304093052108159909661523454114339237752588243222903871086280408037518509109894335930527185448350229033908522730441448791485508797857039510021250423771878902655129385052467858030489367138216039165854454040527343750
850 1598398015434161175268788679518719696879673040512175281624253153315298649615020177461454546087880327124064529756714699355111592818408329708107419057272712358182953334408888279524503894502578821146431249224832422072172884338526458508381891445384347731255282973503692972303062093523264911401241464412865591715301933665223807694640722689239397260249620648896745886302294890696599205916520465260540799548307617270571696188762941216114519355431402040187592545549471679652635927241751145169542613652207243957427543989285197550106252118859394513275646925262339290152446835691080195829272270202636718750
851 7991990077170805876343943397593598484398365202560876408121265766576493248075100887307272730439401635620322648783573496775557964092041648540537095286363561790914766672044441397622519472512894105732156246124162110360864421692632292541909457226921738656276414867518464861515310467616324557006207322064327958576509668326119038473203613446196986301248103244483729431511474453482996029582602326302703997741538086352858480943814706080572596777157010200937962727747358398263179636208755725847713068261036219787137719946425987750531260594296972566378234626311696450762234178455400979146361351013183593750
852 39959950385854029381719716987967992421991826012804382040606328832882466240375504436536363652197008178101613243917867483877789820460208242702685476431817808954573833360222206988112597362564470528660781230620810551804322108463161462709547286134608693281382074337592324307576552338081622785031036610321639792882548341630595192366018067230984931506240516222418647157557372267414980147913011631513519988707690431764292404719073530402862983885785051004689813638736791991315898181043778629238565341305181098935688599732129938752656302971484862831891173131558482253811170892277004895731806755065917968750
853 199799751929270146908598584939839962109959130064021910203031644164412331201877522182681818260985040890508066219589337419388949102301041213513427382159089044772869166801111034940562986812822352643303906153104052759021610542315807313547736430673043466406910371687961621537882761690408113925155183051608198964412741708152975961830090336154924657531202581112093235787786861337074900739565058157567599943538452158821462023595367652014314919428925255023449068193683959956579490905218893146192826706525905494678442998660649693763281514857424314159455865657792411269055854461385024478659033775329589843750
854 998998759646350734542992924699199810549795650320109551015158220822061656009387610913409091304925204452540331097946687096944745511505206067567136910795445223864345834005555174702814934064111763216519530765520263795108052711579036567738682153365217332034551858439808107689413808452040569625775915258040994822063708540764879809150451680774623287656012905560466178938934306685374503697825290787837999717692260794107310117976838260071574597144626275117245340968419799782897454526094465730964133532629527473392214993303248468816407574287121570797279328288962056345279272306925122393295168876647949218750
855 4994993798231753672714964623495999052748978251600547755075791104110308280046938054567045456524626022262701655489733435484723727557526030337835684553977226119321729170027775873514074670320558816082597653827601318975540263557895182838693410766826086660172759292199040538447069042260202848128879576290204974110318542703824399045752258403873116438280064527802330894694671533426872518489126453939189998588461303970536550589884191300357872985723131375586226704842098998914487272630472328654820667663147637366961074966516242344082037871435607853986396641444810281726396361534625611966475844383239746093750
856 24974968991158768363574823117479995263744891258002738775378955520551541400234690272835227282623130111313508277448667177423618637787630151689178422769886130596608645850138879367570373351602794080412988269138006594877701317789475914193467053834130433300863796460995202692235345211301014240644397881451024870551592713519121995228761292019365582191400322639011654473473357667134362592445632269695949992942306519852682752949420956501789364928615656877931133524210494994572436363152361643274103338315738186834805374832581211720410189357178039269931983207224051408631981807673128059832379221916198730468750
857 124874844955793841817874115587399976318724456290013693876894777602757707001173451364176136413115650556567541387243335887118093188938150758445892113849430652983043229250694396837851866758013970402064941345690032974388506588947379570967335269170652166504318982304976013461176726056505071203221989407255124352757963567595609976143806460096827910957001613195058272367366788335671812962228161348479749964711532599263413764747104782508946824643078284389655667621052474972862181815761808216370516691578690934174026874162906058602050946785890196349659916036120257043159909038365640299161896109580993652343750
858 624374224778969209089370577936999881593622281450068469384473888013788535005867256820880682065578252782837706936216679435590465944690753792229460569247153264915216146253471984189259333790069852010324706728450164871942532944736897854836676345853260832521594911524880067305883630282525356016109947036275621763789817837978049880719032300484139554785008065975291361836833941678359064811140806742398749823557662996317068823735523912544734123215391421948278338105262374864310909078809041081852583457893454670870134370814530293010254733929450981748299580180601285215799545191828201495809480547904968261718750
859 3121871123894846045446852889684999407968111407250342346922369440068942675029336284104403410327891263914188534681083397177952329723453768961147302846235766324576080731267359920946296668950349260051623533642250824359712664723684489274183381729266304162607974557624400336529418151412626780080549735181378108818949089189890249403595161502420697773925040329876456809184169708391795324055704033711993749117788314981585344118677619562723670616076957109741391690526311874321554545394045205409262917289467273354350671854072651465051273669647254908741497900903006426078997725959141007479047402739524841308593750
860 15609355619474230227234264448424997039840557036251711734611847200344713375146681420522017051639456319570942673405416985889761648617268844805736514231178831622880403656336799604731483344751746300258117668211254121798563323618422446370916908646331520813039872788122001682647090757063133900402748675906890544094745445949451247017975807512103488869625201649382284045920848541958976620278520168559968745588941574907926720593388097813618353080384785548706958452631559371607772726970226027046314586447336366771753359270363257325256368348236274543707489504515032130394988629795705037395237013697624206542968750
861 78046778097371151136171322242124985199202785181258558673059236001723566875733407102610085258197281597854713367027084929448808243086344224028682571155894158114402018281683998023657416723758731501290588341056270608992816618092112231854584543231657604065199363940610008413235453785315669502013743379534452720473727229747256235089879037560517444348126008246911420229604242709794883101392600842799843727944707874539633602966940489068091765401923927743534792263157796858038863634851130135231572932236681833858766796351816286626281841741181372718537447522575160651974943148978525186976185068488121032714843750
862 390233890486855755680856611210624925996013925906292793365296180008617834378667035513050426290986407989273566835135424647244041215431721120143412855779470790572010091408419990118287083618793657506452941705281353044964083090460561159272922716158288020325996819703050042066177268926578347510068716897672263602368636148736281175449395187802587221740630041234557101148021213548974415506963004213999218639723539372698168014834702445340458827009619638717673961315788984290194318174255650676157864661183409169293833981759081433131409208705906863592687237612875803259874715744892625934880925342440605163574218750
863 1951169452434278778404283056053124629980069629531463966826480900043089171893335177565252131454932039946367834175677123236220206077158605600717064278897353952860050457042099950591435418093968287532264708526406765224820415452302805796364613580791440101629984098515250210330886344632891737550343584488361318011843180743681405877246975939012936108703150206172785505740106067744872077534815021069996093198617696863490840074173512226702294135048098193588369806578944921450971590871278253380789323305917045846469169908795407165657046043529534317963436188064379016299373578724463129674404626712203025817871093750
864 9755847262171393892021415280265623149900348147657319834132404500215445859466675887826260657274660199731839170878385616181101030385793028003585321394486769764300252285210499752957177090469841437661323542632033826124102077261514028981823067903957200508149920492576251051654431723164458687751717922441806590059215903718407029386234879695064680543515751030863927528700530338724360387674075105349980465993088484317454200370867561133511470675240490967941849032894724607254857954356391266903946616529585229232345849543977035828285230217647671589817180940321895081496867893622315648372023133561015129089355468750
865 48779236310856969460107076401328115749501740738286599170662022501077229297333379439131303286373300998659195854391928080905505151928965140017926606972433848821501261426052498764785885452349207188306617713160169130620510386307570144909115339519786002540749602462881255258272158615822293438758589612209032950296079518592035146931174398475323402717578755154319637643502651693621801938370375526749902329965442421587271001854337805667557353376202454839709245164473623036274289771781956334519733082647926146161729247719885179141426151088238357949085904701609475407484339468111578241860115667805075645446777343750
866 243896181554284847300535382006640578747508703691432995853310112505386146486666897195656516431866504993295979271959640404527525759644825700089633034862169244107506307130262493823929427261746035941533088565800845653102551931537850724545576697598930012703748012314406276291360793079111467193792948061045164751480397592960175734655871992376617013587893775771598188217513258468109009691851877633749511649827212107936355009271689028337786766881012274198546225822368115181371448858909781672598665413239630730808646238599425895707130755441191789745429523508047377037421697340557891209300578339025378227233886718750
867 1219480907771424236502676910033202893737543518457164979266550562526930732433334485978282582159332524966479896359798202022637628798224128500448165174310846220537531535651312469119647136308730179707665442829004228265512759657689253622727883487994650063518740061572031381456803965395557335968964740305225823757401987964800878673279359961883085067939468878857990941087566292340545048459259388168747558249136060539681775046358445141688933834405061370992731129111840575906857244294548908362993327066198153654043231192997129478535653777205958948727147617540236885187108486702789456046502891695126891136169433593750
868 6097404538857121182513384550166014468687717592285824896332752812634653662166672429891412910796662624832399481798991010113188143991120642502240825871554231102687657678256562345598235681543650898538327214145021141327563798288446268113639417439973250317593700307860156907284019826977786679844823701526129118787009939824004393366396799809415425339697344394289954705437831461702725242296296940843737791245680302698408875231792225708444669172025306854963655645559202879534286221472744541814966635330990768270216155964985647392678268886029794743635738087701184425935542433513947280232514458475634455680847167968750
869 30487022694285605912566922750830072343438587961429124481663764063173268310833362149457064553983313124161997408994955050565940719955603212511204129357771155513438288391282811727991178407718254492691636070725105706637818991442231340568197087199866251587968501539300784536420099134888933399224118507630645593935049699120021966831983999047077126698486721971449773527189157308513626211481484704218688956228401513492044376158961128542223345860126534274818278227796014397671431107363722709074833176654953841351080779824928236963391344430148973718178690438505922129677712167569736401162572292378172278404235839843750
870 152435113471428029562834613754150361717192939807145622408318820315866341554166810747285322769916565620809987044974775252829703599778016062556020646788855777567191441956414058639955892038591272463458180353625528533189094957211156702840985435999331257939842507696503922682100495674444666996120592538153227969675248495600109834159919995235385633492433609857248867635945786542568131057407423521093444781142007567460221880794805642711116729300632671374091391138980071988357155536818613545374165883274769206755403899124641184816956722150744868590893452192529610648388560837848682005812861461890861392021179199218750
871 762175567357140147814173068770751808585964699035728112041594101579331707770834053736426613849582828104049935224873876264148517998890080312780103233944278887835957209782070293199779460192956362317290901768127642665945474786055783514204927179996656289699212538482519613410502478372223334980602962690766139848376242478000549170799599976176928167462168049286244338179728932712840655287037117605467223905710037837301109403974028213555583646503163356870456955694900359941785777684093067726870829416373846033777019495623205924084783610753724342954467260962648053241942804189243410029064307309454306960105895996093750
872 3810877836785700739070865343853759042929823495178640560207970507896658538854170268682133069247914140520249676124369381320742589994450401563900516169721394439179786048910351465998897300964781811586454508840638213329727373930278917571024635899983281448496062692412598067052512391861116674903014813453830699241881212390002745853997999880884640837310840246431221690898644663564203276435185588027336119528550189186505547019870141067777918232515816784352284778474501799708928888420465338634354147081869230168885097478116029620423918053768621714772336304813240266209714020946217050145321536547271534800529479980468750
873 19054389183928503695354326719268795214649117475893202801039852539483292694270851343410665346239570702601248380621846906603712949972252007819502580848606972195898930244551757329994486504823909057932272544203191066648636869651394587855123179499916407242480313462062990335262561959305583374515074067269153496209406061950013729269989999404423204186554201232156108454493223317821016382175927940136680597642750945932527735099350705338889591162579083921761423892372508998544644442102326693171770735409346150844425487390580148102119590268843108573861681524066201331048570104731085250726607682736357674002647399902343750
874 95271945919642518476771633596343976073245587379466014005199262697416463471354256717053326731197853513006241903109234533018564749861260039097512904243034860979494651222758786649972432524119545289661362721015955333243184348256972939275615897499582036212401567310314951676312809796527916872575370336345767481047030309750068646349949997022116020932771006160780542272466116589105081910879639700683402988213754729662638675496753526694447955812895419608807119461862544992723222210511633465858853677046730754222127436952900740510597951344215542869308407620331006655242850523655426253633038413681788370013236999511718750
875 476359729598212592383858167981719880366227936897330070025996313487082317356771283585266633655989267565031209515546172665092823749306300195487564521215174304897473256113793933249862162620597726448306813605079776666215921741284864696378079487497910181062007836551574758381564048982639584362876851681728837405235151548750343231749749985110580104663855030803902711362330582945525409554398198503417014941068773648313193377483767633472239779064477098044035597309312724963616111052558167329294268385233653771110637184764503702552989756721077714346542038101655033276214252618277131268165192068408941850066184997558593750
876 2381798647991062961919290839908599401831139684486650350129981567435411586783856417926333168279946337825156047577730863325464118746531500977437822606075871524487366280568969666249310813102988632241534068025398883331079608706424323481890397437489550905310039182757873791907820244913197921814384258408644187026175757743751716158748749925552900523319275154019513556811652914727627047771990992517085074705343868241565966887418838167361198895322385490220177986546563624818080555262790836646471341926168268855553185923822518512764948783605388571732710190508275166381071263091385656340825960342044709250330924987792968750
877 11908993239955314809596454199542997009155698422433251750649907837177057933919282089631665841399731689125780237888654316627320593732657504887189113030379357622436831402844848331246554065514943161207670340126994416655398043532121617409451987187447754526550195913789368959539101224565989609071921292043220935130878788718758580793743749627764502616596375770097567784058264573638135238859954962585425373526719341207829834437094190836805994476611927451100889932732818124090402776313954183232356709630841344277765929619112592563824743918026942858663550952541375831905356315456928281704129801710223546251654624938964843750
878 59544966199776574047982270997714985045778492112166258753249539185885289669596410448158329206998658445628901189443271583136602968663287524435945565151896788112184157014224241656232770327574715806038351700634972083276990217660608087047259935937238772632750979568946844797695506122829948045359606460216104675654393943593792903968718748138822513082981878850487838920291322868190676194299774812927126867633596706039149172185470954184029972383059637255504449663664090620452013881569770916161783548154206721388829648095562962819123719590134714293317754762706879159526781577284641408520649008551117731258273124694824218750
879 297724830998882870239911354988574925228892460560831293766247695929426448347982052240791646034993292228144505947216357915683014843316437622179727825759483940560920785071121208281163851637873579030191758503174860416384951088303040435236299679686193863163754897844734223988477530614149740226798032301080523378271969717968964519843593740694112565414909394252439194601456614340953380971498874064635634338167983530195745860927354770920149861915298186277522248318320453102260069407848854580808917740771033606944148240477814814095618597950673571466588773813534395797633907886423207042603245042755588656291365623474121093750
880 1488624154994414351199556774942874626144462302804156468831238479647132241739910261203958230174966461140722529736081789578415074216582188110898639128797419702804603925355606041405819258189367895150958792515874302081924755441515202176181498398430969315818774489223671119942387653070748701133990161505402616891359848589844822599217968703470562827074546971262195973007283071704766904857494370323178171690839917650978729304636773854600749309576490931387611241591602265511300347039244272904044588703855168034720741202389074070478092989753367857332943869067671978988169539432116035213016225213777943281456828117370605468750
881 7443120774972071755997783874714373130722311514020782344156192398235661208699551306019791150874832305703612648680408947892075371082910940554493195643987098514023019626778030207029096290946839475754793962579371510409623777207576010880907491992154846579093872446118355599711938265353743505669950807527013084456799242949224112996089843517352814135372734856310979865036415358523834524287471851615890858454199588254893646523183869273003746547882454656938056207958011327556501735196221364520222943519275840173603706011945370352390464948766839286664719345338359894940847697160580176065081126068889716407284140586853027343750
882 37215603874860358779988919373571865653611557570103911720780961991178306043497756530098955754374161528518063243402044739460376855414554702772465978219935492570115098133890151035145481454734197378773969812896857552048118886037880054404537459960774232895469362230591777998559691326768717528349754037635065422283996214746120564980449217586764070676863674281554899325182076792619172621437359258079454292270997941274468232615919346365018732739412273284690281039790056637782508675981106822601114717596379200868018530059726851761952324743834196433323596726691799474704238485802900880325405630344448582036420702934265136718750
883 186078019374301793899944596867859328268057787850519558603904809955891530217488782650494778771870807642590316217010223697301884277072773513862329891099677462850575490669450755175727407273670986893869849064484287760240594430189400272022687299803871164477346811152958889992798456633843587641748770188175327111419981073730602824902246087933820353384318371407774496625910383963095863107186796290397271461354989706372341163079596731825093663697061366423451405198950283188912543379905534113005573587981896004340092650298634258809761623719170982166617983633458997373521192429014504401627028151722242910182103514671325683593750
884 930390096871508969499722984339296641340288939252597793019524049779457651087443913252473893859354038212951581085051118486509421385363867569311649455498387314252877453347253775878637036368354934469349245322421438801202972150947001360113436499019355822386734055764794449963992283169217938208743850940876635557099905368653014124511230439669101766921591857038872483129551919815479315535933981451986357306774948531861705815397983659125468318485306832117257025994751415944562716899527670565027867939909480021700463251493171294048808118595854910833089918167294986867605962145072522008135140758611214550910517573356628417968750
885 4651950484357544847498614921696483206701444696262988965097620248897288255437219566262369469296770191064757905425255592432547106926819337846558247277491936571264387266736268879393185181841774672346746226612107194006014860754735006800567182495096779111933670278823972249819961415846089691043719254704383177785499526843265070622556152198345508834607959285194362415647759599077396577679669907259931786533874742659308529076989918295627341592426534160586285129973757079722813584497638352825139339699547400108502316257465856470244040592979274554165449590836474934338029810725362610040675703793056072754552587866783142089843750
886 23259752421787724237493074608482416033507223481314944825488101244486441277186097831311847346483850955323789527126277962162735534634096689232791236387459682856321936333681344396965925909208873361733731133060535970030074303773675034002835912475483895559668351394119861249099807079230448455218596273521915888927497634216325353112780760991727544173039796425971812078238797995386982888398349536299658932669373713296542645384949591478136707962132670802931425649868785398614067922488191764125696698497737000542511581287329282351220202964896372770827247954182374671690149053626813050203378518965280363772762939333915710449218750
887 116298762108938621187465373042412080167536117406574724127440506222432206385930489156559236732419254776618947635631389810813677673170483446163956181937298414281609681668406721984829629546044366808668655665302679850150371518868375170014179562377419477798341756970599306245499035396152242276092981367609579444637488171081626765563903804958637720865198982129859060391193989976934914441991747681498294663346868566482713226924747957390683539810663354014657128249343926993070339612440958820628483492488685002712557906436646411756101014824481863854136239770911873358450745268134065251016892594826401818863814696669578552246093750
888 581493810544693105937326865212060400837680587032873620637202531112161031929652445782796183662096273883094738178156949054068388365852417230819780909686492071408048408342033609924148147730221834043343278326513399250751857594341875850070897811887097388991708784852996531227495176980761211380464906838047897223187440855408133827819519024793188604325994910649295301955969949884674572209958738407491473316734342832413566134623739786953417699053316770073285641246719634965351698062204794103142417462443425013562789532183232058780505074122409319270681198854559366792253726340670326255084462974132009094319073483347892761230468750
889 2907469052723465529686634326060302004188402935164368103186012655560805159648262228913980918310481369415473690890784745270341941829262086154098904548432460357040242041710168049620740738651109170216716391632566996253759287971709379250354489059435486944958543924264982656137475884903806056902324534190239486115937204277040669139097595123965943021629974553246476509779849749423372861049793692037457366583671714162067830673118698934767088495266583850366428206233598174826758490311023970515712087312217125067813947660916160293902525370612046596353405994272796833961268631703351631275422314870660045471595367416739463806152343750
890 14537345263617327648433171630301510020942014675821840515930063277804025798241311144569904591552406847077368454453923726351709709146310430770494522742162301785201210208550840248103703693255545851083581958162834981268796439858546896251772445297177434724792719621324913280687379424519030284511622670951197430579686021385203345695487975619829715108149872766232382548899248747116864305248968460187286832918358570810339153365593494673835442476332919251832141031167990874133792451555119852578560436561085625339069738304580801469512626853060232981767029971363984169806343158516758156377111574353300227357976837083697319030761718750
891 72686726318086638242165858151507550104710073379109202579650316389020128991206555722849522957762034235386842272269618631758548545731552153852472613710811508926006051042754201240518518466277729255417909790814174906343982199292734481258862226485887173623963598106624566403436897122595151422558113354755987152898430106926016728477439878099148575540749363831161912744496243735584321526244842300936434164591792854051695766827967473369177212381664596259160705155839954370668962257775599262892802182805428126695348691522904007347563134265301164908835149856819920849031715792583790781885557871766501136789884185418486595153808593750
892 363433631590433191210829290757537750523550366895546012898251581945100644956032778614247614788810171176934211361348093158792742728657760769262363068554057544630030255213771006202592592331388646277089548954070874531719910996463672406294311132429435868119817990533122832017184485612975757112790566773779935764492150534630083642387199390495742877703746819155809563722481218677921607631224211504682170822958964270258478834139837366845886061908322981295803525779199771853344811288877996314464010914027140633476743457614520036737815671326505824544175749284099604245158578962918953909427789358832505683949420927092432975769042968750
893 1817168157952165956054146453787688752617751834477730064491257909725503224780163893071238073944050855884671056806740465793963713643288803846311815342770287723150151276068855031012962961656943231385447744770354372658599554982318362031471555662147179340599089952665614160085922428064878785563952833868899678822460752673150418211935996952478714388518734095779047818612406093389608038156121057523410854114794821351292394170699186834229430309541614906479017628895998859266724056444389981572320054570135703167383717288072600183689078356632529122720878746420498021225792894814594769547138946794162528419747104635462164878845214843750
894 9085840789760829780270732268938443763088759172388650322456289548627516123900819465356190369720254279423355284033702328969818568216444019231559076713851438615750756380344275155064814808284716156927238723851771863292997774911591810157357778310735896702995449763328070800429612140324393927819764169344498394112303763365752091059679984762393571942593670478895239093062030466948040190780605287617054270573974106756461970853495934171147151547708074532395088144479994296333620282221949907861600272850678515836918586440363000918445391783162645613604393732102490106128964474072973847735694733970812642098735523177310824394226074218750
895 45429203948804148901353661344692218815443795861943251612281447743137580619504097326780951848601271397116776420168511644849092841082220096157795383569257193078753781901721375775324074041423580784636193619258859316464988874557959050786788891553679483514977248816640354002148060701621969639098820846722491970561518816828760455298399923811967859712968352394476195465310152334740200953903026438085271352869870533782309854267479670855735757738540372661975440722399971481668101411109749539308001364253392579184592932201815004592226958915813228068021968660512450530644822370364869238678473669854063210493677615886554121971130371093750
896 227146019744020744506768306723461094077218979309716258061407238715687903097520486633904759243006356985583882100842558224245464205411100480788976917846285965393768909508606878876620370207117903923180968096294296582324944372789795253933944457768397417574886244083201770010740303508109848195494104233612459852807594084143802276491999619059839298564841761972380977326550761673701004769515132190426356764349352668911549271337398354278678788692701863309877203611999857408340507055548747696540006821266962895922964661009075022961134794579066140340109843302562252653224111851824346193392368349270316052468388079432770609855651855468750
897 1135730098720103722533841533617305470386094896548581290307036193578439515487602433169523796215031784927919410504212791121227321027055502403944884589231429826968844547543034394383101851035589519615904840481471482911624721863948976269669722288841987087874431220416008850053701517540549240977470521168062299264037970420719011382459998095299196492824208809861904886632753808368505023847575660952131783821746763344557746356686991771393393943463509316549386018059999287041702535277743738482700034106334814479614823305045375114805673972895330701700549216512811263266120559259121730966961841746351580262341940397163853049278259277343750
898 5678650493600518612669207668086527351930474482742906451535180967892197577438012165847618981075158924639597052521063955606136605135277512019724422946157149134844222737715171971915509255177947598079524202407357414558123609319744881348348611444209935439372156102080044250268507587702746204887352605840311496320189852103595056912299990476495982464121044049309524433163769041842525119237878304760658919108733816722788731783434958856966969717317546582746930090299996435208512676388718692413500170531674072398074116525226875574028369864476653508502746082564056316330602796295608654834809208731757901311709701985819265246391296386718750
899 28393252468002593063346038340432636759652372413714532257675904839460987887190060829238094905375794623197985262605319778030683025676387560098622114730785745674221113688575859859577546275889737990397621012036787072790618046598724406741743057221049677196860780510400221251342537938513731024436763029201557481600949260517975284561499952382479912320605220246547622165818845209212625596189391523803294595543669083613943658917174794284834848586587732913734650451499982176042563381943593462067500852658370361990370582626134377870141849322383267542513730412820281581653013981478043274174046043658789506558548509929096326231956481933593750
900 141966262340012965316730191702163183798261862068572661288379524197304939435950304146190474526878973115989926313026598890153415128381937800493110573653928728371105568442879299297887731379448689951988105060183935363953090232993622033708715286105248385984303902552001106256712689692568655122183815146007787408004746302589876422807499761912399561603026101232738110829094226046063127980946957619016472977718345418069718294585873971424174242932938664568673252257499910880212816909717967310337504263291851809951852913130671889350709246611916337712568652064101407908265069907390216370870230218293947532792742549645481631159782409667968750
901 709831311700064826583650958510815918991309310342863306441897620986524697179751520730952372634394865579949631565132994450767075641909689002465552868269643641855527842214396496489438656897243449759940525300919676819765451164968110168543576430526241929921519512760005531283563448462843275610919075730038937040023731512949382114037498809561997808015130506163690554145471130230315639904734788095082364888591727090348591472929369857120871214664693322843366261287499554401064084548589836551687521316459259049759264565653359446753546233059581688562843260320507039541325349536951081854351151091469737663963712748227408155798912048339843750
902 3549156558500324132918254792554079594956546551714316532209488104932623485898757603654761863171974327899748157825664972253835378209548445012327764341348218209277639211071982482447193284486217248799702626504598384098827255824840550842717882152631209649607597563800027656417817242314216378054595378650194685200118657564746910570187494047809989040075652530818452770727355651151578199523673940475411824442958635451742957364646849285604356073323466614216831306437497772005320422742949182758437606582296295248796322828266797233767731165297908442814216301602535197706626747684755409271755755457348688319818563741137040778994560241699218750
903 17745782792501620664591273962770397974782732758571582661047440524663117429493788018273809315859871639498740789128324861269176891047742225061638821706741091046388196055359912412235966422431086243998513132522991920494136279124202754213589410763156048248037987819000138282089086211571081890272976893250973426000593287823734552850937470239049945200378262654092263853636778255757890997618369702377059122214793177258714786823234246428021780366617333071084156532187488860026602113714745913792188032911481476243981614141333986168838655826489542214071081508012675988533133738423777046358778777286743441599092818705685203894972801208496093750
904 88728913962508103322956369813851989873913663792857913305237202623315587147468940091369046579299358197493703945641624306345884455238711125308194108533705455231940980276799562061179832112155431219992565662614959602470681395621013771067947053815780241240189939095000691410445431057855409451364884466254867130002966439118672764254687351195249726001891313270461319268183891278789454988091848511885295611073965886293573934116171232140108901833086665355420782660937444300133010568573729568960940164557407381219908070706669930844193279132447711070355407540063379942665668692118885231793893886433717207995464093528426019474864006042480468750
905 443644569812540516614781849069259949369568318964289566526186013116577935737344700456845232896496790987468519728208121531729422276193555626540970542668527276159704901383997810305899160560777156099962828313074798012353406978105068855339735269078901206200949695475003457052227155289277047256824422331274335650014832195593363821273436755976248630009456566352306596340919456393947274940459242559426478055369829431467869670580856160700544509165433326777103913304687221500665052842868647844804700822787036906099540353533349654220966395662238555351777037700316899713328343460594426158969469432168586039977320467642130097374320030212402343750
906 2218222849062702583073909245346299746847841594821447832630930065582889678686723502284226164482483954937342598641040607658647111380967778132704852713342636380798524506919989051529495802803885780499814141565373990061767034890525344276698676345394506031004748477375017285261135776446385236284122111656371678250074160977966819106367183779881243150047282831761532981704597281969736374702296212797132390276849147157339348352904280803502722545827166633885519566523436107503325264214343239224023504113935184530497701767666748271104831978311192776758885188501584498566641717302972130794847347160842930199886602338210650486871600151062011718750
907 11091114245313512915369546226731498734239207974107239163154650327914448393433617511421130822412419774686712993205203038293235556904838890663524263566713181903992622534599945257647479014019428902499070707826869950308835174452626721383493381726972530155023742386875086426305678882231926181420610558281858391250370804889834095531835918899406215750236414158807664908522986409848681873511481063985661951384245735786696741764521404017513612729135833169427597832617180537516626321071716196120117520569675922652488508838333741355524159891555963883794425942507922492833208586514860653974236735804214650999433011691053252434358000755310058593750
908 55455571226567564576847731133657493671196039870536195815773251639572241967168087557105654112062098873433564966026015191466177784524194453317621317833565909519963112672999726288237395070097144512495353539134349751544175872263133606917466908634862650775118711934375432131528394411159630907103052791409291956251854024449170477659179594497031078751182070794038324542614932049243409367557405319928309756921228678933483708822607020087568063645679165847137989163085902687583131605358580980600587602848379613262442544191668706777620799457779819418972129712539612464166042932574303269871183679021073254997165058455266262171790003776550292968750
909 277277856132837822884238655668287468355980199352680979078866258197861209835840437785528270560310494367167824830130075957330888922620972266588106589167829547599815563364998631441186975350485722562476767695671748757720879361315668034587334543174313253875593559671877160657641972055798154535515263957046459781259270122245852388295897972485155393755910353970191622713074660246217046837787026599641548784606143394667418544113035100437840318228395829235689945815429513437915658026792904903002938014241898066312212720958343533888103997288899097094860648562698062320830214662871516349355918395105366274985825292276331310858950018882751464843750
910 1386389280664189114421193278341437341779900996763404895394331290989306049179202188927641352801552471835839124150650379786654444613104861332940532945839147737999077816824993157205934876752428612812383838478358743788604396806578340172936672715871566269377967798359385803288209860278990772677576319785232298906296350611229261941479489862425776968779551769850958113565373301231085234188935132998207743923030716973337092720565175502189201591141979146178449729077147567189578290133964524515014690071209490331561063604791717669440519986444495485474303242813490311604151073314357581746779591975526831374929126461381656554294750094413757324218750
911 6931946403320945572105966391707186708899504983817024476971656454946530245896010944638206764007762359179195620753251898933272223065524306664702664729195738689995389084124965786029674383762143064061919192391793718943021984032891700864683363579357831346889838991796929016441049301394953863387881598926161494531481753056146309707397449312128884843897758849254790567826866506155426170944675664991038719615153584866685463602825877510946007955709895730892248645385737835947891450669822622575073450356047451657805318023958588347202599932222477427371516214067451558020755366571787908733897959877634156874645632306908282771473750472068786621093750
912 34659732016604727860529831958535933544497524919085122384858282274732651229480054723191033820038811795895978103766259494666361115327621533323513323645978693449976945420624828930148371918810715320309595961958968594715109920164458504323416817896789156734449194958984645082205246506974769316939407994630807472657408765280731548536987246560644424219488794246273952839134332530777130854723378324955193598075767924333427318014129387554730039778549478654461243226928689179739457253349113112875367251780237258289026590119792941736012999661112387136857581070337257790103776832858939543669489799388170784373228161534541413857368752360343933105468750
913 173298660083023639302649159792679667722487624595425611924291411373663256147400273615955169100194058979479890518831297473331805576638107666617566618229893467249884727103124144650741859594053576601547979809794842973575549600822292521617084089483945783672245974794923225411026232534873846584697039973154037363287043826403657742684936232803222121097443971231369764195671662653885654273616891624775967990378839621667136590070646937773650198892747393272306216134643445898697286266745565564376836258901186291445132950598964708680064998305561935684287905351686288950518884164294697718347448996940853921866140807672707069286843761801719665527343750
914 866493300415118196513245798963398338612438122977128059621457056868316280737001368079775845500970294897399452594156487366659027883190538333087833091149467336249423635515620723253709297970267883007739899048974214867877748004111462608085420447419728918361229873974616127055131162674369232923485199865770186816435219132018288713424681164016110605487219856156848820978358313269428271368084458123879839951894198108335682950353234688868250994463736966361531080673217229493486431333727827821884181294505931457225664752994823543400324991527809678421439526758431444752594420821473488591737244984704269609330704038363535346434218809008598327636718750
915 4332466502075590982566228994816991693062190614885640298107285284341581403685006840398879227504851474486997262970782436833295139415952691665439165455747336681247118177578103616268546489851339415038699495244871074339388740020557313040427102237098644591806149369873080635275655813371846164617425999328850934082176095660091443567123405820080553027436099280784244104891791566347141356840422290619399199759470990541678414751766173444341254972318684831807655403366086147467432156668639139109420906472529657286128323764974117717001624957639048392107197633792157223762972104107367442958686224923521348046653520191817676732171094045042991638183593750
916 21662332510377954912831144974084958465310953074428201490536426421707907018425034201994396137524257372434986314853912184166475697079763458327195827278736683406235590887890518081342732449256697075193497476224355371696943700102786565202135511185493222959030746849365403176378279066859230823087129996644254670410880478300457217835617029100402765137180496403921220524458957831735706784202111453096995998797354952708392073758830867221706274861593424159038277016830430737337160783343195695547104532362648286430641618824870588585008124788195241960535988168960786118814860520536837214793431124617606740233267600959088383660855470225214958190917968750
917 108311662551889774564155724870424792326554765372141007452682132108539535092125171009971980687621286862174931574269560920832378485398817291635979136393683417031177954439452590406713662246283485375967487381121776858484718500513932826010677555927466114795153734246827015881891395334296154115435649983221273352054402391502286089178085145502013825685902482019606102622294789158678533921010557265484979993986774763541960368794154336108531374307967120795191385084152153686685803916715978477735522661813241432153208094124352942925040623940976209802679940844803930594074302602684186073967155623088033701166338004795441918304277351126074790954589843750
918 541558312759448872820778624352123961632773826860705037263410660542697675460625855049859903438106434310874657871347804604161892426994086458179895681968417085155889772197262952033568311231417426879837436905608884292423592502569664130053387779637330573975768671234135079409456976671480770577178249916106366760272011957511430445890425727510069128429512410098030513111473945793392669605052786327424899969933873817709801843970771680542656871539835603975956925420760768433429019583579892388677613309066207160766040470621764714625203119704881049013399704224019652970371513013420930369835778115440168505831690023977209591521386755630373954772949218750
919 2707791563797244364103893121760619808163869134303525186317053302713488377303129275249299517190532171554373289356739023020809462134970432290899478409842085425779448860986314760167841556157087134399187184528044421462117962512848320650266938898186652869878843356170675397047284883357403852885891249580531833801360059787557152229452128637550345642147562050490152565557369728966963348025263931637124499849669369088549009219853858402713284357699178019879784627103803842167145097917899461943388066545331035803830202353108823573126015598524405245066998521120098264851857565067104651849178890577200842529158450119886047957606933778151869773864746093750
920 13538957818986221820519465608803099040819345671517625931585266513567441886515646376246497585952660857771866446783695115104047310674852161454497392049210427128897244304931573800839207780785435671995935922640222107310589812564241603251334694490933264349394216780853376985236424416787019264429456247902659169006800298937785761147260643187751728210737810252450762827786848644834816740126319658185622499248346845442745046099269292013566421788495890099398923135519019210835725489589497309716940332726655179019151011765544117865630077992622026225334992605600491324259287825335523259245894452886004212645792250599430239788034668890759348869323730468750
921 67694789094931109102597328044015495204096728357588129657926332567837209432578231881232487929763304288859332233918475575520236553374260807272486960246052135644486221524657869004196038903927178359979679613201110536552949062821208016256673472454666321746971083904266884926182122083935096322147281239513295845034001494688928805736303215938758641053689051262253814138934243224174083700631598290928112496241734227213725230496346460067832108942479450496994615677595096054178627447947486548584701663633275895095755058827720589328150389963110131126674963028002456621296439126677616296229472264430021063228961252997151198940173344453796744346618652343750
922 338473945474655545512986640220077476020483641787940648289631662839186047162891159406162439648816521444296661169592377877601182766871304036362434801230260678222431107623289345020980194519635891799898398066005552682764745314106040081283367362273331608734855419521334424630910610419675481610736406197566479225170007473444644028681516079693793205268445256311269070694671216120870418503157991454640562481208671136068626152481732300339160544712397252484973078387975480270893137239737432742923508318166379475478775294138602946640751949815550655633374815140012283106482195633388081481147361322150105316144806264985755994700866722268983721733093261718750
923 1692369727373277727564933201100387380102418208939703241448158314195930235814455797030812198244082607221483305847961889388005913834356520181812174006151303391112155538116446725104900972598179458999491990330027763413823726570530200406416836811366658043674277097606672123154553052098377408053682030987832396125850037367223220143407580398468966026342226281556345353473356080604352092515789957273202812406043355680343130762408661501695802723561986262424865391939877401354465686198687163714617541590831897377393876470693014733203759749077753278166874075700061415532410978166940407405736806610750526580724031324928779973504333611344918608665466308593750
924 8461848636866388637824666005501936900512091044698516207240791570979651179072278985154060991220413036107416529239809446940029569171782600909060870030756516955560777690582233625524504862990897294997459951650138817069118632852651002032084184056833290218371385488033360615772765260491887040268410154939161980629250186836116100717037901992344830131711131407781726767366780403021760462578949786366014062030216778401715653812043307508479013617809931312124326959699387006772328430993435818573087707954159486886969382353465073666018798745388766390834370378500307077662054890834702037028684033053752632903620156624643899867521668056724593043327331542968750
925 42309243184331943189123330027509684502560455223492581036203957854898255895361394925770304956102065180537082646199047234700147845858913004545304350153782584777803888452911168127622524314954486474987299758250694085345593164263255010160420920284166451091856927440166803078863826302459435201342050774695809903146250934180580503585189509961724150658555657038908633836833902015108802312894748931830070310151083892008578269060216537542395068089049656560621634798496935033861642154967179092865438539770797434434846911767325368330093993726943831954171851892501535388310274454173510185143420165268763164518100783123219499337608340283622965216636657714843750
926 211546215921659715945616650137548422512802276117462905181019789274491279476806974628851524780510325902685413230995236173500739229294565022726521750768912923889019442264555840638112621574772432374936498791253470426727965821316275050802104601420832255459284637200834015394319131512297176006710253873479049515731254670902902517925947549808620753292778285194543169184169510075544011564473744659150351550755419460042891345301082687711975340445248282803108173992484675169308210774835895464327192698853987172174234558836626841650469968634719159770859259462507676941551372270867550925717100826343815822590503915616097496688041701418114826083183288574218750
927 1057731079608298579728083250687742112564011380587314525905098946372456397384034873144257623902551629513427066154976180867503696146472825113632608753844564619445097211322779203190563107873862161874682493956267352133639829106581375254010523007104161277296423186004170076971595657561485880033551269367395247578656273354514512589629737749043103766463891425972715845920847550377720057822368723295751757753777097300214456726505413438559876702226241414015540869962423375846541053874179477321635963494269935860871172794183134208252349843173595798854296297312538384707756861354337754628585504131719079112952519578080487483440208507090574130415916442871093750
928 5288655398041492898640416253438710562820056902936572629525494731862281986920174365721288119512758147567135330774880904337518480732364125568163043769222823097225486056613896015952815539369310809373412469781336760668199145532906876270052615035520806386482115930020850384857978287807429400167756346836976237893281366772572562948148688745215518832319457129863579229604237751888600289111843616478758788768885486501072283632527067192799383511131207070077704349812116879232705269370897386608179817471349679304355863970915671041261749215867978994271481486562691923538784306771688773142927520658595395564762597890402437417201042535452870652079582214355468750
929 26443276990207464493202081267193552814100284514682863147627473659311409934600871828606440597563790737835676653874404521687592403661820627840815218846114115486127430283069480079764077696846554046867062348906683803340995727664534381350263075177604031932410579650104251924289891439037147000838781734184881189466406833862862814740743443726077594161597285649317896148021188759443001445559218082393793943844427432505361418162635335963996917555656035350388521749060584396163526346854486933040899087356748396521779319854578355206308746079339894971357407432813459617693921533858443865714637603292976977823812989452012187086005212677264353260397911071777343750
930 132216384951037322466010406335967764070501422573414315738137368296557049673004359143032202987818953689178383269372022608437962018309103139204076094230570577430637151415347400398820388484232770234335311744533419016704978638322671906751315375888020159662052898250521259621449457195185735004193908670924405947332034169314314073703717218630387970807986428246589480740105943797215007227796090411968969719222137162526807090813176679819984587778280176751942608745302921980817631734272434665204495436783741982608896599272891776031543730396699474856787037164067298088469607669292219328573188016464884889119064947260060935430026063386321766301989555358886718750
931 661081924755186612330052031679838820352507112867071578690686841482785248365021795715161014939094768445891916346860113042189810091545515696020380471152852887153185757076737001994101942421163851171676558722667095083524893191613359533756576879440100798310264491252606298107247285975928675020969543354622029736660170846571570368518586093151939854039932141232947403700529718986075036138980452059844848596110685812634035454065883399099922938891400883759713043726514609904088158671362173326022477183918709913044482996364458880157718651983497374283935185820336490442348038346461096642865940082324424445595324736300304677150130316931608831509947776794433593750
932 3305409623775933061650260158399194101762535564335357893453434207413926241825108978575805074695473842229459581734300565210949050457727578480101902355764264435765928785383685009970509712105819255858382793613335475417624465958066797668782884397200503991551322456263031490536236429879643375104847716773110148683300854232857851842592930465759699270199660706164737018502648594930375180694902260299224242980553429063170177270329416995499614694457004418798565218632573049520440793356810866630112385919593549565222414981822294400788593259917486871419675929101682452211740191732305483214329700411622122227976623681501523385750651584658044157549738883972167968750
933 16527048118879665308251300791995970508812677821676789467267171037069631209125544892879025373477369211147297908671502826054745252288637892400509511778821322178829643926918425049852548560529096279291913968066677377088122329790333988343914421986002519957756612281315157452681182149398216875524238583865550743416504271164289259212964652328798496350998303530823685092513242974651875903474511301496121214902767145315850886351647084977498073472285022093992826093162865247602203966784054333150561929597967747826112074909111472003942966299587434357098379645508412261058700958661527416071648502058110611139883118407507616928753257923290220787748694419860839843750
934 82635240594398326541256503959979852544063389108383947336335855185348156045627724464395126867386846055736489543357514130273726261443189462002547558894106610894148219634592125249262742802645481396459569840333386885440611648951669941719572109930012599788783061406575787263405910746991084377621192919327753717082521355821446296064823261643992481754991517654118425462566214873259379517372556507480606074513835726579254431758235424887490367361425110469964130465814326238011019833920271665752809647989838739130560374545557360019714831497937171785491898227542061305293504793307637080358242510290553055699415592037538084643766289616451103938743472099304199218750
935 413176202971991632706282519799899262720316945541919736681679275926740780228138622321975634336934230278682447716787570651368631307215947310012737794470533054470741098172960626246313714013227406982297849201666934427203058244758349708597860549650062998943915307032878936317029553734955421888105964596638768585412606779107231480324116308219962408774957588270592127312831074366296897586862782537403030372569178632896272158791177124437451836807125552349820652329071631190055099169601358328764048239949193695652801872727786800098574157489685858927459491137710306526467523966538185401791212551452765278497077960187690423218831448082255519693717360496520996093750
936 2065881014859958163531412598999496313601584727709598683408396379633703901140693111609878171684671151393412238583937853256843156536079736550063688972352665272353705490864803131231568570066137034911489246008334672136015291223791748542989302748250314994719576535164394681585147768674777109440529822983193842927063033895536157401620581541099812043874787941352960636564155371831484487934313912687015151862845893164481360793955885622187259184035627761749103261645358155950275495848006791643820241199745968478264009363638934000492870787448429294637297455688551532632337619832690927008956062757263826392485389800938452116094157240411277598468586802482604980468750
937 10329405074299790817657062994997481568007923638547993417041981898168519505703465558049390858423355756967061192919689266284215782680398682750318444861763326361768527454324015656157842850330685174557446230041673360680076456118958742714946513741251574973597882675821973407925738843373885547202649114915969214635315169477680787008102907705499060219373939706764803182820776859157422439671569563435075759314229465822406803969779428110936295920178138808745516308226790779751377479240033958219101205998729842391320046818194670002464353937242146473186487278442757663161688099163454635044780313786319131962426949004692260580470786202056387992342934012413024902343750
938 51647025371498954088285314974987407840039618192739967085209909490842597528517327790246954292116778784835305964598446331421078913401993413751592224308816631808842637271620078280789214251653425872787231150208366803400382280594793713574732568706257874867989413379109867039628694216869427736013245574579846073176575847388403935040514538527495301096869698533824015914103884295787112198357847817175378796571147329112034019848897140554681479600890694043727581541133953898756887396200169791095506029993649211956600234090973350012321769686210732365932436392213788315808440495817273175223901568931595659812134745023461302902353931010281939961714670062065124511718750
939 258235126857494770441426574874937039200198090963699835426049547454212987642586638951234771460583893924176529822992231657105394567009967068757961121544083159044213186358100391403946071258267129363936155751041834017001911402973968567873662843531289374339947066895549335198143471084347138680066227872899230365882879236942019675202572692637476505484348492669120079570519421478935560991789239085876893982855736645560170099244485702773407398004453470218637907705669769493784436981000848955477530149968246059783001170454866750061608848431053661829662181961068941579042202479086365876119507844657978299060673725117306514511769655051409699808573350310325622558593750
940 1291175634287473852207132874374685196000990454818499177130247737271064938212933194756173857302919469620882649114961158285526972835049835343789805607720415795221065931790501957019730356291335646819680778755209170085009557014869842839368314217656446871699735334477746675990717355421735693400331139364496151829414396184710098376012863463187382527421742463345600397852597107394677804958946195429384469914278683227800850496222428513867036990022267351093189538528348847468922184905004244777387650749841230298915005852274333750308044242155268309148310909805344707895211012395431829380597539223289891495303368625586532572558848275257048499042866751551628112792968750
941 6455878171437369261035664371873425980004952274092495885651238686355324691064665973780869286514597348104413245574805791427634864175249176718949028038602078976105329658952509785098651781456678234098403893776045850425047785074349214196841571088282234358498676672388733379953586777108678467001655696822480759147071980923550491880064317315936912637108712316728001989262985536973389024794730977146922349571393416139004252481112142569335184950111336755465947692641744237344610924525021223886938253749206151494575029261371668751540221210776341545741554549026723539476055061977159146902987696116449457476516843127932662862794241376285242495214333757758140563964843750
942 32279390857186846305178321859367129900024761370462479428256193431776623455323329868904346432572986740522066227874028957138174320876245883594745140193010394880526648294762548925493258907283391170492019468880229252125238925371746070984207855441411171792493383361943666899767933885543392335008278484112403795735359904617752459400321586579684563185543561583640009946314927684866945123973654885734611747856967080695021262405560712846675924750556683777329738463208721186723054622625106119434691268746030757472875146306858343757701106053881707728707772745133617697380275309885795734514938480582247287382584215639663314313971206881426212476071668788790702819824218750
943 161396954285934231525891609296835649500123806852312397141280967158883117276616649344521732162864933702610331139370144785690871604381229417973725700965051974402633241473812744627466294536416955852460097344401146260626194626858730354921039277207055858962466916809718334498839669427716961675041392420562018978676799523088762297001607932898422815927717807918200049731574638424334725619868274428673058739284835403475106312027803564233379623752783418886648692316043605933615273113125530597173456343730153787364375731534291718788505530269408538643538863725668088486901376549428978672574692402911236436912921078198316571569856034407131062380358343943953514099121093750
944 806984771429671157629458046484178247500619034261561985706404835794415586383083246722608660814324668513051655696850723928454358021906147089868628504825259872013166207369063723137331472682084779262300486722005731303130973134293651774605196386035279294812334584048591672494198347138584808375206962102810094893383997615443811485008039664492114079638589039591000248657873192121673628099341372143365293696424177017375531560139017821166898118763917094433243461580218029668076365565627652985867281718650768936821878657671458593942527651347042693217694318628340442434506882747144893362873462014556182184564605390991582857849280172035655311901791719719767570495605468750
945 4034923857148355788147290232420891237503095171307809928532024178972077931915416233613043304071623342565258278484253619642271790109530735449343142524126299360065831036845318615686657363410423896311502433610028656515654865671468258873025981930176396474061672920242958362470991735692924041876034810514050474466919988077219057425040198322460570398192945197955001243289365960608368140496706860716826468482120885086877657800695089105834490593819585472166217307901090148340381827828138264929336408593253844684109393288357292969712638256735213466088471593141702212172534413735724466814367310072780910922823026954957914289246400860178276559508958598598837852478027343750
946 20174619285741778940736451162104456187515475856539049642660120894860389659577081168065216520358116712826291392421268098211358950547653677246715712620631496800329155184226593078433286817052119481557512168050143282578274328357341294365129909650881982370308364601214791812354958678464620209380174052570252372334599940386095287125200991612302851990964725989775006216446829803041840702483534303584132342410604425434388289003475445529172452969097927360831086539505450741701909139140691324646682042966269223420546966441786464848563191283676067330442357965708511060862672068678622334071836550363904554614115134774789571446232004300891382797544792992994189262390136718750
947 100873096428708894703682255810522280937577379282695248213300604474301948297885405840326082601790583564131456962106340491056794752738268386233578563103157484001645775921132965392166434085260597407787560840250716412891371641786706471825649548254409911851541823006073959061774793392323101046900870262851261861672999701930476435626004958061514259954823629948875031082234149015209203512417671517920661712053022127171941445017377227645862264845489636804155432697527253708509545695703456623233410214831346117102734832208932324242815956418380336652211789828542555304313360343393111670359182751819522773070575673873947857231160021504456913987723964964970946311950683593750
948 504365482143544473518411279052611404687886896413476241066503022371509741489427029201630413008952917820657284810531702455283973763691341931167892815515787420008228879605664826960832170426302987038937804201253582064456858208933532359128247741272049559257709115030369795308873966961615505234504351314256309308364998509652382178130024790307571299774118149744375155411170745076046017562088357589603308560265110635859707225086886138229311324227448184020777163487636268542547728478517283116167051074156730585513674161044661621214079782091901683261058949142712776521566801716965558351795913759097613865352878369369739286155800107522284569938619824824854731559753417968750
949 2521827410717722367592056395263057023439434482067381205332515111857548707447135146008152065044764589103286424052658512276419868818456709655839464077578937100041144398028324134804160852131514935194689021006267910322284291044667661795641238706360247796288545575151848976544369834808077526172521756571281546541824992548261910890650123951537856498870590748721875777055853725380230087810441787948016542801325553179298536125434430691146556621137240920103885817438181342712738642392586415580835255370783652927568370805223308106070398910459508416305294745713563882607834008584827791758979568795488069326764391846848696430779000537611422849693099124124273657798767089843750
950 12609137053588611837960281976315285117197172410336906026662575559287743537235675730040760325223822945516432120263292561382099344092283548279197320387894685500205721990141620674020804260657574675973445105031339551611421455223338308978206193531801238981442727875759244882721849174040387630862608782856407732709124962741309554453250619757689282494352953743609378885279268626901150439052208939740082714006627765896492680627172153455732783105686204600519429087190906713563693211962932077904176276853918264637841854026116540530351994552297542081526473728567819413039170042924138958794897843977440346633821959234243482153895002688057114248465495620621368288993835449218750
951 63045685267943059189801409881576425585985862051684530133312877796438717686178378650203801626119114727582160601316462806910496720461417741395986601939473427501028609950708103370104021303287873379867225525156697758057107276116691544891030967659006194907213639378796224413609245870201938154313043914282038663545624813706547772266253098788446412471764768718046894426396343134505752195261044698700413570033138829482463403135860767278663915528431023002597145435954533567818466059814660389520881384269591323189209270130582702651759972761487710407632368642839097065195850214620694793974489219887201733169109796171217410769475013440285571242327478103106841444969177246093750
952 315228426339715295949007049407882127929929310258422650666564388982193588430891893251019008130595573637910803006582314034552483602307088706979933009697367137505143049753540516850520106516439366899336127625783488790285536380583457724455154838295030974536068196893981122068046229351009690771565219571410193317728124068532738861331265493942232062358823843590234472131981715672528760976305223493502067850165694147412317015679303836393319577642155115012985727179772667839092330299073301947604406921347956615946046350652913513258799863807438552038161843214195485325979251073103473969872446099436008665845548980856087053847375067201427856211637390515534207224845886230468750
953 1576142131698576479745035247039410639649646551292113253332821944910967942154459466255095040652977868189554015032911570172762418011535443534899665048486835687525715248767702584252600532582196834496680638128917443951427681902917288622275774191475154872680340984469905610340231146755048453857826097857050966588640620342663694306656327469711160311794119217951172360659908578362643804881526117467510339250828470737061585078396519181966597888210775575064928635898863339195461651495366509738022034606739783079730231753264567566293999319037192760190809216070977426629896255365517369849362230497180043329227744904280435269236875336007139281058186952577671036124229431152343750
954 7880710658492882398725176235197053198248232756460566266664109724554839710772297331275475203264889340947770075164557850863812090057677217674498325242434178437628576243838512921263002662910984172483403190644587219757138409514586443111378870957375774363401704922349528051701155733775242269289130489285254832943203101713318471533281637348555801558970596089755861803299542891813219024407630587337551696254142353685307925391982595909832989441053877875324643179494316695977308257476832548690110173033698915398651158766322837831469996595185963800954046080354887133149481276827586849246811152485900216646138724521402176346184376680035696405290934762888355180621147155761718750
955 39403553292464411993625881175985265991241163782302831333320548622774198553861486656377376016324446704738850375822789254319060450288386088372491626212170892188142881219192564606315013314554920862417015953222936098785692047572932215556894354786878871817008524611747640258505778668876211346445652446426274164716015508566592357666408186742779007794852980448779309016497714459066095122038152936687758481270711768426539626959912979549164947205269389376623215897471583479886541287384162743450550865168494576993255793831614189157349982975929819004770230401774435665747406384137934246234055762429501083230693622607010881730921883400178482026454673814441775903105735778808593750
956 197017766462322059968129405879926329956205818911514156666602743113870992769307433281886880081622233523694251879113946271595302251441930441862458131060854460940714406095962823031575066572774604312085079766114680493928460237864661077784471773934394359085042623058738201292528893344381056732228262232131370823580077542832961788332040933713895038974264902243896545082488572295330475610190764683438792406353558842132698134799564897745824736026346946883116079487357917399432706436920813717252754325842472884966278969158070945786749914879649095023851152008872178328737031920689671231170278812147505416153468113035054408654609417000892410132273369072208879515528678894042968750
957 985088832311610299840647029399631649781029094557570783333013715569354963846537166409434400408111167618471259395569731357976511257209652209312290655304272304703572030479814115157875332863873021560425398830573402469642301189323305388922358869671971795425213115293691006462644466721905283661141311160656854117900387714164808941660204668569475194871324511219482725412442861476652378050953823417193962031767794210663490673997824488729123680131734734415580397436789586997163532184604068586263771629212364424831394845790354728933749574398245475119255760044360891643685159603448356155851394060737527080767340565175272043273047085004462050661366845361044397577643394470214843750
958 4925444161558051499203235146998158248905145472787853916665068577846774819232685832047172002040555838092356296977848656789882556286048261046561453276521361523517860152399070575789376664319365107802126994152867012348211505946616526944611794348359858977126065576468455032313222333609526418305706555803284270589501938570824044708301023342847375974356622556097413627062214307383261890254769117085969810158838971053317453369989122443645618400658673672077901987183947934985817660923020342931318858146061822124156974228951773644668747871991227375596278800221804458218425798017241780779256970303687635403836702825876360216365235425022310253306834226805221987888216972351074218750
959 24627220807790257496016175734990791244525727363939269583325342889233874096163429160235860010202779190461781484889243283949412781430241305232807266382606807617589300761995352878946883321596825539010634970764335061741057529733082634723058971741799294885630327882342275161566111668047632091528532779016421352947509692854120223541505116714236879871783112780487068135311071536916309451273845585429849050794194855266587266849945612218228092003293368360389509935919739674929088304615101714656594290730309110620784871144758868223343739359956136877981394001109022291092128990086208903896284851518438177019183514129381801081826177125111551266534171134026109939441084861755371093750
960 123136104038951287480080878674953956222628636819696347916626714446169370480817145801179300051013895952308907424446216419747063907151206526164036331913034038087946503809976764394734416607984127695053174853821675308705287648665413173615294858708996474428151639411711375807830558340238160457642663895082106764737548464270601117707525583571184399358915563902435340676555357684581547256369227927149245253970974276332936334249728061091140460016466841801947549679598698374645441523075508573282971453651545553103924355723794341116718696799780684389906970005545111455460644950431044519481424257592190885095917570646909005409130885625557756332670855670130549697205424308776855468750
961 615680520194756437400404393374769781113143184098481739583133572230846852404085729005896500255069479761544537122231082098735319535756032630820181659565170190439732519049883821973672083039920638475265874269108376543526438243327065868076474293544982372140758197058556879039152791701190802288213319475410533823687742321353005588537627917855921996794577819512176703382776788422907736281846139635746226269854871381664681671248640305455702300082334209009737748397993491873227207615377542866414857268257727765519621778618971705583593483998903421949534850027725557277303224752155222597407121287960954425479587853234545027045654428127788781663354278350652748486027121543884277343750
962 3078402600973782187002021966873848905565715920492408697915667861154234262020428645029482501275347398807722685611155410493676597678780163154100908297825850952198662595249419109868360415199603192376329371345541882717632191216635329340382371467724911860703790985292784395195763958505954011441066597377052669118438711606765027942688139589279609983972889097560883516913883942114538681409230698178731131349274356908323408356243201527278511500411671045048688741989967459366136038076887714332074286341288638827598108893094858527917967419994517109747674250138627786386516123760776112987035606439804772127397939266172725135228272140638943908316771391753263742430135607719421386718750
963 15392013004868910935010109834369244527828579602462043489578339305771171310102143225147412506376736994038613428055777052468382988393900815770504541489129254760993312976247095549341802075998015961881646856727709413588160956083176646701911857338624559303518954926463921975978819792529770057205332986885263345592193558033825139713440697946398049919864445487804417584569419710572693407046153490893655656746371784541617041781216007636392557502058355225243443709949837296830680190384438571660371431706443194137990544465474292639589837099972585548738371250693138931932580618803880564935178032199023860636989696330863625676141360703194719541583856958766318712150678038597106933593750
964 76960065024344554675050549171846222639142898012310217447891696528855856550510716125737062531883684970193067140278885262341914941969504078852522707445646273804966564881235477746709010379990079809408234283638547067940804780415883233509559286693122796517594774632319609879894098962648850286026664934426316727960967790169125698567203489731990249599322227439022087922847098552863467035230767454468278283731858922708085208906080038181962787510291776126217218549749186484153400951922192858301857158532215970689952722327371463197949185499862927743691856253465694659662903094019402824675890160995119303184948481654318128380706803515973597707919284793831593560753390192985534667968750
965 384800325121722773375252745859231113195714490061551087239458482644279282752553580628685312659418424850965335701394426311709574709847520394262613537228231369024832824406177388733545051899950399047041171418192735339704023902079416167547796433465613982587973873161598049399470494813244251430133324672131583639804838950845628492836017448659951247996611137195110439614235492764317335176153837272341391418659294613540426044530400190909813937551458880631086092748745932420767004759610964291509285792661079853449763611636857315989745927499314638718459281267328473298314515470097014123379450804975596515924742408271590641903534017579867988539596423969157967803766950964927673339843750
966 1924001625608613866876263729296155565978572450307755436197292413221396413762767903143426563297092124254826678506972131558547873549237601971313067686141156845124164122030886943667725259499751995235205857090963676698520119510397080837738982167328069912939869365807990246997352474066221257150666623360657918199024194754228142464180087243299756239983055685975552198071177463821586675880769186361706957093296473067702130222652000954549069687757294403155430463743729662103835023798054821457546428963305399267248818058184286579948729637496573193592296406336642366491572577350485070616897254024877982579623712041357953209517670087899339942697982119845789839018834754824638366699218750
967 9620008128043069334381318646480777829892862251538777180986462066106982068813839515717132816485460621274133392534860657792739367746188009856565338430705784225620820610154434718338626297498759976176029285454818383492600597551985404188694910836640349564699346829039951234986762370331106285753333116803289590995120973771140712320900436216498781199915278429877760990355887319107933379403845931808534785466482365338510651113260004772745348438786472015777152318718648310519175118990274107287732144816526996336244090290921432899743648187482865967961482031683211832457862886752425353084486270124389912898118560206789766047588350439496699713489910599228949195094173774123191833496093750
968 48100040640215346671906593232403889149464311257693885904932310330534910344069197578585664082427303106370666962674303288963696838730940049282826692153528921128104103050772173591693131487493799880880146427274091917463002987759927020943474554183201747823496734145199756174933811851655531428766665584016447954975604868855703561604502181082493905999576392149388804951779436595539666897019229659042673927332411826692553255566300023863726742193932360078885761593593241552595875594951370536438660724082634981681220451454607164498718240937414329839807410158416059162289314433762126765422431350621949564490592801033948830237941752197483498567449552996144745975470868870615959167480468750
969 240500203201076733359532966162019445747321556288469429524661551652674551720345987892928320412136515531853334813371516444818484193654700246414133460767644605640520515253860867958465657437468999404400732136370459587315014938799635104717372770916008739117483670725998780874669059258277657143833327920082239774878024344278517808022510905412469529997881960746944024758897182977698334485096148295213369636662059133462766277831500119318633710969661800394428807967966207762979377974756852682193303620413174908406102257273035822493591204687071649199037050792080295811446572168810633827112156753109747822452964005169744151189708760987417492837247764980723729877354344353079795837402343750
970 1202501016005383666797664830810097228736607781442347147623307758263372758601729939464641602060682577659266674066857582224092420968273501232070667303838223028202602576269304339792328287187344997022003660681852297936575074693998175523586863854580043695587418353629993904373345296291388285719166639600411198874390121721392589040112554527062347649989409803734720123794485914888491672425480741476066848183310295667313831389157500596593168554848309001972144039839831038814896889873784263410966518102065874542030511286365179112467956023435358245995185253960401479057232860844053169135560783765548739112264820025848720755948543804937087464186238824903618649386771721765398979187011718750
971 6012505080026918333988324154050486143683038907211735738116538791316863793008649697323208010303412888296333370334287911120462104841367506160353336519191115141013012881346521698961641435936724985110018303409261489682875373469990877617934319272900218477937091768149969521866726481456941428595833198002055994371950608606962945200562772635311738249947049018673600618972429574442458362127403707380334240916551478336569156945787502982965842774241545009860720199199155194074484449368921317054832590510329372710152556431825895562339780117176791229975926269802007395286164304220265845677803918827743695561324100129243603779742719024685437320931194124518093246933858608826994895935058593750
972 30062525400134591669941620770252430718415194536058678690582693956584318965043248486616040051517064441481666851671439555602310524206837530801766682595955575705065064406732608494808207179683624925550091517046307448414376867349954388089671596364501092389685458840749847609333632407284707142979165990010279971859753043034814726002813863176558691249735245093368003094862147872212291810637018536901671204582757391682845784728937514914829213871207725049303600995995775970372422246844606585274162952551646863550762782159129477811698900585883956149879631349010036976430821521101329228389019594138718477806620500646218018898713595123427186604655970622590466234669293044134974479675292968750
973 150312627000672958349708103851262153592075972680293393452913469782921594825216242433080200257585322207408334258357197778011552621034187654008833412979777878525325322033663042474041035898418124627750457585231537242071884336749771940448357981822505461948427294203749238046668162036423535714895829950051399859298765215174073630014069315882793456248676225466840015474310739361061459053185092684508356022913786958414228923644687574574146069356038625246518004979978879851862111234223032926370814762758234317753813910795647389058494502929419780749398156745050184882154107605506646141945097970693592389033102503231090094493567975617135933023279853112952331173346465220674872398376464843750
974 751563135003364791748540519256310767960379863401466967264567348914607974126081212165401001287926611037041671291785988890057763105170938270044167064898889392626626610168315212370205179492090623138752287926157686210359421683748859702241789909112527309742136471018746190233340810182117678574479149750256999296493826075870368150070346579413967281243381127334200077371553696805307295265925463422541780114568934792071144618223437872870730346780193126232590024899894399259310556171115164631854073813791171588769069553978236945292472514647098903746990783725250924410770538027533230709725489853467961945165512516155450472467839878085679665116399265564761655866732326103374361991882324218750
975 3757815675016823958742702596281553839801899317007334836322836744573039870630406060827005006439633055185208356458929944450288815525854691350220835324494446963133133050841576061851025897460453115693761439630788431051797108418744298511208949545562636548710682355093730951166704050910588392872395748751284996482469130379351840750351732897069836406216905636671000386857768484026536476329627317112708900572844673960355723091117189364353651733900965631162950124499471996296552780855575823159270369068955857943845347769891184726462362573235494518734953918626254622053852690137666153548627449267339809725827562580777252362339199390428398325581996327823808279333661630516871809959411621093750
976 18789078375084119793713512981407769199009496585036674181614183722865199353152030304135025032198165275926041782294649722251444077629273456751104176622472234815665665254207880309255129487302265578468807198153942155258985542093721492556044747727813182743553411775468654755833520254552941964361978743756424982412345651896759203751758664485349182031084528183355001934288842420132682381648136585563544502864223369801778615455585946821768258669504828155814750622497359981482763904277879115796351845344779289719226738849455923632311812866177472593674769593131273110269263450688330767743137246336699048629137812903886261811695996952141991627909981639119041396668308152584359049797058105468750
977 93945391875420598968567564907038845995047482925183370908070918614325996765760151520675125160990826379630208911473248611257220388146367283755520883112361174078328326271039401546275647436511327892344035990769710776294927710468607462780223738639065913717767058877343273779167601272764709821809893718782124912061728259483796018758793322426745910155422640916775009671444212100663411908240682927817722514321116849008893077277929734108841293347524140779073753112486799907413819521389395578981759226723896448596133694247279618161559064330887362968373847965656365551346317253441653838715686231683495243145689064519431309058479984760709958139549908195595206983341540762921795248985290527343750
978 469726959377102994842837824535194229975237414625916854540354593071629983828800757603375625804954131898151044557366243056286101940731836418777604415561805870391641631355197007731378237182556639461720179953848553881474638552343037313901118693195329568588835294386716368895838006363823549109049468593910624560308641297418980093793966612133729550777113204583875048357221060503317059541203414639088612571605584245044465386389648670544206466737620703895368765562433999537069097606946977894908796133619482242980668471236398090807795321654436814841869239828281827756731586267208269193578431158417476215728445322597156545292399923803549790697749540977976034916707703814608976244926452636718750
979 2348634796885514974214189122675971149876187073129584272701772965358149919144003788016878129024770659490755222786831215281430509703659182093888022077809029351958208156775985038656891185912783197308600899769242769407373192761715186569505593465976647842944176471933581844479190031819117745545247342969553122801543206487094900468969833060668647753885566022919375241786105302516585297706017073195443062858027921225222326931948243352721032333688103519476843827812169997685345488034734889474543980668097411214903342356181990454038976608272184074209346199141409138783657931336041345967892155792087381078642226612985782726461999619017748953488747704889880174583538519073044881224632263183593750
980 11743173984427574871070945613379855749380935365647921363508864826790749595720018940084390645123853297453776113934156076407152548518295910469440110389045146759791040783879925193284455929563915986543004498846213847036865963808575932847527967329883239214720882359667909222395950159095588727726236714847765614007716032435474502344849165303343238769427830114596876208930526512582926488530085365977215314290139606126111634659741216763605161668440517597384219139060849988426727440173674447372719903340487056074516711780909952270194883041360920371046730995707045693918289656680206729839460778960436905393211133064928913632309998095088744767443738524449400872917692595365224406123161315917968750
981 58715869922137874355354728066899278746904676828239606817544324133953747978600094700421953225619266487268880569670780382035762742591479552347200551945225733798955203919399625966422279647819579932715022494231069235184329819042879664237639836649416196073604411798339546111979750795477943638631183574238828070038580162177372511724245826516716193847139150572984381044652632562914632442650426829886076571450698030630558173298706083818025808342202587986921095695304249942133637200868372236863599516702435280372583558904549761350974415206804601855233654978535228469591448283401033649197303894802184526966055665324644568161549990475443723837218692622247004364588462976826122030615806579589843750
982 293579349610689371776773640334496393734523384141198034087721620669768739893000473502109766128096332436344402848353901910178813712957397761736002759726128668994776019596998129832111398239097899663575112471155346175921649095214398321188199183247080980368022058991697730559898753977389718193155917871194140350192900810886862558621229132583580969235695752864921905223263162814573162213252134149430382857253490153152790866493530419090129041711012939934605478476521249710668186004341861184317997583512176401862917794522748806754872076034023009276168274892676142347957241417005168245986519474010922634830278326623222840807749952377218619186093463111235021822942314884130610153079032897949218750
983 1467896748053446858883868201672481968672616920705990170438608103348843699465002367510548830640481662181722014241769509550894068564786988808680013798630643344973880097984990649160556991195489498317875562355776730879608245476071991605940995916235404901840110294958488652799493769886948590965779589355970701750964504054434312793106145662917904846178478764324609526116315814072865811066260670747151914286267450765763954332467652095450645208555064699673027392382606248553340930021709305921589987917560882009314588972613744033774360380170115046380841374463380711739786207085025841229932597370054613174151391633116114204038749761886093095930467315556175109114711574420653050765395164489746093750
984 7339483740267234294419341008362409843363084603529950852193040516744218497325011837552744153202408310908610071208847547754470342823934944043400068993153216724869400489924953245802784955977447491589377811778883654398041227380359958029704979581177024509200551474792443263997468849434742954828897946779853508754822520272171563965530728314589524230892393821623047630581579070364329055331303353735759571431337253828819771662338260477253226042775323498365136961913031242766704650108546529607949939587804410046572944863068720168871801900850575231904206872316903558698931035425129206149662986850273065870756958165580571020193748809430465479652336577780875545573557872103265253826975822448730468750
985 36697418701336171472096705041812049216815423017649754260965202583721092486625059187763720766012041554543050356044237738772351714119674720217000344965766083624347002449624766229013924779887237457946889058894418271990206136901799790148524897905885122546002757373962216319987344247173714774144489733899267543774112601360857819827653641572947621154461969108115238152907895351821645276656516768678797857156686269144098858311691302386266130213876617491825684809565156213833523250542732648039749697939022050232864724315343600844359009504252876159521034361584517793494655177125646030748314934251365329353784790827902855100968744047152327398261682888904377727867789360516326269134879112243652343750
986 183487093506680857360483525209060246084077115088248771304826012918605462433125295938818603830060207772715251780221188693861758570598373601085001724828830418121735012248123831145069623899436187289734445294472091359951030684508998950742624489529425612730013786869811081599936721235868573870722448669496337718870563006804289099138268207864738105772309845540576190764539476759108226383282583843393989285783431345720494291558456511931330651069383087459128424047825781069167616252713663240198748489695110251164323621576718004221795047521264380797605171807922588967473275885628230153741574671256826646768923954139514275504843720235761636991308414444521888639338946802581631345674395561218261718750
987 917435467533404286802417626045301230420385575441243856524130064593027312165626479694093019150301038863576258901105943469308792852991868005425008624144152090608675061240619155725348119497180936448672226472360456799755153422544994753713122447647128063650068934349055407999683606179342869353612243347481688594352815034021445495691341039323690528861549227702880953822697383795541131916412919216969946428917156728602471457792282559656653255346915437295642120239128905345838081263568316200993742448475551255821618107883590021108975237606321903988025859039612944837366379428141150768707873356284133233844619770697571377524218601178808184956542072222609443196694734012908156728371977806091308593750
988 4587177337667021434012088130226506152101927877206219282620650322965136560828132398470465095751505194317881294505529717346543964264959340027125043120720760453043375306203095778626740597485904682243361132361802283998775767112724973768565612238235640318250344671745277039998418030896714346768061216737408442971764075170107227478456705196618452644307746138514404769113486918977705659582064596084849732144585783643012357288961412798283266276734577186478210601195644526729190406317841581004968712242377756279108090539417950105544876188031609519940129295198064724186831897140705753843539366781420666169223098853487856887621093005894040924782710361113047215983473670064540783641859889030456542968750
989 22935886688335107170060440651132530760509639386031096413103251614825682804140661992352325478757525971589406472527648586732719821324796700135625215603603802265216876531015478893133702987429523411216805661809011419993878835563624868842828061191178201591251723358726385199992090154483571733840306083687042214858820375850536137392283525983092263221538730692572023845567434594888528297910322980424248660722928918215061786444807063991416331383672885932391053005978222633645952031589207905024843561211888781395540452697089750527724380940158047599700646475990323620934159485703528769217696833907103330846115494267439284438105465029470204623913551805565236079917368350322703918209299445152282714843750
990 114679433441675535850302203255662653802548196930155482065516258074128414020703309961761627393787629857947032362638242933663599106623983500678126078018019011326084382655077394465668514937147617056084028309045057099969394177818124344214140305955891007956258616793631925999960450772417858669201530418435211074294101879252680686961417629915461316107693653462860119227837172974442641489551614902121243303614644591075308932224035319957081656918364429661955265029891113168229760157946039525124217806059443906977702263485448752638621904700790237998503232379951618104670797428517643846088484169535516654230577471337196422190527325147351023119567759027826180399586841751613519591046497225761413574218750
991 573397167208377679251511016278313269012740984650777410327581290370642070103516549808808136968938149289735161813191214668317995533119917503390630390090095056630421913275386972328342574685738085280420141545225285499846970889090621721070701529779455039781293083968159629999802253862089293346007652092176055371470509396263403434807088149577306580538468267314300596139185864872213207447758074510606216518073222955376544661120176599785408284591822148309776325149455565841148800789730197625621089030297219534888511317427243763193109523503951189992516161899758090523353987142588219230442420847677583271152887356685982110952636625736755115597838795139130901997934208758067597955232486128807067871093750
992 2866985836041888396257555081391566345063704923253887051637906451853210350517582749044040684844690746448675809065956073341589977665599587516953151950450475283152109566376934861641712873428690426402100707726126427499234854445453108605353507648897275198906465419840798149999011269310446466730038260460880276857352546981317017174035440747886532902692341336571502980695929324361066037238790372553031082590366114776882723305600882998927041422959110741548881625747277829205744003948650988128105445151486097674442556587136218815965547617519755949962580809498790452616769935712941096152212104238387916355764436783429910554763183128683775577989193975695654509989671043790337989776162430644035339355468750
993 14334929180209441981287775406957831725318524616269435258189532259266051752587913745220203424223453732243379045329780366707949888327997937584765759752252376415760547831884674308208564367143452132010503538630632137496174272227265543026767538244486375994532327099203990749995056346552232333650191302304401384286762734906585085870177203739432664513461706682857514903479646621805330186193951862765155412951830573884413616528004414994635207114795553707744408128736389146028720019743254940640527225757430488372212782935681094079827738087598779749812904047493952263083849678564705480761060521191939581778822183917149552773815915643418877889945969878478272549948355218951689948880812153220176696777343750
994 71674645901047209906438877034789158626592623081347176290947661296330258762939568726101017121117268661216895226648901833539749441639989687923828798761261882078802739159423371541042821835717260660052517693153160687480871361136327715133837691222431879972661635496019953749975281732761161668250956511522006921433813674532925429350886018697163322567308533414287574517398233109026650930969759313825777064759152869422068082640022074973176035573977768538722040643681945730143600098716274703202636128787152441861063914678405470399138690437993898749064520237469761315419248392823527403805302605959697908894110919585747763869079578217094389449729849392391362749741776094758449744404060766100883483886718750
995 358373229505236049532194385173945793132963115406735881454738306481651293814697843630505085605586343306084476133244509167698747208199948439619143993806309410394013695797116857705214109178586303300262588465765803437404356805681638575669188456112159399863308177480099768749876408663805808341254782557610034607169068372664627146754430093485816612836542667071437872586991165545133254654848796569128885323795764347110340413200110374865880177869888842693610203218409728650718000493581373516013180643935762209305319573392027351995693452189969493745322601187348806577096241964117637019026513029798489544470554597928738819345397891085471947248649246961956813748708880473792248722020303830504417419433593750
996 1791866147526180247660971925869728965664815577033679407273691532408256469073489218152525428027931716530422380666222545838493736040999742198095719969031547051970068478985584288526070545892931516501312942328829017187021784028408192878345942280560796999316540887400498843749382043319029041706273912788050173035845341863323135733772150467429083064182713335357189362934955827725666273274243982845644426618978821735551702066000551874329400889349444213468051016092048643253590002467906867580065903219678811046526597866960136759978467260949847468726613005936744032885481209820588185095132565148992447722352772989643694096726989455427359736243246234809784068743544402368961243610101519152522087097167968750
997 8959330737630901238304859629348644828324077885168397036368457662041282345367446090762627140139658582652111903331112729192468680204998710990478599845157735259850342394927921442630352729464657582506564711644145085935108920142040964391729711402803984996582704437002494218746910216595145208531369563940250865179226709316615678668860752337145415320913566676785946814674779138628331366371219914228222133094894108677758510330002759371647004446747221067340255080460243216267950012339534337900329516098394055232632989334800683799892336304749237343633065029683720164427406049102940925475662825744962238611763864948218470483634947277136798681216231174048920343717722011844806218050507595762610435485839843750
998 44796653688154506191524298146743224141620389425841985181842288310206411726837230453813135700698292913260559516655563645962343401024993554952392999225788676299251711974639607213151763647323287912532823558220725429675544600710204821958648557014019924982913522185012471093734551082975726042656847819701254325896133546583078393344303761685727076604567833383929734073373895693141656831856099571141110665474470543388792551650013796858235022233736105336701275402301216081339750061697671689501647580491970276163164946674003418999461681523746186718165325148418600822137030245514704627378314128724811193058819324741092352418174736385683993406081155870244601718588610059224031090252537978813052177429199218750
999 223983268440772530957621490733716120708101947129209925909211441551032058634186152269065678503491464566302797583277818229811717005124967774761964996128943381496258559873198036065758818236616439562664117791103627148377723003551024109793242785070099624914567610925062355468672755414878630213284239098506271629480667732915391966721518808428635383022839166919648670366869478465708284159280497855705553327372352716943962758250068984291175111168680526683506377011506080406698750308488358447508237902459851380815824733370017094997308407618730933590826625742093004110685151227573523136891570643624055965294096623705461762090873681928419967030405779351223008592943050296120155451262689894065260887145996093750
1000 1119916342203862654788107453668580603540509735646049629546057207755160293170930761345328392517457322831513987916389091149058585025624838873809824980644716907481292799365990180328794091183082197813320588955518135741888615017755120548966213925350498124572838054625311777343363777074393151066421195492531358147403338664576959833607594042143176915114195834598243351834347392328541420796402489278527766636861763584719813791250344921455875555843402633417531885057530402033493751542441792237541189512299256904079123666850085474986542038093654667954133128710465020553425756137867615684457853218120279826470483118527308810454368409642099835152028896756115042964715251480600777256313449470326304435729980468750
