0 1
1 1
2 1
3 3
4 5
5 8
6 15
7 27
8 47
9 84
10 150
11 266
12 473
13 842
14 1497
15 2662
16 4735
17 8421
18 14976
19 26635
20 47370
21 84246
22 149830
23 266470
24 473911
25 842841
26 1498976
27 2665898
28 4741245
29 8432208
30 14996510
31 26670987
32 47433807
33 84360059
34 150032645
35 266830001
36 474551718
37 843980557
38 1501002217
39 2669501847
40 4747654620
41 8443606966
42 15016782876
43 26707042245
44 47497930240
45 84474100741
46 150235466260
47 267190714365
48 475193239121
49 845121489506
50 1503031342251
51 2673110604618
52 4754072722010
53 8455021429758
54 15037083266880
55 26743146076397
56 47562140168417
57 84588296789684
58 150438561604740
59 267551915295961
60 475835627613988
61 846263964346272
62 1505063210466537
63 2676724240822057
64 4760499500338905
65 8466451324013511
66 15057411100828201
67 26779298714714080
68 47626436898733735
69 84702647213937111
70 150641931503371415
71 267913604515214060
72 476478884517808506
73 847407983637660246
74 1507097825456745701
75 2680342762108843038
76 4766934966688034925
77 8477896669735815158
78 15077766414895032875
79 26815500225862137257
80 47690820548384142252
81 84817152222453277459
82 150845576326963741810
83 268275782682906128646
84 477123011006461010658
85 848553549467946738862
86 1509135190934860600707
87 2683966175082304608417
88 4773379132802205819340
89 8489357487812910017806
90 15098149246229473706701
91 26851750675909728943140
92 47755291234869808059230
93 84931812024206804889731
94 151049496447173431874295
95 268638450460020571116555
96 477768008255491078937441
97 849700663927815273869061
98 1511175310619120119033326
99 2687594486355253039965533
100 4779832010442167861751365
101 8500833799161049941812783
102 15118559632030655569660620
103 26888050131014753254191442
104 47819849075851205725699312
105 85046626828454446687800009
106 151253692236159355725877980
107 269001608508434352569716681
108 478413877442033401729203228
109 850849329110775904299098577
110 1513218188232789211910218477
111 2691227702549439162212642302
112 4786293611384569925852242675
113 8512325624724764898245900226
114 15138997609547998082011686626
115 26924398657424543694199611050
116 47884494189147867512244555600
117 85161596844735839362603610601
118 151458164066583485670801877025
119 269365257490919194463638356600
120 479060619744813975802844233176
121 851999547113168788425039911201
122 1515263827504166119328918890376
123 2694865830295565397886001157728
124 4792763947421981111176321602705
125 8523832985476898652588397417633
126 15159463216081276373225680266865
127 26960796321475990017661480396827
128 47949226692738599645589556923597
129 85276722282873884925300395984584
130 151662912311611575935963035887375
131 269729398071142784133627308528691
132 479708236344152254977229260003823
133 853151320034168015401230047496292
134 1517312232166589169586786220044222
135 2698508876233297864029282491656962
136 4799243030362912264883671450668785
137 8535355902418647043522510902366146
138 15179956488980689157034234797195601
139 26997243189595659295853630930186310
140 48014046704761697632381094138091095
141 85392003352975133820385288414804221
142 151867937344913843705097502580715480
143 270094030913669986000829650336415195
144 480356728421963304230458810401748586
145 854304649975785436304004869180788166
146 1519363405958443592714908041504147726
147 2702156847011278489544274218505968998
148 4805730872031837532562357478854489695
149 8546894396579596310591080928462857833
150 15200477465646926896393707756642528360
151 27033739328299917146832238122455728162
152 48078954343515161864272752589055145357
153 85507440265430168374936340989298912184
154 152073239540665651075450250772346927870
155 270459156683964054418265636594058457051
156 481006097161759956721819990233248568943
157 855459539042874500351263125010598808507
158 1521417352623168343116412410848606922317
159 2705809749287137149114045275320107371897
160 4812227484269215938163455174585254645670
161 8558448489017761473672092870520720370941
162 15221026183531240060598330195415483580001
163 27070284804195049129317465829672851674295
164 48143949727456913514473843620288948253340
165 85623033230913986766226184470792028861966
166 152278819273548187936345401050233108418660
167 270824776048387848156447098945898601953965
168 481656343748654973729701218637250887560296
169 856615989343134096308019875013093649679581
170 1523474075909262931427942008125451110331876
171 2709467589727503813529317700725562539153093
172 4818732878931512993108832484918208697210585
173 8570018200819624764336390975131971459135258
174 15241602680135507474666521285762649045819355
175 27106879683977382300683802737687378091833322
176 48209032975205010726157397297856436057634842
177 85738782460386387508398888836388254498076934
178 152484676918749155770903697896800097188409840
179 271190889674205046530793462745282138698302261
180 482307469369363207509412246740783112292955713
181 857774002987112399084952010085008912122032972
182 1525533579570294265616758830734685908615214012
183 2713130375008020716440219389663677835841792857
184 4825247067891222334611136767738090517880737580
185 8581603553100174109158702741395671150044788736
186 15262206993012304761125106888712430591645286201
187 27143524034433406939278187567111506350955598505
188 48274204205537865093121777807555930256803880585
189 85854688165092354458913935495641776681524027711
190 152690812851963452382155198128913542139238718065
191 271557498229581367173065804543398818485921340160
192 482959475212203767074856750600842630955728487431
193 858933582088210721536955975465599061324084665071
194 1527595867364903501325964595114198734084210464951
195 2716798111813354537555622123051726884224784899388
196 4831770063036887393245476889088125861147158689250
197 8593204567002941665052206856653208848500425566158
198 15282839159764972874316349893327462532548284489725
199 27180217922439898431288069043954598508111658280182
200 48339463537394458433101003670883543004935583436677
201 85970750556562442345459945719077478184448367517334
202 152897227449393857544796811577262410848995183668035
203 271924602383585785449041411073895969505830850132321
204 483612362467102186908010099326281260031162743037508
205 860094728762687371468747318306556097381053193401187
206 1529660943056812901480338882987655848733598419053682
207 2720470806837208602312299489043230795296819171824342
208 4838301876273123089812344279263546771905639934146890
209 8604821263700042406696972551968152155904894781987406
210 15303499218047686727352869001968373625726300694557451
211 27216961414964039322381846950212416704803236991638065
212 48404811089874559854119389015105711691137613296358580
213 86086969846613162814041760688022955249761511048407206
214 153103921087751719583846024101372931489797466554416445
215 272292202806191755524654304802533224804970290204624780
216 484266132325592598600160242641716694839726030815810366
217 861257445129661513854541182530517139443356174278493011
218 1531728810414832705165313969286744103838290984250520951
219 2724148466782335098036169370357605006631575722790407883
220 4844842519520637561531370217372333025108252591114797065
221 8616453664392212766132693314374965440738393267339915533
222 15324187205565523911845691719574386333034865406966627470
223 27253754579063541534344441282034940695043220281170819117
224 48470246982238943114286656945626687462184903232686954237
225 86203346247347370998945419729863681465154736329709603759
226 153310894144257642881443824643150344181644466576227461580
227 272660300168278433082830209599066326775949240731657392106
228 484920785980819905428875012690045411727705223356423638328
229 862421733311117038278862389986635395223114027431621537777
230 1533799473212868005791622192545883452261613755189992964452
231 2727831098360547306617915770579413915030788539401810678977
232 4851392004716253917605570143512866435739567081291767789100
233 8628101790308849324586233093948118391304264152527147794201
234 15344903160074533510530856618053763346851505745789104724501
235 27290597481886768746931037662968864721633723224418027343350
236 48535771333909604275430211604391332544758704583332469183075
237 86319879971154652615286535741901094177504366472247833461826
238 153518146996642176313061551915313173052592530127471182194050
239 273028895141631899693247442643551836428004095437262380114450
240 485576324627541959874664492637797238936467268812563368426976
241 863587595431906431605543275592270915872305189793964461552401
242 1535872935229925638558168675131718897059272187571542376632001
243 2731518708292731853725314891446473878815452116050599024417328
244 4857950343812932024195779399526911855319025397978843482487280
245 8639765662708047556604598473467307392257282432788421515109633
246 15365647119381805002920149488848422210519454757023899560461840
247 27327490190672858945162358686710922561036490400219622181426752
248 48601384264469979650961791757580178284997775473981344232580897
249 86436571230711711574848520533612611201234695233246022491982209
250 153725680023146502614368072504436404655011678674658567390880225
251 273397988398946388837258235306780771930724694624862034554981491
252 486232749462131744081312469658118865225934578132547002256417173
253 864755033619754655881976985711755863526673175958086259969697992
254 1537949200250121077225699170143042889482097753482249274289114447
255 2735211303308860974574620553008481213579693828898223969124349387
256 4864517548779790318845038473556499194657740063713697468828180335
257 8651445302876640626564045727049904432493597067961623709985226996
258 15386419121345537264101727767903128977204357784615458887968058726
259 27364432772751847132285112798366489714873597162808530792492351610
260 48667085893665164048376265740311041910991858186487389421321287945
261 86553420238982758125918067833024161408412073070197681632953517946
262 153933493602523128680015400644651788601783931351531978136781930505
263 273767580613825513590208006450083862943983504823601590303088677670
264 486890061682579553263856362129393323239305912082522719280331774511
265 865924050005263031485703503483817932874081490071168898298881094741
266 1540028272062685340213849804230270957648958833907095526249348028976
267 2738908890148004796283394269198830425160562304709255165691778967723
268 4871093631602127654392739570462835452739619123863917999936919413770
269 8663140732130238237626127281762543512309834350397745972597714635958
270 15407219203875107656816557617940391457335934288899750239927531922710
271 27401425295544788208621574665935499464736428929254318686212817943462
272 48732876341402129306780865296439604009221635263842559733046285534407
273 86670427209219897517826258009852659478554379358132710659249715986809
274 154141588114036576795602570690465219440202609200831843105911104828720
275 274137672460783495963393136378817091470642689533907363258279574427226
276 487548262488495182068200390413199470924663249163617598337227577299293
277 867094646721913125520415232186042177826286912634514244968371971020832
278 1542110154461971906034182500968206080743038471973906495904629406760542
279 2742611475558343636827195552876982510053786024571206496104317850251947
280 4877678604281445172418400149652413677152468719645719873719039653606095
281 8674851971813265533211577813084402797024629967027215267390759333319291
282 15428047404931141216936758283427756806404597798609627392245744866156501
283 27438467826563880016532553745196367199838658013308656037450914446321345
284 48798755727749943129853694288831544293214099754374292200983100795545190
285 86787592354963519190904606167803254622304886846646855756960720454416941
286 154349963937464076804079276388746763318333014647302588728003976362964185
287 274508264615246397907900818561953805427447403449714109293702052746769815
288 488207353081110113886352147373307456168246646930354897741215835117829596
289 868266825906070645468478548035176480620812965272997303561938763432018406
290 1544194851247463638071826907802634487594202128806419454839895930842200876
291 2746319066297180320622578326822371661064928726362469067415046553029084693
292 4884272478835468206254982964098228823852496416992171716523179194556534160
293 8686579043299002051063036051349927516343380625230705341036905843309990133
294 15448903762525579932472118794235351520639992803312348821413192827463590580
295 27475560433412586551718310901880873373241667716728806424133381934487913997
296 48864724172939988214630887420643780749160112418909391519168434052232410017
297 86904915890042686492566334152661776819189276521958375048191829619627380434
298 154558621453096259207852496423836503425247676032365867650456739763037714315
299 274879357753553353982577599202906709472957072169921285396403810607433914186
300 488867334663279713131278118877524116344152357007516721670918998055611094938
301 869440589696989338107077327083623548493196992790894483198611114373850313422
302 1546282366223779718728366711011392597491117145446374115217742093417267942112
303 2750031669130952510758869660548703758903218819212419452436815466083691636157
304 4890875267298168213611736099440813195414575885279766765456764863267375977505
305 8698321967989620729967694352123385435464759492931043611440403424712724460836
306 15469788314721752116231222785029278841289357204632335346135372639689941761076
307 27512703183785761341082286525582084874677575437396771607814798834252774257305
308 48930781797366181676522334002186045392528473315747731112953759432571748843060
309 87022398028575526920224107213356595913080830072497071301447166043247088883936
310 154767561041737849207861033389001340744822119332710530410775320885358887523465
311 275250952552957805688376251819514703209142065516322997479040873721487783489385
312 489528208439485420475379105896290554992367439484133827583448561815840985639481
313 870615940236814893695094057102620553553803151017419624360310996990115907809271
314 1548372703200682592938625307605069215842231825945379378121353266484197588054201
315 2753749290835245057901237437214978983643580297114222299654337504404795593979488
316 4897486981719784738846580550103154049830473208560698304656960894157621306353575
317 8710080767316226969211064189026911694323917892136166154849203103230773502747783
318 15490701099634441872263788119242424174244168246793667134800190504803074495271575
319 27549896145469770987382807550767420702556327521545152216185001235707271716318732
320 48996928721585194770956422421821777587480833363360763206180057339336324120358602
321 87140038984969622891756437541728468414450855923138884252508288185689049025595334
322 154976783084708361680884603325290755010164098915908633520024143657501871359524885
323 275623049691628737471333675169598576837851619955614613843912298677724170010207246
324 490189975615836951056591908485850379559910247273116979400259729285207818679008733
325 871792879670588855437853764558917933820445132781279463558016114281097535928382262
326 1550465865993084921074022910672638421803756144086872172549679854058340475592002907
327 2757471938194802365887583980392115980173947425225359981987931553967143958839869017
328 4904107634166847404928126980454073758960297082137897004251715223628857800350046940
329 8721855462738897740833141963032977781378090404177012179389066902369134416102910131
330 15511642155429958656210999159320249586691889778758989702070697565684038639364443826
331 27587139386342618880898245192134662705226521120987026713161799837623690380225397990
332 49063165066316672912054802334095774093122553878697668612633632751709719476852882930
333 87257838973922403044235919705096612626080667696305788023614414931388590696092677806
334 155186287963842797096355825268294071643051652291813471170020780618352866137068048595
335 275995649848651914396435548148166208775562984088057938104198130735767137670649165505
336 490852637400074495656129047929422230339468782955190170584671526447884904123584493916
337 872971410146252534236865619011786736664960865456363911246256805050295188454448825086
338 1552561858421056541245194295384278563153911964803306231911512047302558639552589806701
339 2761199618003540774041833137057193458515289960923046842572419598182385865993555077108
340 4910737236722197935127457503305092549558599807094659047625990319799472556329944543390
341 8733646075746720754758355887817142340888332949865821951525250438836532157752504933283
342 15532611520326206929690780909167641612297261852427163930477403551768095391621555728695
343 27624432974374069078331400004905597939590282644584338697717132263101541466151415398667
344 49129490952443455988738703664833188434260587485954277737147366655523783149531920983537
345 87375798210421534061633427075601335436589532175871121317715912150593947450974947567509
346 155396076061492338373945174857522979469552069356543915801055160630382739908905779016430
347 276368753704031121494626524688789861728104927165942150925441035884732375117791091838781
348 491516195001570924851873726617008578694656246053772849346494976402607521011520403024053
349 874151533814650928731706722498488231458052655090304638335843806262198852888685352895727
350 1554660684309831441016573546728685336444224296134148517290063906398944801567021900191052
351 2764932337064560956226208820986659167127381127921682089171347528433368435558321877094402
352 4917375801485012204479862565525042873301553151980193093871814205209779714896238038342400
353 8745452627857833676870771206623378798178502329982250850986730663639485431010061412603801
354 15553609232592755908845135870636592607149383954793821395694048591020434728575935975144876
355 27661776977625770349179196096056328942185215140622116823262529553470755072915213525900025
356 49195906501011798978668894352329641180385720297476506980771961279697306796942889036554300
357 87493916909745313032213363753497519856418766240912252105856725218978716883537800499256801
358 155606147760525048683190682995260111180811199349028625058904485388507293322385841649107325
359 276742361938689404785227805230450679610466301932623562749839123296162882274290595209773550
360 492180649631333996151452655883151981705511052381942323091337804350178137407299023832237651
361 875333252829536650641202249756533131316402833366118003919309451755151006207032571654564226
362 1556762347489814738545669347116638272775961421439771637654629654182513309005084390197318626
363 2768670102190160336655133569761063274617064107838803339606372424899335159297030144035013178
364 4924023340570822321056777361403783999098962060712069418430472407540836592234856510677122480
365 8757275140619463400106127622398333564786476537608702072600136682272506923129672021077216633
366 15574635330550909407176836303806647707186099872793456826717672062957527668454526104134788065
367 27699171464251380389794071940492126998295577049674456680093651498588357874813970245691808552
368 49262411833231592860421902296936044995651089352237812239805087818919057307101138226868800072
369 87612195287463060336336033179831035702033804213993656328185938972924106258134778066018274209
370 155816503444326570186445879794860874131193994078297223175484541608159014516920214517501666200
371 277116475234470313976026978967821307121692787771735234916757896337044650413701604706253952416
372 492846002502008564109014820002021089956625009014351657740334725419539413313942627044082084273
373 876516569347573855411065776467767226213860701512146303592772075545824020937463308040968902817
374 1558866851796589673159771542257778587590144694084239539921678758329483978406972761725286665297
375 2772412920201845522493406258932706029629436410532440278079301017686688398141458482292835986187
376 4930679866111538737088216598690430536311749018357090886676993955224951747072192947352837601885
377 8769113635607965368632379579878894063574705113959419046937639005821584710306681564326878169096
378 15595689852573775772802936661034263403302029841336803908101161903187400834582869685931582854351
379 27736616502496690205363761297345809415598339279569074301794116105904453313554771435886011960035
380 49329007070476585824305671279326260852845637824332856978753615997226750460302864203851636997295
381 87730633559435513065384152639015903135434257926881644301971900051093652861368312378316394209796
382 156027143496800823726421205635809079340303529916824156535581993148403271924919266453727164998030
383 277491094274139146843308092893116979925281395826701853908206347293536274412007573349963613350770
384 493512254827878793429749689870596152985420844390838580443966124387128745884740380746121160598561
385 877701485528342178175173317120195951398160132310031733909000848831841541761364356345960301950066
386 1560974201070924605382846947244893181173428114600690523959201420461412909196743998063728681689601
387 2776160797930344753261348748599876206216705561384736681776586400531979924917929468702082979240198
388 4937345390255472389976060920071848358863012412468757085736582322531698101464030249761808349529095
389 8780968134428862955190506926046021593267725244063345711028404019137962189693963335781498849860333
390 15616772837086337920252743277597550206949283085606807744632571893369798674314558697899429876679560
391 27774112160699748660036464176470526977906592627538220017438356814578046056275808285379008394379387
392 49395692334284604782218365631514222571906895395823636791322746326553826995366400850357854141679082
393 87849231941815218972531512165510451397899758696499907467657092711969973624492737583874484063208934
394 156238068302370709459595835047449179354445521475798418565389791833963884486440983383829847749407070
395 277866219741384195294092969566876303117302892482515155079737058979117886431985563120162756077615526
396 494179407824870375066183852603365406891741580027275261095345586710473698486643475802488079495852143
397 878888003534340675037654291586176666791583098589765197949149691197001642409703621456122829181195657
398 1563084399158780026425399601590907925402727812403055706656575244174623253703839922794899180691454392
399 2779913742215620367069641910733000819731606969544297747135680730248134710113746036669680241619095122
400 4944019925167356873238602834343209108808614988054603496661668606640641719795304017800539495414129645
401 8792838658716886891667460494063752447051208189974681689358578994352925985126246501462630838228827016
402 15637884322565523456938050947553785708799847048983817735206778640044700772625592934476727746080856126
403 27811658507290987195418714674369839339256942414610047214570450996863645223843303530944998899032358395
404 49462467746357777176954584205254376675376390684024248892000127901013137271481396930214677241722946415
405 87967990651046930956072746992834792614624565159563510345115688931280841548154989377835864391422031291
406 156449278245978808436778585378395256182206690068223124762327688834804698058353443337532909693948509085
407 278241852320817993112867865628930639763407798862827066264236727027053976105364236711106723581012630665
408 494847462710552745310300483325790849220982111676003654157109653796275870488029365895530498767350812646
409 880076125530991769682992350127862368491220209923029596291673941757121407380265649013955454800589005981
410 1565197449911315577150087952089749064860985555302296806367904633649170412425504262242756812757530418001
411 2783671759906881283706602200165007026390981186833106932054360540367762992235445833814709856631521727543
412 4950703483028370637426814636753687819979779153195606268449702388747000835935851508360315400608628520860
413 8804725230136014752973204305682653062010763783655006352714857908967658370108772238522251571230329853758
414 15659024347540274904423628792473485539890303913760689956927246896325300790899803931683321373669891096180
415 27849255610793344717673559782820077357019861295309005771723902560390789584518923416323131532751319052797
416 49529333428562753091363790680811208932529947805891595149311646825315985753292053752713994621020018275192
417 88086909903868002076034164619351084009460333861765684609513093893285075292774929592360132126832599903309
418 156660773713088085132098310777299717236999379179311279177833785370024192260477134522875006709373607377540
419 278617992697978565395072637284988524639099356933207868979731279192299952515644313936265812083556334459861
420 495516420704141307885531552898819248528539208678975826995354255895218430484377454635177819387011222687913
421 881265853686645205321338710280296281472107996985603380003607673632226589507206849341604643558921146250122
422 1567313357184897076525908735844752970630286228736021391369180114826459897214453688320688142902656103494587
423 2787434857862595504600680688246568783393934055221289319190308258983880724945560857774595599139214865055082
424 4957396076036159221052855497086629510857228924009706221583364768250267259151577081500622573517235780339930
425 8816627870379510494293913368279132016352909999288041105147498886165389450827214172960728496172095526201686
426 15680192950591620014626110843332034029131964981533433265917564239767310845417145262894342025269625025346576
427 27886903539822392653446970972853042585711817676095159201279247779356507658181482829035004952056300228393605
428 49596289502930927657766314496217639847802758601695344253154002646305327229480281407115479874358805914886785
429 88205989917308781104786540815316086951789312335314230498767449897178878473927332417544204278167495388287036
430 156872555089682590921705912916107637368950978613816692848053201436675323910761882480733960608410506005365740
431 278994641559330679669632657384309330139411084569292834334057089740392218768752351042499302735667182283192985
432 496186283026499659042678140142880011874439557842328598479598493294889913495260083111742462670188883448452156
433 882457190172582001976250395947079339534998862423742781408554781825652128945294035227860246139907765822124096
434 1569432124841103559583774652658952594597060192500049983723442914963755382735379136964557807267596336165482201
435 2791203042950502629680997275832804308637547634152304670763542988647622101265171372823426555469282479430692713
436 4964097716404857511571389667054526912630195604506804601561483595696637394177092193973345306141119399135106025
437 8828546601169964041793483455403403803990363873316830657568871006013124964682382620649587206207809331282828783
438 15701390170352742181069620002343655685723108249552197148485342808531732331179352152218498821678303444026503425
439 27924602363086460174850718472142633807746607534875782423892254495277739307303447829876873526759635838278956032
440 49663336091658663768032824654056888988822532023592505559182925321174974501900011229921532999176466134157595527
441 88325230908693008612381773461488651569662052203513680529999039029287808746205719018043560041473286017327948959
442 157084622762268168513471833132284770562240827888665137855505347839727397590726795457192379361201578658481671735
443 279371799592267098712816811245486655435002303866219126796201969381658448507653173552938973580173027365940712796
444 496857050900141815663819699367117443759158576423522162757814101755395915537282240198298039456088256203471377458
445 883650137163018419122075519090831980767579176154813921850338493655606787133762197978507859398286396093736166462
446 1571553756746734324886330256241947428392078004241041530874355525763373342432491892711701312393074393645820307757
447 2794976322047626391158753641567612082356574928930712477627002773334648647512809535431314831886247467284546179942
448 4970808416365112036454342605654904836081229805460348803555494823371970328571410452568585030097435229658161941365
449 8840481444259330936835606804097346903070724162208580649299039020714596402979429640513303134920668834385057051606
450 15722616045509050945326627532229031840740949720444828008631198123765608591929887430534695137506065135234029006451
451 27962352149386759593730246685739336151500825683872715930611376442088801981048235630904881990131094805631427691665
452 49730473317107515084733727380498102812955924637595412110914610813234358328444743166521565430671581307965967569780
453 88444633095638213587336258992811565969116470236452607246601690555716798572851455775392557528211306019173262326531
454 157296977117873157328964626254951658030502496395712154638828638790325362479365004932305701814093313298385600536370
455 279749467485109835055707985096032294971833941549315345987713742035510910788731316443685129635470135490290801426230
456 497528725549234446378278623658056182819952082497607391942532694939464269859899541520478506987643660002218236597466
457 884844696835109923678217507628542033009332595805039480458160464952066184799551119729947773006535527482928670990286
458 1573678256773815991524867857389818944832002149615509611141805211371324566875330521918718852101438016956264446687451
459 2798754702040287204252399362421465502630784331522444328903669732472529659055416178236839430281523891143025753738833
460 4977528188164103284399776742343794185500285135393678074515921666760409499941566503441820925754027300091928069990340
461 8852432421428972033798765338497022450143119534034024622618863915664799456012413662076900701149345548189000033819158
462 15743870614798252598772723935633740105264856405145107545580294849945672430209845224025613284178361211941025186558045
463 28000152967617511925446398159084737796076258924957300631573275220999556819288494867625616058980296043265688843680092
464 49797701301804449353765488070794034848853450532613988470868764254137499046455337575491290614026478912252688310318462
465 88564196696056110593584833423168718564694280727322718573506412658322318796012111163700699031431108867367474270566259
466 157509618544049099838997954314550468759480870650859983053329588217794575205743529944740705003288538274696851390745655
467 280127645927111407187575551872879482067763745505651582552124470280308720618001133459907081364567764842375988785072331
468 498201308199599105694711941451513931595862637958876983547387195935426057800468279700722869340307115941174625602704153
469 886040871368955163367519959568149847574253803582774560681972490179391854577757605529879365094136940145994777468203677
470 1575805628799609565656222619469374542673185906319980408207977743736804314200214907526808616767580712062177917585413902
471 2802538189824114734879456566174487853083821477210771969384007841633827651372697262812670146198736229874650469265576077
472 4984257044065568056715623593339132761263497441607875355721833605269715099532668642409451046695886117240447175534121325
473 8864399554489693251556590837531481225424642187179750749766431994704921007305112533048206940321895943236100936782407151
474 15765153917010420879784151037476951992197707302415623514190300951429071903632720832740448768122381350205203804113900876
475 28038004886766072622400142848878191436212661024883269211470588807666903696270287100671298138372582698619573998845015450
476 49865020168442072018861428157712136800751189037267871506043313912167068955835423203647283700618123762186228270475747400
477 88683921928152997464330098450728147467898059922958888875982370065993329456205762494649579560417201693770558897900542401
478 157722547428871448854035078619786994479437267797930278843729840791122381101006360265919954459086012211340260230438898100
479 280506335608456097457442454190750326755888809455741415711565223817853707609414825131476368951998956317091843594701287025
480 498874800078714471153407488412387277267011476151747314219806845867302514470356660791374604833129587523583088724195712076
481 887238662947599945446023593065212461701586364368151137269058596564111534224942422985123644543596432289828964278860149801
482 1577935876706617516592543437217621918256588590052680978324448296183274426848508146413325038768307774436733337699856606501
483 2806326792304060484337939440075434662745749162774649150969583897823566094442800869923903333685947782038805130472473570278
484 4990994996349821848919064016167518715948035307739739850851525566753098347906836614190875648045853032448275588856489039555
485 8876382865281785378696139405048188019683361584415322665925750914892636354727788969736729415666979001400230968304623504258
486 15786465990988067766507119268225928936675559690561560530477801782905189262852484030866384752855183383597482723354725964290
487 28075907975913057477529779252224013754050367992663942068930629968367649538638601468380664777799707643009255942815981901602
488 49932430039878850138395098485422696047663540104866176114364598768341909061776073599059875612635922245968164504002857799872
489 88803809010430153533512932989705120022441432480351938862921504952861649515360322484116049495244960240126627581317076626209
490 157935764160940275770741671322303641804471978993466734380290982774678571761047208581819860470013611127703817059831292823425
491 280885537220261211676142583529205528937901391888123288827099284712976941075331120634129400825039310230201126421796501285216
492 499549202415718583502867408588990277010764435369278020001381142472149512813100050231684646012498173955022315120128888833248
493 888438073757041220811356564955076751705474266146001867094406811191463116587702305848574031694915173066959094097753825142017
494 1580069004382590862456853624083567437631698660923051237059965733423727920960773154230272029037207697012055908058362138634272
495 2810120516394410391000335926305330824543465383444864389775462704312661978600528301728710846274607432906333500216413559786112
496 4997742057313781262592403531814769484942736918625794205102735964214876075073672641173427506181690992755147375950733022277185
497 8888382375675063932546725673614677470107136527624431811936783259479116461821874046900725735481007948718514469105379831864321
498 15807806875626214365328108566779701027887864563549088539720575116815191398908372683954290056242391201313036251174772588785601
499 28113862304232468698010384148125580545306039348876263319700128607085456014843146217798171268867882445774642188172523304292835
500 49999931039139336604884882462214628218757575056604919281582024279067101896972864646924476214316674162899859408236262165156645
501 88923858161684238405630971645305140307008742050404476935899992038752873235650710907503510033245256817232390471632825035957896
502 158149269129380979775979512582030671600965219928261227725245361665426314685644847725325431780948805477188377598936230673543055
503 281265251454578340421167258122770739098843672471721535403006802866431098419360050595799127972268345256007591227630545285871995
504 500224516441411089904767358201980970461511595101510976744452027963524830325812463010829898517594525104653717110027077691080111
505 889639105986231073497029246444567752942562912444888820591122168216315141533844496685029982056495001674949826528357591485338516
506 1582205015720536265417332891124014322195909437967716855802681007007518197043366299384155498513112615218378744394382389426332726
507 2813919369018797449043149983188532373999018725585855425413009841521931854217378411354689947306253336520793910433830827929208298
508 5004498239270986447536344862634343710038647403526739566403806213879334094375229156828076299903592608158114890128940263555007545
509 8900398107568909072092060378744909435772063971978800870875045034445259315310161404556091847205364034792633827847126403219468458
510 15829176609872461895174525978123217766867167188646507042100738921630210122368924476053828112358714977796592801881539903218345785
511 28151867940991821149385598328378456590481969126184330623576909162947285335010948738053840760954559005528962775463224180566489062
512 50067523289414394667609034702058051419122181561223783111139683277500822918472656207309070773212384681597395494758059659075095007
513 89044069601007691264632814145925382066432670472527881210413525148198984281477300264588663346622066056764836181973883479304922309
514 158363062723844998009535386797616980640264757187957194074255072554201833219650743805395483033583645709098560624348040915727037920
515 281645479004394622046602709667477196358952442033062351353707542058271430297231775801239389041059381469664199499198444150888709451
516 500900743388255490171385312282641102475167900567363096014799230597724962463348871133169694660310534229998633530057144365354180618
517 890841761827080715559914374045677228055262918227158858331622161932697403061758734532495495961741176727163998158845569772894832982
518 1584343914618723136513269581849870144822950590355056424489715409440494811540862081202315916316489026370061995006127274809832800742
519 2817723357110214344235033881380571494713116651961621184761881729416715343846318943062585623904957091618126066070681948032354776422
520 5011263554551623574261615127608641671232377718510774116229511758731636128151707982996157647142127913245687859736456348464193700695
521 8912430082892305564838533278556442208293277060260088629466309666991121321075540136127889492703263497003877287283208426941027097241
522 15850575232727062767775267913499978146183508512505325072126080993206775390011808327654137267788607325140527214931501153664680741376
523 28189924955552268770362146737815191880886212700921131393332187009489038027698194365575868491317509709020030366945038654260068738570
524 50135206914061422758740914048491040740649881621724923910162695940270219394939223886295309627904423439546308803089066286833421800765
525 89164443547789130722616713572197569096487225116640606259391452184234396684497518596529157739868412560461178525229149746293977580016
526 158577145334510516686881241079947359509730042379026572933420025467002532786059396712272446366387082212023640407980046260446441022110
527 282026220563634007400463600787135991200683640604886778030848092598300373475484330867442776466371310886890600521366761139909159661515
528 501577884490381386039599408701465727926014695399632825830327383240048264918343051810668512081309295950355389087630918492389509525071
529 892046043474464487368203336520058037895778496761821252884432805365080951784947555504088425286163265609723321213888659605911688407931
530 1586485704980690750085649632436462187925989607649700250486216829019195193494277419585670556093975459886508132297657189491916380014501
531 2821532487611026106806571136578038594238052757432127756267556992157321877411508630188155047095060939234563202191196721329771136925393
532 5018038015502547336859960504747422828859137221238762481607358533943297649215249274410471252008828353843904055181375809287690045686310
533 8924478323603882807712581865060457883097164890920957662530804971879766455202692272373628343116555457014620000582598801616988053101133
534 15872002783242991764010910169865861268298576372830026647521287692615305030044502621468166216934281484483363936741282672628537547304905
535 28228033417368731158497802907237279792328888877340046541173234369419173940968166748666595255965689835455379860207600094041299266077847
536 50202982036604579623414723805585560349486577383658903094957770041756923548803853012320234768921465837718800595340284846957053729558492
537 89284980221713755209063476377941278581254905412590213802044933569848104870601273108044524989812608803813640337107791804339200497254934
538 158791517352083183183263421225703660839973206782668205775645133009144435905170600596657726671583209019973200792073077943720565439790140
539 282407476827158526251730711239364638502416113206087296025126548928134159294531224095554320213383002177022277787779871922388282119298661
540 502255940983586733485559805935772298131315336524005669061643381137707526129334931051589976618813130165353739056753141576406748790265888
541 893251953126223863297139214595255037124218079129102267767457293033229197780232902731481788734857875524630417041265806595558542619796197
542 1588630390715255367825366255392450695176694623446605019052182289529222778333497784770581560577241399063192793548691028290014373032105812
543 2825346767472982781424801854697774369592254832317044750105637830691015066337895017956995599259329195733203748854636898518259099002377757
544 5024821634487303486295576613446115463390751421686664740900150864325332883157094481363504628358045468144004681656813861481443732534981105
545 8936542851691954902060184917600568230028385540926308840996327603407863201699152353039491811575802932775047485003388646713310455779198786
546 15893459300526017306483424171149203025887173715800916064234659005390981953413908949628510250458319721127625498473573600117454744696761451
547 28266193395990020327013819446803436024129616054967284627078955183594955259936657999260925129814926722983484871585085080022194559978835530
548 50270848780735009754132626680855432910452920479377464782204303961702785348711824283971931592589720181152954106207410428334700661452418010
549 89405679842763743901334293685361956497078958828459000732617767286363389678905296751497862344504921157120059794609255246992906233593033886
550 159006179167796819080420554895420257201633109821877441300904698828253267085854626681691227255333765128481451287398362108636490999245088640
551 282789248490769555429404051090488443583277815413912990751492111070928460160057838767532510941970086745626839689741454183846643149593779085
552 502934914105340098084145080224467221257860268009282148157935622001950161664881104201460675411993846308244865900163986459453845822453066081
553 894459492983171462839837059529520489132318272765695115428128127939429103562081745366712482016707978001200202771096392323602279309839515796
554 1590777975736517372452051897159114197476377397360431253604938093725944335708115391584207806026166989897951848566392577719909862048293327076
555 2829166203657232114295613482017681650664922828313531075890097144839070333849223614470689736199535049078915465950254594394329496181340820313
556 5031614423886151394158098387615827893690340683025744454171671255433515312959362912654077513300439930232440677598002110253994994389879884100
557 8948623689174560782821618686568156520573780640690424635508770871996579820851820814507514380114148122901063126214485295908780506797060965408
558 15914944823734772828435493496672145575796725879264005050142411144329736364098325596265569147597415124211219066991645608233502718058442154025
559 28304404961058967632963158673697015792584469805619742886217915178033887162201393931842953234985836187446771022237740436676368357197089676457
560 50338807270311069129924657374919636238290053497260641495979000049521133013302316728145347026497864385480137749493616746424322085871251975577
561 89526542631218658197165211157672969712980908499118644978167655116451241226642673343599791895780675766905687161125000681080198166736903921959
562 159221131173414134177231408519721465223281651161308604724855799472009681581294563189080577777150228216931532806641872568272108103008184608585
563 283171536251209088675885783555641925598755887278423886148860043493652319457141227664560147551831353245106138650268844387543125637557898352096
564 503614805094782913417319244559339344742433977133231392965665582904079355102877070265397563989776421041496587595797977200219063550105897206183
565 895668665249095067140511779259783099326181462075703242343402425820220223128010544390892942292260138118054121303215077409609975204800728191287
566 1592928463963868411036551596217091399954390417988239876479760397101500656461386168977250861938087236637751160388156898316291966225727619827607
567 2832990803134332257417151211516492378799724206035865907063972606353790553110979220444460790442973567580370336480528080357848896877626060616492
568 5038416396096086646918328803437724952481540198821385139738275385781859113243234706148044447121489589091069479521631211696207712670596510283290
569 8960720858099504401954712366611969386493220845712259530316342806333070967712723025304358535512773972267694388794518213170129512223844293521206
570 15936459392080828239149680602306403618448303788493807334775188372648500410938926407505970830784976990821080083493462427814576146567266136229701
571 28342668182312550876986170176139006557468674415039212128350046167661929835433497969981122951481153315542092791421454954364621405235979320206590
572 50406857629358551260673411933540887183610474843209413086377604740289710660974168182346991527335930711050496927228907514991478167149463689341005
573 89647568807655843729890933908548572407045912847921047409764563894818281794103357853686040862480571428322600322622193685474468006282112635494006
574 159436373761227441465595803651616496761631841260457413094175871996436851322798300980709796805784881482647495652478037941660438066443711351520395
575 283554340806161008217010468891399552733839925163094066255542852258896343366936900609236858364816406631199512818835676714311808093308021540125705
576 504295615192731742535511036275425615345049004856433314631133241982489546648405061473651573081600706226627516002514453387082092760797866206933516
577 896879472130761640957443896884900777656910296436775380894474361497533030677166094881251236724866063629424027546599260528062860753400135409238611
578 1595081859321998547980074468143177373328753313608381714371385891844100638898404699110453627308802605058928456045327196943982293601223910520803826
579 2836820572884264490007433597651887269569080773641132996802817623327686364901177554484646640309484493432332503941962872917466809048978200785455558
580 5045227563530863670727941493788565867820904458523196025813135024410423691109811447867114645978336755489485474715053653675200155310294225175372290
581 8972834380544394966179938523308204895373689540916277422356205297599721148260988639988563340515023147754118918699829270149567165199698470274698158
582 15958003044828761485957869717863757255106764476643831064077683583840298173594811547459073390077978333046512869810246536214171268805570760826287395
583 28380983129582021574885675266817350644972605162474922797875638014006342374067206936204297749262535631231188807179802263094956295714339545755554017
584 50474999982070913537016049910337425525883978406393898287506709272118675331021829569167287839546052618599488091747915196541227920670630576071084012
585 89768758592950832927131653401229967558142443586989456123646895845554892187574036604963544332908229827387704294022910342175155329880246657477553134
586 159651907324059373072853440055076538833625337614941999786673037834080188744402084470346566581201794929464262274250798531661772381065518309029493005
587 283937662854252358051043273648780174662544995131681523133748959367913458089403139097018325363578099042404941790211377534163984362810824781751842756
588 504977345641680542476142691838269330409340171171138056246193255033542196647312053236124138528425588168025719551305284144905955778042250202503334878
589 898091915837921360063023355631788618379626525511367680879108542963417168150095447234321742633659429521295435524019545014190484601247962717213586627
590 1597238165740903427663077667717608155893369248227197804135403861519317930699236602962500662192754886904338392571513296351085269412220791043991211127
591 2840655519896445957129390275132589565848710607294761541474032621682197106752242018962599976773638109664195285372587326978519937410445485654678639627
592 5052047938621018386804448024833206165459161385901645503354796066797018747512170930062404056236474327047424171677908790809631707061103414634131594625
593 8984964278616687229120773275845134556791901070252466792718039294964991588316337498751380556674441735447932130070704129994330958105727441130298110501
594 15979575821296230212991588220179141669720146537937506156667759440480790274430655000542062847050894742638256151597180702768292117976028378701894758126
595 28419349872793032401253731853139874236077839745864420648605190940723482679559926826393346797769055918229274060774280327221169513730638443422333252125
596 50543234452809503886236703074031560896741176746759632056516957054487067435554677306724190224720754286651267057069577833005272652401948777599847481125
597 89890112208277748113677575122517370637080001644659913358435111368894321642033088203597195813304230620471373097763130072185102577047512185089943896751
598 159867732255263597172047236773843671213107117067031499270839220069139880168831354837963352279119599089903982085536284102417213785074371964981826519500
599 284321503095054618958969926750213461077208148920513538529123529052040478971988465347742675470093689254388366088771811304839296896547804548969723139250
600 505659997685802931843441006793434628691317427886340530509792669549351198103292981562909876764748463046534447211296945152220443744939050255619160303376
601 899305998583311644088221467243460200084891517127125936253238461616044489808558124441891714289240997104175528328535462726471681774159277991970862481001
602 1599397387155891446776954825664590919216337092289320091933719548848541845241806483148947070710778918784626968530841089111346319838598620611469802026876
603 2844495651169742425536570062927642076779438920235755059425911459944797652984826234315785309485648779845432961985137212887621231572622576894077998291753
604 5058877533813890897442776429085479735003459380731687549083745941357343509063202376558881419015575006479847092755741953420599936288832670948548939660380
605 8997110574453721837912860310884278102307917965370422169933584280601331809186542112460703922447254242063372576060423310267347043955114818198477579675633
606 16001177760854043516803985335653939714005924749210738842190003220287428481426012598893478936659237031284477102472767013849096530042410788049133655146765
607 28457768481965764805382667249959106632100965003023528469273613893397561954433950604764117207411287361043069802758091188425697190447759656584690372455902
608 50611561166103787734562942833569682371635368797368934421971289934341524592061679081802514757032129854545486519306144299654519532872662685938223608986547
609 90011629875109705159306818990097248982738799168871514184351161106669171518858439908901229482087079240393186331781260548508713317074000459623498696928834
610 160083848948725535861339568762741759884167215003893554905662480653806926256167527483007157524083242213918370077785072726321582996439307983947935098695650
611 284705862229084985238405345250754751524535458220923264669794928474530193885661633874817422826543214277572565826399710560635719316343560341460523749464266
612 506343572570954461453669065753634653759340507390664805290534956341608729706253650661961692625302248370841052433207952647040318439409109128447267172632848
613 900521722582661194818851036933561482796407811818112690444021075535604325256021132937983758218896575007786501818086591634343101219319314767917502411806217
614 1601559527507590936351618628947853639097544978260829246219999799245074077329077977565861644188654958415806933745912994293510425657997983778201794636974497
615 2848340973712481056762799162872308015769126082465713187048893350468480206035185233682799937508770539580516117919422465848572262320287099690618629122717912
616 5065716361573648202694863483502968386138543414323731859043119296774628414734622710311827917089778858726536987657022341215790069881260837895277402422034360
617 9009273290222765734355612209569495387245873967659609487021477490146573968392632270898527806161902108352018986889149848710832439420136812235650559009093921
618 16022808902926233798994423819011210306357135652630941842669469061854078263906419081955171902541554931651285590647508064140851670402365435053629088142039976
619 28496239027215056799693280883135820440644008056353453942514066049530206569704596085599665981604580940314034631447767259773963754045765101406355254936193760
620 50679980246651575276280517748844218118477891594178292085156119251062378595968462204770565752799267440736823091065002706777075601547980249005016272964609745
621 90133311815219217672273358967488280479340491888838956011296535065672035014844854662013575719855624453975606325503255689476100956114849947569723213620809121
622 160300257798863084013891545389898823651216517571711092551945242876118046212125280681485279648097570726674445061126875807316307872288458485745444182512518705
623 285090740957807643163450998287220111942677765402097398805728428130998381559032178466314249218210907689735588887047626139428632759548923247266554580955897595
624 507028071544674888049922621761471395632590766806293993426456140023258256216297717724213438604559521930071605642229990376447077833906466579175366722153031661
625 901739090054694039950984647689746113108007158185924192698973691779312305391486714667242401718068732905744816499339489616414942864195868063182349212656838216
626 1603724590741957353492084908770949340203935198505476628919861724867896908151971756195756513820983538071576404703113850442814552501536407942054547302144958351
627 2852191494542463197479100632832268025293316605925983722493346313794349423547630907905727074495514222180718381783556454628360265327350284098666819054442309523
628 5072564434381306947758719191005743366662581197215287145306453302310560255532057200302411740816355585468304014098962168548161127933533636856637160988288208495
629 9021452448121052610679982110847489336527242234840453503293205200949548331015362146679681890528293823790527194943402483242888867928513862318183160622722444708
630 16044469286990128715966817286995754615375132879795800178394031125275145704703563540220578304122094898533804774326581616802995318325201915210304791452796124510
631 28534761578750530920913433680078037978361021113346064198073827903667357383099011131006915421645760769721059578665832418151230761685713006443070565761661819362
632 50748491819319249050081132445089013904970079622056334157267717916097701995270305910001448541800635269864673166152260063568754682612078499872891698782738079057
633 90255158250678601739202664221157063132043652417982911388429123642729644827540823380926530526752135352651233505045711929974819634689459784669629895008907814434
634 160516959200627329099517248235476625678847510918544856240477464261545155874894778275255212599670237568446439054920401928451916211058737428667408998930585268145
635 285476139983635051172834227614726948100486110078788301607780274695097356993002344025962613364100913292428540951791792305192495210035073797999625801269435037126
636 507713495856190451090640706391282598933016252301970005038613034695704800312338934551137441068877525443805153933092073745468000294097558004893594129447266300343
637 902958103221133582312911049796397158807379793677246828729603055736249611184965750942353818490848041034815460773652007915543657032579290731687737230864548526557
638 1605892580810280482837183319581249642708838503640022223987567241484322123662766206138527342397074344418397922153490162036229332902022462749911327266572342049592
639 2856047220686977187141217827533452774770387038700694201515305867654731379285176113356763389357129673328572097805313841768789074017640574057825249627953571608347
640 5079421764734756201118477969296372628186119225939174952624695890180205757139905726411681936880951145489356939780664219415369568742207253741424688324121027147370
641 9033648070375823420006238410019792446732328515977921373088955964623554459775509111355835227566277637792521805806376149474919975367772732544267671089199674504966
642 16066158952576423225953023157053220690881454986940543698499354666722241985015625200181926735313510415575635382618702202743534961095041269611829871810409724734126
643 28573336206876722364240556216788136123091064225217617800225439280041680078268273831810916557363664854439116206052252409597595172302998793147610903957158084336870
644 50817096009141991823058599956327696485934460689435388670298444043732745143774232029991915130886323234478701296672016920047261034748172221245883197228813911967615
645 90377169403860381212133701360872680671720860675654375216398542100316461449918225335573076486682547359004095945562307312973021599404005030263899284672260693891241
646 160733953549503271979426619123968720834014057074329460313833469459467332212185222086020072947366257810129391642480200493142957831087403312113125714769033015690760
647 285862060009929221788665897284115877300787923452478680502031100936794296820862054251403137829621617988036553502095822523419705504144539294011078324859697896815490
648 508399846756416152615985661552169142683431776977244898232037673216536410404697227841185370706306758302730924884086077919938089762332948843240492420343833522060621
649 904178764306706654561019578003926044332299296814617650377603799569065294293970272148616666352408310866418168731990084016453492062816719228118813262743750522599256
650 1608063501669191647753537435479338383644798136568686853895274031622079540069611328905632098401654139798181551172609677146838265729890202335106484723275021247584126
651 2859908159182811182951116055911464849826515153286219942191082034948213912556093606809414062513002951157201253146205638590086889723952467094352664691593572276553243
652 5086288365148780263477007172110613400502824663217045765961928765202564450098813153612259689437443783833764419548709577229958942012514849363566884352752646149921135
653 9045860179244366941565675001949247491290706176094707663816247158556321492319820861486120479645794116486416298983438815046946007704024569949785541347277406151997883
654 16087877939269251733432778651967399697287746695783355721591654159138034560680757349759177565243832540610963802946363946850538347377675167179586277128879874055873005
655 28611962981993207290721923390547922205436479398526422297474556051274840963029780035951925635925416301132962970305902661980605031364324384157832218105634905110207897
656 50885792941324014782769260988553104544188417117118265740691375334020983103474264640387809618302040007073141819089499785288002496722071654192851371890198613041525542
657 90499345497437693543446955858957813046409818548210997993795656779231294177085988872486653130033845064983304172793056816889186933451556356166702982771960746057685309
658 160951241241510548675372465236109592304744008887760978368145341005970796751270212687340267904615507256702992663205020449110848453833927824567601031420516858057420865
659 286248501741003005268155903431653110198054497857306886381040718960085039471149708850455553087707559788148474852141213104437499536629880667747569108953796343100758711
660 509087125497958040196253401136172593343771845894752440445507160694012289436476130374330548486431495808701808717833387708456929892551040464324040905040639042105656988
661 905401075539147579357012508815382191302381935522702039454001845326047142555421787271738559860452522846480134414090121476717275386292777302446359673524753630222311022
662 1610237357280670931277974857524250081797798460726550368286754068200913177285961637624038008304557733378347113811271665472722517882022142078351266704747228269371041412
663 2863774317076266002155868302239695274139208233256243869818117733215001812526589342582766848746826244776826064279990154208785874707032032020554066251892104083641588557
664 5093164248155081507522699765147674437041334131648189391177832927781877092896823058628087863824128941213504837653210728053788168438717070733604123521210289640134182280
665 9058088797014060400760289523775447199634568979736231188837197568503779793272897908460562172389081423559976207026639160026839631135220204368185415572808982951041155261
666 16109626286706260331081845082347434719512729409117962410379146384174611556140888522399678325099584086703826974545749920812696398894676529819897245672386623044594615076
667 28650641974594731308086859513746306274390834059775832622107422812259355265024647851864290353008236718098960905414328143420601680586591662843335518061658667366398911205
668 50954582741238786037773125817629492919398924215373782351505649031722744801911844940141764001750075983585938022706727070051351835909456365010864113054962169278393092985
669 90621686754384696169419130648575559476261153552619387992814385300374834530180558255777644816033767847175221065013594406230861746952007486940492753267797170049252436986
670 161168822673204153114518826456175911470416342848032771777590259575853154803844153139323136998402999125300143786108010459675975632312835310426506968811609023743003285915
671 286635465882121374990629237840033529146563691206907979711531147523776122579795667812842867491087258869357475899282582015145492816279622632557966589461981740026054200810
672 509775333335115492966480335431038693818850353547784306859828369587744756648795731356079358952515789123733879844989858737631728514957873767081630793479729266451911012506
673 906625039149202235033855273909618641516431463387351275997444127655651289230523707368103599440255971134805561507673724142401845127640875345055240238698357860942575406246
674 1612414151612054406821545716532115305005584354589424174575989259466797333928934548281248181067825251280721696186932570488948204711926364257754344868372271697371288182576
675 2867645701423167981707362499416596728870449828676526985655671497134340225004409833866108002462194012413960993753488142909305802722212278059464708931738749801022771315413
676 5100049426302303248572134252018297146245901955446394456517573736733012725584072421702616915479187975960130775548811855525510359745499895029716327449347397619310580703425
677 9070333946002410144134562132535970486303085785164561309889406123746405527868621072493893740056691450531079585644242710186132638664680663579853750455978689851252729188908
678 16131404034578679139380203610061245719903006105900131476065207229958107189226579620694515058557817467770365793438868984478546956004751961323979546598366479410643505801500
679 28689373255271338125265354278083398047446409491921663067896197830970728108750338566609777533025871642980854458444990979701241749703006155675795279635320295183835527511257
680 51023465534429259427072757521264017524782051554309828868195139687540900600841129425932078329178186548868338843774614531456615541650226502520163867757926714644708991186252
681 90744193397976973443146181157390364145885565196685228955638971011736723173233975191533754005282687683659428320109662640110893887612484724490222366542266091619877443795584
682 161386698241675160851349730824201809231810940457752159581840902406501946354956822111581716127430054424977542036685025441082618540301036719106327763479534411597169233304185
683 287022953139502714582188465892794945182575551102847085929609805875821462939805347108353033403333111189734943407130433628171581013558995984792734451181360738451112162484521
684 510464471523883510751419023596303720512825647265362811399193481463089404359245805844858726003019981655391059305480130729663851691769511272713489301567840946484323312073033
685 907850657370632126757884462792036457402430087271652228042449050057871913053166845638861397204604960721235205905520975267461435703979317474092387648470809381887895716675487
686 1614593888636041378648345771123744758951945720443176896415613366385046057178984023400539402605675365882701780298021876985185974521695340007108389034677744975203453747437457
687 2871522319288881855306299526687883127635390514522439776275414995499505428236439852772677809685870253834350503472337957541228643377143132034807938221236860891978503542881792
688 5106943912156052646130341294710869398807190771134421814803867606066601935528785374703725576092817469248552546268750376165704472589258793531215980453204054510618740844510215
689 9082595648557092369333567568926193564881701358834675676095702486488064016584963445032084062381343107310213770733630079962455238796327754300418818407550819431316374822756431
690 16153211222631394744012323927532909633921852557219885039132536037996299467297021826869626050955425869671881614569197438401926919058750362392350349433520925452025723493472951
691 28728156894708498380827887020046227838658798966745805633616492764165919362231786623204896286823911080347946151273556017544900655922641570216876759259598054418757385413302140
692 51092441446608103638867478989817447909826962368277926572569316293150777417877332042333928590474809803495691033104045578368054170400576554874837988879432938410120980186649730
693 90866865651791944117577348642685715983600423121109195430514477489246394311877355117704725352161329284266966252678048658149177272792709693952849117119347863770285348248914606
694 161604868344551453767939147083623198167204483097298251960604584060075027075401510338211466167078707060800389666322020174099676860319600064744145046850828037167847339026110045
695 287410964220320106780371650788593452426710016029465488924555841804475899337859175671380494058759420278891165337534916972214981384454135951179481803416087913896227943968201430
696 511154541321955006285060259494856138738856123281127130682058410589631401362906254504091789291175545543610575105261429786918934861643804139659599208126665760415603245829923941
697 909077932440218463194503578377255341422943660039612944994649520161031550358289608471349820926538863079806439076014321354865538936016963600708388069514148773069557548637585686
698 1616776572330701632142358140018019216604909376229096369170749295065892456747177683529117378924312499618041213266132619455850277909322193997594619963937554583611103390186796451
699 2875404177748323647853982830806507498599504676452538192886852641756480381392972036166347522974948201180657837781086350423535074846663361673218462194727541079928416845628196033
700 5113847718298923636410472898413188604200647696691782018127695615178928489160580152495434228767040143599614324785698374262035910307548383320341988424763156522712849840484376740
701 9094873927055993910121753609742859180666205626092289449503239141411669925937823617686807341375125298854702800727655914354502328201890134851495471375301586425836766830469445283
702 16175047890663022731191705760585299942043414339196996715523137878186047246133086197877239272190574780555168524218426317685207774420084916244347533925278135255408475967944432370
703 28766992963687238645581574128723328510305358285751971813983323339710753204484312284530363463408427723391444436465647986845895735020201240418590373761405323620346989248711457942
704 51161510603657931639041050668244980134415473574588719786122847717551989995162250063928062553999179601620657923630643868462070762795512929841214916867257504221663815201497139562
705 90989703739709269379403857659140419982563598502845906297501613320269861956619068393840231060831141961967656559529019798731138361928250703183810836129177806574706430577668653134
706 161823333379998445753904728846365869446618224737094308448104545236120935230327807124611849736863623988125056118897655739684602531542074738592120655382539047990880468197407805355
707 287799499832702624041157931413165969621553882475331937816205868395756739935976039384502904079503370771158202077838893089192603881845753455372798874453696223531842238008629165681
708 511845543988723100528884943789948930540430347429520180747828703612436783918438602618424621413789708997859470319799920640762449040295877656730139992204007754477082147534994166228
709 910306866597766238684906553381235789474186981067357707226016269526762469089580199063611312676157524155522070592905825601177584690888192920853844605172985521778141038539533997702
710 1618962206679482693875545570925210269653607612469363919492549228214686130987375772672698607108619461962572086431015619532401499251101573329772972635701511693212358993505488676477
711 2879291283885973587335432339250029120221606716229147499018289656117764448765066767230122691461703071127828571224823710034656930450743569168764836577695965921476701711382609035052
712 5120760857330519895854726532143309209727847427290537187920649285463456308906046699581929707166976686474764526170906262079043410510887581964018854944116766912935359505419002543550
713 9107168803907253076536819498528599669062631408559528425683659466183470104740050636866326384323509510567305713506945671005339391172436846805826524165310236773147338062772106088851
714 16196914078525980321042071816540702209537898571011855405396582138237928393321583904614767470276031744014376740309769817517862147443179805017756371081949984085781258241034183669751
715 28805881533084270599558072276287400818674769794392557099508341661670168675980305468390324954657898479093874893556606131069843449875402660457828777555675476078651596815719803625675
716 51230673131631530409801531252106673577053693057734793431570293609973802725276873242641296117795736662547728776148497909558388058040275743112646836225239731016103491408143484349225
717 91112707885911261434546948812791467395538513995848668748554568124418443485672715916064458835562690199181215883843967596067050244847970626624213129918748424267600986959478469101101
718 162042093746719809367369732842656942122204345439416490853949543929878944782189843990229753523692815830255513840042125965689942361591212183388862219534353394589208737120569650987150
719 288188560685736620890676141091014380885258653921988097628677823526033262599817849244320741006775210947970081759724821653797518517036278748107965814596391565787131957247157420767725
720 512537480785283421093034750470175389584326743562860700131673593918660482191700103682224628411372818498312936590054309084484667673600058897663212386493817908565290084511485737230301
721 911537462086108320941279093151740039014736049866530495182730667764598886848430923674133826824045108613990803413672758794413740494187274086047393584399323137925527287471069324635951
722 1621150795671217101490443035900138342088782933355530624194527517084874188154276160684614737406630447861092605879607921936628876439975641105194358655570784188010348342270234013532876
723 2883183644795889034157387146679396828565641381345505328654982234838254612412217344050743439118355559143140832043292863849837342246171761905516102406929571839911956977132219424411978
724 5127683341867477835698433134640260828783901710645578350403562596161694424815106579165171262342255904670254159576848722927082440663298398348649888832303287600060700649626365341813080
725 9119480301549300550253228566749620609853999281783753603121398754166162743189899980218304810455869093176174660909695199629063991675845742461697137508309825719417715884517333042527633
726 16218809826126559099167769754917538228188806323908306786997212917401512893568792979760085685092435448375578849116164027611570034091128628629815735163143362021464846223804848484116740
727 28844822673872120383628988420407281324737924382982108116327646750644495873419523378458947020483929998360915063723100028231087589990297128334968402848185691152932914415678312854924577
728 51299929156752090998892599595395043334215088607328663177791276187373916897765998994386594076913878980769527741705666391621884273511099737520965173112709307053903519546868274957156972
729 91235878314883292645990924636079602058357917603573499730712573259258231239939208773440455520147988522835767494968081724537459456929227096137099422291735072628240579536725070954385209
730 162261149843958203478259284085132306107456931312100517421710097443110481267934831166067691807089928408790035639487152944761367328754778219531335860744320245115659297614754325723939125
731 288578147489467028023975038561689413271841131199094373543216733972341116512071245954134655719059360464019752027044737033309141025103976424559584720985621262776338550474542823151364566
732 513230352974436403764596258862494040112918055731786282579311757924065333146525762515183856025813347397284640097776871674376880220797684611893051601173490889367305513210343906974764323
733 912769721151109544267937981913920716158001029635652510366447313152143014028765840640999609475048757289324900022603095260825504301145339518463007009790723090205399841752772780892911042
734 1623342343300129683410518354702024567484402298962959666758263231789291232447423640336877665699773476627793524652456622243974066090117773458778543909658100169720803325900934440064654722
735 2887081267581717427964793311393307017647864453018297942282312205422389098354780412326993439393545652905613029133349436234415083283306019369603266659877993904177849383249296802208390962
736 5134615184543489627619274609447562888018426650417815745863806016391482228318898647350736058849308526358711701781364416705905512649465155922285232858341195901327714000428461200014592160
737 9131808442450900335229990016680400433037775346667287072325069695679097225974576937499423307916814308494833615469393603509917781802091264138773991826703799085859061196368348535312873521
738 16240735173424997846546119955607349622546065420467748250104740604340825538619490156536153196684619730469833446361504361189412873433717099912199484335132265801159224738293333756642945601
739 28883816457119258125984866227033288376117865118589891401535353084622113760465542101049434897750969088695585238959805759161262101795155746514480165110519160618625196609189209051905756560
740 51369278805413438879796182887927731414053841432706628781682851179219647426704828782758017962958857474754639271657354287626177673747658091195850374612477231601465633160601594541653184720
741 91359215251414205224707894461120806524699345321346452687459138851791104497470962392992869998545137767561346255197299991270947136327065781700244791199787462119922340507655676150187294721
742 162480502071496001895258953559401425881833276525975685798352273419953768458666756339300899551338150022516737150345066434548469130067788355271801339096080055254154109081078131208433362480
743 288968260954898648153216910952842614198040397859561019017389522846623694844223057358515634316157525534362889230838216352256181066708795128255697020573212483174382858011042068143630896320
744 513924161820689597147198892746331558228455154588293266101665582033746454039895233989759968968289844235745387397420777018914335231308493518713262985758560839929834110990586666450345796961
745 914003646041670808315878574370647866894274987541123342135724527121104269916080218904818484872826662317870374506946705518092807754337418911044910970815376146756905444922105271260756871041
746 1625536853565844848391586483608701232796071194667631174567320493149683314302727547860101218158728894320417304880008398897992376916027641776313626185947362007741200073416078329704546269601
747 2890984159356709251959404997166279232036968060271072097006358328884580269800036244415378772448507250851516329634030815000451050771605765850799998803425218939173785520247692136207215575123
748 5141556398009326260513653144192785717529273844620265594692013826308744159174620953821782841163905281955441119790147703064280054375262031409902838939614744610497508180574833669028887819445
749 9144153249111190763717445732221434624133857944970675600164027066309261289237489512107502862802851582891629366906766139943809146831586945518303200943228764717482659663248017468490303867208
750 16262690160435555467874625299209851706805824862320889949726674694381481448296066491439845991542437453380716441823997952490447444224117323867961127715453352120397047919148438002465650390735
751 28922862953990227643714137692015370815672885457244199970015395093849803582405449409509030477350465423907369623640903396600544268514938659019853541412349499440636015689555210810280295807787
752 51438722204180264623346803726280377914575600204264693422899738525655966050138969168641000559247247209328199102737636674034349808799037162555317871267606397339341937751703974145029034490607
753 91482718920596721474421913573312814719525036679209517747949794487578506921665864115768094186976244804660844048412390320061061467162831114033229701455794504289877493179832789288746092869684
754 162700150829656022977765409259387128825639664395747735540700901040775015264972793181810622360771105855004783407884164250752146397645219990090097913192521636352372786957843956775565119300870
755 289358901793997453607659501259770469752934476416901056761823759359628006788481559974779871115452160415613110117210193292357110229382970942810684358200469185861195169970232282206874596270426
756 514618908590259970416132686400455042482426292034614110080459059794131725392714767862849557185849045651371367949865844466569773825676083387914158431436435827062809434418353817460905512633193
757 915239239009733182378210793193332263146424832642998208960083981668878781396030151850799050102825064712661062372222565335644680643905237158259622831561820251937035453594726082298316193713882
758 1627734330473393884927581067280244960662260564415303858054417006335060006655560615572660384217150025974984696390886212774510503231801460374951235919742930760571162564803479392677350209747817
759 2894892327243731014744159137614645137465472024697168441554259146757295498179332742104498369145053030484012343305090458325972811303737560931034919269548665203218634665858715335661006796794022
760 5148506994932860628442291496828451891521222945338569451806936375401606279442441949553177932349575960756044991950989043143770884950061287521435093662652947029865637514286688528429798603985295
761 9156514744059725557697899015322886947166529242416427641335153468699830058884620539367487128525929971563670663697099869777684425659924225439507090420508107166592625310530529439307250097893941
762 16284674827226584018506138856572651713006799379809167325736265009189853055110365079174364379917733898091066936580956805911783441269817836733717480521147899147739862037081207221099739304959376
763 28961962235745776319718748301443745591032291003148860560823937846956229386781866952522369056576089804435797895838159506058728248648001889319708428684566022583626962297094945796159437797090795
764 51508259479788354881178627035724639113740147600677287086341097178088617002597519828959722195874700643606523152811125723422223304274006390561898080356673363694740814978847967120905420403150090
765 91606389547827854590961222696912584526258015038296745521094363658833093165047309911103277700018948385377342993279252992248964109241764829093888895899734338396242001798737431609734798901214966
766 162920096519302260234160699018758082283863924399706465526924245215178109495542076153217881823943808861855993378231438351952231236503848883535988314520465617508017153764149815087492407003561910
767 289750070719691885687794409894822654210855287658871330808623441042909966608076540814106517339919723992748792587740860261711635208749802266458057810255725420451260108504654006597032887002967590
768 515314594551076224193197583309049575429944936093725681295818112069964939881884059925905307807306391435546331063413392099854102305847414089768226591991359353771892301770446307498100655110653671
769 916476502310282015233974065186905672810924000551626190545024701149964398982905157064269984775295223646544593876574564990095745446827058849200374636410877028036428749060402162061720528714033081
770 1629934778033222270524004835693865317925466209265926457128371890604006212307818447893178532222502390689462374534449564359412518852182510376332770142758227463863339157536765044547119271926439376
771 2898805778375278249717015785171062483882471221511571863442290458608757441677065588730135942981160196909697306096206083097410135368353134431765383056639998228163643054603463699019448048747564218
772 5155466987999090649787200276157010820408006143670253180307063609319818086359712652873477942639038087252955481919489352185206764458612901390840470025553377299612150852695976899031254962385069085
773 9168892949856514945835023313712889046785998638354025819581907846462616800462712629570887110035394283416568831486731607542175316373301132109170396632960243637867240763065759335099721627948419008
774 16306689213920601830105265309854056678265552002984224672786237213241227929516585714110231010880297343932677025625852477834696470753440109082575875078742742137606605921304797771088704110367019230
775 29001114373742985155203484064030091227534090575742577215546836778419656604031192548661417531332227323912738964497623873202666032733171632206253971594498135611222658379529768960672561428774067947
776 51577890759144823681426756902425974468703169995569255844472691379514743892333425303612399709266758754352287515514001875482127684491559738966234860249561123158532862009296862367841539118341941967
777 91730227358809320016948306000153111554094806430625804552498701761855810339521490913510570308840245334944748023717988874334283423519558578864224236897248623607749975457435452200571549695097960059
778 163140339541840613907743523652896288203546068363583611792936322073327594035423396136213500439403837129793205672242883015476901824370988817927542672108347638739638255083196324193985928614265550965
779 290141768445874155776013321245621317548078492786794447517121478001456920337761726639226239446630543875157564185849021287458616461628667026675425894176414643368314486628623840991310313317338433761
780 516011220972781104545501666834640626078185277005261286647009665058220668108675421140288892663542399015982778917312269304067135676786042791260938831587512770104480058789725848425195230197927876838
781 917715438201351050547831754830732257361106668160070090112594773753490438589527118612116232840310021266581261259890171731520526278294138896897672537622713929053899938492249151242649933011189919597
782 1632138200261196990852398436910841089433275631521500019724227215051312216696442775478120794641642718822776856339333473448711994993189290135969813026489392718918944508453163388458583926831358270137
783 2902724519893488532037988334923317684669021508323247784690895331789695729359221919094312419706091301975547690844293031468822755123898483006200881723591271779337686250651942063932443161426210515607
784 5162436389910162417662205205419269713915325315218023447010595842593041464307430086545323207741413498189748244257667655361596659933753245012392941393526963783942216210968730762642366707951420271580
785 9181287889092066836007090310418787861939437178057509964778708724375828742254419359977467529425605119972090012523981890975064274374054975363302697312020115512094366911284110366608198566011061180486
786 16328733360694366735159452095930643003162677333438711106367605125005075497331544247004986924032799898870804686366052406073963163153412564484998847891515637146320369434412534041940358502377502048076
787 29040319439435398997976349174857859489584164195192744498432682476922633487196950918049656866558175798209866086808368478961912102468031494724724673570573323723438008048212211782732339849508625230005
788 51647616169328344037104903246283972670017257198365717784888100994513841997423692605937798900310489515077213094854109744542116784871600551566825337050517804602515058143256914127348453756470977942960
789 91854232579547947352578499311653205448848773411779149942677792753848509517644757684447119483160051713968135623770862974216395390559291365764155917119079801688331219414912929189378785400405684949461
790 163360880299219623551652661422376249746510757627280102261219867500909156260010981848457107720603111907283124792909359306745360003524868436692403230428150814502189918695097944732851380440374226941940
791 290533995687401548206176611884382784862214110903986258882418156124266432277747887891837039180040853237457668825168279619429909015802347789538385636706232783646715826818855254007638261094873387786285
792 516708789126733720112431423443554380567989477747852766587883133902101464568206676506691609517245841060499063155040133421429752307418476097270220110682890076113798956880653916147136087086144674447681
793 918956048944026547833155793504029442506697089080753409946633056532763211108541853641047957517579316690162643678263662603062904541874091771934183640766755869660189644251350200760277274864921311232946
794 1634344601178613868799185329520313402488051904320813285474256553805282598436851660355129486731705959274151240034701212669706170474535624292978633471036798927732373208535946441725672837645533688517451
795 2906648558950154513193119885045520975816227713522139359747552876739238117853589208654411946045928005117529822075095649387453467320303323725490633992058294059004171890972852613900234819156225447256138
796 5169415213385393381619284396185481035948762596019719796286024330953017495121234834758752351115172427844386036962892245040792633320910692000865065467155616072750018916941294002378546670571807059220250
797 9193699584387428043499158187307761033685052736114819674919950627595436746843469027261602174375560551175568035917648973676522518808331163922064112819567818983372765059569439141857318240287421520546158
798 16350807307778949390478406675034733602943345956575925421006894778754929148709751217033718514019081667447321251277373205501705714907671087876485628638014973245466766223232235557375822455150532715789600
799 29079577504373156946797663929007662270089109384389651606738613183498100792237603418698943552778108687193124084123213211549314696562377319506436173453701609373857176991207022259886014528364227607038557
800 51717435837589379867582108906304635930901280363558257342917905713109228569937234454339852295126822900698483549243139741340089462958076247579495280919226107543692536383035844345218920404645956396118177
801 91978405436356092823238895114161550767984973108504114574377389344409241015763354255313762010808840827494542847680833913350317241107213962961552017543787074090266460680533808160102210717588909659726084
802 163581719193931201594119509762166087935290310120337203849113957613421133631094723101090955684338211864210582445129537892563198881819336366125419359097146972024443408995207235623349827410311672142336660
803 290926753160097724894462107107597541031233217635823650345402357892184674068085560593710851476254793924956287590776138341751899870976955488789981028922145180412935639835544652571295136077396005482391321
804 517407300286011862365022848054917517464419391480275317162155091666516947922706034531416625618623737929468288799463296936116101297341128498370516232109377617153788332520078674094861159676932359677415508
805 920198336802451408986022356018376510500041638872877914013753501459013527051949083771878580484089920817936675286125833429091110587179344105706421339209443662047474844967794717944287202759994080906025312
806 1636553984812204903422268416066730018227709274880472766946933561673305908026977324641692295568159611844866708828684434793608794514390214129905366582697179385523932356642884236450341287796733536406106057
807 2910577902706736973179194110377857958256879995113288794273728197185415249370537719843896545986535058728061090469144027266252807517091350367856884794918853692700752125135550392866139822823348304847210217
808 5176403471161295560693022775355366945953397691230815824889012902425550010381378567663756570562529797465908186993178157147200812747683953114678691687903331559859223686910684694689473177302679916676950265
809 9206128058394225574929462453745037404973567569744302068947519569617754219856187577617928786498600730109367697491543322270946313481824389114070426833409987020930119836169040649911093128245829398252851031
810 16372911095459806699815656983459885798683803617215528774096507167769705952556154781353703322563575665485400299667739673255308823159420348490899581977022728611442620803247481019522418925611863538870986201
811 29118888640203122932015873796493560131383059603310173900986106078139704274766743601993696384056546581215809475323776717879847154874538476589743333915638867806708031969684322127672643943363639317394681440
812 51787349891350418233581799123320625376783550795156715949756404618341749197808548241121431947132187918082516382013915686139849483998691863826856457931152729746380020483965293404240016174397983949671308455
813 92102746155852052304720307127918704360897016324451602799950004961825609414750068056805075083189780367317817970012253920127804649284966735792820682135910994604671449569986411856745605866070806889260025831
814 163802856629011367895388517593987852464090059153174190581744996088689308667469172322302274627879914136506776129858403001876554974676372687095350047149292605136829382187466986738747172855586600758073164695
815 291320041580754031733874966861767296403086822655566980557354898501086961327471633838875078335638306756421710182216832934888900284800610938224127605239333600876438231438171210980210375970443528058133512780
816 518106755725414329001967917787180293096690838529882600038063793473462175134924130615988731662651454679030494806763713139013412753887411884522555000608898332811231031225940287448030510748737296388072021866
817 921442304043829310397649603119614816587084169543467055227407283444896695932056388536044652679037487653876464736825033389639018529365703646015176195066371809078118624367613191762748043400369441254607390886
818 1638766355194145618828772180640643701725964814404465033022875970457620222979702084934103387594137468722010851755793325543413526918768759732969038118778692748161116437461738278334243324253479458811552899701
819 2914512558334377890333001183953450958945649763324640497706602051287289785379213431763834497307946496918411035169523669070189403227345502576411419267304670284913636710867824770806274705546999595696159147758
820 5183401175991598787825548000851942180855611924617005605399530406688719742963500271395107459245483146537876641479925195068353048390679355017171505975910401241276433541259005029923055697230404967704185925565
821 9218573333794707967985353447658856548430535663816228536090944634960167576187491657477056612484915657499268033598478476542942565782906205442029408361384865941539955658362627791615543216282146725823825951158
822 16395044764076855335746253029344634871644713182214407583969669809491280408598148972099953916359307813301679245511102307291845998871565359389597157409533565658651907286121844400582125575659181847969563633595
823 29158252918669016472728382297214789899204895956243176692437268880682547504769438816038014600495569148616813068833712653359728086126382160115829033628050140093307180048281738943786481164918254082686022610617
824 51857358458206201886126987590264830360334495038949172314791281273846705704175866013851190632031846122499349312773769768124327247553508222371044180131663901408585406281898386365177875251312583060783253047612
825 92227254964960474906776074915972312950328492252789750985798689557331813874579953530594051689641239937879964985638659533707548284160776386859298865193337205919268060075042964679623426294659614023734653366259
826 164024293008040985297646091355793076661437347584165871456936295076900899507337766703006200309683739551496859333647663478648661052057760563904142670591666381479620690746860462196972239494608304441380103073330
827 291713861667130806754802900832685585100455621693690387173556596098588138677495437275351488714997517798574494386548990473188690584900479813744888558507133923148822249817679968841191415464921319677928445853606
828 518807156721463250486496684807236184813016565574402832923854311852138304554643718692913726113826928139334505637001600832185171834992634604392501060664087370454403820591301656774000600089270984060357179682578
829 922687952938428840652818689405450016214575039813309919239555921753780637035301056657420224506476339366906510044424485015898196224397366759670488109631223773674261354873943701446986379797488025118882475561902
830 1640981716362062422987342200129399473177718734828613388351168140147175266392860259095091387645659545366935545082336416787564510360129704790948578863609107861358219365207882362382554969057020714833433447731827
831 2918452533013913528829011482986292597543872992632160269057642078676193308475467267742419137956279073321679701430114839156999217367461945591107425363312752624007263849926267258406569709449171419571292999902977
832 5190408340647273985714369471688456501835711145580393189474809544478561073226133146219579261393417440256947262170326750487273233367088537327981603778045950335890922320190413353394919642838758839845680477343100
833 9231035433301786687044226469996912387744286307466764013959765451449791343539816954364176060881529130806228003045776405599651789259687553105645106944303723450802001714733261317410043721255679990190049745295326
834 16417208354024545360934788735266211470909295405866007553252661152850765088206116311668754235724749305017948456601793510228026043769840669265063647976031202637025926529975998227764546693746122224488140746979501
835 29197670411611543610706042476822180887311574124084551368336068008631942238579206153157418170354036330714188176735560249527386556036487054907741779834771768562360631199691790536186955088783540339690437521886100
836 51927461665923962129856046199099012148421282844785162666490852534256305361849672151447929329004035693216684934953015326198065171698553331687343109391793942026181295594474782822954975794336171134797335014257950
837 92351932090912777115782507939498948004806441229155328398604772151260451615408861470054522473689403888691874306120042335466204538137792518532166933424550962889676931003952158233511557934027074859130232805780451
838 164246028735146496169300370145423228652795011890558278419471927242698907872297922820295693912165946781816519414762841505592004476613145352021606715706812950027416856083385470275243445095891106343427955596629175
839 292108214137958690054004135548754977335113440558632761931314890775364899761350340130129391479134637058707130199234105657028248142679650532976053110547126652306249156151836413103945432130508230112867382669688075
840 519508504552406419728380971156854973105403319554261817381055522160692317010477918267322189694635951398501335743381429248559070601394101348622084979843718796660982312039482251076513480071642870975735133550211601
841 923935285759587643821829430651934166944890489158667695065351487644499819282276509066299345756932499545808300422425361084981258048988343901932401696705864456968467028680229351632747381503706036297233136802270901
842 1643200072359039976488432029418045169380600808042406945979117128429296584438695905993696404457013684114324892058920853655102372254924303264998372853672158943046021565867595857579694735771830062526705420216390126
843 2922397833935887543869342061081411080778099604864778180006052210991789812859152410507022245996416188276818008809964802483050696428693603163531252814514929246648054050503921990013712152251287863456245734972243453
844 5197424977916556474125599385602635439768477461507220059119205936290221316818774485436888604731227734878244071092076911566106078589926599797485974254345825994356293488899910786122208837396315732167316909321216405
845 9243514379659077574754992504945236716821774554860143367723319753550615397106144883670285065490021655870885636217581138455700076672150404877393514942689195387389386793231946382639102245347790787174532930959638383
846 16439401905751933948928104520977349070423461132073473911783226413188126707501795270547896570460733079480139415697197491419875593641782263936478340314844086171425267303955549807142275853491688346500862438450827340
847 29237141190968528021320264382107176057633112340398430392646634974599666836988018733661373836224968786114944230947934687786579376648934965346359456658206948610124926020219811118323892200463964803316006858515292002
848 51997659642443652001134019346948350764100248422467269492147128930346619128736806477372533226179307333189151274052748515179104350534174030996700059101225300922291526066903385318091558147052156073535156492953514272
849 92476777761247557497256788864430240452388344433431953737457784381844191356407845996144915028133781463905990849605803782819453242234964660482051881819930509709485425902178835457435517363611493491184708880598417209
850 164468064215000659944956080088540530557299930641437510254528228533239861925026526323508537025048035927339200718388905847329436892745923251947717882636673563854512491196070085511211865465779823580861339301107585100
851 292503099712939935494418783778941772703365062365263259572349915432242545702669383526478088708900391644954203426350260653908118891873279679489991483242985288314864175861196756479596665122951784799080342236208689241
852 520210800498219624915311388349805367655420225099734293171689293372726932147115737112470166925857240250084450763397035596270429650205232626573401791041382413268737166939225866329920155751879137067810383559399399548
853 925184304783716568353552232870339320151984969683967793506420308407862720646074840485084259433626360489188703634083453582328881084290261527014411097819815964515822307929589323002637128193558589374216908603762159617
854 1645421427233628571266025616134656220058381912715533392513001732830988007139452115127887600040250210920321366974224946049687976384133809172595752490284253156389938224827833110354718431704778017749922925518771831197
855 2926348468300564104589933157266260377308487176857797968936583106078337798007616166401933489374685775732255320653316529380957850225883380074235847496508777970319985208500578214176063850184435920611088878380825805262
856 5204451100604969308715092222492314144815488996892035895383655231884945980090473738488427260139661955496811187835274668359066588802434171094356019601369861802910881565396803891053822744959820742936148370267151106835
857 9256010195640942359655739607543425374526937861365632963661550777421544853090426282905778182628740701899303424699419108193441985762246127714614217797121510516352067831785989349254684871097155544229349790607349343746
858 16461625459762759204607212754431660576498929065431499034475368806976965910542441347311054672709462072639181229553926852351137543706273417356191673797180334325067112297753782131481934338047853618402370130651564096226
859 29276665328775042301712018968332743875782974010973634501007573083452468736583889253577372515437614519114974475114395682853958141886819906992566158705387453487940123470108742261435723522400051887817945366007292715610
860 52067952515878179761385038173041569449500353760912968530207909561772641702209140717392271881401131517921203808714425114017579821129456071989136202803180520359039318391147935527996278881360625129838576408885380350320
861 92601792203811011958989177673313659756966767840426066170307196220317130369244997579792271809408546154178548325547472980863608917920115225243538015704378446369135672593613656029860113996848709893122743535277086055321
862 164690399852823291662430495207144547707723157750947036237861128088120695954947601267856138023618551489315423184676874669541704895174145076510626159415824909699763046623084344470037431529512231366549915519562409777505
863 292898519112749724178197498299068116337691350286854571903900865063233502115859298217729627041718767088775994089384845912071756090517442956387108704126203542102870925310092153896411890069673712771108865333073312086920
864 520914045840608985497905152211193579926598301867254039811061616288218859703468007811800664359308250213154991124494797879623111761724883351148706720541019444683829521056681412134873712073634602142963579021905515204136
865 926435012290303821577148107544364674522512456144142679422615699877800416072065766579994157543244437273325204589842093347218992926287015312057305381279867376127424174598709974973326754791459921150783783465655856718241
866 1647645785039851519294261580381312711029835340457825224967270985008935647522148075029732177134862908421077641478174264158050251860609226394349582790242711916544988948371869884974752242937919526171733484285357597953976
867 2930304443317941034706884344929726417771222940718274907963087173086834227342734248153670861013797044418242414007834280715350651653446979981044968732647773827656479597404176927612915278273501818098930931253356560098848
868 5211486721535346651400096534556335686985879387033388240449072992910336788821088791545667568650185623023869265986465792308548140349825778731064748200044149578226021795064664633664582385933207552650339333671296702684145
869 9268522904052530219903337307656181235860339366342234333568369534717887803982503106917269942439537325650034330347979539302325932102157101755310593002393615877743660819784030034117376195070994294778040170188105345532833
870 16483879056615514084433170079597878666094929237949754802557914000837258404074260380036614214560275555818820805752437518979005731179142845155363004553805671907498738037654161620421547104486243744376526651647102751597585
871 29316242897163539436442342341429082877911312650867552151608085543456547349355704203469819548515135596071646760608708586431829551770516499247388762966000725446923431704130986403228753442552526065633172671221147201860587
872 52138340414513642706071965383753416362095358314441266379771281905924859330069733442270032844501151433122259482701291363997810563398369466177017391789552239404509350964165001130154761463836262286688808561802998738892157
873 92726975646757349575547381270224042219115720816225185093488208457308328294678609234230799038926376961988857783075971677100097705998203031848704411109314487180705498910885484520140479624941824544048168550999951989666184
874 164913036054382001498158351687750360223262052415191769291299206371971847170121543773053381489503126665532729696037992088227411889064931895517799972862473836154394620759397442019406618336259618601592109613835992584886095
875 293294473059037479695344528262129940138378202307908465962000782734367776390795626069517599158370379504825026156062817610346314427282361548388158771207534890832110732596793766049280312320551461687952560074991840561846851
876 521618241863013291332607918878675259702844662888457868195180112020191404506240074873331960138284747536274966874568072789241994470574979976507274392213322488720287420562945706185598656839200378767959665568606637934538543
877 927687410561919129820038833444802143702389559297116837068708819220606168737087511273632907941657102273510463243967591123817910223523903954236215744493778976302283422954971913124130826032175196770815526695631472342379332
878 1649873149837212551272443899315383301324496703677257986132401505517857021339444602982251668199385852352621598491522509846306121415383042447282944496805321868673976077203825900838869315566985212682679583788229998849098542
879 2934265766207762970926932299951110344506468873447640922104991230386682747412650645356163154789824575496874298914020181671138614220416994482508634660649949497542152299962346078129192180102101169619862666438632116541130322
880 5218531853547857172324070504449165849394976934114107279344100772390778161098387133542530131772497150618181334493447465030916331432041579335639636130741515451686301067524350126042912009380710117385405216847501747170761345
881 9281052527729819403190838784836984235523097848350548319386313396275126525344242307007612994623422830931402265024422083759119072597266636288923940895983464329182142024127576398825374848210596120919987801505757224626451666
882 16506162736923520416621802755792458285722154096615179683766696579831981265118192574632673373244087454772947435187922139337356108026201306152835995942881150302108311968659300689873348211661232211154440158096259615995964001
883 29355873968363984440864268145763225069315732175402577296364709242980028930221377412200564831440621583969909436214269178281085390640126479330116628472800808214302778983107401313902765753685553236777153592661288588944078470
884 52208823466809561289749977386441557246054515246920664377412727988700453973271161648484688044518307294177384837512593219706421957043177427289367930651015473348051080675931932324472296633455280399231718885824673313025363815
885 92852328318549208974911977783548074751697424584824314078200033039121686007512344501775396117430519182302060374421337072293947124277463633436680918935955916412775870560174284202205498589421355729777907419734719770794644941
886 165135973225992935302335384530915872831544574158797007432591156874527042385660641255453035998766025229517952383123777386522335399363500903767241537163788733645947588195086041441755186128351593244866792096714924448137635560
887 293690962274428185150375536945113046543574359893926806204437221322517201101325954831080446787470764251224450159869785539185348372657940658340454390807878973104666227462532957278559633139566997162721978244178057915961680315
888 522323389850606344986758631113813769057500626462145550418863701993185900564277563176108314072226687079074553481200630819720545505658778716214260218434822814949086907234685881608617552103654392900589524167966413545949882346
889 928941501884217904149719575203401131186565045267948699678479352201529690077992997614157108813945169265639571186681600525721807320637042851032588215755475048351649642216372948004460074738117702908946575623034722597023834406
890 1652103525690703225311941765478779872035942607039196742223580242478111105736084171119570473556212101413636514453330679812333754074676298592150621906062220919992626906353417502689431761391917737242480170615444474288140752126
891 2938232444199534539146084587265078899448463704610493984888332139798299653992694090654382860443617932528832686738089133771253771501608619255630228803088730049647415867609390290860754202105338239807149478309730685982976833318
892 5225586509500027483457370391002146856127396997023712620585954513155423248705445304557029996026304438956884322218231628570123984524264020040472984534098547044887026188716647784276086405095806682795854246304031824952179739535
893 9293599089539658902928638112632191858554302682211257797279003193438648107869946003154875015953907785820278969928450811333990964594890159172039575024814675199577982055444769696217654816489408266944894371061240571677347442633
894 16528476541355003021382373515696016482943598338577515703074810494190841320490092400752130763609884988040356407698089973149646913300125755617110200146246477245760774469554434823350035348952435486638951520051968360015480181080
895 29395558614703986182456440253851575325589355410773289378716187958306801571329399537344465302033885111403883185391441733241428108344603636237472137799097478570233155807362434801154344809145732699137219966801796282356866611122
896 52279401801399113567621367294914704767638792726951568894181669506137991345696743850597088221154059952735685876279893383953812214738010931770991684167069900965924496464752249029861280772482238212913916379605274528066717401517
897 92977850447958075288002810673460149720044349479278661355386713445480210988810790484136654290771525613223041147151193461774763251858476303585101037578315309737031400552952470870089574525484599715894233620155007345486884454184
898 165359211774521516135151980109594237954718194934792261831005567716486355797966987868923332798005562891542331238894077767636012610346200712421525284519668014073611070769622385004887545290623162361000475595500837584233121024190
899 294087987482523701969393784562273075959457738802444976377499140173913716811984429802904944546321263469460701854627074640214941163642562192160507806118806747530806193317772670081488365239637564803169674075209151097771242698811
900 523029491090299307210092135091475888308630927805742610185175233377573482027432808618620466333064466862822191055280904136384288917502635571929661990417692592771215508832985091155311140246599594180927163324063199745134381566063
901 930197288545945411747016532468428497455168068816028279499498271761835563291687482439851655456237233271089538272522163160281430476753387544740703396889097453409708276455627897211825770004378083132183396615167913899072027887547
902 1654336916670810345638499641448717312003212385944937204706785931867842551142293930377240412044851437990149390035278948475105897306040109005245772155847281483974698578053433187578535700965130642400386000394285257396490767698237
903 2942204484532533548460456328899027459812293187631915832560453869290765240663447233566789201036147575232518788124187938004135604089949931409494612258634403516082011292572423790940785065925485157352496084738015533456464056127657
904 5232650702266765603876578718253900193311215903590436340389238932746529638285444216580976323990914983024297014577361974999307990709100865767320580005251975705935611953763712205649658171655356318081895807672259553654255609014630
905 9306162612379810190765442553510169076818090549361546767471303500527563948063752571906385470738849529384143001681547957342165203187588270610131302429315968113221106315556584093013667798299372523653850729480497144762076051274461
906 16550820510633163931355461068194668232486431571767870660921498030803023263720956539614299340309674854369869266110575707185327367509885680242205791296313249881829021285437092192392285265875835915956059225275604317973723688529201
907 29435296908608929380358982698510020190612525638774916564075254532209274298927859397724420722994587928788159892334206691051694664100534707614411901575033912217011040976703955303477075534865434115291419762034075758993564581120055
908 52350075547089369954019429991315830040104754572272418159907602194249096270049121275678316333006964737309653372002142417575051630708058727057254383042028726695979157285125207797942243533115157397548833632052161688272900264796060
909 93103542264064697661857295039766618269892495879224769044515115824514864194412492996436060072320312537443385515869562840812765671609378249146551495908123913088883607593502543088161946162201071110714416811689582211585932925430686
910 165582752107383186805470265176082299423791685540910557001026669050445670815325721097932411657583015674157055778524363992097346763230383413208086478095870583888652699539775122096567597431882290099900819476295322514090321720072340
911 294485549407904090489991529138970079501302504420639873544527889038406608016066378830432488722600618094540225400285493543299836698037934709169686565749709973791686443132965780790279501861322682692208010694761462095975431221769885
912 523736546870743045576960106656308977004374160202000283025994419381157868726876733527076539729509358377352506802345213685158254468777161663909912638178670558552211709289539490671531969920540609787531827220712291062658121286152856
913 931454772838940952918402470980045525889363595591278295411641375275761051288219712179763123776686027408740134609152928802980386299337421059230431298982222389536571694677155185760436825680630425182091823759716913984450973963199021
914 1656573326853523391323496811735557964125147764334693682937648567870810663836750331540836092156475691343189481295914073190625711794543139183163479007002479008791586239506157914134086351300292646551117244863501084931498593545691076
915 2946181894455824203013389124195830167595093834587061704374257693477283913036521056149743344005088061455125066928887851686667005799427338493095736466067501372991716943933077468469487549469581391420840076367634967464517367074970613
916 5239724444740384456765296877772463578108302690092393809179019747585449020145424721039910071215649162112514457433669360136973267195269964026319960206302492797528188434983424787573731224589181780461841134296091504284491503362090825
917 9318743119178989005525222707047542732824170128812148913464931589552385728291819375203412967647703556533476498856126071329107730320463280038669263041193802620759279909133120679505773155438515208646266628306515265617849342696599658
918 16573194685536256712385506238035790952638203057900326131606567655339357610185545440213303259091754752692375888609530354349767617015823161498854528414581574401742613593372467749788555103816647955346856015210524823382407239170462075
919 29475088922602106783352529011120239299445528112470175171312870424606381694786039204915790205798631779995177363603411712625222902737013266380680272655075390811238495697982855302733973132544052297903846532949630508353249491683461482
920 52420844832861528298249868832007742817312807464595588512010111976020841120226882964182763088533002027765904684140180286617431244273872369425108327644783266460748672256555366263558813842329634070476129100099035629888988706475552602
921 93229403996259507337222607203391309491288235944873696005750530308381131405053042888271946482207739398340943478919452993455448496831438833278323168508137738876201593112927264528507610854101152543264990513963099457340153933967385334
922 165806594632544153413299782339471748875222401393127310775608581119455968491774145682167086808891669649568549027806918921368994913521861189045442505766802593527429481158332365415294624673536323702998699518705250329964542789429799760
923 294883648776128932336386752136835010231185241744696269161762655748518583406868526094408493120540656322983021302257021847092107037611349230250019473505142024462637132934442528457572494266150462361392963117556860593811278190702275621
924 524444558482330486303556612668577829298250350970227100771808896751749301608909675459931736205841433590897336445379982049291327545227635986193104875125006966055029711507719303098640756661243886309752806617275579872762725422415999233
925 932713957058142043754993278312876845587345186643455092197170021643703012387325464272324553046740757535683002091303742531134998252086974036063458526752168317584347653343938830707949061758601038303668340153438655166649557696072522012
926 1658812760320341955057714035914898375625492543413504766124991043835589765998050622938392835890915108051222416360021293434062984338094520419228259706874179569225812904673173397735654701831894234431549119374307996175883407375223411532
927 2950164681228270331702964144556881301635865679634059648318361381111586111502511616988482038334605629528234205868898099093120315221887269252439380602984552259337760788366499166126949895578202835341971566626316980885331147704282133017
928 5246807749830625398179284706647821512617518167946323237478759790842360306481019178104790934151720838792156603017966113211226190774457414477481079363105758121685284213449168866112981164902547645715796063036506771634052834584875790940
929 9331340632896907198636406274451023360580626040023660551150303319037786882372671742571734072171400142780715888801505523689118162789211568162955614797839482984193828194981122126876945005651400829179563942419856168822504664241965336256
930 16595599106897660884763661847342849329246664700960588344750254469348030287968877073392682491610985853565423695597065993462329670533469277856812616237177625047632525543452851328408927004373550271933663231929241266175239088835050738201
931 29514934729304851526521638792526795826819316365517067367254326535392587710824517371130814662043191727087073771056516336928611039759043740078021050691248686584285825047209968923663198473095604512397474118011296210455913180286668453865
932 52491709787871149278218742769763787215010741426867256614836522942666818769663554570106749187490972093904979149586189754986938557859837316845349901123281242356774417997277443212822120587542352778168729725734076664568325785659402395305
933 93355435874243036291324758702985610858459204325398589089362344156565076461975929836525455406993428835765320013221805972166653077377892920302702488688601795867007484374491094598781264900108959916784071012638107369565425220196245796431
934 166030739758522129897428733990825170539708636077759252520302890315586696060091330035191285184356192513976657045063006540393084512207562409063117825705292241823873899223997384608389638955095516378170710913963624075767159521900351309345
935 295282286313738654582208573616231719283931917129064509879751502945470561003761937368430807287229607590081532512273936274084346476911823368354357599279997655000023276052313071091584097438373278801189848420406566843725671438920948762880
936 525153527217198969244440427517515704855280441166705284122162410882229745815004679869016733216536037212736435799502232449715473026738234957642156862982643006106618834603591581375091802820482150583747156228997002078602343000730877414791
937 933974843501588604445858992354808807463910252946661789907380281200620184109194392702532076500630865222889646207252985509205965457997783418214282386844651660573741591882624593862243418626408592984938985837633116333526848175892775091711
938 1661055221158283191981183234785570620744663406917032994819931850871755414465985080103454161597403081189942294505807348260839131884269948823908094360418690525813376218164038151730138053985155062453091919474398577886289437395348355472951
939 2954152852118548635774053920667069962524145464952640816329171652639018648330092822639811686130213791111591719467499559679367485856798404790701415784540692950669862745426256942359083636476950289643607350627065072222651469050071656670108
940 5253900630464681777618887574191217671448787207687271091176732281765923685901510358077367116941018129934342127668285957175328236722154313664469434932524037482056957279420606616859881011650140666280448407518690199598742083182391838471890
941 9343955176524314636129684302126342549862315638390239618203673374394468002882583580951616231452098965023139705842090632665819381436484432321436788214500777952433577408407310129574010899291763867793400521391156847629080646627080973200158
942 16618033815605956445076766804629821376371338058083489735802197027598790153004992368966262958022700020846183906770623164011309138557439367358393356544720856724586655841371549094930732128792446230732517293699279003116947350683651693250445
943 29554834401436669666844155446161810976937777497243967450362670832887426427323101227891792144818414034613723445775192405591617624831808164520391485331326981633263814311035427689634485985749195702353274303134727472458480643097776149449542
944 52562670541448392112276552632250904940647285728765055988039369582241665934880584355169859648162999229371455338920406642589378658968933559409520214306007923359614184815388029971780145377356455511235584767598098250981857171358437159230037
945 93481638128026336446578587308851319622507614076405242083027505160961958829307167593950547634063095154897020563797936255016977185636026777623835621249531724235407697688374400139485482480247956778040927956913414526958543081957473163458134
946 166255187894387083589569611085137692990230361664024025903225872201696583188628269596060583195592409453859059642651444670532154088000284069232310532672365851275852119406390547671326102944061844123836386506255083402769800249786605498937555
947 295681462748255855703347984221610096177013923411110834238490549917301417799811029176214727519795803817281351638599164404127200794047805038907273011683184642146287346068781428687660998672873810182380381937067317177593253152418864128375281
948 525863454369232606072652027169437297812814121654296134774381256447072533390423365138334066204632894391423708399273352924084714442852307721243027680273755236024283348852510948808838098111434415381904422097101087634863115841065166641321428
949 935237434470427153253293069843934182039411121000665938928058308983828868443982079555439517271858108433192664341603555356154690665931463269973091010323297806086808629512294895196045054351013614176885605772825389964244312071912199109404227
950 1663300713459889278582714493926130256406731551989667665857902610187240860804909306276037763362223711487000703815678136429349628717195549252499556081030705960021971626745212872553058668655073882963129481850080380249742137983438756715642802
951 2958146414405161954319089979854364043268726432980605713657116303416445679450686481373750763643122304857758016913903600039056879737979036174483364238955393150857211485703628168886615718173460068398083123213751774446079765646629516967430902
952 5261003099587222530451749559402818385537855182559828484204586672670213990899766838029013316757408320960670033432586127420433998327058243658048738318626212274819704395892354507948058442506673755355717828899590227482472962549561608664102650
953 9356586773083041157280902006013875387400499045875805728945224329826827997764939260540467777558121442914005045762894510964755792339380521363788630958338556149674604159488684600578894731223773291335026011866321294543431750338564715705854926
954 16640498852604998488798448475427123634167669540415573987878868996929658799671410500387792340686793960299240431767780683068091979738486337926347642505596863769264711411572372382217523837552893500911941358206837906507740166462843642227984251
955 29594788011815372897948385546917687150699292216861540535170777389239459927531207292681235671640100012686914807147583185023932141687729553695685455701530926233737048340208198618191418342628266664639555717122669048283902741367531209882299025
956 52633727223098250589708646048504322128998734370172314538337754412579501045516870572235745026241893111042402267764354779017723034027617376811338364926510953001819152425565627432101221193231473388488439963982076474888994892522310050848707300
957 93608010987931399446003730511446314528327840944889600577182814126078405781819721527275759721811378763067887473247132519689313157126775024775322724815012530730001207781453843924562104930905959798684219210411993202198164837803123294294887926
958 166479939449761981776379860100854448420625368486047649921746121598070538757102860131652272642135250443883199502396175972766212540502741433918557914484715853815882804387738985374275849735541926560477188879650417430827630721354399839320039325
959 296081178808186633323293788185377961443784274260693991049387821139798786784768041730775985049501728357694248811639882588405156751918647497578871361720642473778438453183186084348721652022126466246737906695837649201407050285216989542235650300
960 526574341234064641647728993250761037242038191474769701013145979474708271396159416097022781741808257551958420980135607895836750307860434402577066545318839932090585417012170715029368188345946085941259759068777390786148943103006981465968278526
961 936501732268915006157693995488489124977449099851339027445942167799998095892513447387215294407203343242493467026407311677990396566254205957263157456597687306683087522157530157320264468910383005359986414680283380943494629217056060796675260851
962 1665549241323234881682713046413181809134943724641913118931293154288426748291621183687738301476701950389078249344935669642542990468906512832643772638822157181822110184571433112773792204347549597749299861234486427728852457767476908510584301751
963 2962145375376452547711756175051577522933805647481974197468635179965062576823191187040324104983578300739646937849082413243603924802518411758565438726253968566779900319353394999749149011868336762490068846103896782027668399366185550933907801803
964 5268115170160415802228869428767870495602414197714532352796482680913688634222557776384501715817981866013524405408785511975732155085760483050893497459953170581506659572899172185494484033104142899352617215322828941498608436065501530698931714105
965 9369235445626038589975609656981868790429125378363649968183265035692469687941210731015541340536453859590291171622667986966042320049324973239525642279710456398018084659811829582988057060974083173650726163592434760468980350096157008677455539133
966 16662994258893991933758541265312827683987896123708817491002440728771222803094446247053151866930810683100969047854128600507388003371349662091721421009319908239621557029906866610911425637036179830133425810338877103051762556310788029513619794190
967 29634795633357211444280307304649385160884491975145086693050895291088954376966593570765456621808544458315706375540646429806619488037528605549496788110161378037324191078046435266620174526766856305387469328019654377290498884704969660379422745677
968 52704879962500789420302702051892504112367707829735579954767965875587584291179059361793825724292230700267319657168360604036445886655684829122178412672937774108183932448411736460770508212908782546681552455847069458783573391745729147636590277197
969 93734554684591576996112681193086846461637681730874951786024819214534072837017541403227932497213603975670470675154350122374721222978802613712503124332465889803623020983465866152807624343607675782849830378882771997627226396695985306830701102959
970 166704994834823539270720080892646866944460756157391968465660415345518141817221983604771673502777925274663205536240689169251744277622691075144652682835854585551113059850112208297210250022309231461268125999157061073232318323050527106169258586700
971 296481435223021913753376922872313389834478249594293682715450759706868576142324138122740279857352949267500026820709271295155523383885828855887612798831938341223298456252082944299876956941789509960666083023548025426591355555181453531122930172666
972 527286189109079818575929377653397718079692195507415516274085098975831836419597069559974429235535934059517996656563664156975369396449793939195271817890097438540710346007614583483274656780939560899396570073568204120160401390222996283743467116648
973 937767739204424482179723679366465470746263493429365587500428308152630970087964131925692556871374577901413909356345264017346191171302629041105358886884952591206937929661397999619591355532129519774649226640426221161200501876709247773399065598817
974 1667800808851934637512917298699089732198796256800199834703939347620797309812867798205179333467049857252761462158463849347102362728659449222475740379274522481167323710937629661249935344911250914851862049358659678710325032425417712281434761785172
975 2966149742330615398997850274826306054080291189579588970012792339403741974503207016086074646071182443939030162635132088352172179018789181127631718401213717925363858926756530036055591107202010764064639720073497042918453617369299429232408035913937
976 5275236855163952604937114330019547867190872690214860709501709235470301678261714808094206256552253929825705507329231930421465209534865430535325204868541254656514822111103474752625240850703601688730484913049034917363387796116244935756118933125260
977 9381901217237422822871952525891545935390267941087233997944355823519009126158192552825485806854950296957979135466264203963764381885864266946237391831139397624505294402790019866447492646035923806747590112407623434872006044520739080986218263707721
978 16685520075527566344627193451370934385915168327452318089958429090240421808835150245080074152607012092821300896074282958720055579268216249568088956214009417615177037510988626655508733248409406739768065518889729173992646956129574198201346167148101
979 29674857339077007134923343008582938456297512701954212962700554801608935303442189807794586882547166462352224076711315243758182807960286497827175812534415547415029830313944491613331531400237681320394278494987727847517715764341140502662248602195910
980 52776128889511380903424638711019112723522657780914176080590547375964624263932325589614072195937946408192473945616730318089830590095577833213870442178350644729348303300966608099232166187481001102845294406211583413463915147622154352617404997137795
981 93861269448952001778038060840953437698544466120105846423747822032343679697947950834394526974539871033540293411073096590146603767789215150073810006058234355103040349014796251615447189985424487474277153507040005517610890071976624117724880833356546
982 166930354460302966993514090034663942942974368661887001469094568386398230139164273678977700246170033607127012297934877948030852783959215214168618868939861149622913188226917331461563394927107246090769136295831693343720514939419179892018316168982530
983 296882232723238783330349596135265558979126324235454705883474508704466112292209399857906225264040838956038478758550421897547231562575791947888210360962436731840124803031691564520734017851603327928123518690193553100802673202888384164159255832328770
984 527998999293416744966978404002300001164347646315493340813616344321599086825879434563483865602203577134353560390847081191966505306363935814303463423426116689151048509959460655984413071363897380172775529998077524114616362449943047671240204232471936
985 939035457587447114387417451461210390362925681431920872085594874036498804993320782510753718916476503289326577501715650719454759062803365143146422211150063925884738197917102943867478317955126953088822890577891187145675635444628457374800371236645441
986 1670055420155150640906707390757822512807855185862763072358937905030220324413461666097749282808181048346178323240040057218821892163953877755264285989480382991772871161893458912757178217185203173715444785759122258843483781025483265092474950468089601
987 2970159522575711533267589156186668961392154144948290283789054555001919986093497609493009167080691095162731448834667911182212303749161963498545552755116702457185744681543105181147506211577120260886274070039259276760055263980635590246497209768224448
988 5282368167595070505231364402270436305583808688007519522350112825364173003208070658243605943541307807842197870817873197222941723413343414449068050594784712643003229238321975473251428728865847059762418227686079169648412007247858928549613275640630720
989 9394584111032515934438682545212627778619470372503079537684488941074714226889150499270880527827976374216754082501734084432009414020095319888574425915955681402810796571799078911171700086264273114191361553486383181137334689804034736217345231644472833
990 16708076343615850858550218652208522655232507524026968471738061447404308411197397984496741919533498773932356824652559542117708682119797332693041607054707032577115032293747056621703156708752113481751230960633830440400126325587900797638655345816682560
991 29714973202088286657313558208933764226627931398674804459413725308812975316881157475913479108094601907645130454732126766553837927389282189275419797575967043631156186941974652093369107306697030481989565956047170532342389241614311197313138902633696512
992 52847474134160941917034870250168245699087755150256562185047221142290077968874208350188092388375385960631509913051752481921343719780012878358490277791513055153896271125977682445096457890136296817045884400128124877119794993025611140922642270326627457
993 93988155512270008927667282709040096275364385384950815593848895073143188693744693152354707472462178834366799321618565593369948605875748985877883631827402418719164261123377415686917293176719593721024263089123046680213898552979964207324823243136375809
994 167156018737486721567577028622929478422460601561379102700625352583171527752610908479185398441104190328426685606900710757413120839024948733623219281278926836101405922619530671314211158287288647905868351891811958908538748097815851809343259184452226945
995 297283572040301821553728962929929297741680234572559512007783407351200486004032411997231456382408256349492638016918469290586704482560913265166551583843135277397351422575138712824521752645392424962187268420429300025472315318233526359952069352098547651
996 528712773087970265391659716052965108212877290120214625842843929698702227133506856152858083187880023604640992490705618874815936000072328795392234699373497488586765419376072147732281096802703636107090317445317135081882572727415031179307012877053453893
997 940304889731597866595930837355655638677930371103896678366205468490784162921275968279086845623017084321928806201473046440894417601878177915823515286704046546931626493444763849425917549845248412158100053357430269138773841150438798207679699143277601032
998 1672313079347599944613652233629509948357123510411720000622983910467543687365070543276821677720843185441695637387478569012927109478635670990504417938093276894196579074272597294295803106116624879506353376134053657565914830643107391539613958129293226767
999 2974174723429681355033665758415201216825470570074452202131407956073858549667242459229581208090636103039838750472756523571224342241561228968096948642891894093613565064473902620139790594477288279865675395044989102878032496423145369117257410965172054747
1000 5289509120468577344689519866470437506118844217017509369112813927680985913949556558788258275052088116453970556044789669734459164839514164609258330283846082257344419209616125051036989497793769146567941556116043729557248852898458032504598998885644334895
