0 1
1 3
2 13
3 53
4 219
5 903
6 3725
7 15365
8 63379
9 261431
10 1078373
11 4448165
12 18348171
13 75684103
14 312188253
15 1287740773
16 5311783139
17 21910496823
18 90378288885
19 372800086085
20 1537757639579
21 6343074066631
22 26164453733933
23 107925373723205
24 445179800493491
25 1836315668229303
26 7574591725964293
27 31244322971099493
28 128879252273903659
29 531612148614785543
30 2192839200790846845
31 9045210447230365605
32 37310456692482738179
33 153901358815579624631
34 634825471060340505493
35 2618582329671976170245
36 10801352072117085937211
37 44554339676019638908103
38 183781546116851689229133
39 758077819999192223950213
40 3126984146761581307213779
41 12898451314811814074347063
42 53204633766010453156701605
43 219463018085330464086725925
44 905259803477708681354911179
45 3734092964464144283192967431
46 15402705625163624885953329053
47 63534395858163226464296461285
48 262072103128888242176753239331
49 1081017397123388945399402760503
50 4459072899906117570845771358773
51 18393164790490082744428981716933
52 75869697267619670657762892705499
53 312953808061156530233789009821383
54 1290898599931265626104060968557165
55 5324808813250979693334507098639045
56 21964226236812871338974511343470579
57 90599916560639933797024430535407031
58 373714274852870647140403219287820613
59 1541528563498496779680688284999748325
60 6358628695725577898269107498215999851
61 26228614796695067078476311839288106503
62 108190030755508852652812978285368929213
63 446271480427279321893190009984331823653
64 1840818722871236006068620394544120010819
65 7593166310401205640862045631590074008503
66 31320941003621499925730422900935752397525
67 129195292879144733331646496446244843576965
68 532915779899398021970592317422734978688379
69 2198216530469493821362554920335313253535431
70 9067391316019083840757519005871498305676173
71 37401950234747033140451446308975836518863365
72 154278759194068228759838194401104217874058771
73 636382204378981780498289185901649711403746103
74 2625003676240501284472092045389751390451316453
75 10827839390952850460866980978658446837460894373
76 44663596831293939566943437588220239317487401739
77 184232219363647606159696547240759901326507868423
78 759936795503978663283995664593942950948597086685
79 3134652207716974380161792330440091226485921411685
80 12930081187644580971611771891872788054239266996579
81 53335103367287340940040888568743357541545795224631
82 220001190241359995971451741505966035767450605071733
83 907479701957438162882624310808861924502869681518405
84 3743249791336537965621867207603927018695837740696091
85 15440476486820870033427189658212637927751319434159303
86 63690196334705141773565377218836754880695376114296493
87 262714762242968361196444964118351803413141148409953093
88 1083668292332936846492490854375818692677757330885790259
89 4470007538905305463619277627183953064362779719724521143
90 18438268923468221978576711434874927343302593912963968645
91 76055746648112319684941141657932025052217640709808815205
92 313721240438106889791102722812235121423447597312750187179
93 1294064170553603434892198610037122656059402842134881626631
94 5337866429356295989990014879644861695556623684432659063293
95 22018087407102573615270052682992099195439002385240017505445
96 90822087716659383581285828391539013165193827541122965831811
97 374630705415027515960433336489858428465101065180866562706103
98 1545308734562564300192479068984988528634720083494109181645333
99 6374221468231965949567777955646734516673593744075057357623813
100 26292933196660373066542724218592209738398892929432605486728379
101 108455336785748329615353716692045596412999725294817260941246663
102 447365837403189759628822035075481126357050606620551534536467405
103 1845332820005186621997556408556785682364404365918158188113659525
104 7611786443852439588388340235918532662988668619703549765108612179
105 31397746920608565456293273282079954081604977631491254179475173431
106 129512108486276328169566320547124777624679770413832250106781986853
107 534222607978008998957781874998741999254346722047413155076385896485
108 2203607046557095193088107273977932866478856703340502362053375225931
109 9089626577233837114971078329816223909920413994581758103076322826503
110 37493668139536425655056856843245344507651819237572708464205894738973
111 154657085042265349349022291154841736207569977538191587235793151330533
112 637942755154130148821203864802979841518090901401175541201225854408099
113 2631440769379713093323724036680270413264629944667748335112284779484983
114 10854391662588451823418055429214378022161470724995785707178778669686965
115 44773121909425260089353538023931822818874331041848540081424947749416645
116 184683997761530065994184759451581128471129535003054449362654000108383579
117 761800329630368620419256464971827580659069529604074766117683390843577031
118 3142339072464154027492503543291027805469658991335656433670537667983858413
119 12961788623963924598400901119232776545595446424940591602074526062562243525
120 53465892909059115180257595090278478826533305631889873309733275136545678451
121 220540682115272077264446274393764636240789350969828771973666551272777240503
122 909705044122219575041240890426871470698499816661323778000250428102530153413
123 3752429072786032147068894645920693561381722006351344137355201713409806497253
124 15478339971035804008787926925322116443743809140127042783473724179196201661419
125 63846378868684809032138120566355416394959958933536867715249597573989552836103
126 263358997300202975843202619898902394900820200861571825369761711048334800011325
127 1086325688127425104387372746311320763110753144099570083627348993408936349558565
128 4480968992072533775328417364011474614553912859392778424448658489536101092573379
129 18483483661817154254014636962559414431524764179947540130682459529456671119829431
130 76242252263086300582612219721626490814431463290983798779923798620544912872773973
131 314490554730017289033806681121042428460142791625097178401480337032564120425778565
132 1297237503859521148209809670280677375791953101431477432124480227691888052336229371
133 5350956065641929280707820922800498949999092270769039309339553650559026504025148103
134 22072080656967203692973479999240588318868036601257440312679734155862865827585264653
135 91044803685791701756182121579201497473887332472935845695809529818626713709693747973
136 375549383268850152156286324470445580314419181951462744477238746129251667658309960339
137 1549098175447257902995380459462502642093827987076271942979405046023907652687763060023
138 6389852477686298360625443919162053153741956465310678825003239870587628850989974704485
139 26357409319654751041184583487169824096432815484416061754037887036115919721331041957285
140 108721293405410786719373016948916344255285562428822381955195977923003492430938616413579
141 448462877985925301197425763444511094810091152269084231924815318986954631743105558202631
142 1849857986709802489426706903752621075302784540536327186146381479798590179960698765309533
143 7630452238014313685465507344557162707510658189556748212599949282335308366724023386613605
144 31474741182795206628893884755092249715725234994225151572696547971165914383370581195358691
145 129829700995775535222187632557420919419806029085384700131093378207401785540284950637429303
146 535532640689868720146713400295661601979928034956650455671870162236102439811062336971848693
147 2209010781389660002551253464229882827908067698923536219673180931209479716017793136134106693
148 9111916364256957659907351992100351074772586772480025934102407130659217732801664980233416859
149 37585610957037753201887234632039963923038558718930339044739069129374145767602328383124076743
150 155036338629628650462353783591800441111110686250354309673712321785736841371175392240461510445
151 639507132747038439731487665015041026217936130175387525871383542011003075786700567384503284805
152 2637893647703706902984529974387884618136778089514043735069768351571000852982773005012226496179
153 10881009046302608750744899995382978616542827115730853846803032304723532804975441802952486248631
154 44882915567420065026501154625889717031872214292086684070539130486443125921311139082053164921093
155 185136884020575455050780458550166077507758128105049502658820017547354034784254452121140692940645
156 763668433557116667728133188835788069829819072480822987012213136066412199448378063960710964186411
157 3150044787114201995910310904641538922763289989444168082566594300840116580735144429799878219844103
158 12993573813972773741267815890301611605867462774047396311960950304332170452820446878917942457681533
159 53597003175891063625525308088176409206573502940672107356385969246035973993120175817550226122197413
160 221081496943308624251548426433724170586634894557847489572371638686795833263830861289519090506782979
161 911935843321180013149183382042469868341378155623967273021950623384554966142802727217790703233966263
162 3761630863876246549597231338427250825539000511172372366947402193732943749848801418525581451198253205
163 15516296304939548963035011882884024829324110411197761761666816120942738299010346678741078327013413125
164 64002944396992082375438912105878410406152685844715484867570765430734787013604582679054313352783973179
165 264004812165155385365596197629543164802856852767714956498055073456415998853731074557907168835752799431
166 1088989600447734525911753678858283019958931876093179787336457427014513305830508187553200832041768344653
167 4491957325162109324261733088850918423826278985451003136108743250652999648148554659412601870297258231685
168 18528809276765861052227493639002870385658334112361762418775320282713679900717264676087793975559295672531
169 76429215231330084481348200287145833926541751682711693236537109527478692639356596988657376108450904232503
170 315261755551761980329096828609884369244172782872306529092706271891322451161846543311892094668768396139173
171 1300418618884846283693280527448677570131916214947214284769811556527341137485308240884050166832405897444133
172 5364077800628486946139522537830302981918754139295740281698878278945729615824366312870778009781490177450699
173 22126206310295270107593177021550120759318587206385562353379912128527614698459080405743378016620829814968583
174 91268065804039874809125669569133430878929270534943561125678903680001506134690071454076189742599997642436765
175 376470313925197795451816810222423238311198161067568326292697770290642180005570633596306580967457840029814245
176 1552896908884240516401206556415726142605084740392445741589710160585514996760054445027815757579189698131756579
177 6405521817854080111438391696747060946973678581567464170400180605272699154776408270799417231799016637271967031
178 26422043552450165371251139722959123453877402744527165770605037041095027255854546261032871522840340567159996213
179 108987902209886260563640537475752102477273120078891235769640908448481778184674484424875271808001999509648438725
180 449562608756287047402936506232473411469022525896957180508368309624476741684999667418935124291250305331209817051
181 1854394250130134119432884282959727501445608418177665626261904072864198690412964061578550025927322539700167714503
182 7649163804857051004007192563119879212296909958449837214016702784184307946967506944883384684384536465112583797613
183 31551924252045764040655781522974297527695203200183100121311978590352476994912992506274218514882967789488083270853
184 130148072312779838927764550089097614320186505922826906446740808999865818545793548846823158692061762543664581452019
185 536845885893451017743699596753124996383847406974591051480241809021447135284152174003800083914360945033921241483703
186 2214427767382492381821251374055649004800185727420824912125084087904949405692576259849475057319739607100373380845125
187 9134260810797860867173175992797525786944217304812236887087096542641513120962870115708053995809195848348085601960165
188 37677779238787033815026556151739502159809360132720590357512986640428107618975752374674090872727801110424873305718379
189 155416522231181011363636897851644236416581286380852948492888874928544044785480727094705467372080921075846832063143431
190 641075346541915357535227795572721396252246071046507910554894293269321260518972920522079852369433093717116030354371773
191 2644362349921268373874494967839050817105946850301443409997440074724972871623420904433676695104357693723461206869193765
192 10907691701764626830305933871225636191842870899490575653558876842312124657441695084067375698042702026459267193704859971
193 44992978463895944980027774861596152791972938306170730203123158857434828980352255399659019782536299612126297920979890103
194 185590880857505870002668043381932145725522730423570609646056632122601494835603874873836101437979185087517536463886032853
195 765541118490390171330088080646873463310378118201472017480231933663216559007884364726868674138367635909277909389114301573
196 3157769397891274665362964816246233693383089326617117219160738049060598072906436822981992758426377129500376578178383458939
197 13025436948340477092776611258867943945391689963822799674831070865660405860962423906907167504967917783735749149174876071623
198 53728434954272402693809233690424262548329092945505371883524557644375788398740363721156925430021312992624817356099659142285
199 221623637969647538537287616388072526751941883092610052770607825345042363310111005145570883708200415495234265417216745722885
200 914172112936181602657406476724978481665313245388299983616293717293224429917259536489626125252887139406090380726616889890579
201 3770855219805829143779295055907137928316536678754799243468733579229188506181668423661761533859706347134346153611484987000631
202 15554345716220203100700011467577385141427576194222276851950012383519893728023711220845530493275311696953006464338123346447333
203 64159893858814278341264527972766721530696214964867306684036195678722314558441994234064631256455178856134191249510744593008805
204 264652210711865658178199533246829995407579362696181905101157327939950774949428351309780532451376614427221079155158131744481291
205 1091660045273836504852662638024931932878158513361150373384765482671485626900107977031495700075411013171112494941467024878039303
206 4502972604089583120906321029401024283858820986211048785272146867268448653432976270967634070240110309399402676422004742070620893
207 18574246040208437672121547689135369077498283732812981704271038295865378690733156358282470916133099021914281042319169729671560293
208 76616636674375660799687186509892636728095638890740674855586769085386992162565385750034526334621684370714301855815749611000783459
209 316034847529531914629057651669903867422163197323353583556073820902876450034128746816485308114139615885972683112738158689533452343
210 1303607534712086443971674697811237368261751860718529045671339976105162034917614060299410816958913949870776472222130044909791472245
211 5377231713029126368916382069895068067012979362415988416530260187152750605379454216514059523280552046627649968289626839106697774405
212 22180464691769528090379087674051701901469342915735775544680233082910411556367173432722678293852842904609430979155161083957515665179
213 91491875410683065842489383370479400936366847303922032503908512566584072761012919826805951064774095765323820940466011085117177490631
214 377393502908443538722503857016179169512910773406591928727253762974941201389659944306918363506388121872649414804439951746212830078893
215 1556704957660918164551746636087092675185071255098818196323563098300528055206918350189034048502620897446702618199915495902053466475845
216 6421229582730750065244511634623591068380462099194020649013689131043885276695307505409442655387323520128812245723169913184192341001011
217 26486836282767031348084785460549098609681098105061716934923812096526186759208828483212967943039138734216652771483715245146397170322103
218 109255164798477039128480160204645800156734712009243251996061811320547576203116784737883246330538636662102018095258199901965674089337733
219 450665036311213687731516403009885117099859021943646683621143679116628721018285352423927067954419038342367100661070175026640708845671013
220 1858941637477797727358376201323088071336808603573706552610788903594010086757840537467165582262136512563137115196571469518235715131377579
221 7667921256625450518908060887892945802133624012219986390072175670851573915643413932816822904341887815270711525256839653295652221192505863
222 31629296591357172427527586946875101045671586608566358745657204228767048307294925563886603063720849696961249014901789732647563182210059005
223 130467224347098544774301656272747173842146353239338008267479414778731746971307435113428903994701013577989433354470855644849433519769986725
224 538162351466500450486918090262077904809989751541478419035430512001990888361237838151968573233841128378377559382271533005453992818904994179
225 2219858037030386001866918843427308590990762186188118966917887054329161203801668936593529990802623827697577172853753408201370278430969845431
226 9156660050893847368405990151425817921088745789815278270172019899761172209625298714299230728454934412012707384088343454521236239503244402453
227 37770173537672774574517043268606424465725765842366275209535105629369868265580388117486515758154679218991651590442584160275407250806137466885
228 155797638127524173662740325538996898602010284786904141174476668308582322864343513311058233779468403632584159400151173279220124685865854579131
229 642647405945981774488666365121742383031589413410352283367097739064176815303703843933120989419118424925302874422870590368113433515263066978503
230 2650846914836105722468371699488753581796916406743580724223797413306549847547998112808569159939632744895812353910748366431123044245305847559373
231 10934439789035356317036672511998762913015234470810866897913334055673211559767009268545281161618712597243383971265561709534165361124754748057733
232 45103311259085567441637729017240320467794675463166343749142938157871042456008627499123451827576246284018742490127254023831557621713798705833299
233 186045990995705414638650845181982537620600103509989080446037491860544281688705523039421950152044432243526729223953081071998149759489337876272183
234 767418395663836513362167764721172945124164620561500931737466237488701746091296701119720690112516550063638891443408454892755825937421640714806565
235 3165512951132880333204046446032193677181669234829660119897616565499609181141875072520057806946958139930044810017332392595358338265748303323831845
236 13057378218203947016901051858485982578609641352860163250435857515766049907281385945121108017596260245296764673064831863130192879481436178257589579
237 53860189032620995374083918350533778101371905405147311258166114153586405318084825450765048497106966020989825719389842935330618204316649734924577031
238 222167108446422167846828632368556707629733924503790088043305080999112452817336937603141186392130208049395977930589538819261949020216538511308234013
239 916413866381901772727596344107788643463088320714587336930514723118504116772869803973087578030435277727980208095618334486118028526219931423642333925
240 3780102195908787268009046172098643725279343396551844813249031745165956109272646502593961401519657386919337158874283190893072826716462964736028415651
241 15592488433124206509070123767765250129320994057914386413840031541784103648228781939142650811324804409306536887731572020419885437351638713345139528503
242 64317228195641809758834348554944066955637142986780215794748128466065362468642034651218389490758004468689524293609334603600378519070577955269301861813
243 265301196823873871008389425643344230501310879211931559966334481915713641304251627538828285971317507510225959744420344053035253860201024604950290144453
244 1094337038624888880774251803592790488702238671718677682832405993045351720389190980928246231753378425690980289495827566774901623085171398948380183382619
245 4514014894932145774587727942904618051398991280113081859706462197164989797923731481949376434003315201336768069140511941945440989162745464487932419951303
246 18619794224705724237108384723924574233295582033747142001725585817873883629475613653648095395824004216017600646569034646450595072015751207690209282898925
247 76804517716505264961472763231417334007176842071664294500943993482569820875047804134685265553792575214025210076424995394198018031055407497352009184781765
248 316809835300862492533823981763784674159204967760178156286088635353823187533819367228490404742987674669444904813987992339351785217911890268122381182123379
249 1306804270470543786622551920838706882177405549044882635641847363262114803751374045741350693734095265459769628039238895458703968758671466154461115347477431
250 5390417881750027109101086138655777534854473479796380109851590101437142760789219941924522648571783586080472996818093583385771624190486939891262824202469573
251 22234856126868927237959248511934247673276889532710046762476030498303039471840615078982460478535254260442771805683637244323086895084795445183267649793108965
252 91716233848284648487692976344715354463607220512546801888472017368125071040648932166371663175244610096932020963474164769760711267012325788315411192679950571
253 378318955756507466970528981613484110457996824623304494096660919767929038112857903860620067882370127476009909665944109156594388714753124718662386772107972103
254 1560522344620576661893890405774783300949040739940344684750163635443235144548399317450887013747654611480086116015883326907492092335855233772598422981525621053
255 6436975866542244817570704652023186605326945343359589629320371426804619474225157309331424796522499353202490331802529087247041335524149408232425256312850555173
256 26551787899276540998235651050640561501340828464132094213838327503125854965223312747055346064072911769338027623894111457582468657002946617264974674688711897539
257 109523082774407255486725528043035866008792177720007277115173354168421569046021609662651035025318837207594428595347208263761931778864225409747127109104646903223
258 451770167263821073309996353918737652325855648657442023415891001323202892200859436778996636572303261893310761341677886338136113101411549439788632598481598400085
259 1863500176031138466730239641616705352309533115421511182351060704454981427919012731284526889186386061242161418714270530701141446870504529934371708153653616708485
260 7686724705839560429257503864299487329546403754903472198589787110806285465784867142591802123267209832446767579008065592615178037025701218357781210994886771427579
261 31706858664861738037140262390977179365843436837720515929878427145033717506656762428093742109110618867242610212063177128485581368770486304485919286936237505618631
262 130787159013224235644358074144974794088301084874942513553401374282031192636573891392397716781336913178932885589832233045155220618366637376432714942432529560485133
263 539482045306079559756057551242277381059954968827683625746304350051545917121382593712501004987923851918080617413375978123876107768185633373501216634676582204704005
264 2225301622907818998594307754332129959596434086510235984678861920198147426108790741386214252514811083116770134819209791283688488953568198261465742907266383368063891
265 9179114218910907082844572420280847631269089145118742537354949282280073236283397776472562581484494358027295385510550677168319622345725151666498758378877056555989303
266 37862794407939288210460482332970965722552880729329838882606050349215348536999616659851462568476940811389790442034660543709214762800097538180458343153421445182613093
267 156179688604852421927497886243500450602287743889417626098421426838745172532064282933105984350362635437352916884010773269437801695638978907865400645178030070550313893
268 644223320389527161754762882466411072869165677996762858201581859139635892192689952839330274806958493844746867207056652267123782300664562866309063407107787614271890059
269 2657347381347082492525628451443202810633844694417809381139536762698858044228824860970724158441242729193560804828168061250514501372697035296740737587302337637272647943
270 10961253468568152288002280915752221414199968967889165130562886056257577724043860830856014939871204139744284252751707350730306184400174746237541212465961078022261854045
271 45213914614840637321025226349519266321695389209980944186987917269449897156018888278716123368312142300481204081420884159637491674372066894514287460636931074497776284005
272 186502217165236536587051929410942881079713836418977323116235481608659450259661764223779060096237287883281978968778907866779243879143048253701209579839080700738821694179
273 769300276338650479093228382161786347812150796950111906390804071591572542746578223512120333873518885554120551451033100925293854822143910416844043355061331721408539352631
274 3173275493290157178317915005359049739684926245799463060305475933436049826933936881714828148853688545498801776610069543248679679818974556132048808078810545437377426536693
275 13089397815168806119190784544776099544392428107310009501380236842118452949963002221923874809095798491782763699953753458186454086339756038437636856510625352069440602111045
276 53992266201288080696894596420139875221630337081139277253044815158726716541292789322386086717489844741521615473523017174143908315533710889048908147411189290272322756275611
277 222711911633740814550133340214617500951543923940268192392948545610153219461266285748038565381347800366871622040825683068264727988836650482369171829997761422283976774140103
278 918661117105913726659046388189057679939021176627592027822078523915102688486431927870692598624689449225442576236918242530829912098200800741650321754380984275269348648613933
279 3789371847654819559792529700130568470264367956288357749175173010953110540324408418586036786445125907785598696041452618843296559750572431670872642552699319942816725856044613
280 15630724684457710336728898508282096559093405153900486639736873476507238410861533030718762613642497479634094116321077351767486695122817226460402548305182741201968298524512179
281 64474948351273833453390030956880839346759946218635120252478509869151858806797676685719702043765736927871090008851925540851583516045439736029182192264668316200151222656865463
282 265951774394243405030703962935544317005604454115864252151300566931208452557403422936425497215815193375547256759645874277487227639803431307235386032258457366116939737439884805
283 1097020596559332032902748085682493914250990952374291155578207030640971192214688302369984165679741515470791928814793267947265520685013530512049921224688132298263973575367380325
284 4525084263929023869734916243751758295316048371175758633959171669756789503802561279044922755847249781402972792001115094984846143347766673883376706546481649926772531593595675179
285 18665454103486940701781005134818438461503975528845597187112292575805712302310126572676824194637110254331588583299961899331675638796473363431085975346097817273120220474870311431
286 76992859484758122611053440611660524312829968581809565071251927911697696328613690965012251203036207767787743267571376156417017657163633066583620765481496654422725466342342160253
287 317586723514661383406524935093957019122191753113732340204201660883082918609159767874635983495087441762676616069583236335030053980755472281998815624179121135110477022657047602085
288 1310008845336429774833591170717851723878589029979047731513833986292417946160632509318202536794111754309831030379304397697873882302592575467716711311505785560318393116020791945731
289 5403636385890864237518782736742042866010887935866304136117033750229359310594462423217421628265462043466425251051658074813691547876798508019698419339239270067538598554055531064503
290 22289380941870563958095672247498109149677757267216799595573565665443689351320162666438617082865785044650178802446770224282579965848275662982512757420104623560251833286928820999573
291 91941142462700260520234289385298776016964738944775407055383628439419280823553848070335484886140378713447478400080130176548263646664716009014316026396646193187909145469729231171333
292 379246678020889877563995264315209127485514937174585819544874011922662094024346630101345713370896375811507241900663974780848251456753542683000380024328210856176811218057734683555899
293 1564349092662518642860024002151139067659668973108685086043732544799180278218300043142841104203994311870176088397842488851376109541982335415050810608869280370774650351126810323395783
294 6452760763745563927963622694149167846090261351719775349609036934240544645250439106532039160414592865865316638691873669833256162331353452325174990407012039952899594331625517514796365
295 26616898791602994599586524250117392197049684505638614845390132257916034671171363209068306319120573023708428159364009218622704255953889059349750012188261018470019405241513411015469445
296 109791657744832505040589671690316458498969661428056864559082100876306322773499291856519582228488896336958677099352225566621320967062945018894073417942317553091427914595425540929882579
297 452878008243441886906017965623084890500747807514426522382500461894660236474667652422082556912246972639812503279389164145441475799542962230275693703143507150929931874959964539705407031
298 1868069893135394063465488485682421236107861522474485724398303683939115199329827175126713197239235640848791833898180863711141815653327015821297348206139824119871116603952256877720571813
299 7705574265295353130686792564972136917934254574556255690857550995898508388246977769215896181412211743361062484673408167856766096478725135477676939691818168524231542461578140968727929125
300 31784610937829922812400622814324799126843384205670655443063506743743828279368402947146132809063588669013416766033035206847323249969141633271453719567125483914937422700344891673221474251
301 131107878230344256253358306850906490953092068352289906014314970602995591107060935207547001023188095137717145881009187267823775465048637636920897121548040455944239000055053193906172682503
302 540804975328616241564460265088006489103343148465717768118608287163929175931118188238902344538991545733159875320722967942428892917206241909999688326375650970643430337997401385360456346013
303 2230758557669149376886398121574282849112777893803819667602621105771224638272796882268864113561027100732329813631834988623844700633935322010376742987916393370688085506643968952001555118053
304 9201623449544525236603336137683324903648270586976416626500462769042836546808183846899264796736723758387044838086044547902160144522850254677664866034945143541507294364463170805554331453219
305 37955642405190017840170822142131569485499173944778050637367255607614712473643295893388118611429939042814189415334567244347627492890923856901036830474945665595430402288501849403497968238903
306 156562675954966297843513828463061037147419410578480979840764242987959237164835773655914011015334425728179142872160643548044980714818675038261058701958895019181852732505182630515543094172725
307 645803099325966158741019463719009068267880275084749136747423302021365988039370022823245633079294194438756671227805052340723230063119923500589941906240635455239826743580306029854561682023365
308 2663863788448450897127250039054834171247942163027921425555722939858193764375029273162120306109651325397577448952711718422242645981516521326818752665971545508950298902249403051126793885788379
309 10988132901209837151562991963012223678964810106039472879288786575478222571209815568159898835487230644572708181294330638933603852559548658731342835166209027452677316887567552973330651036831431
310 45324789194635867185897178963665710750571422037016314669216022637728352073135551500155224381899985514810896831674424169475211596093471309251010209518326384409179912965359002884740274669067373
311 186959562102856404100897207739565398338754613928048888705041431246675243335001963022456555750867870053021140610086603879989964944970400853081746167907571474071496370944504758410038161941524165
312 771186771803641809286360025995902856747660257537132923730804174473472880270723772453661649714397004437750042909432178411567863670855977404115309210816194225789810762968242930578231620361501171
313 3181057070928151906874542953795845403828252800002547954289826083865110060271625949836792705844655916774399518584466469187310996436207367851040962592135695608412379596886758474953484094049394103
314 13121495931310536628582737425700153675383162229691226963480025647440562634687223645755919361591284931429305836027124847400831919525744647102115667243543833711296336408626267313572091672676029253
315 54124667252563014802632772604604654391865581203693189960748320324680414838479072987953146852781001633616122776874101501967502947197474001451273013144678642002018103705455341868085387544030508773
316 223258050799706292025364741936527080435188981444458890897893654778432001868060263697894921361025979632344997906354597916896221715443225917205125794637987010502543992036674117836006673660699276139
317 920913878588767109646926265499312668781855182522146299625362888143527297041345680488020993573702350300137502730238243474750725969918888376067544857209539016589601399034899278584967898841475554823
318 3798664230649648701007804258724568446778878549125657709477848566703180360356484839674072601950273377565662763273559368811964119700723831418572759197186785792856913380765360548439707493938540477885
319 15669054699587949329627413816524532295026991416135859355740969845399384734731164511788521558652743901298098560011766522888814761341927762215948330056680708167012166938022993236671784527274238914085
320 64633055271823911800223606993824072289323133848624802533191002172013664705198451525852116849413844282157781997860148973417721713128597103530230989709490540427726378334787534937956909805352545024579
321 266603947325584299128506233274371684558761769712383754069549281400047682834812000935848843752407574274797901024905243678935773374454868513499726770500269298292203853515642411891620008760807338056631
322 1099710735174985209654993712458261745934316229865888100099906188081405626574984126245670448741738653578753188977457590643383185688264215633097241411597206317262517458521311196031093375794033419422933
323 4536180777481877314148033869119770523717380421478686549402792029381642859724351602866826405020534500025495092939015308305633072701254536838828230437470113486486820930931312126140079692326235925699205
324 18711225950451325867990116722388600471686314376355866789571975742807881699802766535841278381319061505131137758683708336508043929744372625961410709620477121666625393475215274876808172127577362446106491
325 77181663108937210366798513333757648918594005467170377507490882624450358405785449493740599032813303213392539749718933473051042420302216609418276586096184187518463359914749789241310581451047618871279303
326 318365516831236412706888102319179655098627575402080003720729922181846029603495861305070021702531205358650306571681411612100947465550729989956860593130273644767505191272351807589770338547115366079825293
327 1313221278532980209458370689165699068369731678322778658811266619866218713420163361642338129080300001637731490519077163248438744423016391317322897539376324523255233338053726469846775591384354358298367493
328 5416887304745282829806773832314460630740366277758853883950814636397820166472578408886941339958104605482791189148552197659753840317011862040411897578443203362751511823657758108494251541182437561530736659
329 22344039463851638703271689813785182281133941638554034187173065321093807320103485274579963445507656012851595633969923130663252210759962379499056766666888590684726270250140055288644241079019873872261663543
330 92166602603085877223976791709123791618536669475329433315020542681040612020046192783922118863828128653613710743990090393815885194510828597401993169167244917055146126148110526323377664674493224333980655845
331 380176675266704581939565308985651427493799886984354059679353606772460615067343099592494556220903961416340856231633180310607285308169253045026205648178981852179807751195266644365166396694627896085122813605
332 1568185224742200927575694648024159137031468334135637603658088839128695457649211620604740416856428662293273944402582965374918522005667916018508702228549395144404924590428896993206754769294965060929948583179
333 6468584369029336537794390317664040392382599884576245607681667877925161221624097196443611985918962353282209212353984861022649602941819259924257028224042072595689213860614633564545430144525501691136955834631
334 26682169350326137914874125300709017851574268098471911915026053137284419114010914207194199248090470152589429081355256048844302363156606449625484403828359721822802164530496897962658142554007716033307526294493
335 110060891320849486342139502224451793524616735610192618060469702748805446762369330784010928144567985639053377648969843125650022011556909226389177239080382169598088022801744431428764490821966435702507163846245
336 453988565895665410207843353563188111165276010770089892941541528376655883720240042950350687854524488002238521252526658829399091203500604835333679303701804255023775828016245356548625245552822455461062270010211
337 1872650816202858851343764665875786202482572242493608365996583709980860143415307674171025281066484997342828604496365966345557782099246115668472925646230879746047587005805732061697949187925240825480141191298103
338 7724470048065401842898623012617429334046331509524138120806936962802485563856732078066429955831328506095446183940050837960330175577371249056447027410464558900017947805635684740482893015609852885976612707510133
339 31862553876673135402522570009219127316337346259049981063341248504437490631401755900536043728682750045720136297751516000528080302001729902223593676680685506836071826572315980310532270759259007458464467481318213
340 131429383922352225750301373717742366194430572060736845642178763560590727802633140331868554308429358694290334165953382907381535819385798626613875882840744826752210080083288141859216077676795401068874200250186779
341 542131149469951234717930818854953733425966971482949087390442428821195430714220853071877401050737527810690580593684945954133563228390181910566203153222735696044876251294197178266430795435220905962008043067045063
342 2236228874048810893816979509119119045265623765474433233077265981836497469396713040818306071054013969845612383945190134722859628128943066464431501142370316597259571432115444894303874717899161009999977437555730605
343 9224187877820490358485246107895945182099600889259208328415148829046003852695806735681364576649934689804559448042538719030809004105390850515064455957022512431578741819589400471763497511678274143824169392789593925
344 38048718086390869858322102302992992306812093379545368371956976440378122018751498277400009575552277673442469014927975118937828518093726104703556918664014894931484786207884652424825003173741815773372638922580016179
345 156946602475286348004139696301629676318816726876491815350088522626885496988908373763644790736751017443883210739864058925336403820222409136400429128328341458962998743786897120382455760770847215217314770207998197431
346 647386752231895281157910395293719807217879799106994213115480769289828102268993379860616443369256478069366193078299133382221825790772580949275144520063335705920322277716294333011121051233774128354983380968993618053
347 2670396175230085732919137072870522920576711736545377931068097646905441662027378896651310545062672374374463045023204642216348049947125280724093893371253654492781318282236305147577289959358460097090503016238812637285
348 11015078248201665516826179294172552136887093291535522306687694311657823756400692218938569042146443940679451951691389584396941217938828885572849859748421270759119597919087720682555369367125920086282365905508247772331
349 45435935663572957237908033458973291853689325304473478731587913354957080483092161012684353826909935180953538465632164713039669270120895661116943043324812066117419065403154599211776525325394592185509999876333816490503
350 187418028552033323002620038984324673710490971036338681370903152437675262364714578476373363259660839915744679724173639152122922198528160968592434246305162226243233222967233507234506890749987368634141359378365888459773
351 773077893375302918214735830807926882421879022866757159601825134482342482429149090480300668781260406962573353458943942152737475628355881764340980309048618429572112761433913186784693349591092226549510705578780874784933
352 3188857730726099081385747295298085619690628411894420362315027863657131031115126618372207330730882597404131016628685078336993486171709896703722469395850011812296846137896577055949727238463567090461164181940821754618499
353 13153672759175632597752484934031620013763410728371761246120130284235516082160226407016383265185469116747608060525336977196465575918139146642045989399838341226273030867085754396114588521945385851125884714585336116339383
354 54257392980678023635966215369808711909900513279647951027591898731634510394897734065477139053910238250469416551812145102817380838587554719743224466377106139858244744083371768266838694627062926041865681629124604470406165
355 223805529220435528978845851822670296413984207023174724631857669483459295599520909432180524819364656923817012234516547231792001957924938232207498916116562877034658314924779673351569912553269955837666282867202110488727045
356 923172164344068874355844652792426657538310519915603327062782316097000660628660918980166471800997927712242249368827660075592457518451029355289128152043680965544331942048318952880889167796251977690279043668762374192635579
357 3807979400635354979130292032252759502747425260126292130827803136408192917324369117221892133915535891271847176606202897328527070354553946213877562591537074459495496594951311948341449194484152014515051094284002398318457031
358 15707478708444617732919321078158124075700043146374422401110279522762853738727095569003373957824412178951996931324606154926116735020816937746384380685958853049457001692004007399543546120626320124075150855070367746489009613
359 64791549905725688162095887039300402490470976805792775081143356595265606550975429555275055021611188751655350403166972196881809095400919638488836829031285124726234839478870703640753855341396928555435096427227948635889224325
360 267257719530076660423042285170854215032089099849292938464028099631008894107980075555659809776438095403029704190780089147796298975915387599273976571628025203035405366417584198065876069097245730316785434375414157493408992851
361 1102407470609143094388426385566401014467427289910215684135035196073775475505441540639907546211714746005870173303638116478214771529020836160091974354171468230768942301765199481105171039489127209574426532218743843116547176503
362 4547304502155197661652556053357857467920856305878570124841882170735579583027795379004739884580074701923199696598998610666891766901196892962664200330251327876658704894520640715205052516370960711503621370395933632687819250213
363 18757110040169780420152566028656122456086674313725910306574507679754076019400662905547547464979137362892609551318072380850189241181977632812200822531920729331332951147012593945793628966778478594955341145051650058881006191653
364 77370929721616033153485967396849545263332698980961779982869842497604332709619563919915114652073194661481897555264011901111219188571065751891283541749591308740452624879040617536169226304506620672176132886165046181978749663819
365 319146219922323517710791323509338588573575757625815889988370113328700247691823327827198526304111766604973800379176122763961282461663846854452006588869783308539826040874133782660060429152063039860652629948919967521420366346503
366 1316441589330570543156346129376891654645462380856773519323201280452897171438111549417614124938561986355591879969332358195255970552862497904074908252164883084237090886081550560284823684979201822924875970391741616149898202666525
367 5430170717801373624029203906223206116628759883090986407315435550145080268025030397657824796754213322704377525145977531742762726295971706966969072514030133028007284335442254788727016716459857090215804245743556339757055677684965
368 22398832020691418003851579107251038944013350397969087368608203254375817748154586484394516259347191743963154379794890239638384310813421632063047185130545848579186576146102302149872769692514504104066787693468127040135280180713379
369 92392615621905904553122828076473578583391236713253788843101846006742556917767153236400661584265856325845811284386873773905788028443933239411007996531883761176279407147688362267648448116559469860633203078832581267998379995205431
370 381108953072712288968284483600698941044320777484802269926384716181055884883173138634681513002902190401937644467050430271776010971997211175773141026230020627228289636065971241643012528725832669366167991517311339432614688806165173
371 1572030763871372224418557604264767264872647645856524693811424304222214460954150534806337681077180234445670080392998814381733063294805934678377477731190874572931064799119368724539953023634861139117171593761141684918186574858439365
372 6484446777314389377536269244506820843368128887484393467485878241056428614864240971387230914143091415532926343470271940250896688094333083410461035957929751396599990018248069415267527727032158286113587960404212916569364228249511771
373 26747599966983505156627065615090652756256521640824494023902167836085817150644768143085898311643741515773500165339985714841767793728143845968675339510449838904874445599979703902324038874311828944839187452343370672330414110244156103
374 110330785117505665555207416496339897338648920159069320175471700976955268295535012474118148798563697009735586844044217170854501736417296597928407438537347357870235642819928147575483777177009751787235994582255412236054647519509257453
375 455101846882377388622384193111436600424115944502132987790817215261794033103056336096784031677612346723649994854576310517757981363208664070861383021743979767592617036843196155373724092128286519521555989860556593783410275731782162373
376 1877242972713048209731490057711904993522599654885952283290936226351959766406470820575082478885725600872788565931669487812202891601795665189436588846492366750430954898992753361265732067941532171983781579119795046025034922226149594739
377 7743412167499558896437929590966376779837216723727803480603618718715722562137869593448877649623387356195333084893165827424860544297556731632750923530638752053575965347174353305285684809540395703882210317175225953411440669597362026423
378 31940687948946529018238440035354538912023234660792900230123776670691261948751836522177025014024050332206820915795180176476129106065605263578717516925559415429549582214003774271661023121846541948469510868099585672103977049152033375685
379 131751678017859578549928709616960722440884956057127499834516852948776850824332274041006812747948137483277039616210547557704971185356386455568747813539891680270912384405203943669398313161043499153792690631333978549777279021753196339685
380 543460575685385725425077419321264675115888625441847292606983951028367220121805193499306520706569825552924313210851038752446292758896037622588206924023848632406047189140470842338682906146939747155875852759085047964390211796970094681579
381 2241712604861509422213761506831310345080392988502930869802205103720863207414049374993878845546179339030560650628024342214537884008809326418764140475784167379036001976539079764480807891505109403880357079931474999063130172111329508314631
382 9246807639095704257180266027412584610555690667339315772146770660014266348129338145392808277395390906708612836490527312495187886423420570386507273200080734788008230326486382012923117845845290364369718791222317087117356342198781735260733
383 38142022009873555000084670777839119437071378406976499373175319841721194159687791569566498913714603314759163370168431514690396844184699532719616819428059409266256828904203666131495913462592391367047480539302573251603775117312516259994405
384 157331470468866905413091426125106441668680418318239451525243639819457316572052405673671046241161445487684145015908204686827699495144600048427446269960750037094963541990222887009945155913204637024798926788569660095406196467226187758609091
385 648974288607149768138089843223439716890681670345255673929856337799521927751638737973465067323569603452078517760820195637010819051916258585656387352870898088070094536212122450145430301423720358737503750111136579458993848301819703823909303
386 2676944580877718867965281457463187070357264342885309148498318351334102639259231774428398317708010652666479889318852124205490182014440235325613762042588223570842828029030305355328674534682901289240718966154510831428174039439879970534257493
387 11042089671180291429173032820825975114982378205250013364872642463497017851644461024339716245673289323142629785004412283085316148119387999791256542983302292297251479568352898097440238128328916241650781761152040584980877613126887210443721093
388 45547354688384585048381233054320208096505413823194851260129175529723130190333798395840333165754028738332841993814860865272733136388159717319327159270055596583708557230017652844798766445151125538368838510540400012433696795343789404661323259
389 187877619262963193886767402123180433360289504812258800108392707879721333334461191058844252273273382971141037981626151495765268329643146398417337655978348231490400052430362898765977954839567615816644697871004618971859316715622284888020499143
390 774973652397876777737104775905389991307698676661730024963954722121614427824889640582537909767500981976611734350310642282163174158721969311406164697216843937950805807814763451713830109546763756321646066472254794729909208431579154535855877645
391 3196677519477701134738424039636099982398073383812789197443953245306732784253352156597315225011769253400922291395238998893872498691754704209403342126305612790126206169229381399931700860136320390026491286738942997866628756851251324222121363205
392 13185928491782754928917266130203429054179413202288369214522982287589102898169375884854110305268031229638018823968014334866122632266454493352184857890482598635474830379871563253908677640412910084794321817686017548252705602405339881648300332179
393 54390444181812967294933279008639036216500328839642806005607972951419915521281076414848680626548892207999774118566675053794036679440128738995330444293802319456123916073086107512138751202694433216560486424538503601417632749609452541743610936631
394 224354350180079221839173534085487373955384581793234014842066967602655299414786977231054202361440061554835270715444236552254524352643460040914699950813080650879718082333757230502600280730918002170983284942362145958189979087140647400178501352293
395 925435987918564344793792883090181673929679829608002126944829878786862907384090233569357269461773075968064819332407592593079888825481059915949760531765159725704046584648371903014722518845540621730904982558615052337672137893361362379161015681445
396 3817317413490710666424478508428935997241103242545956910610170536847267097908585758678785918955434581011094999807941256816986006295687442226723081189286114914783656588781072627537212853707691622661482242327745348106043265161367191833335342204811
397 15745996941521248566813359848634950914983323636205361739701378090970620700188859313822392540560631276902774277133284146756514865302943908741012685387283458083079236775105147952158373372214471108034867381984872152845465240364548834912145381796103
398 64950433203738576244090332136788376309315038128151399615526023143156024083895842546829641542274413536686062469676262658656885689856500957358874301674889627795692510519904920630141261304874494811339141805150003854812559950832839806723594838026333
399 267913094929494132210325731378930584157761269663719046380585129589900182839955057983783386871747416261624834156222452267750085612137572853723063729708269739436281965677162685217648992884297067108068470117929396875883618513373173678139854049491813
400 1105110819038672607951766537955240811110393469510616861658463785320815514043338355854318403948142816029379850540299503436144198407800904554769103849733401669374661899678345365596420486097633821027543287512897847052656103523596436849458720272401379
401 4558455504676707411529211218926317075980705071449883693783388224586850190845516796307397719579769853305772111378067940695013107863628189158081730525292097161343544543350734306343048414665083361595563336559220777376882912706093241462527545463044663
402 18803106647886513989647959950902647946717691215982713544030846424488415911745495425116342508523727396729218627740126361680696458638038515479649898491485250835876276141726957220533316158989373133193659693513922162808420517321223055343289194025596405
403 77560660458145418154217517946626427240630682996359504146589846351898882809740821785064130945778393808163886921257974380545510545600180441967143116791766297166099325310901872457283472078427308252315115535589113734505252774943792589136766881020627525
404 319928837471114771783459609299555722757279013058520962742823455382910246769017748972758070852477762922773222090015888002472712425311503905032058904607966245177586488298632978436981107643368439419262995162751935546075665791684206928965301627182017179
405 1319669797046831477308760035243044022376311352798477928029821975034563038062320826825863729338641990705798338025841273667074967329570119031136078938240660776204692726221979871764141270333922319662979776799569011593191074907038174194311395001697503431
406 5443486704742149844710064714378478957781263058259713666568931662817364633398819412706084726315488938129638800350865033909681560652391619145642088423987076755664158742564748720578979244822203101566551871289849754449829459869949318527937347871930775853
407 22453758941073201312582099674157848407986805559720290668819901715538201078119562979704686492895642217378807095249269633300855785088513587803640314824973035308506154719883708797206096034335997847090661271633464158300357582803467034448130183235056572485
408 92619182874941292140420943340523784544975862591543920485788894574901042869752429677873103239220773826233270505296261019778954766347305732297931189847397896437279392169655624165875080841498349850603237404224568364464877641269741107931835290808762058931
409 382043517031354070184845743607496028672327729809376545278837616689507643290331642865784929997147759646052611515732583644597311729172953278704080897366590467546295405913376708019548460910684991046370507145952038107260209228142532829119596650726243256503
410 1575885733118211170254639718422192202418313170709609520263499557901855213874839875181603450242020527975686102377728056331566490112862091671506974149663813696005448706383395038649656732415566318341903943444765792476904999388232938355513961527243621939973
411 6500348083754316166922562730615217269255628687464726785361258059147126413050186284236452524486788323896330480016052286931305362647926708500136115116327049458693531447107645614286425228889953564712779806116566071285950451498534804035311772178083206898533
412 26813191034072767697575199153668069222096172460949763571150856561111345579494921726395843688194878304268902799410472036767593317246223019114643272820238830595686983682987224079756260726154010595100282153619126001406186386926087088838521856938123963021099
413 110601340753808964616714079908443109752803692189844562029437685187788798303280193439456620376782260485020569472902484321338545651407094601615695258097954744449430568766289751856012154668674863308430100533703538491956886000426417282678371276876091815102983
414 456217857881799993830586393326210073694799683845398558118179081193972285966515322915749420146350343596558519730988304748259165197578748008577152074979403709476022195853930940275232028943073556699395124676200147826661829485634686611481383420086324809635965
415 1881846390212863404543909254905947266087810082649539267359852296841455251010351641649662613585793878262716842798034759240840019807229640597695017012375091921162145384816039064797427748988661068915810034931265877795791831169112989550926861243345143127604645
416 7762400737225635682772795253133112918540432630063866503498712898184215693401361502635486633735961335677384751977322373068942153123683121196125829608283861905225742597585507695752918715560368105745775063333856582025915382161233810249832085839714713689848579
417 32019013623351806147973917480785978792859941235214208165118345727190373452682767006360110308236938533779138811245347642020090301906804629365044031295551732123113071383450207967258638553343986378500120038914291910246129700842778857327292437762031348267727031
418 132074762450207133465580646666465133557804577405621620629252391213262799002111726244776602639512127714268506311362643422667623321136442357460911920765740606555353737361754261435192617430958991481914635149128492467418850523194123260457148114401149820505547413
419 544793261949729068644750913640380287186997385597572957675130484783873138074326948980195547598813526719498394552741276586552699280205207816816440055141946434534076535635296238316523270846059216094667110508760548615869701029296804278656220723687201202910219525
420 2247209783002419795748636466266414324720074237325485034999537638894374604394053988152838572418292357524703806899837054484838239838143664365996584078742422880445433737136038798766768423708507883103582837106342103110405395238695782660427446133625891935610971451
421 9269482869058993984708135485373107318951685180088269856414776257934845957646319449101996631992958701389776609529364207680570411990506980565880952528580156743205104009455942910513211730818172765545169188635871976122653580937691688399451709029388469304343010503
422 38235554735338937597291676580478083026152820186483418545308381701066012158830677886600434005192500109644813455911811332034014489239761170995887514082779156984197696703689217964186568805289080513094925370632308910369280316930868927700921840803805366747162574413
423 157717282244409904782377568874752610774122817451370973967649227784410145384180923019198055507926374424919622819376935426846951889273264335817437840702211938919105023349940737169725950104557479051717704996952423411378964058183775833882284179977358152421771365253
424 650565717974860568757385681108742311484740719631790774703075740322836901780261731065188662772912080406543751514360824624060681222351804553133876971834466599174207582084540280822063945761882651188875406981170258603639829387790588886431155142654461037825562014419
425 2683509044673174304617336940148765690660780055605567235689335425673625728187566491506751838589189695831805001964996611259021647800200960206361170699874520021647539958280723424529608595541509922781029482180368840005199720975484393524205061068987591570229694274103
426 11069167332178737977661978303954299852579615307151317769525118987448519523762165851053799906113818114883924513735593398806453368644609116706943684089928122807926157368507552504601046427718807384209557925708740771801680785173360611315486831058650111013900796380325
427 45659046937438405077750478793748480478009759844947256764383659894822030019675706433591574137498637994554415553878648557236713759933933817927868153115918078055003754268141852881289666414892974157241510371052991410004643202893345661013290075018279113550181755766565
428 188338336992586009679429219598650690383297094575729210355681087715389388146089858602406592778929990701437976725320194405235265112779942468005693955153851394984646094524513517180700494896207684167613540445559968731809854154795774468320237008993791382074168430898379
429 776874060243424967840143400580442642306038907533561462648057772781482543556510809141110345440990964570538473427688239380564867473764485456536756605551467412377735817629180816594889553144286096059276556301875384793640698251729722311663264448876144419819053886599431
430 3204516484091409070884501864332924298651433205020080547419144859051675502332781682299664826267896572994483039328315854813021307487970016658296984071127884888385581856504953077797679374643566120090236744910955525086363360755927972392946714654461810834250020465762973
431 13218263322623889232019292418714838456145177538462425231613275033557405776595457821134956464954717275145594677290311269822179567200084667153713304979755304175950771054599966093424206061926135208084996455054577547675474432965850062946809649048735804992670798887854565
432 54523821654100116063281384738031392838620065543802658548576129447718333521601591348557269995204783744435784801634184455340609841340779714360076690779046166767433194439646455818304724516059534760311669452525514946200979696115868779556858781951652741965295108243982371
433 224904516970841535343375827642174561213322573303632898331079503106327388858336259850764706793238059106899767805170417381558576317587263491277426099953684201468912385100175883211047745376877142009151200775334726282306666495917469236388351347546423151185351190932258103
434 927705362892218478972746110469299960779620003681409401409667591805913077401755715109346184238247585621743666667735231441930555977289664345162354480634272364291181192731150056475647293899715832380746479643755264980076696813854045599216644874039873736721358274197305653
435 3826678325231515219107797500043311618654562456941665186872597611434543031422155937591034903755818834105002864872842974238599580544064361443206690640932681325098770767145483197477027471943621402011513780445304756310211494359101914074141213279802612614140194071233515973
436 15784609629876596284717184455358197312971224684840804352237899031331430425373706945771956385675046803827955590548766293633211725518372583135434264844457629261748439491112731079961661690920447156408499199874304837656309341258426763423004795298157477890911432177266853339
437 65109706118953463400031043100537500948980221188942063793004858553148438578113472290460168077979510878173337893732437685887585370662975365294619041057494653643510166346134107404372379647825978362884017620655013576975295465765100876567727104724352776704343206231906318023
438 268570077455227419446625761857421577871582984526725729150512138021056098674983284232430558890081452648311301435732831088706354047082145321427497047792570881185591563341358194302497125338337117803921542121603749632937068215600626441545630787635963359480003868962425093485
439 1107820796680109948617099721619507417809369709926163371690577612574709972427299195328638490866955227863762632455566229453446578107954811484733738702538862919862379540729341422454437557619333555265753187707321402433410949645650753115904240664671891258842535817727072985285
440 4569633851937760287114962562134376247211101381853495088326812871213599111227953120966064186201943342347015155470532873530717495737575440529773213775833033253348089393566455669311502596520019382141166257709579332212630275866673437152027139236874822841441460727406904398579
441 18849216049520696258183698446442169250910609268286692266696804821386994219989145110728034117894565691955200651466232061398903852964092282960971599710285854170883553988312447711095453693022736848222575134302431232018057916681143248840921536036899255905648370989429840392631
442 77750856456660325422615556904664038415234799035147937411732876931612156046329935173220923676046295654440292496424328660219439751378034949404192135211898724097157546265357563668784442253372299664499960419504661455418040043299944926283904802055128063946349873049672119998533
443 320713374172286477374416000940829570417427602645171451736974686805408420182852979561679600449675861625022340326222480955215227867001081199518193713006214684052817560262609791047610217513471896741940084296901918389264957538147576079672486465783661866008164941733304511589605
444 1322905921046764842403912163775097981583123991079260359826238014510471848337763563198483257238960610770619252498381788358282543513454175181555023787816185751966660679339171832437034404921214412935815147338507472548441754362527962747292007593115977016167712898004030485571691
445 5456835345446025196144833542231893419919453968891917016218460990984071501441247362009170782053425713398618765326900977067906522418061712026929904593847160243725145185088581993458178952691584949156200752811922485672195894901659537216272707234137313802786316787650082213879303
446 22508820554486292672234414330821012520426084661356585521226132604835941013737047052111807184553311741115049633153540734719478177451698860890238254737192397358761606299168280224174529780660610416076737989992393578458695418892870959453037863598097908495296650165137750317909693
447 92846305721297666200274666537965747538457544632159738381470515381306891859713908444059433005788751456317578792944300339229254145197948805224772875966984378174838249023083359225282229265491597787591522418104481854410094061748087449533840146440296993751637491652193022514374693
448 382980372748784907081043413398220215834417355252211705014671272148095365449710186104331197643601466139588127274276940137500681713407370657735469949417435589570664312021324553138387088937243831668130426156786476024754679876081901683155853034891011255896273983198609675947649859
449 1579750155607464709179979491469204585835274796318293387397703338764016471631080558757160609211087992532439988623744979419793024643924033714386176164162341941739972284510045011330481525453145703627959751065265598796511422728289952263251176558808146200346140124116356225669154743
450 6516288383736048411400412046199107064098601451261065777842543596441547468254604604244854768476375933356712924183368257138214271998707607904830628854132834600180876952015337880009748732218843450604786385581639907501980182665745535837092878977243002069777559496359648533595519445
451 26878942945054088540619540849469192410560845890858133088738535180234015613750078603527917287829388793680115430808664127697648749211939724018237751681858809163322151468528747425092702276454031842710844441078252276754922793639108292245310986397998131967663830143157731008155932805
452 110872559852737473155518616461137467534671435422057011358001277639849576979992757900842202701371755123012294670170534809089223219558618436549009283253243387369989538257110237557719594787128679414192244647764117816928648511765598800291834471451619237539740599820757860114880941179
453 457336605588531884339893182601620848421049384676564046965058558546749228597211900998407018556363657419015868263124066849778113083448998254404613626986566689442918550592939021895951583960531062598270250260971443729465556475370012421738463114249989077987071110433469874400488658631
454 1886461096316756833433852265168682476397747282346596933040758441466378460141340204687414442351167607211715536861049473952806378054930732006130988287835792526815019437691808830291340526076344866121851556809493388181281028825967431902755064955655579285552697381268321895700523710093
455 7781435871150084271764265010354075818942695643218837756412089769132563915202587203946380382558290576019853426366980893042825178864054689405830548211823250021963017224845953867945874498691653168257291988203416760820732374755708542432175053993969067745118379435865241736972821616645
456 32097531369740030151811125941381744055326431085868819864759000400903135663757265218476121935471602596453097505802724912424550867344251493120643953881155659235781251235889746258282935352921895413954479009101217544005279414898061576787978354703031872110052072903862349094790832859411
457 132398639157476691212141064245543687087452925422000923349366574489812349649948967668476039239742365747408812375855781594835415892131199197876144387160774301911457983293021321240494934858226545091831504910989300160479287976696019985778578342894785397614221276288777994324735105634103
458 546129216257346626456846852902848340767252741487434837749401118821887406433147961484487518129324484434048640156491889505680564078140938905813560406100606366837687149958283123484370925788444769444765914676651584664280966572170724435037941618294235327076700419187243842919785612162533
459 2252720441447383136735906223974173562045811029200002634617453048975555704055026283169473867886097098290697177990217889792708570470006451834889098103800888450790644080654374322661412767306161832042986205599393203729592595435582794572354388106665662961700918807230028667814295888565413
460 9292213703731925790976189620308455214775591007443443529520480165744485523353355158825430911194228146102019727365651885486844014173904347849617664046982611566177347505989737771649032125296639007433047727252245799261692772361109862752898337359167316378651933095529802525527498955155979
461 38329316823860393047726970999402297739613669575998907077200571474309722984602150995502222476404360713830678807139841652728723499009341965421732633479530121981824659804696759162288799416915828322885645285255073231447801751735680796713871854306746457822155250350974751084084720484864263
462 158104040116278731708412261169969299049138647253039066569087859965032266053651906574495373081039476804843340599944582716816320869271259305866770001757501322591894698563468025775481404258347628634889656457073752317593714588432667460463676978372821821743871096884968749526237789117482205
463 652161049881511468299423636438662583506617076573268286294511051002949816152503066975832852978173811641000001752186868749020318947746570493189577312415570189217048759046589386720916352199713064847578175659045590903299274560744130913062783093079699112040335771699790144137980879044481125
464 2690089605994603818810652864925815037596379614394114397592730921028212084694459872486822340040926001941181989994412374407440149662238857347781613984460721835496440415140432054334569214223368231379431068522745969467895209327937829519287065642078125354260903682982179823909991864325678179
465 11096311393627369280125210573801984135793858239643647743527259015185733622823038743774131466979798865796041280529947200945148275858159481272582493246743454886019021022481381552508230400576490733095523136835881964139692682695630114069283691704646556885596208309858571940725472758112229431
466 45771013080741058002712647887256426413758578419822168799112744879765246943681608713631682502003773841843347108609827440689992615199383641451732432346603401001138426986972779490925658112129905034066367264548182644220067390988970023970296266274504954672565065379016887298535921138685633653
467 188800184504602393653354496392976059715635412690144094144792776692190297228160553853327216794913042229287065734980432214890238437331216332383948994664235615219579848140091635407541724420649374406602130057983120602084171827995634550911894625518510124867334662459961761487049173584203407685
468 778779128311895894055880212311556697004712512701111249891229333618154968610677746639392286747696345027399527487471661898360649812807930008442363424510058952107419777502376558016076094993574421194283841222808901124277369337580247999479307384939252340370711298599146789365281669959274805531
469 3212374671590703853871450049864689994906968306654944756111484621405279677783508322983632998781690874655198481467647424926952852458164169083249937828011264621646982104175652308489994788170687249115604760420122359810753514396338686500888531632726509577005049726098515144351104011143931362503
470 13250677445665506522234971418984364557201314913940602086047582265854893085288389930867269848284633759189619321888100497176391582770802173676674216747226646208256188497924802521160971798835024668843498622787332099163123083266943724901209644664808270398656240878073283843795599367366593440173
471 54657526197628938154699575301179034829702802937015130600519355017588542081715712553173927818424833221358876714045106089835797883915757003773062077967897731550456896540870109277101729793523637082101031569123832954214691108788953090106768495522081086490888590641193356940802938140691755512133
472 225456032892999851433290372523971123886198590048691234975902033093398502056584223497595715124420584895314729215133230006665677413517501850602422652962795043166789810453053935012587901396588198499016415378442419196400380489630078712326506563487679597208200503990649681318305143907845752763699
473 929980302878297330843391122559094801260094533303898866332032322859472764137475826681822248619537905284238554930801825122145724372444160058829404256324624611801103761357236244285131391782206381740479695837318845541489966900775380489610375460143182934526378124847645514526432315037341579686583
474 3836062192010931298497455712157992259267171117390256439102992614496112474443056105118536853965722539589551195510250318315576979135462628078373915522325498027270291062800258693598910008938366451296733135589470135453930865875153694490554471413016249162331935822098845025542428527775828560485765
475 15823317005136022821966633226143121590556381822767542152792198714657125657796531800160778234233586893851813878541536638371122286087259668671120221039701026634548688391652163148655595624742495789929379407438314548964412669422130001027175247985232820389437720405261726254059536138324964316102245
476 65269369606798427924677206371612289018972509341852627317607722827405669577354231652398005293660994304428329599814793221555774674739612982645195991168480355341862837106694438799651029724343936847533291373668090640228601609762122937620034712433661164851030061193450459012727708451001002665521579
477 269228671048307871923680547288276293147912076955397538545017104795287579018327346199515725700946119032386029886780208887963067026774786343095156354668971451947459454692829400960061894504241510277469078630931736838970957376720314362526205154893844981468894093534865872253885512886777317857217031
478 1110537419789757869975466129072431218429508053517907697192091744579241734335070552850139351628978296646268821389852555496665798209664239017683580967764964109862603279094707716342587416491824986377550847082518408898183605777799120385670504836038575449947730994522390495520150687721460345462185213
479 4580839610993742495976190650834776588827999272343323072678168637457443177203901094295277121629537317008604656246560844431514710515952516448539088243391867180714146896858271388731109501022853582092605884213669191151248177268392550029968155074180824451557757949237526936309032846870616694374914725
480 18895438521668112110032867637834984987445680988980404910814732084818439285114020237632216386745235326615915386602535515446798506219924732125649621231994489928824271957142134469346901631574756294193036226675331699825234400097928691780490714822974183293240974604402766496248511049430372487247410051
481 77941518858086675196156728944029854101751707121229127321552913487572716848989840939123863965352522030179728559876997795225377138976322966915770411235839898676286028167237393833433541194338228786109649096749959172655818566104509076380590004694000406724626194377803811930262775669149185952440184503
482 321499834732027327902707402112284848216796510929210268051670048760194420326665581805537118004896248813317620313617405007485277641093311566891653089688570350272540090832375167025618847406881964274446420845247830008146012309979179897242914423450614161288630236217142960344681548032285882908258318613
483 1326149980742859762586920602117499276994046388860109389706603644358713519585424127686007903211447046630218379041141546794272890690909719770231083527526132319908797847582453792997215127558716573295509260024390615805589399005825371281791266268850508685292665190037570120316491945699431972610978638853
484 5470216719987293027858076352694222247989478652127189572234978799219903064970382410671321002919979391273831679358429596594126086126779544713984446377321419832555159424827715551347612275253071799884264162749310374885191971201071646871646799489464648089010038607611815817750123779491715401447292505019
485 22564017191227977218213811208669818572518367975510447142543178743717936938813622606760217678881572114098909855847625123155806679915841275492385562857434670949584355365228565664336426533757239844283673069331136455330065259190153598973892635379807872718755559148050547470627623967601721812583632021703
486 93073985523413482375539479983138497984074857776448759362994486485374223781054024582340175912023373754409034344666646995628807024408325207143064530752007838991074985190577070622698888155164598030427937920025074964594274209950035300203634808470995121593446944819738865459627635758499738706559863314125
487 383919525844907320664655578435835366012838841777051105450051167086775025933088956114778279321135108349187383875797353912482782605295583014636674793110823187248773977277881417052436754603909488366226896423932815563936778156588151506045138270284859062914523261211782377673637919442617245835928500268165
488 1583624054520586810597734171309140324890393488933632286878112797345038453635782603827932857838800662922960750136160812399248324085758974714704992577480431246087002183571645607503773053503288071806768177477094064309681256317922334126436402618850815627814028871370767281212924065593765278425106600343379
489 6532267772880427598304513303706119669606263081958682734236513383496180392914111322261829358852291012532212315731107309518218464899514831459170516041528532493614632741183309705822131192306732579532443730492258922873473255008377417411383479128746131330983744857055373771606078910300678882123235175013431
490 26944856094352482562486476229261948271289768133214261012924063997156209973426049980645693734605694496353435245308995342647156618473227134522113707157372914846047985193749121596687424313522399413204089306598264124675700720038255700759880042593265622825919961777168697612289963867911246315246190299860773
491 111144444041249184227054949878135632104984548636948462212176543777430943379346746037188738581597467672100031796694767055308348290620905420118215359516059329385632569149036504877564282339389754088735264601931127292956913622525555552198030844264106991379035534222988629658340086250758133586257783173769765
492 458458096713588364274097249134392237352015436517090744393157212339887622704984811484876989343290983159689137800625848944844112851157819152076634113138553167401348996307528521695300291286467950609080260253338255450756408700123723074729236461392201325680094608955012468702438151050342422896030852644912971
493 1891087118706897676198470993957180684970466758438882917758957265142669014252433892015405308485550011318149712508580172149390486458305727759380524397755526169298932583991652348465390598858216757698648127002087620846631146982943936449595216604646381048447574046488701109243512762716305332539888813153700103
494 7800517683458680700613871325206843713023913372998725491004633185355701792956026887472120746122296093088087924241557003431789362103138919349362300985128539185825814193976064905801734122040555473226202239057826484251367169386848357768714041191449511536712319726463839646359809029414047485883070538912173853
495 32176241659114443750105761796515771062362089377399603392991175581885700940666571818934134314288152417351123133873556487986859709168545766852676460111992576577799491367280854928281726504447502749385296562726717046950587007130089921374992908447660024543936663734434034757277872578271810430280109263512569573
496 132723310082502660348639976523355566592531337365719373227451420982613167527117446379177847386303805739856281034718622611080447225860710531241307092637587793158425914495116179921997858942114132955370092235960519430360452903941320170369495241772796847615563826571222576456984273817068678541923729966655051939
497 547468446622207723743437925239524350006439612094279645320787593141626967463224303560701282367258783190600071424264932925445069888405110053119180228692086670839851520959793444804669694028822923624413261028453141799889664284121673887315545793155948391932767330566396661292495349787718429626208888052308429623
498 2258244613253104667822180153888421424493565606988038747724619442385349635498681516984114708226762633667554320464031241336887007361144059210012675087181949323362233015599728249284113182048510821954252543224319652536017936026167835876881692597501270366258759821367941152112409927811398776186199063648863631285
499 9315000279469621074334878587746498914795639365314995889764362520717799174403715478738804420501701706381104791210952653050832204881259925830687266392144708377971931754368474082097126704338637945530683249453810713083240502580910377054103325699615436161736678962895716116828166513399176177287157682714452850885
500 38423308837887173517674818654395368383663243844059463016140494338973292398187094824817929825499051892810773342459311987689325687109373542426523380198376609493570256991154037688063280611345416756828159018982656221269200617781565996318663903809651118229339941011818012296840085281832666626082412018402058175579
501 158491746404512105809389792897551129600461483527576770458877100991840269496154731744042294306044384010289089520120138121134360938596465977116755437011287247705528493687785168335782022785623283328934814238935796293088007101654838690574995555743217368346578923367431882999963687785107045129244407629024958290631
502 653760293896996354606564233069106888955917899223736553072120173264898772033998590843509498208673184521204921840517959166125105031732717599232170595459236183559740368233557762866997118345161274181506049475818219967454748019239100004510439475383289719292182276555754112063038503395462494788485727169072985636333
503 2696686304316723177200297087865187948656806592734404056715076805373488772835774905468444427489739018309487230197273350810256129691308589289192391058451478762957349452639708144427643934943577546541302694104243363720368597943048106715979425649657074009056628147566812306658437530803291691031022492268512784484805
504 11123522018354864851788972998734756424382221303106199239014673192775173324384788749229202619555540489738575663589371086164880901919774142801768223955242576739978081191416820003906008812548224893688847197414920082262753125588121849487278150962525151018825537020088139572696861251038415168654086880985074206994291
505 45883253789942189875143060616665999868273856006711727906629529229944384526306932720698235909294554608221380040873721777137529527306939725297800945688503313355750193481839872634317684948446154572933679384812287252836471604257057304656071150548991098645774411674807862373319805528166027376070398561870663641189303
506 189263164569490177997960621289668380000164032144484302752102636501805733883940969821085257401754280886005121366689711493094486751764915865414587224592352872637064156213496894252321460736445688092340959348455582366167902346730254854679603901859175397583809927424185964452659208302095941290873636143930703202781893
507 780688868031193172163407599777870007020165541978436540437010728851616973413301234506580860277200597172764714180453825577185714730527054901352613396147429650424050655952993809635791510269132457154919822383804776552982574740001833024399930456060642386943363047331375441038562916234472962202256769375623328038328293
508 3220252129114378486901304899167816408344278488044807008686886493448384858484532042406012226691967560360621218006757570247562286619259256020229438917805064847621766393061792387526852131916083207566152890114050114072425258098223472342967183425003762748065713293400072003860271262183655735347759916522682688073716459
509 13283171055349726763772705953869798880396951429868695969680351429641544939583547464488459252241562276843239343474104683581245887704034247251441194618182983295636987915773169571238557116460573911234849464143094068110347802439435212686909456352357342584038596366083291527574329548364904021011549163178492673927630343
510 54791558614450899197665313515091271915891753123562717806534270754311330669992119431346687515103815473388049163542268653418174407974342135223288990598242138729321616744248483053209497577220113938195711101918816833407851318375960657041805147922311848310333372663070487232080463623174325894989443030485406727707581245
511 226008901254924566580631350215899253727275406948029953178443661459990097902582961105063184859272889049674193561629664156758818946362884276104138279175541408517679922106643517009022843161508863248885388091590261173596902559746830896168195681191597210329240660431565096448175641516694896130273801452074754208610522405
512 932260821523449711992645302470948689064199478055945138580948213734988632401156868922622508447712247118398344723112715913290958418017810745136959718064041806208767329339276211946823755990334419111267564539993673391574765952484413816340768959983986004459218821657164289969634370593224102374061550512427438214294410179
513 3845469070119821616155881933069511466152289812924685071889167974891321966167226197932859843619914246576491474126995990503086303802485442986205399170235224355894106005975251398689898871968406311817564224047727321073080263732932564847447661225282917531545449201734081281862552196643242653836541117440813693610373000631
514 15862119299492887043454910334317196046218807915858625519780732790380296301264895738443935513208823455325015854107837349612118535735233814137750279840653856412749831509026994772688373557540941939883753684547722435336702015764721011413795022498732461709982534307730359224523491874132804925459678417371532704238565367893
515 65429424625044470365990232665396398272899122520247296873850202708942529906424495413863356879559783573639758201112119957124978529907385078046932599096722566394475897383404678065549745590151505233130043833158629715636738794886847782869946213300244792362557148789341189600017250951988014150927131685902089634136045651845
516 269888879659431125275104077129763766205510718370998442871403207676367771994628424998031643344208129256731065710302325197105860047759803240353069877887073673278865209030695204237507558174210150248768800569086786655737496667846247013198684553249145796097120231061626955060867391288798376221495122926098263853562001974011
517 1113260704663783197379496720515817071002504380172523817319901567833653025282408403929102059229974653689913989334105746046324181649476130411183711550963709546684437070488131505470203231171910222348437738740410331467913321434742393812837094381299363053331073004420388291394439832358915909185988266555552079639906922812103
518 4592072849064474974061110493862239253669729994020599118403309073593094813311413049886713166504987176869107506644501069468152629585849554728994050883548466727227661696216411869987220991681548029176259667864410853096117304817042126698807169651846108424696297951164497741438592218820485984663593925776502403144917601918733
519 18941774341602820843073730541705246553270402919512923405190331446853296734538803753479891438561507102652881884491505373524722979897354742846453775329383429109037353437292388576944072081549682038555938809059880170540907547367218406581668403882185505159922024346955125347027073925063263095397373723809365164512453326539013
520 78132648806148191951597039219651591324746332911727245104524831725338975700901811255948074802291066280100807065942311071474396185876316265292441729099154764070008201304409703166823102855536455738703139426623110872323920851416430965399806596417989402957722249330144222546758008254355706547881112287902858901914917062450579
521 322288223868066638701339666432587133344916274578380705586483040201023009911523222677498764314715797869317895134971747520486002464230920694558232589958905551934614835262498377504262041520332408935015977179823501953644356343398858014783280450250450900141418425765203020051181922504845117317594635023867795965882286372503863
522 1329401995595209105070808243866589631597870625386224220640076329635724421877917094458983349184031243552066623836846290406368960083005289557832464538276010113590392835479818436029983124773766727401655170527797358345819531130277426211369591589655421993203551903697046052057431550423609649627464904935755312436419155899388005
523 5483630908636606675081378563459642477086906110299823097937738695293242746021387978001536011446258639517382776350472287003013050424499446395303207284864636478156169774572952715290548334904326407064230380437766713592274639161675700929462033616036160067040181541893098783187392107690572302731692030191083327907729075845154725
524 22619349182405502527993643164839985273255662517428755201218065030406649386140422561110129866339634205882961938968791943377449156852541233749928828497816744922345842263246632542183652381350407537788544737919217208807629375090182513899651165153299160461081441219739035144704636136176208625919043755652353032135570886534999179
525 93302223647068198576914334735086404306913814929242395461529846157648391446827244033524088778436732975945097284551947479700071757668653802279353592199579595940358753156599846011965191610758423103415098991059040832131153077261850904105327511049921957924958842613455147257891073551548187507152937242928984831577174310186375431
526 384860981953405083485488224978266317546737110013798690851461972270413729681406622739203412957194048830628585524475637288171710086678157550076736782726405855727468515340500111159463322154575447137320479941279847110147692405814234728462037142120914672026836448589773426609894146126987814049067408666986125702628809975590191453
527 1587507453095877527462879948318471703947350929949579648464941605178490011400172889868117480874533659886693515504516912745632013790676201535086443066109569529005541129992107025565451175466359396577119929280339994855106663950338424790154173749226982325110141754533070783408058385787147026451584484399568781577821272439477142885
528 6548286347042778796183179348781980324722313199953632493788168700669076992388443694144625158898455222425512452973439393311299621734045656085863801862765524779868915528995728521397337640798496187238969999080521744866312042052644232080868077116929000056617485781495146265726345542172479544841099471779403282350759551113126012131
529 27010930877360182545224620893489860367743129509736512241914692463313970521591134420968211290553966451927486156349323211414487080553502510778388176951718856937026266215294020888835875094351193251258358965719867280100059447349286883656702407932701153207526411983334108993093652262223089577717847554183209659575601856940800808503
530 111416994950291753922155903026104478387800129379000522164517055343567979055952635598281235359365253710362070047361698413477983916366703296129243623537421813469962898130187598025609935667270550399118166003399310875556336503549114917127369361349279648236502850205765440671284837819490543802809320719713104357497524433997374960373
531 459582337984441640641481874300343813269499020625831335912406576436247732760624789425803902410218070848524741439849238078703823502552224383123635067375875061257140027678052955948480942481836402473253082981156067292592781377440458088004443699095961746040302841243405579146780312455840305699272931489476820524864180490704048625733
532 1895724485133337951397634158440500010730309952862852841330313976161930969055269524459560422419129604200606063494060004305464303765468595807067007539137484344624470476411811380041861955405913773789613779996583845485727343118612373501831739341867724325982661391212719539272218783118405587444465351569253967137803042682931967846299
533 7819646288617209938387706702010134899415138573319241656904628370396835650869797616067483121368005980230224855321365858473605070731693201019133177976850968812815096137064923280064708892770950396833471870960692827484389480844791722261076662343868299753497942705682752854893085769290481567871515696327066480361081302354437170090183
534 32255144963633294423665497217880351981851866204888156797124014304876778107013210409877885103070717383424456001899824962042476939687136951117352449311789609473370574969315398588403735641526042556176995097877043020838099703742898346370129501319148999847893826531456919800551001235368651247531982273898566247532399891119272550955565
535 133048777172883711730254427256650542805361983487146163162740057637580086140812100206659902688812616305526836735932545698032584221949303813874408960145734438017048455061502894873595927548063293073962224702475697219865333609579160360737931188936728850493107926049084992978552653144528275383110514088782823536215074781465663438219845
536 548810961077933721467907792840462253404469523006834326134274988114403451368522016004382529615585170645071353234987276037225603686020965804576721933941025423915934202941197131522658028048237314058358950165858446245330655180369956344799700932378327802313329645316431386004975442274900789644231007236375727431670536412273051963654579
537 2263782331557352008754554604182738852459536343104707154105591981485440335400873743404434250945011864118963337672081999922850045086658893129946591797286256914734044116887660623787420568457960464195044035170155396159511754923573189047196475915811742060050638854251896697397352419773394131464970578486488600767832420648319326190927031
538 9337842732961574333025617355058116577631890928451370616231162798781004620690392789208799728018007394509871030451450184332560615588757930696614271202794584206818013760368833836925148446783952584690610641441528636443647007655504391812109742217751838341529669210225848189637279815079420764737892293004764483430570069442619029850923013
539 38517531341247781897921208438734280656178161010896520966761693200380651915425400868230868103785871100868304753007908185178641300069648684307250232740582542894174230752480601708442698299497296174840768700604553049443438475184850843606036042922062439821542656404522426683936520795541275611128077736032795079626771625594249341667309925
540 158880403434837997907201341901629761497425462285828040175066751637332731611590248775323403641271468069745163367138918925201425725694034881665722018570552241954046848536515919423121100507857216355663597373519430041898377398547761388141860962074378113507599017119811761530588658157697734946320262080162967600401991730522977744138308651
541 655363459614676624860675341335137093490616228297305940434566374152149569120405610391106883212835728590829216160660683517319222971668272349576909764617202342296725597377806611727076803437358256428113936911799215944149654054064887612549260406784071217168879386463317776427016593796173373866933341470675136514373598408800922258518698503
542 2703299179211048933554060290364709574147534053453258759979808861845169704262361888603289200285042640231325418503765836624121035012227826911358860611558196525352600776542781162914542917658295649718437807619507187719610116664437610151126830503366538102540031250164038013870781991751308679191797472490797923498642842114538168094878482813
543 11150799369589196363262513818990715867085901517538684900003668318258162922946672667253616877070463353376640563441446192163400511569191510231680908173708883959799035006475899424539006273054826422590537972642789106738793365914719805440772860496101467400313806352879846308848967244486012620741482707273540895308140983405907639149756012453
544 45995769738338481136882764883657298855509907667013386479125349386573522257808241336835542942141224596556229239948229238243084635345657323138928673777159327679955289607690765637616414403002884827224361824367065182786484272215187056689119751674204265269457497888756787696412617782103012414423861618643611231702459578920566880176865135619
545 189727279964521023043685452772890492140830464078685713296545448140861912545654914237389210245065276459138906686226831471887496982927365148964677882059229801628914991884153399649175578049749774432051109654872035462445510221446592811894998206186185452273063735407578921066757874389395444920053334236866389975120693614859098823667459589303
546 782603290857244180585099548337237835684659960946678869865299805313504846594534552951885150168261403726358574857972662741466271543916734898534278385666660766276017187131352565385240714055892329710247724498569628819090938426172118693387566855426743139561084826813312779345746180850712766853154233151562089341568952071545146896547191467925
547 3228148903916820783110318116354527237168450492531374419799493970621734254408176643371258725033828442171460747638221023961266413887902990096823934077171554211373073161194182129914905605467313323618593284000416420373236295381704693472067026124544749479978488046883316463056917362228040487503822543605827524877991582743198552649502495189765
548 13315744346595485266939001108209565800076801002914805122470184791518718039135931297962141629813444619493923752038403095642756933129673964987900658930234418008510479848139774285746511979825646075320518641190491239387145099510097706957865674941233370154928909543531420789439899880984083827028337739101139408903293895814621159847222253048379
549 54925919708584273489696123452518314766106334582297237169949633526069596717762832729316054943951084112694438606075888081049361603318765380251358013026775904712862958179490574142130472096658112965480172399765242120283634816569751283916754592178624743820571956567382374062125024524462950261910865033707260981808029261858592898245297124447431
550 226563125373098937659502858685573770390165238347041004962669730954553636401370908928483843955550124185928756681065513371917670518628929505799684842882994928437216166243713706594438589155523471290004021672250626879775211775025693455680749991406642846477259759719294284111826163254379803899664152786718528286379427777762595647529405760458573
551 934546932507789053593829555978394264726613685964631646775688187761246706244974605847327147506524691617421617826261135377434529811575135473474296066698286782444706663458065851948391804759100705974855221806386767160610191717652329692724023207922729389419753176357496668930549877780013998206510800702379095309519152581279733168668475660184965
552 3854899015987086605055428835694114199764407313040973117725523214947401267945743666859160324093746722430226350773958278719557066558291940639194153083622590248790316903716995966103744863998610069258464564098267211281648709012495509658743333638740310916515128552014516211709775625325509896201885625528820387560839979579164342525712714152303571
553 15901016745709937598496539181383703523003912461434442107752441585641744505225207455427000755970411332966469507559963223511827455007485039018651538715422657920731541945838622303174494082442494040428705434854954358527654604217582981416335857780070687362525747864976972947546000052573293975214724997244223588980120215342411911976460520748482103
554 65589872133811258891853926449272139762326829786849478255183913181991885876356624276872509052962342671061261145361288902011997826965081825766851715811916648366827071360155353474904937584250384819023575859905311111071046742447522775938638718343177601587778613659207414664032676080058657800647764013100956552862282535786252524094217845825862053
555 270550707248980799955801387307084034172782416982750408893037047883714485474760217229198716319632288572351061387457202274120704629751228460807670095795844070890459193579026044270586754691446813178006079746279664380248544155982683065853404063875300471880609945397777599180257153122156905385402009798590409025307570399329093323301906475747323173
556 1115990667638314583518066397314840869407448672794982229611827221545566338764947078282813372819550674294532567680070171551471161435955025590960229021564447616087200761784582285950902968185152649450190483975314059915009914157943089076519583258284238114385166899520363865489969288463539691391826353212974145476132323702417801993348922707318190539
557 4603333633534616616244359123667903232277923448588980370829978107701996068781835281806707189491910300408358809817015310675981354719641167173114882750429801238505608097997044481124388752263556641340720863927725281818146107302859993820054459660325897726245720316160818231812068954816198355351411894624285077824112300137427796248509161613368361223
558 18988223787278819448583900117372285730173577633185402895145665556586121642942767771051244698147927298783265684173217009707155171055017237361804419831691964428328714766614708121907284467856485588457061780193655858427097255057417698225030613771837228075606828273368081594377730801484019302026669912112933638721966383453470800340781756209296989085
559 78324247447373265243543826798527364414157336635740627492188985890955349963023012209446059236444518146952356411149743006401659716067800065438412104034068763719646065640886712396851720687319193696268587016751720595696515299216644608567137748231106333799902699610592416878343053583825196180674438836650071341759713186546475393624938341035919936485
560 323078546309702647190270489064145936922247077278969952122241652905003529357471146045222067264942179285775973709138158413961831325886935164769223070467107416829901761134167468747065389712606147090849968119345087677576866237318276144853472687375610767822726186083416112644125807227152407314021601469464648850112594529364516782343516797126240012579
561 1332661985111626215107457982820366540642798490485249630190864266397797224107022060848231838899917380692489719879355942642834674677505506249791695546239114502182595680644327171141298710602030810882754335933744759589149785738374913791530967270189874948939593787397520704266090820889466786832707504890282799464766158537097600922317442017122286008631
562 5497077991861460977133014766748557370665126365948487217901320746714281725859513365019257304391722665761830140404262442972497210603773360033059181047355427898120992352429702728518556790746091003229330137820820684842782978592384642093843066271672897895981295936452314095951802983617369162283502743357295704025657802304661969684363408183543544174133
563 22674816859938064829258976071686304149458809799721258597551663947444917068830133228834816921936923685168258334078129397704899854440825076052489973594726611261006761568094803147721395094161182529618374950978337323605127967633276929877196286982130244997219325161039944862785051140904638621338675275380536317867172178697016446095084041157043982680005
564 93531021461390467863954003087853040887214768583863022347726248003698355552966002158662061314339582645049884036958068148506427279012062651743435684333783643937782847263520260977121539746186759499937321269866680460084995277648742534019566279659814127986979409005817052138559825905456990073972788835098875376564814200018532552220064688777474902876891
565 385804746721777014330808958889601352956987631403276373552654014468809775828975115133444547570511808933844134201101877105785614549281528962960114348835150331215896165917316441599170440497416038522908999754803417794259543121043477781767775273078040961153174369311403525225120748795497860592662825129061446416075113374161822715606615979899856505839303
566 1591400374628622395528671886502885844416247674597525999363238977984047624731206196234770617752512971010089904173209317776239085767256528351478913132484931746279353987796596421078360511547528548532336570387123676989912911826556099801336274798007717482605238235929351263313472718805639155201946738800583588405130923339271790522456360526062812960874093
567 6564344202313485660717588498725438648847548792625654326310157430397603563647867895755202895951884527684103982820023011913729103060283517065388895510107310028457746422576661603958369407195156713652380638763564764833741199871970391919073741905789282635600168495017174474201891972207140501252504202661198049283469178331211919700991928706596158543581893
568 27077167690439011009737407963625437733892467582293590557498560670636842327664727548988693106419027463878817567051097611219584268909827538687114266475243871197678547346268609953713497259333323326096041125931775900736358625072350711914095691875008766102699563477375242109670799110043205439026637899187252892706857409915795823895210843392647734123523059
569 111690214214812284908609876580221417895584923772604964557577922156976877624844365699240434086122968441179194442677994821239588007165080615110888135146112931326613227832057908576655637421433392920971872001716421013799349876508261039972783959809808912081187945932659440386258142974768683946955162321809042443300636971315851634236922581225061469115925943
570 460709336145061179322741737287060232018537065087462140135189934437749145699746454554440023659007132173227387372123030872350478091449582964999889016039480976447215965829346921052419308130676581582678767855270330426266275731361454087967084047302665849156251010217978654706299587064703660224342278781101026567342466938516778521440917310879701293500063045
571 1900373223414178980180102009801211470501948248957866343983340538566699775768500728819023142509313442206331108797067923088202331835143757397736215666353549094720119996456908372878905875425473072599494861170934190917391735551809375968012928765270454776500792859849823574992114893013496913966271001647838642927256789905551374072210170137958571174869132005
572 7838821801372152530225930023331463278235160213373717586953396244390594493524060638432051725524014964116193433675038733582680629417694451325722975411161451492674469495992864595414731534989702086138714468535574252068234518185582435880073231188764867130997046557751954073902242873169153948195515960728837513389768352618090571541807752700263863054744739179
573 32334241756612666742438338628552944119405514972277812411526545647253579458465250373438349997287359034324650068752976795674223893323022396770628339278920393112523566048769672912432993399122928253988995199602690538337797256831416211312371685425724591602176477070421682561188487211560705386299650287000986643351645266500880103196559346317254620806847962631
574 133375042380994461539619080517940816814853323604569234545092897756271512775848060674547405429654824217002131491092810070103171539039496523612763901194135925753328493698157739499388893380630468956895705544604468023584640074407628529193534115361122323986701369119739037168671961933384981665461575105437106800941835838810508236183624797693365203932398325693
575 550156767677846207840462800653653284822348488963807315417991344183558441574809371794763868264858625974100789165774139608921548790645619588570237993233141193140488601849414901719159103851665399909294388440949414128539888518090765456326361684492684153286987860433873923088071849198762324151754918787291738820339451916506731904847443031690187710426951787045
576 2269333629579153959416593605875448067865436249515242871394005183195998120158155047106726178494514610044755988016683414914440918914975930084352459195568859912090235768998278000551159321989046212086095268909196743461068599633107857931874237482480409753930299856714391364398582384305312867499881949680602088795596352971835675649180278231819606804026509548611
577 9360741201232473122427599063119563922654386839815640331903826281455007896655733438872573771383607417719120478250322179126478881372470346878754546973120308989994774690446211424925018605046589310339884052988527451925645006901706940125436243383692078521034784549051961306345057462553243830820359567298825880400841192126228418029201306363581884518668193330103
578 38611984899153354033446064257046397188838286630850189568173327620648912823631470059007493527499227028973036322686423852202513346823566078422230171101583813485788357327084293896812915534472072653627042703981407722906568850203754087520966487648263355531495462332054488743602668536120763542477810381301322132758282217643735883956290617622766769457845379294933
579 159270013538687581337378668879554256542276660864185912861809126397658662950865303580689095524391486313521753792962650758107650430836782800398970312988317843108967732460786831011074362098956787500675864331095764856629783208450507574345553719011784681139156034163841133551958566838425672265731837193142910233842777356757500602556003220391009748741996691412613
580 656970556651438733138105541649024295512636156407962560351602180648373548833781217504018728082297957447621810538036382526380157307425756586260602329108614567941669737789339195091260326720206044035650731922387412245574411670202370504652308876928017923046050029889315100338746820964716964943764440019275311307327709260421281458121900886459641995388495758285179
581 2709928270346135805822908706961558644215144713234335775131871193749855032638727233478749020798584862046062923299735333159223252966892676988596919287219608487904069968963975023582489837910836818336024706612682598393114292188852481417912856251427329662260365229056992557419740513625052004955833976507641511197637049963155154667131025530984044191380288965963463
582 11178143610958606793754983031736150359288661687616933835155468702852476353486959544257636620227854433004829996151052413647057868313322898939850338852010412833340014148723665627399070954165639742378397829710926276104772014008711281027612626444613767209809198877789603062913791741788073640235636671663555535630190354399526898921533996569613799263425658239313805
583 46108561600877685514566629750608111490344519150886145995050541643863013348919002975501258045545406679170139286827872222694694411605332759575477070037044030685380787088279959142996253001132983699778314561611612878321053524883292864519058744276026362655405060680436774608397413838847912636010851783123313031103743049040420187437023210036519957254305930406648325
584 190192533473777077240375684620245479032236448864692846265093892890804819683885516979305170760812311425593261296863070638107389008800868583264564780425747318599055022563915552152219103282875900904819606662932012592602757529164177776268021891045864558506908711141422716381663966069929620174367375851141524637649888450634897339335364785653725539897888801933980179
585 784522408274068780888559402168117726900712991234423663385115175801377339377487151804206667848338943515533524481978049947830134710182161294754035514036012479414920849046494836497074524224305307834299945553917810696522539613522581407535921055570257062263421507490548434009225694634990246053009081844362300510442916142780955746935414359512194518319009821663941431
586 3236065043368296829765480033791500163654399375500615207815453512808588150495996118245129326063077272129387080651119525984038539026318848243129752696495709174887976844573334979854524694177831164842462759755380029622050808933487917677373588624774840082249784619742742903201771916932194779114381999662344100617214066923677879952202975803629463698665316227776449253
587 13348397514799701945469728168093627423453837595507498802116741441254120301993700590826113630579023409181895324492730012607769512797855817100743916739167354541768718182212003651610735094369878165394511771249573903999520260289145896564494231772577888274248742564178674614052985430223910122161802328791455653703999406936222680877076588002722598233184497128901778085
588 55060610286018967049867273901829774403668323775061763089512188926222314679715824177941170512682493021825901329658083476519456320797377794056597348625093102383133007875328359913303316023208733210751909953645840024227086770863026341120278673603945879054717911861476344491395262248557854775655573151139442114412325862383006691966638499095495467594765285100055678731
589 227118708572138976485407863707829724710818333944753320744534590120526202719865005066100537029182840952226726481822824866717517717934729296840873805846548345724524795994378773345114949798849148678717226066322173941663765725874275425690861748938811724328620820770598566773230490590590939666555330934024535910118874722620893688839224632777445541214915005073571594503
590 936838649544975469100559272396961418400033984363060048463417066525818884955188443260691091368255810012369016607963922918173988166940583347218604738532951776197694755488419445990541645029865571594831790676435387982883109153781836250754737205814036999820703709815513262356211253750473793197553292229654674447479825938994136085569383854199832435988056311136538500573
591 3864352086180002918787910405492015849503617623846869988419178478371357113181187129752982561476841094958050990254362349586374557744102307097602098062728169245749037802197399837480674897871893968636540568864772045824742028799275567746469253224987067965501999836309698927215284981095370402905457353550364349471213526753831424647183483051385784349977609679419614239333
592 15940009577120709191281385166949365366992867811861033360651061799770194932240206952140420263217254507940119524661767671530237183707480353143945249377752532067744796372289261249223011336919743148783559614002879223398523692899135556385250026607884685413171461413513111837670890196950773525486272044563063000512096183509078047296624866794188078753468665018667852268899
593 65750713095572888745712332528495554480675020902564883334096591544400499072231638051793281431609347506693791055685505189870975316240142552978945886096672393964332833780377605942391636955491135420581115443523418163453070582088254120785959885244897735618546438070731119753186423261397516918455438947343307002624638608912155341662544182519738434491876157131817946313783
594 271214157787052258336554894469947551590685716174426826720199071020629476994804384899807580866700962344799181766895063731841389333179845950864524597638985769433578055889404885343828209363140496893834940250367007785561321963653600904036151061137501491956353214023818192995986013280350100393497113126835562312068223565650036564652434630770370248021018074187100409045365
595 1118727325089540503709369140074387030109432149976550123493590752027378017186968763746742764371978687870010279073942224774176058281544565650149153777897110407563155464593418624819258451734213636698353757216985690858901311050904386624160064076579134332617616371338977668061788695988896371441471347365559430249873340504494145505679032972012843269069011123842883877957445
596 4614622031954068495682606789710504563067064274275497554026368896041340547598216163783192075491397018811452715951292952448803671826877823445503247937034082611757534246702324172736078742389012772846087738231262934894260425003094639159104487596964243351189725823238266625736767950713140552322471624694386669306312308365802307904043478153782266455313310255295000028247579
597 19034787137331709969766686509976510179196317814729686686158668194151481253590224649079895904604164838426222779345323907105707966922696167530433096330755469315726136339623905545075917002563983734295034829641303414864820367135975741452505712342161104753463813236244407785016888472280758379944363619889434982850986126836403303992548076325601168594280215996648683172857031
598 78516315931101827367330614549467771219633471233241144051673860168592509527585177232609290165164098996776323275184704131323283422954573362266937325704261739059535768676011109103401229849176520436629519542362505212635739271445188831720807208812450393699809746025537942429680744447858381329216983409521007740210510134702427232862877717512161254294296151994203964963760813
599 323870806797830882447723931128426585931596074199143267784801371076438838268734501251950672414277766787908610448181554527501234315087233969707175903273734260330354142550263693613208678914492039935120937522628798395619256602910541790017525572398034192850323345691919644252266330362288002592167354008584692605080402048914507619635971990066681652860838203462874542971405125
600 1335929968847761937218692966043221094587625132400354841818562008086044900095342732942252188013066836471558319509220274427116804749458116906034774746137687841749500066197818072466084111502016712708523199973595091965383124948815404508885898073720264955594175502320727703868712288952448874937997672204080908194830146076687651103421669525127685528549088533852404770503667251
601 5510558050326674976587834566202375421842829661334080346955701683083433419594935078555740844136216914680589241934693243973321886467010554869312400236415962149209282869989513765270742665224205849895954698332284155831880277855281782162119503449654193227827405862923754574867753997276366739685724076005866309903979966086260257567596894655553101258468600034884085695058552503
602 22730420556558800078674583368595869610095751629338389694071765998266900901937614044661314219729378961618098066351630141265401881987325868443870023885254067917925923261055345746322637414569856032422100118257474118501665723164121449577328860727540969481203152262631906714835195617333339828496559268210376762600589206323899666134537304167206727256701812266462998464795067013
603 93760380338866351416848782108499411673050585913886929439605641659978947227154705791316493347027599088209864868322773260180695804917397794832722946285156858137413975781815260605629124100499596554167308771414990445907776920614136771453663150212377541241451663908809926026471111888704828303795965804439211543916676499228483619898902772274124639228177672033031270013231486053
604 386750825811370855792894042670188765458612435962217946758582929272015822971366567052815805919567341485096379055773336694041541328722895938036137008553049576169163260648337360638297648486119830549299425807252867590469012849910104971067742454677742747991354996172024101670984135177599919564308974333955490318459335271065313630594954603952599081652475300328819907127603906219
605 1595302842471232174431075786052062734287308826504081937085793826751508437308745745913257088585838207105359184958712859753816057355834329810089530932726847026978215171853054011666174443215839206686520811763911512570780496873926313756569975247468266594244465344071642519280737261364437826904038744603840419292552839170841938810009646579750107511324675248815384901594056976903
606 6580441435018566850683499622661440879261746570150771836222546952958091677752040139123211173568864971730113389153979229188944379142225419588728814846890123967807195996496922886091737173148477464187048055320068936981775446504387086454440317144126054042486313044640974326740990956857941570572872021140438744400837338955976101630835735378404779848494820951524296973477368841725
607 27143566930922757865579286191357448720417070235182733388458815780039843502374173168300470171022163411055619983463083103121510491267290216288932516303181243745868672636544070834756527838837509402336114181429681525316944257191654449632195758914616997268207007530291491622902732818441004270066908880497684416258983524452615718072162678885464028741999008454254932981248324531365
608 111964103473767133964138492815987110292355409857873541515886222419614448812631241320498577680485842201741874953088885922167354229499717625124279818194161404897325456198967098201785499642066836660158463157510972013107991481523152257470083402307657509926825412477663655779790447707893082997032430053923495570851665758424755096299467157760760679793841504270913259095282553013379
609 461839097955954160020766258209983008131315216526375355779558611552581455397395058172048358545827802274562893017510668333413038650981709877608594159386046615399556105439418617869715052060807901114595870700833431703785359290275489306603648733856994928890536031351664166088582541736297453117050885053910789210863971880239683900008359839171697188220375383634859375415423798901431
610 1905033361435738258316044953273204245376782135493009497857203037069860583397463127672091071521752724477882207056205393049576487850891976702980791423131985379003812532683553428011132652207623422313869717597985335777615540128241800584620286819906403230952555522823737336888315149016200886925102152508571283581789586230478259260188581156676621375191345021901840894794481099556373
611 7858044336751372925356669085670825769053732938782666264176598314992794891361985086219415489271867015782607971336154468687384281595550181439283200215525665321620155323775698133510674661607167917049757814777752830788031536840196387130144629208867292832847107297691286202082262242385314834823394634980348932396318985285303210748163750150356661329398072462700396436402783091100165
612 32413532512529321639701188779536541305329083457570923843004479073935877238050613356205656311517565183059188306365801931132287536931129282704896403966462553434685321616907508726314401194514679288283709235307329795522170968908476370491991506187661584704559912650885553813040199035084865319984578922322145434745337583611211734452826862079759872316342884105433707889574765866154171
613 133702107663997182967529334297270582499616502498080342640480108536596582676769512255697858592298622299063596782686951407117381453618283358852907233235111908302353816726038626182746014135250638225556855320811101341321484332217618267928870080319700825189181646855586026780466428084692374340911506019251788104214090147269193630039094036156042907844386918840631546205112884356604103
614 551505874495015307659105187797277219765687627572326961876571716590336618162404692206558259702168320347748359494441298622227044788213162355237958936475858856000860277873510617190277108412302896356411614888996229499232045224098556667947182569048730299795592285477847088530741386889083733013983813729368599986809060202117379833112875506403218181035094414542559099837220737110370253
615 2274898540618999770324547707927306378951708845872246342460758016750071300850287054369519584777936773323938658147720542033760985532608674214394950171205622225436424284986266077491225645395432865074635896406181359747205323290794892198733617344139298854962430963465203273277351577570857575756877603092081897181959655788516289493584942337609395887352078808800000529774846301065776773
616 9383695821643020023022237350911961570573290006065151646438643566517428656210013885173240881629318169045375798519949563943036224011411292495111945154828123941141849784366497674789687661723533080203841489872099465805410369722842888927023911784966524069266952845627488128079214841003129287359671214059192612506219503061644150547374456784528715914754635812061298126526380172660269139
617 38706670078201049247095286735980598221713493614988199004462188849639112689365533210649366591890872808809945133238636200561451792001827519484366812917566400278002102866705235542269422075464959393177178626116586763970382711733969334570934899345907934532439057775019461608532728167805207259167594831870115147233219547630858132016857018462917823184300433227960074836205925517486112823
618 159660579053209217470754288878979741699523846774273454979365882931573736811971572619031668079636935857637279015179053282121321420953504022003789296482682480602277412681214907688884924672792504922763284201526083802192530570077130442813296274480319664489098322018774928015655424357082243172516295335355489407075178382008044099627632645960981216877252211106301596411800389640473166885
619 658581594647751879084067967550075641878662300699951715629048433442899202624831795916429557147179979901268309596914950201160665027793021022509300108538640074804828054022831870948229745443187912923822632452476723041129684252596805327970072173697253544350298440158864197414995995914127921374513433745173687550521494069539746229432638688737785258863800006029043864230354723734058242085
620 2716573617487814635312835585607321112770746062344103919486635239003892321932567689863451163484575109845090627136361581685641077948121933073072256104802109979265585423039131920397265062294614237831699456759199802438770502156996413085551715170577517972825413967104192794458573951677983514152234840652310009314694715564905312753324473363986286605963851368766556903660807433541733909579
621 11205554906492591985393901732221400609562598856527820483616857623595321016731159410132170874926206547566356260112003170379482333978373745270790745934781715030662614920816929737159520145276059854405093891086223765191826631740428196784550340307046686106673757664538085519217980953911897491638420205683702745995149999565144909043475266852760969248964701058882668286049983678620047546631
622 46221630054162678818720306579392772267263816887055482422695968866499377983607541738559275548895041340307979048390544362801249083806030872111216639626851689952306388998261187127138886152512477829604429756199141417123817660613515589567812932051369755310819847744938806476500505775497317637956888795896773618194251725686405456468360263397554593084095055592239142319400032700553807611933
623 190658927888167677989649456878577847453076374280061542335427462611585048307296190984642370743537221689108091199401457458213196513306253367569512792232584254881357000067783414404920534630736742697159414002364389828809556269880497728884698638171370671404302320710084925836302856152545201015161505707966177200142767471180956109410267373715006768373417220690306123756328499613751810175205
624 786446231793848206806530330629261360860444116294246010797172104065648929179329986856864416773191515001607631325772367854895070469074296851847686316687625279416409159427760985272501984384907328909431897983484253201978389476654650111537506804122759068714681615256202338783275968477854326715326071216394076926775021611279940076022479224552059728079834536235698300772614063798320953219491
625 3244000594955235147578330166236837746360325205682934620678723941141182009057401054934981486738513199014922658405709840152190980221991379030737824779729381992642380859782304981240650699865341102675678146423903119802475478855272066995899099990559667435641389086245016668016405718512967872600552012981748937670854350464927905500563463745128136494524565254448621042207984689405928007829303
626 13381130755838453441140552081819456651395592190465861408841212943407206868794341824627505622240169867683082082549808813547232598330427306239659959851139984740223218598421414081425263714584798254217825655674367952754261192357981922637364509490018687468471633318816099159176293130224635415087211111727457473209906888528629649859455799457634592169431261112649570222091895822194529364186293
627 55195631154721352498527477832256141630221805734957888234449231506638711625876108379731275142152809639744035725953400358631331232605552010285682291550914070394702436934612439336396701589434719461728116973154406424415563469333890457322282124342388899172098559130997008627155026302455800879518744317458790676656931861356886624786341703126562385716089940632575505329030339850587403558135493
628 227675654184813393140093803078370347679562164718931545105280691087679689354183973233682643217374382028629379669551990567768175568308652589320913476495337502333748204617306561464530768672592993895778937255444187410811564111982999617934694806878454949285583091670314100331763586903021903187961084355599122304495925633026320338003695684473627862044741893134054349453797285845732287581069659
629 939135986382298018176621585982098619045679280229752345837889569970543055305023317665206836767169998018895390239061745002609568309179307755090016277829984110249248818206995857031669248850637098536408214683582420162153297532549925083786332332876171321377487659174621211635856787654094142801188659516400364948220820616404908677082212842105804649556194990943493762700035691589127495154041543
630 3873828337404562760849525191342252540601835674168025151987940507956574487322525027135047440001748754824722869173892169860943786339814779589109614004713445802541338603576065110918414360896271949117955562043465055210593627303514919038435459889698362436451336610106804929620880684914486872633678233786283000744065344375932181796759863646643721688837341975642878389595879372501067461080964845
631 15979098027630922275294534745194368086093897647463989863579090219621481625886755479738031310339416253260528107595526443310848362531821120932886645343693092315747106823276643177776265155090538907216672588346554266182904678522643602001658782277912711168611667916261212729455852353505997826959979425950334123315490346854080995188114276059733435680816079107246898622175958609901932764315761605
632 65911948475163655825674421000155527646886067703564479914628522246501414880259500310756759007825073771829044519077874453099118099848740647810476162823825846845031268260268646107960136483557153380911829486062517279617905746328989476877497924335596864468143032956802413424172576523630289894871218618554818764109585090559446345195052542201365855112989268422743485352899642428930543528035928179
633 271879235253476420056293168363131973592434497113385859218117298189713992172279706668494972461636213830927260445559239915985433189247154152996572068629569588090789502657199097387779982367526608532628079408509693274233340409231571671434779559840903444168281126523257256566904397078198183661177497432597043178265700020340002012374804717571909412755098468846935083254582769580621971954297544631
634 1121470693433807491500258024962294685844436260862179937059939534566114420317604816025260586233691096589017030086123781230419154131773715017930991146654718014576695065242511749303527535643482509696990801943408181844185458026209988958613298599143385218804044203217309014232878460129411028885661249497042323230541404478211292404318042860369536634771750985595990021126878803531614565816594583493
635 4625938112038379074405976426211999661676407405154976647628618391961168843682179970148023799380750452643337291751898615931463813516644532929099584329600789952707507227106708802385969851974342340558767628210017386091739361021413548552132978107743250590448171873478888486650073084548581719414080058183656698572212147752066278939256871074647324241616123874385408197056298698849219148164604022245
636 19081464671080370949011577393084029385365196887255314809138178506031361810701765283280365838833420479500511676202599765124303541819857538428336184327798738649225144968354948764071846978805798654866805155966458339662676221293401039824275651910434580692260169444086348447699362004167341539219626487366475031162858595445796404136595917723815014775726049545443752642842908059767247214566415583211
637 78708855409492247887451769948623527831448322432451876010061453346954387245854031471218965982247050177467349936390050113967839672532527256606582339347486308520454696970041480360066302695910571940632006648189034381054073330142597729932008988551194802921880761243389664248981764180959125818521263508655472176762563720578829310677004456249168310074976820084968438726174173330854978874797077188103
638 324665010084972604350006704335154141387805671806752865554126755109926573106753531227860182169060120284083236838259002989132734604916677498996466373058542392825628918394307452599565118058499401736277296492302561091695490819820964862448045649899727291198886870670687228470326272558906681374476520405621050341068689182256981088966100000571193606592401082136546691153427003985488724417425516291133
639 1339205966407221923389455432503072034611940615884952708608292116774597956051464625816098962980820690354799273937020862540250171008559522175735775462926058402524520080610561393230183080972296581576007582305466362068510684166839655100075640284329234806332907905037965881234888130408251168237988092156406723478711603258715160858268212623086312706893129049540267698054196373153275382115366311186213
640 5524071164894875802132924894450195224172671490481659947967172315514409622820903971549818102127848781348345632713562352922197739294089711688726403546067803385882799846896470064800164836555864584159043612417789940603630080826894389802886588810114276910686756968335771424911915265829993102689386362013936999902389974775959965900684941580418107814014963640127680605917864149936880295129296606659779
641 22786160605816779923221141601633544648527015234198086769368727868612383301121573449559651007154095575180015331114752268250775658975085013932648456901080187160404461631407826747231712191078756114739627438992021002299640025834775284586725904224986887866682162037039677123941896648610410216246580499400912622406134123998041062283075778943616356749768181445777896739418798964929819113797701705243063
642 93990301655347551648238580435978229749056851195504101608225499556414746915204268518156224204782589701358808409298529700844800033177310723067848680224536435222451606211306654267266647438926295879965538203774941225665168815832316217949638925141403358764749589306418548158209725599455131631199732175304774042569503264250693893316451632108710909399301431324158732167484667263349605986089370805259605
643 387699224897417234911909613556646073196409077035251173306336381463242551716296839579084911622028756817918557702881746365785580313096148482826590370707090321278445286782841503686697972273672210466283693029256206023753055127510251376779508427170371769104307005326042326906956968514770950535666736476592134792879367231448896703747512424217623778718943979462157464197521739718454482467896591712961925
644 1599214880033382931449434751459295433237639128868112621294833569672160187178148479935376568678589425822673008558596010627485569967611734626508913249250737346015423830079857015519595112151457625515621055442815723316078109274203771155894220825372916659448613286536508501538153806361318113341373517082871487969274703942050198583740349771091973310775540986281232795478734028207307897630080334246621179
645 6596578141720253857413171458521871346648851890116693455269219661039053806598482222284278737926821280705892975118668729474038260117188465542726546007260966834895237394679656257230545126001650120768836838392969216836735154592660703564457113878379231689369260972859239236743152742761133140638761340457468538584839176471148303252076008244368095203022505061938771181777488518020986861016039187088927431
646 27210128997119563891278301358433488673440228535264384095759039450901890310139483689914321697141817035010407793627507435792067449810173299831761916536880424043039482835232799037068379671610713687658401022956180178615512617389826082660163659484549099878717043167321380794696850840376308774825085405959561372722872675363745618184549357900129106565427673275112002594193644620854346376758443899176407053
647 112238664370131743559627507389337235173934487773438004595715710325302294672800120022070812389136910569102178132511506451387336919422658195616756385656281188315022321075451138374464873588141589620371198819332058484666629405603557491893323310165829797885340207069071745412454248491543732013256355930129971053537780470042030378822792740302700574843182116189824315967594598945023756572789654115301313285
648 462971630194206030414961987998738686675880475848783015568083441430032961388142999333629013777835816750007334373436195782393338607266429151213334367147483243633338292347678040020466783772173771927605522623498475683608559930618734643104542672391109828041339349497889883971027539321028970546572986445564508509704316202589570526971568302622195215532111127910531724101017063364907398945884981986203805331
649 1909704927152716737436918856667425004530575934098041298676531397143630359605093149976758224106196543499110700039001274709376556448868028200806570021172453314762296524795697700382195249333615249955476487267413600861869843893298843898991166680761170910293263518725988519707170704094906996649898130900468882346909299929672821250339967234991223223840771281281727207183275563162944659602812694261763720503
650 7877314010064809493043382399889764234450315236694072201082777609353949810462915359196520285424348169608245778264418281717124890563893225563206101680524734126052479749379566564800318033930351592508769074054488762161754676692606995255282562775104133873443713010263700471974801858717569493119652798187180095790265954981196794770685851761981686961208832020657791920898930118126638524211556450802656060773
651 32493017707023542648780524480229004568980075929176764071871474951699363678680468588095581338247917588432079144349802010013089441489908072151204308008976423331705538937618607879542533817510674076135341738238371698141671430802489355633912332436395486747985436860785010639664323060323127028035363350758060248488564487449280859279140237677673580637611877108091831442576961908939683958557268533499980352933
652 134029974983853546613291642607470932501309467085205045891215614621864143805974603411625329190203625436338340955585623772350729543625789457766410193674085520823350042450262602682206062805305817397139183052473148353004700712115966729992949559159163739044798933415951765991217752691820263611961309939418483325050705304918974589386566868002693563063974797890461663276840226627559485039235005196279050031499
653 552858289622308110115860330110333206105317313796608803234568378220448039281653051516203857528213722994568951410163460535981757834865279452090432879344269038373000749239909885478766148970873240479674535800021987585836964925881142285095145443522842175180293744504064673660585730110169042489641297512057633357110853797162785627284036006164484458971093404628622900708140008182924347067074176417010868357383
654 2280477098059038901779171914088345747784618570413286730685746177600257573575225872300249596626562682237749988307539861896251582000107091121825733095033208827651941961534664928838185591053777431163566642776084355300069217554035557159105706668377741466270003037710640439354232027011850179514455773286132896256516991518671555379964430417305284237673124662188769603224246335541377505390417173797322562755165
655 9406706731890756624005964701248774332241172661279345634195121859377750045970607333893951585654057201072892222729151660576286626748042065023860544872128933307334068510478044395467096387575371330339662740799413112080104433717791437461532072998715480562170708028514722899095078332773929233323541770777752251733077409262011057968368623939380234283535642457602777987051444897093315398550272861213743019315045
656 38801587446377449177571310058862776664538674587937451660997096858670361678894349104843648224186364040540180976403819583129434573322544792313087046824860403980242214504967022739749038843413516271562868534373692828448813022573439022435043707776193979364592247662761402688413373897887229027829340261373026636474604920972390215998870854162497252453873507683342635750013745907548790405457360265818272903300579
657 160052102321282475530732861108523189494826633872202578816812016938858681614397552008668045289146387998758116151729350269301521756038007052032557265981504131572999042607276805496786880579121881554264003592742015715275218088903476412883495490766735915087999692604139052774040109870299144985611991269697593005118463110114228811203923179754758675623683423866595781780657935856205722009598879576892189507007031
658 660196583267725838052490825090457985979362864754189075659854920895349588044543342471727926209463801633426861137862917339182948343978488870395595021006619063657570247913118155935962368384750299827939557423742929465389476510751761799045961524845706678592249602022288167986383656713535950503630221798607894153482302542905283344877826325302771486381535918234520206898542599538185047646752332850959544892698613
659 2723235260499430929385553541352629580083200743713083978134237506802916310434782223685892453678628866451385198750373380459774445985306872948988763256358259578242795605249815383761138276431296048322896496218966347919935498086763645564197254174597174670727813605367768919342747988928668488944474197941383116346098463439790581758717486772640850116242080081437991337874800842193848331785693490449093823271200325
660 11233033420622884604533239268283929927322512571862119830563180914229297466554877133197961650345686491441451423835897738639677688773129966562285533514476649113482754583697826079986941712951690730010997535114124289714581032679999391230067987241700933531327504638285085739809295392687611616310303031024745173527639230081839152757339927056356654600102489396253293994836430096601166930770328535493550458963485851
661 46334975776455517671413528964307433317414525301653185149067251321929407000565204071534283202642447228950337171818238500340119304389869761457339707272251617904858673444214883391836980391468558368711007521827977647847480675785257686886377280091709495438853332954463535542607162246252043053178425878443148022149690778681336626098321542347461925543888965829982126903423436029522145959573502966721376569339746503
662 191126466005446093431416248042808404036814212291048692470563711188341092847946128971963309553558217674340029713608104979080606014361995266493666836090766601576431857150057728879812586725963332108209234629988102185264632739647502847647182599259344565945285209245403690071552448399838446851135058148914571029434205417927604493633191122900922656543174192553305818932780572530302054105492953421480869089780071213
663 788374772956994122188012042598973189610026349322123715370195734246835183459239965692991598116183944943427553178578862939383187984291590894307435984606364725983620592877050146751113443869418505341525950971552137809476849569015270295014971702645685892157339160659508124349198365060230607225098052412051941792831233990228076295116406179838439242516380757250698814644872865957528028520004659581657752010533059653
664 3251955606280511546840637360510086295842090558976237183653212145531823012683775583600861135613009102990149568084287079735933119342748619320808731359971722269701196881769828549100592401420700236736891023472540698127477069664138068653934314849658669143696935185974509116383131584148256789645170416040236042156459759821477236421902172757559755775520919289896136823705425164301369876266364585814669123993232816819
665 13413944266068148122687728988553701564904760160644975065041916893997445048498450042152509521461103921555345766088510971924954453326562077644555027752311720601635544405656248885393857876100292788072671575601738725948855862746272539215457865902761673335054509486066737209738619804853580872103509600275166968359801862440281812995458714964275617031513709531728634471601012378102403425374477095997372509803904184503
666 55330983124639115793215529229526946176241078502911890013080488253027932839759095820824916025225056899324677526081173241556984556680413748110413970400005875224276133318640723797173797018083034378344525423936391326303946821511197684925735835055413990699600294808922441706639214073442119063609012712316800032010004741602148335813504220254985345416542995902309277080819728944795927520724263650640843659187783435525
667 228233965552063588201868571185641313678184893054340060750057445615045530382167282158250451351135313312873756734244629778681026441362719831444593446632391776959337683916679486975887861145591029827976991224402222634909689009462787141610532576425100297846061818349807485803529212930325543547249219617461895012086901309205920683405671250469097487146643854561173469147469077828683373755738802526931408898568572292965
668 941438956800757172355314355994984797759171130398982182883226436925215164271431324369521702386844102307709012930882670412431181415478168918599677701424949541858355780174046173929937525848246568114107147170341804414044991133869801172936950408950291835413738549236018910501278826185037131508398871981614046143638006253545267443445271792202824059940090995083545884727494015503324615692930519566371734233854264238379
669 3883327826505814046036694936706526612362387257644445012256802216809850321788374387994687428848061608745060453405612964945291782989914568009622476311532178193944208537975582735101290370502411233527716529057896657638481759901919596463506862542115439658101815425676038244395366089523589831453626682119284479522618916840182693785559749978770423036073921843090738453895805681952389981486012353491136658515610062375431
670 16018282331719886180098356960449808619852350374868082110410320412934525390660594312031770515076819910662203313084845270636236260492411001294200396054288878763716514564243018140383323285566709442569019280953123989698152652722622612743743335424561849872128876615240556916475684758418745370228407161223828174209939870995864201218872929206346321229942490658324152762015778587655517794125502328477055550499157369154173
671 66073579239783844421719494066515791496253446496318809088131630994697521555887888987382726084381653046778455679883228706665374462128602235349224705125837794165093555234599562948774708461072755867575579358529709007603002388524670445092606303422462255475789844788166228089295547470828497049350457583051369084075102388316548963774160923219750059835963702486220257732503932001567811926602160628266615392044531010515365
672 272545943637843635774902943353099921380141361844854428438423239958104910970635401485573299994907308880285905125806534167407150543026990806671854263934575699036202318426690104465279576388852910445815903656956166704833198687017465200187154824030179992459084624916553392784867142462685553904722984129190735551465111590581694668744397122127805714501649456917023706784239895230021985537562120134561243801646061286464771
673 1124220789127718615161134553558015859777114193126000358621003950001248114657108306305612385033857248746597669556939674835021504113251743459448240968755562832782469799812873944529126367445350978765701155424448127847539491831149286020353738928694058525567870591223898685395812747804733221927785579777366654941515669008651599236314003553318280275382676548837666779345431955746344718488599636509557479497630461418066103
674 4637281941669150407576002169452131777496091241356218244746175777973702326487292848733257387961572997773119671993798776094162418071776760173766368728705151441835894407208986756684235629248111313773469366637689260079785161234565268391416897931961489583778987300235815678189527038739961447517164388072554617149377582848554993686452089488961426696360428247295250308700959854212265235638756344916257931008078844937698453
675 19128256668528632973915337344660343127001196434861164480728860581979847598665008898267495336890334622078504547280521710876856875314304802541170007355707017202053642791795440762335509731660090412967946814661292834757013739395375429185647021008479656875765650542334054612584186617839207904186997163809203652436095777221708184644633567264908375631821090624184620600580791582135361689968500775905466715926653718595930373
676 78901867037528245072915082440977472565946648594548875450419610205890596491833111829192013965455196988593942522002006269931546911102492483419549916214022094584485525974765001916968021820997771008113854314433964343412761135153768413093297504108492000035705848287124236757734648014487326620409581883754635917010729353718084533792358351441958368672879437646358399152333262271261022558535560175519009835719432796485287739
677 325461160935303312450423662769665969835795608330344229792914949849594828913022870517569036422787976580908035291300949238414719683580721215871836934754385092656323957876437474916839125757154951817876425339121771688248487957541318544776003241578524677851031069090359370287143724598308591490790995922682638086180258026396936332441162794054818996930617984715027716592511920958754921452833228788148990196788227214661684423
678 1342489997441684228926779058830320665655126689046203465660621688440310216946594576102933168982826434068069074592644759801836711894796767741824557640520148430805674071896924020059653505386297397453683662041598465426892685486528291733826016428405631397688298823563893608681141173172043276775199571246866780956859569904862413494267742393131417605131709195258100024321219362942009984989931473776304037191019034217940164685
679 5537617416626983738011709733208993687324409067326060341534562483199054503715734951270917684423183318875996448617875975905898473440562807216330967664406934626710049193514603551321517103660348999616383364876647704708993707633346948653893473946984066268532814666771685331496239121257507045350770117142640490079597078938410421241927415663696572680111695890454711015572722848184272816295488003542327119289425498493451767685
680 22842037342079012556072770666126963475281171741689756372213041721537338573983488640151465833829983756410238798481546764948601166289886554175404754428639116752333222930202463275512043668513383492283464270869945740886370540104833449259847905733184847116117495352469916194091810209005454275196698047972063465102887369605710225797095079459808070331717256787646888653427086913761591407266217030369314533955144573762423866579
681 94220786790059665504449234280056206257138842655992678899065485992467788365756500359670914681777465476380813493358773516096629714810515488434300870097923104774431592770530608613250384766941288173842873124273233737400690497079624162225633064022912191937626198429523562890501197610935237592587163166537160788577427417551526497441772248716666018796717304650526065580638631777346618475380493177466977180727965725107266904631
682 388649949669063707097846288319933801129187724231008351285405860725010383029578020176293289192093479024181499874680888877523323078650822893479946299491517666596639495625295690625870548528957838188422190038209585281071145113156636200854593213930865482329556659737020797093104122410231390554843810479835425639253402881934995373080329242999079000158363083608841728944836168326779519676197213733152569018288156477204587949733
683 1603136510782156468783688846227537483823327396096646571296262845449434643336101603784541139782491414060286335395119235496292719696834033954003276559206715537656323129411308444565708491545745873942964704735371683379912529869496502067124310108280004427023617846672666918874734066833849891261569008989934736415385264206080087538168899061793365878766735125510599204053129131256941514365636914049338624185970302486400770970405
684 6612754419217570251223703204669971323908219623305609278672326270537813379642471434595116018958504204312565214468440283830500942436365927732624450796122533607673068827729468251662203745178058757612595262731149851325919883596983396144900567519005058806548775649568641346811037994523760480415945520106500049723639604871152292530872380992739210477631868976350186413996075429799852340187983883575573111400713434972593138022091
685 27276854288314310059482809088267555177197830440857066983414756206150667395846831301812418637232321273262184193519518593063249843284996099097541187144713814635155319449078590069962782375200065228016501375583551918121449774031116814245017393756438508688559607125473190711932677800108429031815663468456264084031436877926819266915497764546752049788977484863693661402147758513802791835765178020885325931752247729422364147159303
686 112513898550910497551587561865285117065052886594540584069738825404241613676357593434275708288322806469240729317756276185090914876182682256214782646256564361072981700365221211642381916262886827921792671355594614157051893919982457648990721522328199084706739968458116070356792281061289776825155461375951686913018616588166269185116525641056160677876008338180103633614480851222497136654517422139018199590037763747689248184718493
687 464106939653521159763385650140068080789592937572408184705025405282041495341992262169725019752606538741599971035607742765765907463142993268491422870578726191711735983254504500136166039936391259399961996272499708843677185686766980617918102348031224729902421929658800189445479726056220015371605617932050011636658624020849591422319855566785916340337747099631407823032079012544191633773458898809806978069101875850234170609989093
688 1914387948588366516486164544249022329869028976002459188923010934120106260252632979509550950024284318889116245073148210062028045042184663131985391754282041498649614994485082032047120511258051735065607653694426345695517737118988146492173096126940220986939308472842370446714845829685952980247946606167239205291590238915710996340564952379106321939649041766978347602938501384371658088076822661336475460002940771689781202330356259
689 7896630936905166230604868703405587166135603068393163772257591490953983308999808993339377403273098201359583492692688030643696257879516281284003424595193763464164232560464390205039884252442824543818807268339015863311644346322754651288629043811135710508246175884112049835591278482677452382713081119849103458976982346507361038414346613801098882743181897491184590967557122847585829712771714699877672418900789435113980483561977143
690 32572697816901989119378868057591234832832255374430297908543326087371956505567884428527610523611464046844250273772684847105281261633963801731016244393899642971883073269833633851934325441156567391540912734505490381254740751036472790410853066675420613560119168149972969410189000308283322480357059849699553017926202376903455967153311696449930020231701137532453895827102834749626593671616763663227551179467894760445234795358286645
691 134358646307336389675148011845272481837726566614109437028584873972201596810766080748430717597670385750958352097637130998940765214331002161944097618662228252354397295650828761548682944994552990639851242898972124696939571876230669519947695118258937722774844231538319186582917588056438836343645427306312837120098611376289762914346463494842606319790688364087043479070091459077348888223085124030114926216766486933515357260334411205
692 554214021172437215358761178031869987851467315694081718478367638994270377130632589435571726107746810647958491678935832781580949603198939886939399869852425125461143790752219899636586336914482880863308269793715957442389739563313641567624375452088900083643003742535025616070676795568683763089512606835252694580366683189047785547710472448218157533908090798898258630172354425363850487138413830383931911208732263624278702869571977179
693 2286069335363281272871434987857569963577931318641575715124968777774539192322160669633662400981434700249103818265835092431054001103858834106239664609284129468255206312120041092391159641770171379310002496604824973703989048627412290209623490793263696830226620865378475712045246769714607243740981734947924509405712939378673993170881729894815376414959649284615170208105303491033497649433506918239387468692759751909739699147905746631
694 9429774070010889527494205105771604878487739457032165704921073002148023952797743106473359894838144840142457060547001940507915423589972271988009863069664486493773174447930726746103859014006062416823615770415071602864466790320501463366222948388625811958999798740972290091085828698314235065366148692014325057963021217951164232402544465037794450554165311209184852504453385471343143308426271255281251933546238297396206784940526141293
695 38896737573061964952130733054880249501825954515382075097852525508378094249251867916655958528118520439523015077095971188899553796257350042284400317148237225192425616522338508277533423023965455284877849038677679470277076730782790860539266533443589144498939808344197584844247207971834179979026551289334719352097064444805235351685638645149556863563804712523558062965574136525678369908861764278596531380460248414246009433170866357445
696 160444585691532186790274267349577462958635694881277314666081237480111322565160893433829869205349357197736309732399216511244022606411654772913131802444045128326965227913044677671455231826327540797715006931916139536564795616196840325104042100576454996294305790387005678043984167046221740493990390379457353447539853118414757652803335585846391151979464862734186763950539324591989627645006314533188602518001712450560765119328180077811
697 661815532199168933058239392241646891579393255126427002352335329424527336604299955439028715559839659550183339885598833352859813374724024589960907800785088765512740179278655765471146632301263493642090645225512094410807325614929149234222989038972157505758163372410275716838012218760092671824255815423135483026330434482561937498093892058459532570373333541041935413758824663950950593872034479900788437585374621621696656340602534386103
698 2729913239342083989118970370206404530272556806356221173879717504161464480483856979356632814388470954519423639120602607544884168512793053048187962371287925739993074711982990723000974914983450604796321889756609158239239944614347855540917465189577906730329079663339713375707538626142924067832960549493329846848667462159052036941807626529385407706345189601854812293054689707344435263315420705579149290098579702108855371615396584907333
699 11260579318184440515953572338368110086752349090788757068539042871110162613409406085997900234703024763232405276903210830509908442213072927236886493681048701468831108571384529302132135828582410831231948190388116448294637512839926890747684765596130874434485870444995117863580198389239345462168117232637540163525920576881940569959717727004308381091795162222992811058076504844144712391843704673151008392943690005155996612563532513859813
700 46448599447681508186816780939195551094123166659258395443331218329753060260912881412470176322080890688348678066962248262878798310615636712815812121493912554084292028638963796400587224964710566942439933360858050762596175344744197120063210549496157089456756234698499633396352307745580120572856917849197219534899688900721690441784490750429699866932779171411742185697843059756021383642946170438381605986702590479489448509188321571574379
701 191595150630226305284982755354737505402699902115109896494104481181799474696093217777165339894249645607588270266510998666935333347650033672403759054914123066326013073703273733458479085857457777391399037854307101182200859002588019659918692033201603418800852649912314224697574352119273979617929867530439758609427341255450598263214065475664337033410221468666251929263339364453541376436997545015519133759556892518896079906086025630342663
702 790308043332217848294840657681409352531418076938120467282671057314730633818466940349135735429673423592236948579199821269600314816789625547957075353788307416450682106309289671630239296737376854845572188397310222594810336329416421978242609151110309015791195093457766296459489319444197348120240153505681173645557212768760202354721317199078431238390074721630764280635047507881897464607248941154156124239042780544761774908405359065225405
703 3259930125063734682090711824201983813340125876549074974738126273781215889448135216348767928968781558599838708449385787219578995993577262438600436227079527623960157441662504827178261822877544062888807924721831890036249853630765313332762707538650525303052120554346380143742827014404903130953176645854770014121856814529048026798530352771118662253104962012365824680407843276469088467580100968755380418742322833738964282521330818748095525
704 13446838242326703966087722443779869595086521778904200573246967190075995242218821370189876771516300366776415241843720972814045632095798607957551302152278171779639285725552761513426328416532637551618005811576023580375408032847301635989456055239309203390397972011018658422035648672825261912697087001863881712914129788374051113022414597332224406183989479833761559143739741884851168582053657726144639531689220330462826745181556582796922179
705 55466667007706114849851920283958643488623376838289636333160652919455735590686486816410003544174636178521025778665870035936560894743192443172891494128615599909615936131254971537623096895533340559669686794231305766348261312361139013334101710193666720833061618411505481238966443066817556085501044346298934518487261542487732074178746107701859424512282731904150532694096715800109967866580233991025626297021118594500747713430746431805333431
706 228793646023023694001313979931210475922899777378964595956413326320336505826068498203132355090277281963660840939608429542121131219081413855771916406212581516170182715367247638009562192352910911664519137139057582865695953575030327062660337480936675036116540204548347823090415766911285679992794911095350079758619462329266883356140338322597424779726910483425632040559310918532352863113214391752736383882289049040987889033861880672522064853
707 943747574615147482922932395121240807990049442796339619012320023820649768410522836888559670362251163299611559053412146258792994506877250650345454514674385321031068226149140000549019209474111712114510223727309590068381259546787843991996539523461748458518426492582859456756558213366309752231286514723971490127136851282807163272695270203427109731051945705939155576643860906159819083155330485549681882762798874097526650358515155956299748485
708 3892850610468201395993339719848256420905850794887743799339372115764024108286786872124551029450932662805065025595925274505419987457104031570807951476652891600475223747701297697130392836458291079003220658459833331606524469137459425003978292154396335428524122938056774687638715734242889576746938881298638171230192344375520072298563926920902144854910127843373953281746561111571409260001375865969412662339442308242092995041061011634110391931
709 16057562724441905678893663314651845539767653067589385624456981834236073189905533328980499077985427250592549979557896385196230681897130549222033427608860788690591597786219835513051466170601454204798354583288527750763087228946564889882589033179173740100381837835713262561130589616515296699233452217727824015530667304126353685754670301241840839591238636112583704622511483515380750396934405165921859764355990008983922852455035441147697186503
710 66235606359005529145722128188213156963996364179652607059142659405067017331087874514269428000668139338576041825720686522772756726031871727158250752882747275720779478440282359748238219099915884473967618544159325154522110865830143296550341345824167798913014621295744106018647957773571456869218174722761991253098587858315320488771854591481411283757760780881830460618504773360774772681428335558557487954237804595982731104144172464312299640973
711 273214286939527619469795496627807960553941408196424326262348875222976094297683457641809109021756119279286587231248791927276417611110409394713420536186544108372759064051946679111743556897348409942662387443006161705638481753992219226075997832167052264895392077142576137260444989242315345022612273346178512685464634048636595496244960813325681684912461503953157640533037454735337022602644995668212986256628323776430661278949603275128674966533
712 1126977628668232195667116788070141308100226690830171140859624196628499248142010638423544865931721761954537290791600061461485965806679248207567866042411202131830632539075629405169109514348106615835020459149606916475549863423905890421089154608134029378293819254194622129938166735509802243561200363672020393963895789444608995102242357242300456344225129524469293613505631625271361362298139507899565713452039119683737530515032514682531605134099
713 4648653588894445343846818392531946879026855443157803675582560342926839052203550262307449716747306888420283666746207664727674767385763658770668383200065858084253730263473899580291705176089943104334808986953115177298793713717955494317331933573054834180244639851329576444975816015734381405528977378588736106034850616110441934927670680599564684494297458040066671173318554409099232926432346356149360864156309193319415321130791317076630496220983
714 19175163410366958332114799364942312903099765647068537190665167817889903268360844772369725514877437077077098783313933136517632200127513064500814557770301546252100035464867334368112443104913182213288931632076055302259447754787743429238264893236019261569481594505227775635320540819962697175631885331334607792732368985789103543820435158013907830951590038676829663025713774352197619022822234941160583197564019245408537492480298576438796240084965
715 79095351973025814280971782276160915875225464649771610156523983221229453629362908074939262044393611672819604218418740087875231636282457420358790882196449638828992607044791978242403258567046458725820494596958122553385485006021117430428213197300863821701583379363851434726381645824565565620934117976583126489036534980377638120004926598170595095612207353698446736049162388567346986293125007104992562227508307935586090230021920593466752246292645
716 326259264124681324768308291684522082645947913359839370465595980016954039681405376547511874258957269991514948323496478158563209210485815428394641320155968385399563003117087448177142067020919130907901292046002315161203800351436302162316453815293364880015325832257974361650895492086756196848310402480489641536808807675078772153984800189497158844411824537390483264875726219803387098342457570648832110379284632601114067770306398316152544232813579
717 1345782081651017196689975350284364620652817586794992017637577567653265805818262724720247308050467817484725199945776786449092804077970693004935727047279720087923044548583407102214746640440896617930847799516815272593681790902190839221217498672002284818623923519385293330059322532531664958662911957235872477050807027709114519648303257040131414811356325425906720469500639719076500141617310819817999837349518799849225286326286916705199336697377031
718 5551196886782698482966266128269658733506767331240264220702858284187558355695730459278622582372041316584776539669766143779183962249803672607419967744881949459433755983361131900551322111650412685179651500919347160429159993948157424186330022108700776511107853151071444812435422330564284900258089995470813296761963848550781574507187975153681627898612711533620471670779960318974693692225450835710846335322343216126843032615410223950016386529736413
719 22898051100532448479018423279993955389387991085036370159517818744369591149238373808739713889020718543840801461977848405248702234656213752577826315386495581154858942475793759808065750953000709096833651219102199283987914165991947931641904679476218661103024684459155123856499220870615292165998651134158146381025044806562083273369085557275863608716983522485607640622869028555368500713834199021363720957880322399154369281247315015872959794350695525
720 94451837125610458005660008547676751049753096497795760823498978126359391341012700244796983522353979856978531987689606191875807292718717296908853775196304833903023436789369356928384832642771455836652560778294513751193453076111567472311513742669570851285958743948921353578313660747962123646926870617631653866760529019380885628686923690176873233143834150624237593223254795102295696264327625281529730492144595213045869584952096454031456890537764451
721 389603005829408883535725925214161642121386842413738885012108014681432039801897713869370402813692555338585376333396740885193563481031475594998401480681951017848085177666548923720502437300785707073084591330441559967903406482541902972515299605937100513224643953952697648544883019201335216953189953613743135254543233186984062639102404367675993285495094701915317070174328288326601898386693798476060950255814016819084161555824880384098754583442280503
722 1607067758242181095190526862844335408756524483982678560552895399363348368250126808104799166999082764123638434397320872922152656747532192171746807067151117742985646262503977532194263079939912865935323623661856355054831250674295283499088902807465535581978485190841401700044847295812072407127689382804287902122883372154192969638358370046329119157690245913314290592674829891297966288383434421143046089599640017691073777245756987958680555635605495413
723 6628970364546912348286513359496149775047978585348861605576691655882106730120379545798973103765315652119182049947301020190052575885722809688167922198893812321984623354103720338640785091774894259141073964421277952684841503027499902024247883350460101138566667229420461741567644880953700598170093743595631436012555663764994169935162037172638723449968410053924004254427138263313875659391776232485185847670084897157287531368948639310758063344788733253
724 27343743204771012721265128450400611224705665140550647212835445993528911209127849563561950776432960261923195881519731471911975833328360479734421692901362464995227969323585761039316398572437918488353450298686085045858390449819211085651049836997431739109795866200617853369225660781224204365901684449959327375664019560840201524100801710001532026386573696725179673470034726367900265129177151754131667579768351572682055579609901784433515299847875867419
725 112789807667146601042965973435409923856357590179586093335812684831271054830131524183837177875498991171564688707231585161993650595704100344282361079670041436816925208123438809431517853221646742480684227911841905426008740800955753677630269425725255986413793161650209071818380593414226373247521452777824365134422867162817414327061652137086108590680882705128014116949216383952319003599333514406725763987544211152503362295317041801127458151465081212103
726 465245033144263592196555995473048007100040068688197297344932802006848917069413187207312716070898293643943586610551470079506473064373316237487530167183740587618959555109133558088106241275475099892808214017211150844523670647587225992123631773197535482487835178342613217159612744676222296159647308074065525041330376884579870492477086184000688942210167697129388132758045985650548528207727656916064351834605026388380929698140171710321831779018623249325
727 1919082453834658944386659698426800729807106534651273988289873000871608900689528573885964140606226245223492643386398002536195591186540644334763638362602278857302307489912801519705310021178671305075210183383314338712386642491666235474822696844520534438145542142619426233718380250556667149154307316174167810548416335579456493248768393453085800306748406100195207301041330873818712586171889838562719836166427613560662969928657925073547754667843822474565
728 7915995233148606167657262842309431078615751026934121063832799435830742410167264434383494922744805292194784782741680309900301536619127692887977361458252773143194339098513462018046310619546866835232280491726784694842052759012340660536153880299829161262242417425519900008396372560074438146281833667215088036966149984876771014833427355722171672987842026687654189103024936713020760865696619982353492168525227058326026084822137788402257934147463750723379
729 32652573320140556430622599076718429030070030505011363648931205140180880707219759937005318399443650826714744601132016301978388791534304783411698023861245890254841744773748382475714340016815188446218715722256030816391550337245854425635190954497442108522139541488013799832984645001501975141962347368886388908330355521317380811597523643973771114373696177456553187447624985754600658992542914454144559806598125794088005449820928735261935827699661578869431
730 134688123606041514001374339752329545739281659977677027682977873994811047437667247034632840239306956108606777900496949512741465520383265537865242180178031776447956703213681388881493050644450278009956723013984279282983480823012425892127272304600556526474509499092336246872898192064969004415822608510412308049190739398987381274725985144711084529869129924313476524291442217983785971663524498121806291722584875007556721944248536879302905735610422421251973
731 555573077278009400100805432401417749829965168361851232253177102247763585637554219206769689511181864676752286637636453733143647799829111549096712021656867449760279879431447013965593921355522566815581046794739578558641368111270876673071972412300009891895692703006318987307784668141229116512689114076105445031161013147513363880834609511373765887874531821335150906407343984263703023915247666976662742359887171707662841057170800675669042901846423762430565
732 2291675286077798001543350871204563686999002272415059229397823872705503628573444603987700961485147113162186435248778731841359279136631102167428694219083009794979392731391972679792440056032910168379843478748430531884765852593604223733144780044805711877013001228141584596438067574626881520182654370077061310357174080946406075174869375902258605852619864854740973775025568183529396749339429337120168141548937310250032075273289882111455205687596794313235371
733 9452897974377118378271460237715013406347410938066734094478516845080156005055998141088307854973156405108284471831757482073097833305586989143081004537632843076781937398571974955372368044198262684315041515760493147531737816839662919821396547982321744346998678617387984879314258582518817188411661377363526070361475858135162902030860142830986020238615731391672092957926732282413718077945916019213722725110466662692677698261833255362884054181012756172868103
734 38992121029030252714427580957261781812728715687958293142805537048530600477522328729927393002355409004241819749300535752667463316759320835641559288326300647202586582566816978473350724390114915772008847448200923964894434383729714149672587027149492669481216330291680886139079532568419692040803921651378954701740755487192030955536640728203455155031333726778759043793917809344656863013292598080021733557271029617605417186206281302211653336607954971479846653
735 160838031518342533232895082324353013283264269145069788206905017293791550657998423852822477941424498195751190598536343029060232542069608127374460769404669412297169482203055943489190385492592105435590744351067327943339943646571311071045455096490680998517837997327828360242756253706943822311262039242725222256610149645010474573827684303840289428658710908797226320583546833293982376632437449665060320671096710512614282292540378699986586989237639053465783973
736 663438451153646148889464989779243808133090970392103977781468572533536491099404027859040689058107088977030013199782392904762197818426579366853240356869712610237700636581896802519367530272086812145741741820949249443190733336335632594211614317147573174858570962368218357351476030231157346909028755867552791587458402350963603446785657657902640829188945899184320140212251677955758933387150564701835570791436938342677190959844129591432233185196485672997246339
737 2736607594074866623361899879526804682190170719337569113047168233330876314100569877829130448169142036095387603899064843142774097182257283923504303620230918558842798863397009196619959057800709522474540016738462477786314008224454413148546738310781988358989689186217340017370501309494733825865769219410178479202962248074480826449897033479043942435351827051976988793844717926427704384154454512312359136722302404648112211759504334461292213056807671802495076023
738 11288192764416427575871274343237756510327245309452240853556331471269458646185686691469917525851826236967078047598969079417738121463316498806121533298984048021014557125763821702020822990489740691172720320072664504701766878941010663046307657367294164613781651712581921706347968760796205005749581555022816263886087095358865960098718422966397831713278832289497822674424029717078611716740093714621151476338453135909897473412780710036627911433951894776045982485
739 46562501749433284629068067272919343107232970016362324571709556973341637916644508587990719173460232806009639767895376375004202187398670120414283956102427685422425626093288502399664515959215498662873937813387221997707000057315825800145354139145663500464399154111808590128059424292217239155046037927766337951572393824808017459951199410028829987630089264411599639211116333438830633384340528241393293900493241071602347723490938915424939392422222279560684513285
740 192064984573999832845419743675861519574878783936226400914300222897974257684562581287774533323354473388814861911382344893148998676693482412616248750468232952593031463772123812907438968711750316297719391540144627539957139091755405037330630737328384189753398889787381602183844663310675693974202194827267811111769737898441974147003721996123629897362932235831942401931199927619545736485793297655569608804866812613023063943857527702813801055009225669413793883579
741 792246054516599760859004493289889908386093615142363446521797785622699751362523460356149017415174473887334931318226817788764720651245966773267035891377391399752522366930256110625378744825237282471406063333820403148132022666455424623375261773724611930250431409836171155450742140013327605040355654126791949870879171227858182127768650548590553913655260543160373601587067984482856355894033531434429426167283585251874808552095488306606887789591221167663768082631
742 3267924199141532307023301582289582466904787304472955537858072251442089987301367405536389164637131903326135307648498863298199476906880009264855824403772943180758269679306571250609624916094268448857595769248651796137071229642945451930540969553935504909826326220908449043730694374779551635825532735478902934692141635160258667738175925370428185576723795879650237529857239198673309893293246366910500725673014671477317602705257603098391473428529665780947497187533
743 13479812881934729323261371335096496736855485265161732796125486345595111185198867919926156609316993140414246438089457581195264630925379039007457836005532698217599538156612293487249000471778810445306350357248138332616502663054726422270877878514809863190048938513895204126005830312510182760394082206387868066415906236072008904786464908038056036425824579590097438917153624923937004456095432403765293111249608645935099091485410845294545179393691432952626169065605
744 55602683617847250078350777936095789597554541134835159829316422062577135225371792164528717567074755517208451197369875552501728559305904231748153096643148953251651377571895232978354869313559035665140185071573564320306817836528940291767301960065725733809521217456816923236852531344793627467321150252776791300614008236992577922628498256425471223452711593153719245995297602925455615005886908919102814318336882084713964351542710007663358415424112955256124637284691
745 229354698955040665022617879914900490193264075195556461037675030093019472112083301766968248548341751402595780612271962064605779914335235947470358573770582624862688509085580082899449227893826416208151899105045092021569631549884596685479003779669841788608481155899345998985954566942125589358027617746537227399487655913721803259824106082999084559083223360445673947838629558228412844693056575346355548933251107641836321292245735669751195894233083922415229723829303
746 946061853674140451522299554925504756896899871386737538387765569743464801303307263392549398541807774846763080770278808648534318954796089943614671719714414056267206337600990977601653779945307079607135080777257655741352338709957874189141561321715473161863347964026410510928659138488275619378643456826149964765732819419735773152351992772345697386933955875756220159515508585991232984865922345496994423828842095360189051337554830996079051633569065779011791194470693
747 3902396746415907970955114543744727938585754478472836294930104464941724406874568771008108407581423339755231201298647445553739598614907787258432739259341940943428211104345753527349354609047936663306411852070928586346365350716658212858510645146400282968442830577091354196226886058205640811937959144545583503861190917118679740023975080659530931659913623677163116093910068696342433554144972139496127615611945724913164597939379639638740685597661121127950145227142693
748 16096939441427691005297521970074615530853389634886969796032833369324323484577415743891046531770817631062496324740324666734281153585756767082404911609541012580254673736812844921200173760349400900416478690850881817083674478476821532252226134347976921458417707960593135297864294237426587688414424799515409525411521176067011126728604103244471254908422003863517336639478524254904141512059697752788793788410122779729174800510581918211539402235747382445981912655382859
749 66398030804778391089100603314192180548205513275247240402285906802752088742577617219787195737581078314311690338719388495193795575048342675700823042258077163151912493376395151256946742090554926105758056453919940543198358587204028593489132059894877022478386966491411074365826744730935440326838371428954921675975809982547252700633687508092724556519733727379720022332793148543976533632651918459657313921594752653109485697306597650492740191273512519353854213459732743
750 273884269167709439419789706139353881846503933778930258815316251650449229641138747081023612666932284208798795277020583756401984256549311895368831602123165783301048225033701942894288432904473231996835880802388786817184378125859619480491733083634684445435079912772054724368717501044757067371891992226243929221592379272018662449215403974296307617667529666028071193782830981038125408934377427312425794243565241942340788393858213240905018796134475217605498476040028445
751 1129741228592760766757664383931458476872514469121194336071485246665900360337977774056099553341768579887381878797321074187333170294074076723011339627531658271195596046037577232991700126187749052292268622281773324177768522133688863450951612125737660961301871201658443701244968160435110534437577490734899819511522284718487880244038095198789012517373008383764970124185160024186669886346042232203782903319035474863014289671718286777689736571339918624883884292309080805
752 4660053121929195724272246035236803428240150783713213122296685424708546493507894608865847434558844447129702929788866103515347074282748933436012544027733644541779607422431220572347195453474359588954394257021642202441861749486207016097319917466795574245685790786423007380616936653323328324468525212307933363915729898180875678024100409753266908574120095746328511645857884780696851887053242519208242779676517636088178975686118165050678484698947124678433327218356886179
753 19222185177974124785007069112599964426140109736416186307627594442199187875087278715357442066243281799988596007398744320735917498911971186676323852534219904871711929285695055636591905074276240944116173888763564560310846763826797688879247815825650589053174874521806363774975279771638909697567894355514145416731257118897953267442008926263264031578518332037022874320051037184897826616690257454411902433537975535331048615628474520498593637774859466903406196213656568631
754 79289311376640173330785193717773744179055560791135569680664092700173497273181053922183416592848434487309323201789201238084350729342485526695285274909549947486236132473136288652731415498203825260834552567512353795329711760526020044712407956517922608535781546470331575078028119419008746045864947652894715391817713804335712987304059924408745009853447407126890068677691713471914818581122187872448286707190348827686344858856579673489673562655705155042290343488364999093
755 327059324440676426659603351913221334285882051333532038785690594393476083980795705186359413568519330854966482954977817066042626267716415426585439864116952405733097244333377769102823176160142822809545595644769695336745970306958463835534239806963749874704929478830286649325853884141027237232090634542477140256170652539879053860610047804391710253844067769051926125739102121511163397167072523905788563702946335573900070099682556884355930918999785837715700915730402792645
756 1349082238783397630399184463145459152470303546652431352208171281389679457446189317236906186734439194307198063006902980860783020802384204859684397026308919760675201251235257253790840309990222634610784587369064006021691899460706280009090871552721620929249149712747865444831493096439839875579091697111774985583037809726056021894860233289449057962072681819260548822993998125146772754016031768586778736651899740052624528026329858169916209963105129572098281613982663032411
757 5564809656820986601594770817059510455808985116360986308257047534551846919219190866289617327320579239109140088579011338033006008018568263811932457419533531553461429984328134206960721585124625710731014839986001011832854144628731543782472910104814388374629965236881085278495770031062369247456727527683787651804686463835431715465442861113370452082427900231840341280359711195154424776068955222508006936896164598129025492487288830217041423646108893816024246684684324924103
758 22954202217185991183459061027557058307134479909429312507664980230810114966361361372022656668879717489033825451412992698860721800341224429254243346976209141163054726699881038543428080298168439831915752756023528662679616537361715527467914032358051674678359151702611633260162865452407262390941820538761971312289442359988024776035411582134147445784096147208518061692954638662742145063957707610807229356830665461420926357776120065269370042709541133160763866521259157143533
759 94683454047998156074632646000996825379406297660773373634500625895012947869772257719906431629370570806630045768217176171754327167778697571109537051271752256684329934281381773873091362157817939769172456689341987650507936495154181093635947296431577845229568272621831887429484245647811739060065826288508122929796380284335418775817368723071062119294667125427391490406190269595829459523867722128563366890915026963707481867539109374954689174558063167314883149541755627433413
760 390558399095536642278800103397425338913141700319800834429153388741758212607012010519069148531720842237335728347123674709812018455418878186068526637224151104793451603856751865621872085759190947487143549833419477241045654228720976814446757397874734278847372311716177012421108307981529480136291670637426887727865590569658836448374000752191655018797908848454403340756996294655751133607290685680044683046698444119992802842957979904654043893649576014788247971318913017028979
761 1611008645995772742822914937535584064417704139121118086335784220400425568365097577052137712418494504777905308253885889613280957388771761456875156906215938393532026896308627159273723544598244850053915150510972839289331320335314657296487148823214411611262339216081316670593591746669115134823348867760691731216679857842994715017242548567569387302918110224827968730048266170893349703825115049627127640364047472520836840523818788863032124663737284960146347301774889381262263
762 6645226074982631301421194561537767945825145661482726432503289018553434590327857803287807134946957719735696869826232880819427193674948528871350080159544400165552899320528496954970583539836534468164459238498626859097355062579671243813123458097869225033437592630797779919936506803362366541309555489103177566734992261372966858965709457576327079991881015496911495280137680439037491029860015439931428510721058280275925201203154916606873164199482589520743870879334959287211205
763 27410796147735224663950092976891805169892003384412422147490633517130647504462504769165227955142883699246021330864570063471365695177728120570138424269945236846156720970709111247912313532426000827737465004838641321196660262196557678920087466418941843187317965115840082325497402344155522339788987482898548222700917722195544477983332377368494397232846354515565143169084995337731811556050595437992752317154883705384552039650522495481216693674368491013545334876476900496049125
764 113066393373931984471575736594033820496557750920890178849794254646275173471447681725844443530681503507163971576776741355478328059608317488238153463426893470763115729410747687628072390580344048079006488956831246465305333470695272644900499026127207774560184774661995475880738932686646225630818807685175986995105303434469155340864553869915165894317430213109516130496381129448178037846412167092648182498612498156772459678757607320805675689569481983654632515781692782508883179
765 466385917493497899947410650229951551264472715745007684681661074065124472209597516065967387807974982288430513898319069723745823546261101015780052117658430319567513839972642867850260708774129124207434502355166373464223284019818305770895836654732034491361181878502226426008580119484015691780445107245396141069652146937326232123510128941876503814518805175959806674594334152252368980881979232928722625290162759771922540352274641945490173123553331246590587656244578111957159431
766 1923788471052453134933318151560056415214664607132096073281457283872511767300912736451383538852295665262393984508323880123518890854297265310218085085520724275340857647359900936533290598612008543253269568367819457679805149025575380370643670712217462053630276358439221015264064605934397948073021261700963454828312055739382994878938404882684192357926958207917612542535547747782190338262227907931553179024953769833693517008555130111803934796434069987989892471007051429345422653
767 7935407014955446470737531783282109571130015642431611620107901700262621194470353098419812656155794636323678508778061107506864730844233527280176085532887540479404712970590751238727278322061475201062499797912781711252833213180729281963669521451347467156761917762935119535303360677848315032810892538678897986392689763025919900957534640732782941457591777581411224583743762884484774258238066530469638976392752842793151689028979947751094560930150647231240892508709398264321083685
768 32732644695887243217988623984228591597205781745368527184349741936792747600763130097998699387859524245980246991823930170703486167138709172399362322981754025553824681849777620155741882469309651099088399755308613555762691433708855896683530083208143261697955583653175246304460347078359626695755701201925763118259766813968410134462056709930062950559256458181642897528321930981216549409450535563952663834015639621462455192419925637225201832269929996419772287193355488262715438531
769 135018408856399513072825391417076363129523813409641528210943954879688588062921048017511843129889300289719878507057134030073771617690475686257189207288862194144021725074981429988628227002076062510909559682411597018943988649965002107956502512859485589841323699658757662722616619779418025919687654822980023549775132907420794449047884670687666358978763693892147589611960391313786591219515752970417187954405403788975585424691572236428294020417002492934350256340117248456491992503
770 556935466091574402567815126085969824973041004099071416787909758055021857463506615971206446595105136132212404002496344075984843176212144862867766981071427721171102156208521837632800233833490950740601638889129438209032979607207405764582201091743390686749726546762335658124320104840335100308884535416488061344574918917599748128738526111215162503559127678587410806808675970467393365771037414384682137698851749091778493513128254687436188792077638673694691527536405685560041241173
771 2297294983830922636908108647792498479827276266315190140993883503226190522715421251706340230734590796326609000533394649992606171988261636792929532485611065027720780986209513540208345397397420563275139315728312122743550524211376913372918246713416761813444318719401749802610976344984039173763714394085080742691555274949882966695077875695688190472096761491878505021790020411220926955484764339381240411081781120913164649092364739711722645524187697194873571792099029014171226080133
772 9476078583702465924054598934421811018023098442540548924341555861200406772199349526761543683273689720859208649121960675986261987893877740662071518508937963443766182650896613138488925369419021078819339782437554735145347099152785055040342182919691466760844354025051819543122992245217655743524366802110850985011245752902290026010954259552592591673988646258317135714744836832723528005271063265968809406117165425166485919033204069061470182847994422467320278183252287245331961576699
773 39087738386457637527990874133307802901973588028279243004784287431917773896585806126810102070639139407499018789016244665785684437211348309715480072559220063360443307277378922418898446407406522977071295167700272186906872961608102322005122576208695847483322281726084356658854305116173991947243412531695508560047388448723843574481417861683628232160933091167972226267152015801180252245026942574487113760152739323395551338198924506582730999332010109716765301470035366624378989904583
774 161232442161871170762201878172068025666262898023027140661490938582419121313111731530589271504361065758202065804120150039143787392762747705938132743774596086830097849787993275733666020204250271860554241821782019237285737897162440516314995994327641333067244843490585746573318260019945545184970588140722723739817688997897898390546469954895729139373527487946449030739772859215002683074409304885154783624564560476922361973644172615968948889127659466944634340479195695714505469034765
775 665065349866537388728689188952736283530978983235306707802064930039193445604634033195644100721536022998588864707252923470388310032474583652143868010639728483793302341127558799076584676485569568261649582889953239665759130351952294277184422187679878246230612947638323703865881360705520861200077031490364701549295652934510857084645389162161359606307065750437134077796753778995743928532122035583168629446176650380752027394709206832335586190146659132560662107020313574991736942890245
776 2743318364855105450620976885716397553986231654907695485860182083875357355938476252059545470249226878937559487055099354589125658648238385695082644641215069895282420599743470627202207833331715498953009983046194433526508513381755412981042439592629762623023052070591711848719135092609681006090791889038790512816905523838493639580165190880173911100279924307359040889392483943595617892712843562068855073888965683353139368876083150932145831651050275777753752165620379262432695260786579
777 11315873924963216849688192975474190448143379806820034369919811388375784626732315578372647438709721407232422681319410041748603369839902631020598181087950815891262789040525454756418083969403931020352581031431166935297221708084649065168724188569543646072188331543023999605595785211104353795193303411364081305337282370292689618624213212773065545728679708003980399573887143834948210133234677674088279357752910262839464778951753465328981015016092443309686402088543439233293507047967031
778 46676683364974898071916370409707686779497792915717219549935297777300108971658470499158847023645040461870072482918233674642762517942899742473187632971738876492746972079590172054721374357976300443840034942990955695383877085016447085101570349495444590419315152347411062863370513215616054464463851471514386331067443699140230399907727263648113374802384624822406371029347551725396970568587310187255635246008253433949494429893678598583398719335126730751378036305753509045623249566874213
779 192535970655152598236111720842872142458162088159873521597940638329825505801489245070888944592791429496837593638882146031141402124315024829523183423692476182071685836159399201720899165734645701797806700837302600849779713021386926579612920707366062482503402836791484827361639567888349209640867125519344045603973246119176623939094791885605171222737658358678887801912492382849344856622158231298973110194007992631931163760774301557798284229054498814759691042980316716890921114793890725
780 794188818135658857316986867830247875715859385941571237201858228319850562924150819625969330517391315634755601675807997715711164275523193798524724965565741972996964738636136069425481869357751245594361676229339025223908285754394855273215804801820607228288549836427302373098737214346804185437545746726162406136285863435261346919038468380522667174295658643529996779531542795452879976790750880034971517306534403435995219915087377899118573605520937103170769404049933498142720694646503051
781 3275937876467838231360226451344448271762604046094724031305502956054627539554775582576448572615066611112119855376277669544700534190522000538675708020011966321074050846544763135313383894449698083287573335868676790354645101868933453502272999215657602214818971877805872194029847398844333842462122409480964897486981812461941550815433210880399613170315523683154062177979968461210070822647987131064347908928129099508013054561336455957105781212467993765940012586568543691370557394246154503
782 13512868382696706586285669231522296677849951394000720319227988775878709709540274659789985731792074901089559835903154383832230496788981146294181190198228654893149796452496390207237219115687252175149041618029440984942929267187354816123081960249718891122557631674067821494494847673947441136004301133611333904876266621044674302302581728130910777410082436658788469887626431874594473554138382941694416932631034816204185110638884598611945129997283914537411437664363474829843108042043339613
783 55739033770983346861868929641773139231730690850214462833813741602929765251867572582484452838748583584200847995637279209442200192795400198118351018881795101947679307179258051825411296618483204292695016455527762679678545599109563007448169230610891952248472398901222553425811763665940490015604235450473975704719476569770116066187683186642997388462053953031247948169422610368682205085620017137772072604839199557452763057286700094606649153990561777709244224435922576014457548173126506853
784 229917127713694417571040934895925957061247506702669123591871949275488515637901013824574899941556276015668712107699715882511630199589537937690233849685385130041718923476439071238255637800720673179353960768403138122947821459887739938911212884261971495686809283523346290809682207540020733513496998116545306928780209275201255465422448052942101104917667201417472138209356936426903152251322477230654011534131574846999211230663012065124330183534595037842508310234916691504932185946057058019
785 948381807860367603973461330762432374121020814872889516562845561153126408384391078561204081141389537844696576754629833971824259997575589656290924037226878312328255408180021556363959409589991392659812776293081433201583972904285813130846856847159340152750594269646472073675550898478128541797583625649432535610087780428485789323272311942149580253312557885383559561231597492327105866982633160176999284876103429313041237758660979157880079628134374100004454590046862392374500075873268059703
786 3911966291613198139741148398662109175081869384493798264175626710682134618671730182904422318829617260226053323134944493350924269804301096166617227960829308175459381941838009193043270682923719835233215033029673345569926621878811866447402301811677548202192241564306789478660262274120653920672623029813327497959692377849604180626136329448254427341243790836889214486796901684997962210010615083663107005828866892984258636150733528507431350388090967882441838221550521108974017393092876283125
787 16136412718885771327795973055619017160326003339442744326081608505330687851795509782529743556576746026717572445079008375610498078815600898447379368181173340754082345328579180186060530865683429387233964986874968539235394817499757799042633638325345589970145941959826937406697235579880702757461081748669651913591296873276500000896972733629283087408452386830105473232000490359465148402522448540368119285123307851556077359900269069057356820813429055554086790855779113445260705276352659076165
788 66560853551435548242978117959613313068143841112518996535376369609698633209084987155900988382853822291406949949941718327849268065071553510643552852611068914567132252439794686824557475326477454598849449427943384636108337946069271436356243141418741227777274820864321594958098102796687207866921782773193070081104704310098632605567482640081087616468428222386543988292335668138204344086135142924781585576569891440582485600234487846421098474385538441898780092464573250105267838346756976468379
789 274555894341401568020226148096748051082737629020531133939235833522760951450791998040324852450332800671893265598575992700305721799493212748688356322703790382671692591204081909098203890805745808112165332632589160392528893358019219811572801600376955404674860742288499738281769122218388226383802966781815277242090729357971822061914630635057124698599677694702502997427749359542286600327041790072168247579745139827917502488536753397726888017579400887384323484270971071648384023877194812383431
790 1132511605479270277668290764235367483078442350515758043640156486690081063308661959752140911071031532925544867454087672377851159105413202708502219407063883763745737926598963962845251976818093828273042849984550089127753121743146635084562182266275871666536425906098666673271780120510478707887211486403114875222285027995432920851432059713051020236050234227536345031539332125588420448589257406132718337325303835049140340834580963299213936903076283880327900447836899309808282523302830907849773
791 4671480609155611582207432969118991357260219348858525315429109041063687938267269862737086519968751287791258835515043245556011822091002916561410128245737187608520379792720348386830096847425166212006637833714902747631324704438467217277109044382642959615266014724954523241452693398666928642198805346847888637969021432719506240256507904207099030409863758160074795147000406525619559706511801128753478425727820697143313894626391630901740438681113459524898365090689421810670978440395004490845765
792 19269322253418913470457570344517836809953844487908797037478120983899310913476157414619837286045371082746793678317108669201287003870438443456766019744605053432483871915072193691969231584907267060075263519578982758867994152780977064569852756596093799318250763321339760162519015470741416823914826940231038872614189300157514237753634415271332892478305911478430519624685459508982086073982378341002295545077096343966560914363073980110721915592371320205152713842052644409195428237128459246465971
793 79483746411872724908701132818719603630918712599462197378061280003280769465554575601712153842008172552927343813875302577605457519361930284971469768410029633810964391599811195229016519233418046795761606212061733604847795072076082205387395706234466413555196216198116230544985195040611638522083690134965814377981208577358697349568181445866328559850986935618724183582663580310371063105262799680497223931385598402911276870409525624746200227244446172584853419563226200827836126342303179661010103
794 327861346682598589940847235681158268619108256188040535918865022914895012899159920095994279614140558718873651262788232488511093437136153750219824836893249213459300678728876277834375114823729121819108412700396111682996525032208371451565217492768673534308503598663895635859554408835854113627851976786398519108600980744153291155513344390322449071062526137633177663661338967699227219082009974805484234419163848561325040606748393217292041947207929091494769661913578604099197976725551168908814853
795 1352390488635429257731174934854317004487444048375806746978565129695062199235241941156449597726479665262928361508394015193247257260165668398937237076493816380783199362685171919182578515358519999952044729974488214819097906895347613882508560164116972952152709084211019253658164799442545259385661943400097813067156752953656833496114290176613459059144479663194573798978648532089315767285337942220429570517886799960278317468676950533692924184891419898153626639533435328406237176770250936803337573
796 5578455808400570171048144709460987079307047024492343129077002981688582270909018533518368362836042874664732409668613688106289207439074966776025833606048455468970169346269941564106656137790973028035764120174225503749692562469446662570824666736767632515808947503111740189402243216524811874126332370116858142621265575404063230440834142205043628187938470919174024492410605935435748162012836144326208068627939851596615756740637144102571338232284716338939569380920867516068474431121948556800144939
797 23010491028872512762042059301335948784477415633969098191448847010619601257072996235037934489842370046484110697657272302641381900142193228002600921826901139829745275390307185619940452836874953868456884385270598006451875106708717521262676792125650155946771491899330188739548028847870084528635287470294733345335017093081603172948424170216143073668773311064624316441298394338433853977172662569914293376191318509224091263217728740509394193219614427070922364839389748184481738947806942826186287623
798 94915638946619762703754032045096148208241821463617122400915260764776862900730519591357207126752563730075318477280914868285322293487516541988555046760665382026384872182128340205503310454573748501959212201307641099918997175513621519856514714911134310398589496932010456640278029009120059469896158364495595897827020441823162255242302242716389004744742755851282142659646886224992532536132810539542522432357440288572424174674198205072762262740959584826321775459412989597182955868809217987938620285
799 391516135198550423234961898062798567458830607439452901536955884106349888318177037533430026271180539217455919787443704399570092659214109462404769441657465756997344425426280663313740382379588001820222204950152711398628478683824310275547086318296652132509511584621148534921855658451300698659967256188043400651400567709566125733035964856671611836271867392631404838095064727367532487797678232439431966968365199960320556448433247272595300567718883333698330327915199971541076613560799917664340478885
800 1614959197683076430119517505693618520474609419953490532165841103168937213659292677255001443231789980506930776231741187861282929130059567935602430969736726130356272023106636622220583934299175848045934263231377290681529161697393427579519506403846442528543092851617944218848604605118582685052494608176079731812759257093924458841489313328970550202494665704247652862157309007018254775772500415157441803553435603111406467441971729814435176147177264065477798357441433379392525932216395002992927960579
801 6661521648037616618305523856747080352940784644326180785398489775252545017153886707370721384944835333785028387759846626108131164592477348120837383227083039514369662773488570471785069498667143897000040833473046591924907131122370777553912082503860153625884703997228904497035718020907391319930153372163371136106783555201617636588508613687121034636761044697919452001405006982990566525815414271990114136317392731828801577866971770120190480630946020425956880206762107509916814430688761493660175080631
802 27478013519436442056871689136556342797320086782379307870685888435966417505638485431671026930468770237212132487696240283494667402181540741494142424994753952673840234266208357182733381164208575432405653187223258235583900728819227917244073663782693752767062885671291265137147765371845546567453173584453477474937092342481262753729451838364111465076995109710662651191587207484245455903438801038239034414886276130505971666012992315750006497535523579101908658528659463475977630427849841142304947325333
803 113343657330417231985553245391585214501271912933936431203810361312780340612389243079544826220356336321619696786081325384364234915058521178226202221266625397949018055792108725958277426286903093930530785055903324952897451723004495591371167724826942279637050060979158076607929570298052412219637858493625121572229634410938819733823337340485625794539752152132074751043439218905935880588025617594631368188755626047629875307034997573491346118478685808702635917606517094655042284277655336056894108460805
804 467529599545030136762473622989403040096526169229472671115130354136582689920887684335108889042004444856120862856501848568735344733230670758157276543607089465441173131887666120072272947314486663360528711743890464863323893358592468727620920398082742564063493721593465762574794610522240412806144300814627221491642062875833306415845783972932372573962481628843122751362534069142007845203910442872784278897273994857367869738419039069475010010188374773060538568541203627076313138677093662382561031007291
805 1928506028471664894921704359076084689292736416287068499922960000987178265284663009556638328527436575271678883236696239092316279043618122727867023545705475354366030114810356491881902453216432596507834325657018667935025223699735914667366701989592525030356899176010438596632812481643322970309308714583227052588923701229309519889747569555486893160235688448083240454110401080505476349596789787009290414948079053216089410928685169219891373164161137742740972874714012676008339578130330303302528337839303
806 7954866398770855252478184568510571368264928008509873808399349635459735069834761236402572550711038073299597002231124154169271991077586119313172966283895740087007257479544874635683327907606410861530804444260158486697629884711527136214345392906798958126216990303676903995890185396499427469604103442160285188702877598971193746507189387513908693625825731116911935065717259953352041482415018355720683202312078955626465762839089720802057810429875554126619158232184220141799586882643104203478886165442893
807 32812912424465025631309495387139564082159396111867618391290097834552953164781932586496710753287579978757825166448189158631933553887501258464244335594074256771512713769214522794470668189013102715909994679209871684998896975828659522069506432820622872407097872947531123055043964846596552023113433881595113364417149971362417893086813551665256922515613649658044735214254372755629626588849042324146454666401846886007216722808205974289172594863286604703096528666368485989054060831348559792452950937596293
808 135349504039687627987872757398916658318317039623406210373713820971697191198393165563276138906806484837787539901550488310512373648540354907714416261568781816464326052326782252829802195757225956532155114509785607890823167340626693395157637720210105397693894683741780519022800419819598989621439221539374284541193630081962246279074948455063962597367808952852924395014513948814859595138617608078287921038023308393223153832214543279518965443554699697453523327148230138745999151051776682766685633240149459
809 558301195785673827077844155845785054618897698588472712269346682450422247818685072366796121279091443183308790768187894092342884165893748650695563449301410042454802408117253784842312795402704107121468843829831986274896306568912378830271366527847446546930242627307299391154465273331993655569662113154771681151785915101269015516372228596893289924735197998835918445140875648108363924178489437925856772413870922547646900525988199650760918748222334286263951520794920600689451491273169082452237711567308343
810 2302928462333452885036630390007777748629589041753561822668520355104280276143569589857467202516597097613507052641405686362620043204340346993568181387586273472740510257257368346610112040990016179586210500470693809620410599664618889672104090965958645840600669447075915837530573583454380507853860806395270782419502990544313472558390235739306608451277373648880508705149507795737056038674877275133422101360703304811796322490550929933984295246717463633103136352995175569525696994481755892990730577634190245
811 9499316037040110111248620201079062732500619786355907582196000460924148969996177100670112653531866863961761921530709662921798309686174426809539456476508940300488191332493162665623156567848316912402000616693036008974892370546134550728372454951261819113945131048127401703231158767510317707742226895657106241747410617114598413191783274643991798535109074688652104475709878933426868888600763322302969335780637525008385882823762832827660168847982789423769450278479162601300241167096639288881788755623770405
812 39183590218922545675875422882632458569394272790000246726913828833900031660490907847804325574085881667093937157227868549865127513617250556930334880395019214589783670770995511439418112721577875614951275279583173872970187468711332334925051177715311029202520708384970923868146278106831664027683444162714152387105573628800169094292778877121487222742243276405817089717707272233227803744720951688493585899655511559750046052733625861943103133142203952755653034425321984773347758680321974883613410176994655179
813 161627819988063387044677050951593341512818532862849770844514275086315715059672669312172480544842199337110496445159372489657068277746495960543742615281413251714141853901960471730075383372179787013034680734084343881614821046062226111084368983880588644242826625693859265500755124027928212802768281933723174225330699151226647845246118311651327472601527433014159445936239952274863971790134815526010468731681277154384977448777164420732104110923363673180175315273776750555639881899421027037353968308334010631
814 666696238097095873632086386286847699155667164668687514940578928257314593959189230895154022446390945287612399094803939182649804005230885545486226428567654340845374703713851073028473333074600389842285996982534477381479686911867967677805782203335141967945936949064153182464704456683523879823272118106292636804933548999477563648893685574438813516078134859085150664511247323465829953128058687147929522154819345127273184082194757879216199239139693066628815394963470661793306803943812804455265705899083156893
815 2750045591938601790221271750333719220996698645957599337153002330447774027575447777197179919182234217153372218509919392120526029271435537028627978568761992185916073327215373740965132490227425595152276118105055905661593193756111432152457395441790534457621533005180530147623280394548360404040489866033465416670853747891536564252235302855163607091429580316543127924545814701671728176812927660740741385551647634543977621672088944213710694801197728034184130826277015428182171580314028295091189971550677327845
816 11343622965875376260427819285718537900116824682773385321863559699875779274141635001059528738085643415226880280244162762685439784535480041738910655473052796581081384304771425093428852527239943196425321107934589412264622819844189244065466626002736102509946415718398555241956315786821109070379695018372707955037687142263170524967342660371790586936593401259229343470822026225603014716799499699058874126898047328994413715872996205892594770222083877857004988069523978873410713361401083930745317655485124447011
817 46791144979245915084668376120634175423152663047713765594726083273436261936223609319644986826632025987485668541296962564496985559402893932893298147603837869828550861138873371968623595933037997601168988555878344599957125099309132473058712335046064660561515321980646444750519134628465748925912725703311711963211735218945263536823818573193448327805646915635290200478811424957152127137754809082680378848834198260267086116999684252025657377211253853328946452314445989598238411418030738409161929181693008802103
818 193008111698981833018658780267587801150734079581713249026461888132725278963885176725245116206249278930862810008412174236432329963604184699254847288750880291523452682205834165485992971278937082410796723095237856000769936829568496271995401175303413675840764637630623273948786293511587383965949618099552624974542920522261151543758146347435256683976321903167303889536976096650868066914192880708298906751131545100974802940527555325567802889464703835104422535674753906410000015872895980977210654439155804999733
819 796136345843422494638447858619548304225855332009019991056846516404585819243481046218506394175457854880483148014457333984855425844748672646434865991661253442760198821352667183725737775994306440851505238720960589778507626777894739072909383784254247158904681041066342430061751677101173066648951808064776795951308043023463528661921718642190893889837747725786047071685071759109418365360927332517758257599564284006177470447363913142511679394625901438032626618874413657491417048186812494456513911627345979907013
820 3283971205114179981403113462504512667207850081522365682064395787204196032065362142959980719254816646477824064983647585046860062223793087419207714960188218322907146245338756156451696883390086850614479700867323525914886193742529187617515511642228272990336458157934700104694754732659348152709931398952036384853351622178224739117797383769811935587716018975040911775319640283174237274082392592613971179451720284605150512495983839391563205713545801880577036106543516557179191385784084481984942442585153707023579
821 13546004942902178754213584148102423370755787498935056221261505888955919389577159264607939038782225882930053787932223325699431014812712652924756031254912366151341878438296023478560539366996779678487830595999778981436512528088874496998980628002560511768568984397543896300943198020715390909556778167673817085415628690691840182045594961026568122872749179819615086393889680698504631327862111941557045161904182332224829914550244160057628896469879701290131925973698972073388182559577358460441862373089649198001863
822 55875718285036050008980554337675109541779289413244550584996726310218701951887037108954724086032804468437072920683626219874873269785146353825362107996515176042754262355817515703242378799388592682862791607424518272103921052542237697467619256083961825746803033665977600448344043461318565657639140453517751134613250298898658409976333790591702639299037242801929163207508219558973925854808985693806635311869321045492115229802232653337055432803812804165039486763590577535749087527719893334839364111689058539217005
823 230480935672818018827329574573793836203457244988868527197119619555422335132994583414506873944403810463722697340699433035105203969505711893387789033320596633676544635370888573978626660797770976708710037623963205018022424350772766911634426629053951268775108202745584897884929862400670957234693477183840748854161926641930024343715335355853754808893466113077249915673283278368051860198933269531555644050478025944982989808767207094622724216258039314189135800814974249102026149898888762835829433934675575940822725
824 950707451090503767809871684336645607614096694370848546930952192753996203704711052237766341786083594557467754707616911708896827118182568621527006178769076978446249046962779764660627943256478940160727280911277780381320593399455556350007364516294645877310097875853229399386177097022571612777299492853533112380429699485235075420746485291953585629127403335471698653112861971634172103994817839936915121189973060160974414635770572711712694504896210658341318838076089629797077322004120227757273375104212063906504179
825 3921559303464760990048855203245026047576285443645773613750934937950969746048064718147662792916672579756719570329799827430942765902665693671845089532403874195376032298510372601214653676224909551985893578054225289999096955843510516916728646182064611126521893638826547294532950163568320277028613167690937696106654223985073009206748608942484692046805004969360186201709714725786792424468586657891602858186631624497896417892245032634799391370235256339224332179592151613218837262859929887195244206128145714488405431
826 16175982793603911690350633348169162125512323978976205947540452705447030517630980757999403765563966292656900641345417355362457482789833919522131786241743380492597288970262493021561989326560575194686881517880252530341663568071952090193653095986445187845847456025668248781748118026494510806422365209249602399098722742141667063560310250350184844198560490986757943628605154318045238081471297932440215265835543506262594106587216289061664811553321157386860375954814747584468374073646062250866591331747443769978480453
827 66724075575699400215831645227248383334397387970808900310050841374231099409162565645669745171600370561269386626296235425462979042825636234517318222141839242208872690085634785158141355095954252450411965087752679850603110041332407764991326301095256070755291521989793083622753068075501220277163475018982281067740685793581271112606496639759316897582792162245448563409904608054699400542364142707778633679148859529226324014969569043458033248573727464569983198322698962691498178913435938435147062782909496666589318885
828 275229166489471990573579503850672643367949304974920259960241948326469488662185113904383058866132103378221008005870759402352488122287047470247714495744292600937335984715780888451698102357927765892362954712782521352755909821714562116325501008003340248613969756707187488683694490001362751361019038949796851277848157468496605495572799591502483050436119130029831824864804157085269255401990695447771544266057718374172097330681002397624199023107760502988344504886426295124023415201669956217064354051129139007358945131
829 1135288775946379539129448393933600632555169959912537528255937729269214993022641059747203173105000851488839617367088438324148016566394158276463912632635522884973022051008233352921809785874544165630490020903122260200943422192046752049906024141135726689519475636767206540794034792027963204108394900399670481380935870183284358967777074505068879410930147700391259975611910927759685945987384328633984380211708646013389525124519146055831499717898127161749640465958774648018655091572823638801671296323931165156068138503
830 4682936119123591346659709789130578406919834368683452572363891182654867261934424221601856260942934768211040704221632041848018596302212408107068728582002705656411678808577444729822654535664195923513499108149766202455323378507236754785966944970355734865181289259796427484614327521962213127240271690510514214666110266614471499141468104332259366898991125607103974600492638652014614238266799724568151797754594583369277549798818448534034131397552814220846939972076126961815647423666092634553455413781034806298452861373
831 19316574919461800944621128542754568973498608824696507297791018563235745063435967718345862099144475717576560418241875086911517425530669695764243397969157760308745065315886450495309031723815472327899760544076622027316725116577564646961122802006551985653016693162538541501883955899874090210347443584542133637489680621704177144542503892651101380906022411868747494727852857221647604388250601836011048482697971542742155529658430935396719627261893863039160711344490429905033197955833854264581364243345812112335161693733
832 79678658245078036046885327172281653035803929747644406707016089977059417529633012975490898311310835935539603142454955512845792265292102874611114495193362701121445895970106780005215161859176996903851561242650009791320337000433401838530646104714292224098209110636416180410562081537402647560413256227879707801862961013064611359375929525926527131701220477681311433560680245683085659899294438411344376968123063462311120618183503898009249641009332012053990504418120297285911129063855862415275569794516420925326963359299
833 328665335661526762438843017653620024302874659077907228981127596106163680658099171177105742822501949923312891579618433054598649294094656377994563921578603153481705291579158681056524370089195068096279007298377128787687426361296698491511773330923009412315490557188610408174903627005560254197519925115039936415609304140733679583763285787692691173912922071379785279769588562649961015508894756032252252759681036225248082902794809630365649928504116282813428849072819365125046419363925118656576732593849426201046109408183
834 1355706851052261483913015140701252612300305348409880308035944437275242650035157762247222145403029684193638048624444937557417354590609388995060883385569459794430776931654968603240694578768326324633168069348005280887436592212465066510655493824393225902054137953065780730106408677759895483929798069518955186189320816332590975405344064891395089065540863939462957563183328781839634513158372258868331291041451265277819141170045880548678410100502009417229384478020416897976030410607888628512419771683222501504841077604565
835 5592135423380416625997132926114067167432488193222139647710873165253015445739464194215012527811999014826785879792488272258576483125948006609015868473469716928961921226258819534008872361444146372821248162205098232754793121210290160857072456419067328572335624148178900967779414174970336894795885690735101265569166647444968358486387686301419993172673936873868992665381543198642327748343794914682888662989239970411902406346611324029060791048493489927622985752318246362457345803667767907875704679737706590369756493107845
836 23066917873250874463023860809850281233424508803142624440917181906074977071676816196753060771006021843654155784635161160482525988506212102675135229436291121203315051253531929377163135284366521679725602703571643954331234224331032312955921772838816521366765653431404163784874258123630122554718300982229280375634768797830997050183368238521689679408410767292179357665170324451109023475515762405535381437479049074474932600750901557404190274437467736562094469789147763617555320786551110022702085025446350010581774831219579
837 95148393214279391510266545884112686876529912708972876795307711915002438432376413456732811321030027021056132921084243039073845727969577639319435019447495282153360572377076599836180024341373580442457322837795663488304856834109489279659448560125546962235289961967663994647063629313971036145809493480614312395729600206103774608409172510605388532675235278163660508199696183439399152624090100019087751830822533737755994527010125792548465068597360417341542095952868467036726568128656430741659205238156661629687173662777031
838 392476219883607607252095778494072894404679183252589852326726283235578699909703541635254280999502131898225115709387156772260755934132626646734843570279332815958833498309320689653865487926972550703912397730344101442041075318348409109879571100502869713163254253005702340437569947029573593348364503523216327427414836327356158766847282908340403823764004006199083405133191971811420978475188572652520611434790704084675105896098182079539928966729922426073016882095985139039546901693841297173587496618597583348590956496112013
839 1618919437002208071592601938240703702028397628113047037220378481045167283927836947604243813777026510926648284189362547807151817487487660020908538841692244303582064463107295499697315705480530739898655708352028781347806689658841061093265889416459392772154775667127665028827594901185005164429830905609021061354119407919866415575431567666923624468914429768375635413402123421782865019573812865818099434695027251927506552909901050995899800386642114648509420684758513495959803533330919399390605021661654295002887449984785925
840 6677857181463881110601970439688662328765209870286832247617624783586242958756298505138763913465548121562705986624668861922720334428144111451730128898153319465980370205984349488770768261166348349413620585462867899856658120285493674923624231646089346877311776997581034466453822293141652178776069138998071948052433267594614271851755208554824124634071252523374304042342293292064082751522259835886742846553254644319189328481682134478042200376103660185427615429224302188805307898760206033252689172788901440100766409109701651
841 27545395723090517299496292140007207228279878742755196323037425048918981719133623884888790905640214733381021999269263681953511643331798852534359367293746856535585878290426052075472657774291979036145313254742812177890357020164118942568003673799811040855075375151440398213767744179692466692837378454554876198709022805643611185448757836069539315357671431849474684772504912646416354068712475064060029598038464421034913655044433224748988743957596910538073848637463751973101941324984060938054186719580064888708771173431368503
842 113621601199821534165401935123236083837827929585081523465326568017171835267435120149485439908472354033233497415322998494122463272780364201547350520389756257001159754441473966791266767947373203014197562187730059048722472821624287323009107148012414724753303726269087297263869609209541508621265921145999534620180285674329326182495923417499134137126928120384521772305557697034163768987224534360490662369317057824603830842839612931482197575433207073040704168609562283089293466132034610986688226007785852404930076202865603813
843 468676086159448891739900091753574217922061177342507625689108447550433836871361507472553022712598534623189599687311919934597924065596967435820301191056465245608264155644353220262998193041452094394108320834737312573066932066090280884757183802557291246113666726232627518336338536431575196820348924760556870783325298967771687371728941088956427614597241408340813165910051114198943264514566092834249193382200186430811858369439520681721694644938217882330035292217264279952665190055602092818301712405145671628227543166674380453
844 1933235154391436066526009717857518541069512881469601633575685508121069219314613902269919948947586063059229852166032150868607136248504636239759836550028123526363044620438034743692314224564597622518340219017193684985209487045657172976901835010641957627497819880896716574181688266576457362516986863279117265356063435934128853298514172101185765964800550890048825066400752328537104118908063955569367376702040874705781437010508829208870998667270884781284697640203691898953750343704474860383786702189208409140422706522700388619
845 7974373501325550089513135092937176214524456844050751113061197344000367043594946876253261938685998078793642013520794526420781542514054783991764946350389446837058123128513544261449721555405096178439074072528051934416459934605470398146346309549100292306598338797281319220535352384318321629645764535585026862967218471355628448200793782658701223199545588727767069886901945034279032202172372846390737375451729569604729944725795611654241294163155342861387417515812907309589079632609432312380072069146407603380058216851744727303
846 32893376987374738641098749906099074963323217902987590834442257989021669719951678392337861658266381308987418706874586416682537458173529837335179019569472980383379008823203505348965204060102078147486419867459926797504915361335358203792772705601928544361663841617556738419650420730986593487459347156098110975658286723421099271358231420558077803533788422984435478282188430237255346398568423155463818491744558780263077499174812234462392786030015820462174297119020792577404738494030999924267471553964547479404200487596330536925
847 135681411142041632520856115281618438985678302693061911183678858283844907484772432641064868673856351188624857136687075891413717102711164860852961351528225121317848069180451496169925909346684213523348073104333371754465702405855588867363633461935530554498258065505714839750773658775111780854449179433419236234888238493171767827036691120688640905405098178885411332882854161326226209558629937557107276589025882941245477067404026891086070440948676855147515210711488693821300532921324482288682384880626180702716014754191666097765
848 559670274552890168545496940846698478476987514987133733343035296436400565571851515204090812476319789905899563226581300929495842783990079712763494532981594571980655039287982401505769398336028739884000564139737309946534805115546772876954613934245850177741499426045853458981674351062797073645964535818605002189276803753396913683103408337995238978755089961070546670039801185473602120228743427691111450096944631406035525879339328575498191961498412555329460304933349753243428710914110064454236866938176455083508143070659505473379
849 2308575755378852829420646378856214202966981926835621662886935528051403830332275136672752395262602748194248272629263106776032013322324424037236581444315657448473710208685974091495073094570595016764377489928362757945595092145371963967596543787715074176740928086454015198838170221564326888463388628395643023040678880059917224016733861631553441213357881177198727056477682042746123997676466802010625439993315291004861425586411716724154052714882295435541007836206846121640205899589702740257094909525402906077940186061637026917431
850 9522610473784218221186370225708318412373558616943496562523419692074326071931407196612970656179018080305642939470259576250796461867865446140003897607187774123239799735670975775146209957925040379894814377644521598219983768885323451012613522161235085775708695640850484574832807919769881065790620690534338621882215847006722274095965472622831722021376418312094632230184821033805645691817350760619398656892154029542990274090178141689942261939130240587198461228337756852161651243430272060905251735278535717989836857808824280947573
851 39279677101409945377075133399996090895507241364635340446294543703475906986914200892716453395026035489605020904057138809920226175225806049171725182807103564797471599072793912389068374129598699056575633872226974530932460557455572222264141404564163716924092711797764246580206053198518257004333942318895787506190988660580012493034388935446889851341353374503436162637137363807021502524488382989105997167368042146364751470188445626332926716548406432673675932139691174023799953451482570854969628116763192867870271331155615139760965
852 162024167368666294070645611067980253588468560221813615021927723449875146358923660494133279445757954542337230010440288602379637136126440794752431465946970718416178775609474677148429560287178646572668594886695694206058635814416868412133986052842459805118597686658999440497980680270714255306199612709326202600564812729206937798200053491147284244960074153971441828665778912176399407794417949113022136446377692032992273303671137213573341022702991380410820174114688760704081053250181150000269574383280501377315041810308010786156571
853 668331125628506685217284837220500468424634365018002807408958598118827840278746028476023629865699817498342655066877774066937181795995838335901443251380610890215707102039350669432494195362463204587460384663720708158727036277352398968774858571611532765847066067152061039422463158441835516097551151775131920664685807883394319137642671954790363387138897153765014212839883370445007842318525477919955745639094502219247864136692638197246406283482111473142559706141770703135800863965346626734237422179328126941150764856770009722492103
854 2756789315679873144185634693149989945495991537564554163765173028518234693500079372612794892118505153556497808469837107250287911969658182040014754105855207149684063985621289530100269593477834066809358865797124577779101859808915319842705137530160263434658676531671715105027421207641019805687736335172062310246926066941624189362701963439414958090832956020024626354751037666342387772019543094814633124668019616617254226910064798749893112723534624407633707134402389225199684602208602515227280006867066623406177558575076819396603053
855 11371440053610666673818532387684499743231663394832592232425795265292016321561216197938936639448204522639659428925345625863329555402375684906455596742907498052119605493305559435536713448699442178679558658078827630863017203884179941515327436586567666894244576820520922578536186628464486228236097267044728756451260450191477200992050418730155627260550572925920635974512476211461760114807861958952443971418417584622280225169609558769672175132214626342855747895521950082526377166299394387642818300881033617811230915536461265736591173
856 46905887278865526469025194569446987981573376386858917478650436893448644299187452107416494190179923609118450214037464062569731769987169244994034254574723977577731071754764825933382134997550676372352672728784993684913716602790930287966465166733207865479942851679451283340327241404615293686437023099800713494722596251940744355055618294450456740358757453416177141827121175771299412546613939974784497519063500950667879399315117757434089000685428906832771579304206648149033591539475486812330078366032544840768799691007381862897983539
857 193481410537713026261548041279172471778533185867139153819497196782050124131310865882379323615930888652000464668135527661641680811411736300802563106830092994063675764541122284108864714251946479534471531841624553214959679895430070453695777828459078601944698630474982625729790309831643621362608716995903458114847793324071206242489119669653152672513914474550579950573495103963974634757224535668461167798336382154059289368609950991006241952426861004858674650843543764228261374119784136606508571751277079734074074562415835078535319223
858 798088649322496298167580294910767875609242793065750348291787633491065108181308483241055915375007069171840990028728883457409795904829363078391375488409280957728194918932642843497767565107937710152879682779125551283026401776742852219718921607396386939470248219938339941102416107474260806680399696549325088441211248647842614923027996135602756175893314205766655672172076639204274431345896358730724280769572194397660476423415702603919712460128443673581758686887337804897026333686013244463078728769378796541442636109597799645566078085
859 3292024233269967165993818831783349998252357605356422712029346856959413268258169894631769996735599318121127524354976133366141400890754850124379996551317768869820993296762164006233170704688595967401284917500556770977237853796819618756638533924578210628865805806869439823458800256919456260711333456993602384890247595411560177224489867623163263895369656390784848355607559309238473535047582090641789295838498157843365436263642525891816913791569777885520166239784481687518299525784886140834163330096727176218307019618792269935003664485
860 13579222761326938909619759539485822925061606842757162888770180667764617932951366330003377255085542564352350158112362361598692037845025290974306235480020170448884816576899054300212720955358428620689076289098103528762058457173161186338881501648791072251044074186466133983478036515488798606800516090531927711772506043645940911336009227288949506412344110819804889193455323668230219302021775649960959128526892061463003642740765904189174883721553833205945074344338177026513701688585989534586714905653733341946522565459935209228510097579
861 56012737979932730208137696399905105947280299390253573570526494261035754783701018248163167186327755437186846176746967812846089960461197287864822187494579888749903869766493095520088519395906435029851830708334719783459418878935978659672726697304949725754101606112857295875166114103926129074552598426022663055097849272699638592722470784507755777192959471258471093785084700703750801880442891973024177248406922014900059054379874737440677023757528223362136946243362514183779053612756817790254865495172902950921512009239337507557911898631
862 231046126214517925410182907475539546717678089193058611746817463997988810531239099533392506006925365676857479816390281346250769077908304742184834992355704187708858309049347108368100457129606976805293829287435869120645258265323436587516511223019433554009718887024156437837224892417354402383588242880635375162383407943621374927776912630073646087393442683072119567622579007864756479753698179360774089530477583805376508987732979802168249151168527170883452526838219270386593317088043488413937850226151890793195956563179700699590150363133
863 953038797315350554029629807223091646967869442476973694780255988917461761042754683721726436703858133015912065126083368474651782196404365674655549685957356298687567472810083420392064906003617485009648995279881989208516335025883402637061008586085101797290889005836550779257109610742366141395304537767500308281086468959893256481158102850224441113942041981907339585888490084826316282291192058116198617113263473113480087719830262137735323860988529240484056904907563241677124918587758792376832836588472999439812293131038269887461493156005
864 3931175839516054681112426743568095922694595260320446243726788431145764345134855797923971918449702386866132047967229819619165717942603372865077389361195969604959320460756694598896183042352264046784186148990294386387791760610985089816415092172749941291665071698144644963115331107178966709815701197098591282176533585237795123666964382461955898988775691668184535723606369945762520005157580627879520203486717632229496741758294278878228190547607587686095406253981747208727534884213565022340759465589698082650602105068854105234320299189891
865 16215649902950533427658970966544396244310894305372641446193774785504541520519699676350829098488816949126725297362222084258813115811001247650595437146029826343107132697738167599240596161153459718535805932666187796518392860939176888727688354831045999855931738024366817756043984254623524175890932840400594686662453994023831001293461807437900744894257923288501243345068811852146883343414118210912731251999178834420714036777541418046311587749081825643098776867158113535814077821265931904911994998494961548455828800280095289425562389189303
866 66887697856687487283689050995299497606002433596857064638941375595329006905128145135883835438997253917341209107163951419705114616793799632118148038573400562380012716306089198155074437874958867950908111889095281594044330534315925839453046494324763737120810245783938814428777048904188331130588823483165969412264176623413332615878495406513109996337923300858374829932104637184697420814231669355298047977256906023685392713428799426788003893821957831777522399912799074868629596332101775057235073786392598277594292719927158723161646869635093
867 275904089650668373200190321460606194822931438172160007514505700304529040450762568624038227017578427844759297630083568123840940147100993030393032812717240136653239357000581571021745981576284403428599881191066725399920131476980910066907044147784601065755842577763832785544921517657018915278614824378867289771366093317201571217473514668566428932268399743385631491626274620699411526590025634376345882754053367664703291406976150567441870781941697977380997564010390918592877393381245902089170771212885958493531795469851021971603509269349893
868 1138072756653459913229132394904635484409106397674751811804576627242436085667139020279335085312333331398124949032773779746551248973575769258389088415150301456306755878912939147043577171857789562228236024788029807600688070720361212329625846375801076000432317080790536321096375151023016943893266255317833939124403641904171955483185630465903024235623006427823898309747065496278049760487505970438856116489472019013657130267778318860462863846090586090015315102220046522168511014214553519604094168640946509154809816998771056030724559168656059
869 4694419720551133051549341799088549137247352161677453125454929458083615369309062359469610897388917245602576675546850784270635706807816470799713090396171644837120237440040159762885905793257524916439727756564995392614583753289793907706504336662339377593243490409358100441072868023940710028590502198683871107444452307687062727918459045719152305882084578852964475070750327331442215726911586177421174252757427631671961027051231827155717318378660126673887213173064978857529662257575256430391077298203886798557582478025080928648178452204703943
870 19363943459556655373026118948337619643752652168040244298595283058967839482001863320909702220832845458118913055960009780581412195910639666396455384374402400531481226925072415056543708381735320421129947288665877927259182820925575023021829104729589384241894593562695272514298004211471819227698045401295583789359480686018019724722074784005379389899424522352910535609495825580648089614953799411370861362011075810372094655658753326348448395796847696830802172666459180115101405257753087436990061819030721786398076138159392726680231349448772045
871 79874048045470834717195552802629756743439748038488926696226908439470101125982237602549749610095632415281979001321342347103181992503223597868756451063480644050431633382503941694973584976483227476503044861652447486449938895551371575134569062829094762559957230498558117856072134567781953051596151293230538386633567767950797715840386920808863817008536655408958820889239498661478474665751771882026907467822786835133025389150688494828585173873869741817065273634461606273598261260158499139143136237044880925840267396665109723307654731662480005
872 329471296200337728138709646560679548343016939998641044832593057900681013247312689012169478866437540628041675710151677600452868752307901116272055007835981687058967285575007862310666236701153180494262671222145677087829770896551473508147096682721289679295236534738211543056440806434718211376901646176849995121004847142447085132246704375802530046169401986282816869024953165563677556824137714584636142727787367887560274158159043651351354454535006410751288840858175647494435125783236571132780452170802471892643980768769669762614493371689284179
873 1359031345927708436525981901148672710828002203696972617429408573924258475151229267009408260634180104011210855730008033187751832609913548730164065713658602591223338321832390560824551115017625308611293835172903399983250656839906115561679297584255074711257114182326013745053239351883711160103806645198039351291933994965703098795383054856008225221887295555834405225770060509754892522732395031397829755654950106764629932710469356447537106200420199991160616291734245836021135953877598608796284821282193324923620038195425003320405165519522072631
874 5605848583820229804808246145550110878168146258709553661157773536718774711600265281844703022182966691842321140627541125657253835206955648841190804960343430763851457306139562222218923526818687959986431922190454382047932520465073192604595148894083398999203778803045150287557253944833998945688935924382546323515473691469357884882098149958217703299701510898802520130326716207260290698422214296411901350411942221275813954221735092451842608908468066891759623460526235779031782418773314008039633464825486009735443598757139463597619845986452614693
875 23123483088807952199481547190227757126814553358537905172395316604997995295057665016363881391633171790124412066819869180615861435933120341862383175539360362272511232975240623725078912748890070787568496181490429573999321196907095938963765699795146091349481756325030191809169373518350270520105747050374524655111819066558240468059282245937273978328354535178478852009027019007668700202772976787876162871847144256092765201281091638952204832925222454736696532452122837657159395377404381498689257776242532420080106471686443518185655562721953963045
876 95381718247196621729682471104163793963770355285467229115880222808862238941528466813281412067447293644317547696447001781745195913719609918830395375690467674671449712563437276000885472292343720493037828977806365878078715994413644717336299352906157614974616575738513890034128269314467658705904310835484566241378881967770913559528461023995297166169345060501049117714894671218425306464049331385120893326490619032117614893925162935365587728208517485856224520685549094735627092020635642785204094927231229040208629409112063529699431765835224321611
877 393438658909953979508594939315782711225559681982987714313600660767009401637971001705800123617056412983709960571352794056282137420397648719501583068380544199430607168616710603284182954864627576839746948248334984322218320133631528423099772813631609753249540501672995451370567942886552907452345118543547696973596399554703178936408930042002027236406331755385070282607952271466849344662125873735535933476985735942011596868538273195510870527942356264378075368273266745041604198622400324623426370555516476561443736910620418709788142934089946020103
878 1622889387709396635365099133986839124612379976500342276025492232666903854903297143603754143752406601998908565848218439645642022723443964113111961298133923747848855921079798441687459466253073886276888629608165444018953354135125566531807859207842304445273815069780435311898061293823978747475073290908926304825540842053467148369045616700128858155137963011684372544128649719070485284707006872751512301490739274287978471965516072439504660174127497633895132928874370399587725095755428178281531061596812070445823364108220851332480692376751100475933
879 6694232773253147277509626533054811621747538877413422360183809145816900343368102642494253874491788233690709128571332549075359836486734285334288637509535303841483131427809029818032249875292235680961225808725384028641874304685306505115658610939188512304395567629317708918894556579553532579940829660508283783793002003833029945293534474794526865524619493681120462223692761805311939870562054701971343352786961595029690254942752237082798335768035311828246158042399650153921250397602841752179142427088302300264319934525279696980312048909423899280613
880 27612943162902077786386415387574520189151416122188056288133527494400486425099765710169169394485446710794325158990843047834517093829585808011263345199514050714920167295082496507248093057692761456442297968013031589942013932609088530148242757337333134156357004583705280084735151726265003252333701695854966046050356058276180571670365655794232265780803274225396080873683792397384546077630973933165813845684614182522716297999448474379676262190384032418123614361926437525189518288921994537751248028838988318380215628388098801834152602146266805558179
881 113900226649442665152325089815379214129128443413164962960666934658085038333960571195963423164928761872870192632838267861122144166358189589153118095711323659205466088765979418963649703173557133734176640421561179500372023326851409492645013921872836440039275955824577958634039040896965588094325489862110295358343344552830817935236905864571198212337556664559336040630170631956709153611671936689131574132543939776544598503009513989722494064181316446232950349632356659455503873361779963546621072419250631432893535719861233201651961072740988920561463
882 469825384214166443840667521582981753462170112020021063410433647835106839074205845209034354305216917734893677433201249394172374086288875593955158453025738079853818259503382112725782406001336825031226408036806981534146358630644113490496981222950301869704669692623381696783102202155020290469754001823279579911837730261933392422030920164489971384081790945100499318946980796613597280783194611285749423670286450098641729800151999959104055847379579193693432696806553775039362510940836165219877252851664909449425718638782472214481372795291374689242805
883 1937975877180304284942222345372157187599506059248873104026134471009711421780584420611762501596825539390856252047661579342142606323854520348951225217415247877190898792189342876852283141063518910946197676632763042457073429984209686394336453298999377650545240717150694185596977546064516743468674093763518682913593553484012026480019855210942619217103113896510541154670726233616329184589188433965797641122320511806066085107618616877379364929318865156170433908134718884562574880547280635350627587768232292593835979018214924455909147049613954066416325
884 7993928439636498253304906723440852075601937462189183553593637662557782449528622385264157514362661551552578300358171031040498511048990577811453823131264082270206481250728794782207615563908298201347663833724736792361696031913780040082552766575202139591807080649577002521902934304619156088155799397153133720849525255092319862471636529279118051827819133202023991856369544467165495711916604473770676839894480617769816873224607439489176527436292406925909267630080715994378654286406398779529145459086092816958982563271919703634814038848265213113785179
885 32974038867297964410480514195969601983082915683965565191579817825570627541746662271250323850437037910131382098613943204715791902347239080406856200836420100798309187276097757780231180584694038066274400195458096248835564840378041619743553557153907332278364223930211940879642510360231100515152363678729494406488019113329424691522504131998434883760216064814405509942254942509051117470689217106477006153359670082688050118405744374915877362979729334472420639034844475311998467004291203423027454918409273741530914794828328794566202556852092057143071431
886 136014132154467747325342518816574945632734588079553698111860640022820869772954102629041927912917162113296394190718620691219380907790237858740976176042113989709061432770741140149427771620557412644552869262291595702789808533457527146268094088592832713404173494936123377669279020653414524661827905924544073980974414601441994575601613346850972348434477164666624949316047862036137307225495096031747106171088519924909885176632347705397927249496572014503250955953189179473247372542476651200937709957186723197894969784548805032987805972157405533553238253
887 561042710605895957205240776015387680362817393077801990531835102591738541734505828016889720473380363260211802260772083907512318511410209359747853258742347895094141955857604728813527035939107092241790549577175005475271406910380590124650824378374833906711444042375551446512952724364650886986152388582599522888686627008912763268985684460844088173842486457076857323493707301719269354948836392285924077157924788546787957078485920317529233306093432578633605927587439761216230648601385010667720003828983980899192828806479709519247798367785183765128454085
888 2314236896843455647325344594486186463117838329022830529856041414738633781627484090154100162105564539333880839036579069911837071148736597136918676809338665368489010881648964539843073554207597705479166267180075425106204306494223804405384284487784353675693221216577905281961804897391555871576132732897483176722744884410434198268499342926230455276283990863345243223406367183895112492079462230962489402496068333946685613253764540225683105747910843660092833388233259273714173032939434287025762815436304099311604455420810985520846594329593956479780911731
889 9545962033670783051855934116326983641568701533010016713732279481500631928698533983375206513069804196369142370025651122172421841290776122189940608144012781389632062616911980607886965709528383088869349879772893514494509015820360753453651774152326583182675981918814925819021614272624045323967027508323444081817717335447765567191779829472063964582109495581124580318487080313227444708815695124072387474800021084483710639740279385809465801798743663189998437568614098497126428035274168856368895845659826931749820710920626041536658563741846198617145624503
890 39375999610314795940338599507763345668667009674907293403721489135557684412952608367621146773438020598290026714617639390786499799289020667177185402867905095136828977437581677513763882320442915876472984687117299472133697555954905637970689732340341018592974260807086505665022356539158435393471937989026060458216240972183670940497647291892798137257037000273689849850367273833366352617444569942680191147380303094787952258057910242828487846330698631262819371807514773739787423876833339691165906190417643864512501641490355732628985252561408383418106501573
891 162421486681243055518559642958407993390001063574593529268906153194254102017253999273551593282610757510861487550423050545494746896149385596624844865996955831199969950603940761583256347882884851183802956093881940552816890626651535696525642134538121950203186582714005137915187430634474675154702513998632719561237191455361580932645370311190795603057689514949193493273143441278902630194435050432868173259329096795742148445464391276672050975625716500921090258022206674908847777476728659046980994976457794191176618366040427001010906385328291819330009807333
892 669970022267945451910865303108741351945533860907261377051881542949572828624571537495077106877741442248997692176258539328420643701305010809296683650567702857157444654619520762631015342432925554433946109303099274654412242030920326917165954722188175653040368627825477205687728850531809045364347938966910050539529572122734463536695568877711852620323576068908214662305966878322521983977553381426008109235096648108789124760434916577897760145236077308567183528759113276380925677713199638166352094404929166765719333683810811653599293666390883263503854481899
893 2763549576532395271281343656377846709834802487853824450668989346721430047689634932518617727246700485310272202826221929077604322102791387499457208662531957069556090614206860457079789952973701237166641423932044440226198463638423032089248081558610142525178712572401740949336058119683393985825150393888220800802922998001932093198432351238252609809837919790034672442796276406902257860869759436251540227904955083041322742971088237102606115863908628472664185629443630232952975640575860532330057560215339173525028949818302962150150110545769008106509214731783
894 11399325355035040425999120642703312204504741685173372121190026623446784815348603269022444829299321868468363528380300154547848438320171789613875828568701619472981867210239081067783662458561960800732905892843513154453572315331309383881106996687552501853348845752004430727201586467996435638355544486522527814628747181219739674465134233208340700653559876199148517446944785623373748167067721025566432674336258786682595799753859082434978121649619158197381745530489220858375132685063184449392620345313370272483481896224941806252177923078810332050880693794365
895 47020910952136666071456095620973612823962701506732790181325332754609423651834904933618242830688505074685730931994905468612156787980868524336367155636203029247168670145924143202952409102355693331230372776699898508731663240901819913779344158864443798632493358324768509446766946290605518448518632462044511958238852578635421863985578146316191707183430272448812312905963485143752206561185536775665254706779796933554127692465654733686723082171913106645056800693882287113691655025402199053567834752658961929927517867350448563851663215528228569783024280945445
896 193955870010516914169260815813842070080685942736396883945153378948441619327308953138458180697559941196590742850707478170841266946038063111960430033788449822322544366565521932965433718962037331651321114151779018308927828351661742974819987469028107411332964853906274986615597255391051721460779773546924134045978311499757562944010582115996602309767605126414328424185206173384578058690070349255724371045645536354816461083674301542976658218609454327832280577047131108847235801505520259599003844235518539645143495465990130137358530564100186594969959388112579
897 800045740284134241896501117590935268737696989081973581719558795301482331330373510949406075962329626124111975278064217842881527695492777392950335633652599079591382401987533712929119960033381098335049017598128945435535832016886173045297080041601768440257655082445859594454752794918819533014926637676695992512894604215226194291097638143885919544946731025707828974752898607435316944987331491747429873540689424779454780427655142740723399713310492101579415617821428280785884595677356868550797971004106379965534535938861085500781429625771354285561100445807031
898 3300097009242780549612353094935635919383548496050825630460737894645152097345133187068845998885501435543667182098974538605143064152047435635089038257126440082193736634223808498276008740890850338329056438990895003033607829937402795328449619317706293575098598467040176345541074542485118816623449059329619080181079023203391496380429978398907897075187668684348019697384873632838341425517025242694113355794843641605527327409363563038496810907507596520859829446945079657763390874164143335695060058746626135647426603486733575012780922636129146597648312609449813
899 13612522037234222612007391865705794806110519087812482335672203615985207482056288352947873710109215485905599217972547415921771250411606393709385628594581459763721240205751723840102287485672707788348632545258150920952111495063173868409455582374370727917986119242794015003387856454077191356587163327901324045145254074029277053924796387507524303226162195510271250915921980792019526529675291764012434554628772918491931167897760791808757326906121969529354172251507484694144976489322889692133030517519573843264953958953815125277188059042087567486214432107381125
900 56150093677611402513848918322576944606350230869136807809710434767983017362909539576961528687397704126917840103433035766606465010407487455686730881368147080977895932653255636432826918763514919295053488584827240795970982146156325922875677788731985668366527765273324517170182994768956245176942249095581523275736306110890047323497420252141233270889942988674017365411566999586045813654243529315248991827228556466014342438145096444792079319105374490435117687217332161872771527640100988367125586186816708748776173367424271905119970299552936707971383840147360251
901 231612702729194271568178358966142301392744345572258062313592466898626972739004180286656296461929029122489625267506741405137345163737461345186131077552916903510917497550326652574857945057950684291904474006585324098768824419813671969255267498666900814233899983402011730993037686444931934431109261591568178987728320471182683355153617439274641592635558812837644673167420231870526098295615358539620175151953311499338246265659419444900080981512604738228105262226945972869704305301398556489245255147293156567074794221677435595731507411981576106176453167477922503
902 955375860519920043562547570455734560565106574982544092392735895130520493354813684017690967114895389645065142737514906555312303164534120049012483934390651775494123442443058799052054124023972240885974119520652235349142056835284666063077836618650847469466155460395783411135558027640529600188204968806051591136359079847562226636262297234224751034979853849004053556249403965484111153777354379945704823325784256626383465164987252640774888591343549504288830391622101083963298795867049434939840545740950187330545442336226384037491623829395065997704767645844288013
903 3940815957453651640790670804143926654440470183764160816265115177884742911432439837203497107546715179448914516010700296093173627801058966629862605052379229843531619402016050575917420603626809809245693974919539783903395087468639684375815258395806319355365466294438496341194903807469137844830044638624611496981692027639651495253207965871891179190775088231505824167341902094634879086096545819691941484800633225072843422049318237118415476708676053774513191454280685984977356433489394319514356265737460488391704216831734427935458062130455966681052756070560354053
904 16255414284876138063588874069099156575541498618894671232826011672872238193606564672258366804377898049195743956245302608117732124041295063878090641988801737342598766055406607797572020648415310109284941071185640722765184757870216059627828335204542323262460220671345745313929097884627217110646165000121361221087670549463802840938786925843240184612809089149352060879282171880282575301572306941634230412224410533919080660830941362224636633463022555125885385684290953078133315919221829600018775098396205827763212721219809224587860857527255780509562885593129859219
905 67051721375918363808021071939629083835476251509377757562783690079112654699149071158201582390828516596941760055516880915453477517637170982044200205138804875662938436738756364168101394949240105764613510020620798204265850005278934590760972925976673917466274038059029910774640179290696947087038294701497953199059656065799738405735831074776402415572051737130905960571971781684796957984831064826337453487046706847496399135043109180735412233378079175269477073408200296129584022518642613849709775567840383424783464217038518558211918244580688956723894763151391214903
906 276580667873642290014091820219327638608565564288877379851430541633553371167337969630657702152598534078064955146291425677745294938987861058795166252439262780307289274206399963318142759238122113549247593203829753972021794604048675053920089522319625354416825440318588395730100007432476729769139254528863951023362910757383453473375695293205067488519465861209964254832485494430200649068703474607600161390809971473758990356904741610929454613557987148654767296408530765626514693126813496359829164838282818550113661155710414601564617711589099674043036426057574010725
907 1140863564300735247737210604678741325118655511427097934502853833267581662981287820336315657392466856810810092728191978410199193025506025089468683930918252522206898001453543001845528390604897939743034000693568532646822658905733202687185674344846090688608655357990692003067182013251349431942302982816711034850335957996405946617361038395910192000424297003672058858143349415645034403656500349373469638225837771674694199241000192900003957420683982659636775487673741452479376163187452940088988884724179245969711683397440558515294667375882576091876914696195427539365
908 4705931482324746553346892095055034771412235106978513602737278494545654713694191108659517166940808928127421805948025577487635112005737619452581501565834663117809004406543059242364053531759233660992156575936862288150780730216423616621140841049750640273918898796163296586449547701856480563364274596392712184026587430611407763131348186727293030659072550401636387766261939593640744347725042742448803807320067644477542989050819294849474459829537759436662915100287095983284851300839340029016365152599319035579393466311395611546319450725958026128102905684536501738379
909 19411428157852436881096595344460225133550464810763397585749106728183093775423376315713068920850505501164367406227711437005249051170480780782204357689378379432828337079212980044665456999165588356613165118033358177305901990563330319063908859499209401075450599662006701557405172805812318225861122859329831868909959858927270092196002394718672179659675566887797681413526136801347610496419264369953484544724488406637348174730467889076042887511719046108978901296005063854365751980291186063434791165444889751187058226331602175497443234856536481256202464582226286471431
910 80069916985133023582258852263538452655376783327177908076727997740742866489425120730839161535557897219163271245402487368688232930636648692402461564461511675804708556720487893417334824747211791207958749046683157932080743374658278487502404930356896063198503986728208718809935874898603054602924160068078617589965754950327676238680635688810161365296926223945482995704079787967741117526089099523515802709766345727677547289490690465353638095035045978553304969308959868495789106895629178402577552044930519548388203004842923196505503055400338798969158934621050792545373
911 330279233133735038103438220208503966212233127905518002687186540702063250305735477021750680729200476521562608775941609756782910549705600311486887612403755756416044555148078435229276648924494285866463848152892265329327314028763597035831246898827292373321628748982514983624249576996511575510829213938858877860719804799015159520655848776504731579529235361866456888697321409485030591905325576979119087769149736028392451354591591160791646347992827441448872948331270345870952476961129219615712269039968329873581083313080503738426816555005975624876632391697356453176165
912 1362363993204368302233818542408633867237208365327723123653975947092629680161520276186415746610658792303084971536713503521809377027118088376785603298697777942603230103154375674245110506446857757960587811422185502894778195508586005992699574806667646754334117783334255250192123837273024720194518770104854465295025054428533774136912026005391743324094516537635715187666313152305168264154552878700085184696916313027972656358396119330368137711982917652130838960042031124270867510779563684738557045873914059540338419804501733799217882805711168335963283572246024032307171
913 5619595371980942199874194685315962529850313022562054681149634333591096237972966340305735344100719851295575952431990649106643952796904656433824377678271844175219547854324605345375049025217501735292897595748267961044278609313791064031624736264784087264261091908863118546772873176291404347083055974222119503860888512612494903590942681420451382145313449064518351647954414442770221413471358892732428221137282296684927982209194687551556921005854406092865618849881475105962844306288125601764785348445763528938158356521401592542287341667049971370791448811439350997314103
914 23180187014860667025523720843255476054213994199764905842878140200052888131441914683365855761555137244442263563712792880434819367115325513489109338786977643130649332410156640185286753309467876127399250498109472816413238004706223068047536026068149411064735227920821699470035117388445618957505084239115614725017139495280483069459371054134187808746289842071976208002089328104415992734229337295671559893707746027710899682485991687215012529039414887140695568462905390856380339782009807652566273901577031515545809679263947096491513616363899102569375814034608715115211253
915 95615615445014873697501440973520599012231873090966231805354243239617389403417584521396326897099951244458460264209735163802302667203970533636690526228786860812610417288642414738031841250195290728968723965341788220907674237121511324236369690924046438014533768025481405926529095055527830736714355390474869473339396384877359633154602845946419130482283784277151753280979100555823855822079602318018497426574433781472581399436369197750870761739548119351386214781418976282942468412768228842552766863006061472040720233968186510909906041511224044976368137805382163393544773
916 394403458050958277415781095366705947043440860518505723701995844491340253269166320088339692661753502519684952715687752237430742130337398335168222688345581398030651905856077088446664020259814035572688351167980089777955377734564686236929765317234766988594348116205021086082605751257974133210196393852570853610652948009564931794895897075078961566384798081051546517830096901442170973195605028782280693157730916560231369315813079103115381733985898552360509189888818345776224524820506471819247770656709750345832373902093889955046563099074695339733265467633258666694762139
917 1626869073619126649309578380753833435077567326765459314927581340804872626217199035508023386021003686834313743999535158352655632454322912847331362602037157166673919375892637488154114415670515680764923627641043201699902709165967810135860358907726815570262455777003922351316881865310533125662489762322527054465916909432576120673819449037993889778528896424339385408597188050115675763136041042855798150270082607966976259297716702235782372639604312554512031837410881577675079888130774500814411301686690999824278596483815852138113131205082207198770678380269199399942170823
918 6710648521637435127259091736434998489329246421398410519801612721231595979331127293077640582951568347368023008185408915320448666613221108657220292044036636343101108574849342211587058000441486177174445413801469320135750865924192904131898461566293936393615103688169747679497075022389050974386726732361729332527641792970114695223864487535161682419535816209854784645656890900793226314095609995569436299384912480865191243707807149650743130768924052531705864109969506703910659140518068017391787443677461626698865319369420925485679275836381076044863242713099291939676355885
919 27680656244066950603514383135760415498307671291322089946730040536748576037003375567641906332503770071267035871309795315159588814646532550805876085401492539743017049863577852157609018376916832318317328580510960302686995417393610054189594674538433027167534174297272870897139970452350788756789003904064302677355178185293905037979485605028482696323902565101655430955564557850404239073127270967568981961494270698307278495497319142632524132247328725576614469897511271701765267400562033626743065535083118005928075126157311774170737108352457120698757118297399849825258070085
920 114179535350666984242697467517968993612404796933155851676866612186616154874910231492629219140924641258767539005425519859253492660290705486186061908445932480981821469277375475865714902676767784088913912480563224127483927117166697500618556441904572413923226889323253386565423193101171139750217762823973885933016520715280582605794168009573104688158088283767797737650720746202178831080332611780133767844821830058160352707101650315709274914479030329729139680025192830355621568966504653522735226980636551650762608631031036317892401446836045144442350359142160292440824294579
921 470977500603460017319786069734766392969268366181148675614593263840750003577982046952003501730299198411601145876641056921532662122582912278235683135097149190984100709823381071197294513083104996319624087675160918172351202154212014248400023519024134810073211524213946921799838592812257245808886601735236387744365977460476006070708428668250578084117184067753136812267133760857533110766266498096965180742011765969218306836488306106168137528625601939429761461778343579716430224985544511682900398570274401355580779011542615194768984344023875546378432069439842435709202536631
922 1942728225276373152314812980185513734492862919075106374241779586476119017112831668165359413397113894762638050769370156915064963521329289497517042278031544165432190208843744056339674918255354104730775606020184976211514744899227534385839461168924245599881004637584495331970497623445498545472186161956790831555770074186596796812668911472518451631979019424577034124808126673931502795999144062232856526889880352538419023062060236455116776764486780636294956587343544605817811934107558633000850690191567921061229574424886873548626864606226633088558564400306730335627118300933
923 8013531331007618658093643055440883343715910448615262469227978385371993762279488256628182717036905494944618270943270644863285530887318659295931728430331460890749218606643606344824564380750985847064898686794774374763442327516788756790520755310911972381750776295905421476550982700391909148197195723914451942101413232776302028109795738539178175235717085198525677836198198964179186632602177523468123752611889516006573693670525951295216694757614663825151308451102136342276434823482769736640832705375272982298973859449028036753491639875258317611727988952382443193336027151205
924 33054898548099927750049813062479514323417967981173858899924506600282594059074820600774083278084137477717908842789170622525141762825438102124772589729163089346460863215771407293243343415093087500351122177848960638920581650657958533051122435374523865506737686772778287394574751239388620646643195854144125824472691050370852897110435008292729996406612992083173471845066655008933183104875321159911421175853414884626277184071187429423647280737694232058040667468195402815490690778067548556198380714552111047545963454197913790173055455419212152442713656070956818237552821832491
925 136347669072854583353663269344987913168402056535160485320442445613550131964353107323393797002579227616290977540561212821133722655146412488799988002790920729945728291052041747405118588204612627639007836186150246978022739440350167820223331574471158943208939514111849580390908992411055394643825606816577373576880637285886520022926197948765061257598211014682065496966848565652048913460105174038648095402245788349434844383831155196079572264179418030784724065149196658392603574067537846695432654183200581330360368527390909450348459732339653661205465484435596255472293077879303
926 562418512177503023848515604331549400309594373224585275243238332283739134391928273381092905854327236952992582463147480617333461321636450738732861144032183087347875590210651184224068567472041626362252669548860399801484654757025052300363407222637335693578994190628365766005108755482826380925551231672624716247792413728364328932595635326274618676328022880414384104040064519688770463680091662267567555279612789250352507332054756311151502947940137027546634311162777763701352117401253395864647332036603890404389489844863495518059911105027310162041119615908576953740053079047293
927 2319911920686666823247626060546226485759943613471153868493546761547941481413916559646217253863719900472825489707572794045417284416041339239481887399461326900644308925463103669714906171262592958087316270025893924906120195167134459955574715594271453986511440903079756069622194511863583677052744141798787986919104910098602129959087869237278075970097076552173254969436973334389264401970721180789095474168990115581592319343907805581838289494464577676855179974863916907567030662116416333041625220900511920852826400998449063942241993241610470004484516635927990433957399750403493
928 9569370856778461150131693307826479517012564714038879778576540487248404796118888297319174327304048383611712586212316231156735153675508982719060434736295649230033654709958982368273456076113188203433502077280135605469919956544862556482215606450780833753206878774723690883712068818115050299848876585234621916770450779550999808723094716377856800041519907059743272987854260725941730244642766037346653261151081674877852095940023668246345516397439611673397906080320052077184267617731843034640282907272250411154974356783877932386330964606789882857568255190749346178625065924902659
929 39472558323445505376077368083189045753191013723177502432313232045974082397105613202160728751371258961013690669630542757437690976474804368638257904056579557646083176584877730774360593340771262519096819240048715547182830711832534581283710326952120117612180967620717788072460252273358132114597148019392026221505323200845872706986275464096156038783520659030317578712773887198778644453181602005640573408214091236592295688439892965944917349188342750315353535673818569688901396898241281679873462185916305784663944848444233802451446029458715381110675298167108221240977557291919543
930 162819780309187149007945913519490209558256732379806581770842375148048851421713507986669654825061644426720824285319341672816664490742643778793128276163691226013077743198543698126286017096673052363646146497423209944389002413540731961705907483070718396228907867451435331034308688887820411404131980379205150828953533762737286376750020834287924803235408390076667077900075862852277779253427731698330755945669466390083850211011779920862338334161881457581101688825866497017655793886464137088050881209136449708105100948563915014307631095958430467291300414587326250274620495591773845
931 671612937846637179107597635545496924952192813814326069958529651663672678491721868554200999397009739900673562638483276986390878632094361518372650139238753163238326839959134558542957749575237095566814401075181284113799000452905737315142909046333432035021398679877011730442270870188409677131427316365743385703778556692693018596540169368492141651642114405217499344337368817156006300977606996724270290668589793447171992340606965312901579653040989357292964478816644453605156037208634143962796421207917603794774399929132137994909308484078857484560740446134914529982209407809209605
932 2770326415048844854686181719535099817860645960190755856740334517710791400594389755799152194910358086107387693499991364103504797066170481115007213025005544763674218749865326470749395828716078909592710112318050915305219342801498612059710123014500206301090140651718046676658471665094742855700646949803394641201057114131817615348938147380064179332236824692886029297824003357078745694257492514584130771803600457705587228196559855240578822247949153386122252532744807172060477148924518149579489641668974253317874810968203999389041972973356429643312911602792767927721503012244773179
933 11427279037423642299836432686646915777278263189817736333378182972210740578025853875777470469388318795476782688067810050054776737915290998420815245686933549765909046353023353045287969030246206629210362557352538525445898366831818721630571586138192820446924145551846327775007540152791740277125751154820911648850099945694488907238792717220173009374118596396608282379833230519766433519500721591664131865991652691489353204704822826433492191976513839986619771232144140147811753045133778468104653225465541717650063441904820305522461938185587715123229786028131333740318980465604754631
934 47136216689050139695816717195031769077069313091833049050336007103226408355714361521800632073669613788213171320494265010349829991463145751761522895494262237500833750482040469534815356450550431235300531539577842448861214809222962023951710649474604624018743925499349334315804090535884884609940796936355554465193899783524387207111028677523771933525426981468884160128482187801832467170305164887792117654433031636768656062334637230348744430847922534618015408503688078856097177255042363734072509701115305916328579778729220945489071108747549575167110574823048273829033006059045372493
935 194431492963526511373730938027703792449834223636768420821241542349694791199694520451381694374246057776114692583044887363247087109635533043236892401613971410241895610781454578243050603175015773751227068491027806490280318918120669593317993938007610903919719566245807571684906958966141793005487645000636340227223584851528402504985031132555132384811352872886372864298113975012938810812206396113664340940116578323152802997650252037347312270872305671686436900181406841228079507767454197105235712746588816876328632934885296088700662427229073156505046262114738893201007998677296698245
936 802007630468308900591067603932553107321849681259271259668545810557584091998440735575772468631877207301718376276538194363228624954174695927867462010576280778936598100901812076416441831090121112981788080388983991359090693748042002953962543229228662598803773899378886965505416846094868576077639874629259092076388039298249019412573567773303955454022601280221159052561271626814054843380129306159121217682916039546401161643525999726871009130384117541390523466765027163472791702234591595218806054236539489986342984634460764689246796941292666770940836051225741179152427039837022656211
937 3308189581458661834346367919367852683583094322490187361394752770373578342482028739710870304754415659406561855048209134795461926943408025251183694652930570050986620513424621944839187214634399363207778326967808087028920664291842757361264745555973052051097327312762656765074966162273846328096165549644961599602387942477475705741057244870723410333850904030833240754286236106665493249992113290974564976362914673235220137447084976484133859930712930768012499950234139337407051962195735850512314910290516164989043411915269912954709707974904641089934169317371607062152650145907296578103
938 13645902970375903215229077405348556256754558523946483863605073807352507879527166653516490298901047729375736411303284958818582158508535730846128455819070618162399288933037390699287089483277687018310447251278160726494212713079171693212385537577105648995353644017937898882435467577257970302451326783207832810031492639505095037366832484991087332019803511657781376341109988103450150221724169677830052441254341575840976105436565401588711824311491229270067649467338770830644840535482626603057594269905426516189859366425769824330684303986453084817667420796482691641361011626111615572133
939 56287786202025656894080542332896971495957629055757580296477956378668441676593813882625286563094852162306070747708272581343333311069201556779962593908060481142710580043770560589154661485564905210485991171302483010287590129112445524302881809405938322834904355585756478363806002779115990385746192933217774655575582421901357816383240049288464827505019748101516428013603645266837984450128533389976532306014448897506322235906294583385239138915909612765502050886059168333040830699657059072305079881439143249775794908349427680898953330038131646818722180400850891269291842570679713554213
940 232180668615561207122858510898200736873418886101996430326727393781279117900938364704595895941771625059786895692039957014600991548898525907463611442145451402631268368081270389166227360996268509133838855282552476593586731900945268275701383284088912836232776411735438498807509546369174239189243767416789008233129046442155574891417678192403499821372180696002180606886952096957471101522254076655787051712586307819395824774167573782161400660113703818796050853111107165487994059409719391191253283975080967185314952175992940722017078208189170389912687803765143042594223081617015876632779
941 957718654723518678955056431115002806476124056415850333876177383889079897521292939393975889732379256942702180693261530722110135189646233724942151450851724855342985474502777335855489926504083567709220517798956067931646092306735175240683643870607378369775302714491634675828973253101297006537818609033958141968028782911513467307320287848920289448954135508794676102879192056889822090095696500657464634273850997023407669121703458908853418130747742429409570164395810288623727387267569370631203027241952158958655884879469650920305897554821907036834138553868457678363462145786519988941063
942 3950479715105584609154923150692418019785999853653882605238481016580261824632922494515248881745098948505983476969669534740354865685345057693672292057736229861717789106004838611409877744041472969549748944135771782299595920869661078189830195147706549669664178558530464245395790553216130284569025817686186026794093013244406728487932349489507727962178683234977852162376513033983083493004783012505692524195961398118013856789168820250804594905272854310903327408922229983316821947080682755571455233180011316520386901877172689041442761767400535243611797658437271973509487979621736405288605
943 16295276177914734701329032012088273411873285698827387894176646662647568960251106188045779624829231800847062297187859755654327614833229412684704096797505741496951605162359591003162546180677438427640538583776938243942856311983488951448601657893255751375966464125142614659797116373227469666435434344945124232678142743004829231476214329422144201654924507056701723538611339998907213859070320397368660627632523973856671446730043592347748996431611752035430778093862515890915027056770861610534517392011835490669573588036174525642042788208045707231455953580087259487212967901039433856829925
944 67216147117317486056560938336815506054326894536131733514192712899392377870594761367910415601597267638008828304334585495913445054638970240982604376346055746138838238806437647952349082613743059544693462243645612622207728984190146533502869538979514798433979429630117653532926309539923414937235125979398766673570606419440696719778149091480243955683968440444195394111063488915832294749094671600665405766178355299497884305465936271824093744370224377593807299455580672969729475399628990456447118746743448961281369484262931489769002119489939550095767334871049394565634435292206431854726179
945 277258905216973509709262939057965461589608864136046556740470536227056556793364306670656944267728104455870408560586862669827398102018420261227777018066256266328868982176100505589739121147566730667314889670087845168174580407004752929080419423515901845772555825528552300300710773426488868846237886627167818873372382394278802653612945996364104568466440902363527595658112269594270225869439440775018898643954022375612180955015451039142514784101963553788853321098340747803199284761125457925180081912625608702754277721333555106635165742633002837127301697747410293802731733110621688465157431
946 1143661215629382055490954630544500805589015779682663184687721564482323467123549775674446633422851221859796337952306316663914382233046192460524304255016069328460410957186120488304980474842655105358671943756443116807020337988242180346927343917256610678772269803494041625416175170499423950989315803798179793701703850510546248871277504418092373826239883035784902329666289887295098770508711793906003679086729396854233265232067653243698654887914855088678359027661218632400696560330589098936098411613222212790959333193524802865025579513605859484142062218700516050802135431932614318001696053
947 4717471473499866759559959584562337671837018193794435828462971368357565669546373886632622646755938456619038103761142958333658036924925249621359785285438422087892836333307707162904962855290701033012615740208569087151840474391593181249784056014583314963993676180244483494899558836344337842929030849861089460333046571597582404699166665485773111962058036164614746126101144840943000718406097273197702803458514899193549473272354191470288946847020935153314674832832053931466526575284223872756679490872027561944028871526906903587199479558076561673504015902807375707880004590256666096762489285
948 19459029299194902074312267090677920569757870826588313385058665965458473031722316708863623331911148839424207935875704424658891733728710350423507891360637245147374018326064748128745353653710325776074505125250543775078033074740605399487902729128558066843201862873414871004412988969023797585012963429988201997287145372112318262360718274368456612537539145889516831642754644711878561192394222005146777095632880948877206796411453517046569412707794668594359351716792752862660404291945233674112456211276081243161566263858485307000553166260646100503903522434435198294716690326738035328121338331
949 80266266239020710945827118686185018339690469940782362999322192101226810862188541170738222707554831370596277171359348023641396207373674266394342742217955264020468087723194458701276416520446693926593292353697857953849932097377530418507540284694302360979256588066915884261719164371440680281002252962217537862078220359025762956399484754123414814459734853651112268037787143913867047946965561705972803827816579900993910128454032953169169287902369899353395363644680628117306750622403980371334307512749908109008375260573798525859360985573449244720833981203147136785142495033343578773244450503
950 331089151308278012338500822666293318584845714202128893725421491633650585141383733618551268868618597408571240413790810602557160489373556916758159289661581457053460696552227168608041094024915699416422443059624837416174080515467540711018495755876600880832240862780589441061490528782097843023163913579136174524933933665020205278560323959890569646452362488164736411541700930685460751543444274282642586799982170754465748363682876946782668670623232395701311456629851157468954353630992707413936327280531658555307009563099865603263598149438289956040231415441408994019526661279599018227574161773
951 1365704812873742956151205875170002451539557585096121311130890826704912205364278842227216051518206923326032822954771181584552254697410481232579964118143006601939562837279973636875950085312688840040134054341696120068390188009766482463605717849943589750621816313442443906498855301561784457203631980418785831967239664274881947545919344044948780175194106514531024250919081577231952931735954214826249596836479501021102489990362633706206705144979710144969922486730499752267803356562484342678854704212324379843913280985256290324912647250805316867873952598099912716273815759498263581027298420933
952 5633375870325208415051670085973933088063695114705049412250340414250845784874122020185939029526336627971509977890156840893483386864268133314289330277797697336770775870225732798709288602234777671723772075719013601782034968359778409728426286586262355161360992940416533298533473406286354311275687329329844426669736150046496469549438730631438860718309318838986608879142452951785538382593330010175695366490267015036887888068225345865271150674737333176874210676262488910305554278636122117386686529104329361712943382982977429851195465181512658938094373845434765585544504709205966184790278944499
953 23237029991558020591680884573733148166624646615512061172681409500440994174577999455733869631886316240394930253687816923953371481175735900656220966650010633034915744925078450494497022306201968128102377471098500852364181900417945039955273872683239808634401306349547398218509767869143006016260053470579891189596316397130827415186553618650923083755526656894147986944405491523003184959022385706963745889197583219659722545535898263273725970502682578061064142278520753078552111763844987397397728166068578509585072793790966278523167311677979372708170985148956157070412781273762930283733265875383
954 95850086210809804869472796630566520851483166406561051480714196762604998072457562158666985454035187742899165346731882173537864802172390773474013268641554216272554629895979587502945477656417272504053013851429624771101982194012025604622310341619334410197722585711721238359574834279734809461908637250811837521120522410020042235203814517145233635390027733386516508154926255889334372355210964408378179729607640891633573090231093131547761622395508225131190934816884501719978394620891103021619889784953994640365407996176329963294039417391819516035030409245059568434647998285261160157668745604165
955 395370623094146823239468730924051365396429922012346168271037515722359294894660004050029933388974393956048571684835031936317863916136762727923695380660632103451592712768545334908860355727401502800866888725378972733208040739746490638987662665988052739102569663315599285059742158175509535241343227815167552420738933737118003416902934225968979903879018952762240801805825609176769597614679583320125074074647612756120239130323820097734230158735240812232079460193533782137854581690137155249103914247675898347620818012530331271996934050882232118972103874438324899637915764996395638544827690403045
956 1630858518604281056643985951179305686103953561224921602219501440651160189301941579447318979746160131086303591578696376070902577504367969883856352857984061364009093991120004026149392855953619347451315813810748513999205781352162098080662413260205065749339198626275023582161523931243486938394761441570322264824883624564230401072442444183719307083395050230647183741489417709550406392895884526274950984249802925476795084520454576995937230316331106317937380491033978124114292497853749749223240090443520431011678534458715722494235440997564789246507103936700446852845485495723317853769512975465579
957 6727104525089651440076466942380141068109277834098910474187614884801790055957511197521971881465544542815464607306156771872852444329263860716401080275313769126942859417456602264500540824229044347598024116265513779187827201760370831752392695023569646916063918996992251136986688214589987669896571719594832936678032387173999523236265081926555740966679164408577942751453643935599726424487795759603172651614644032880033431031679941818387628179268649633719219554695677275155067783863353946098824496451849633113604139855040561322350619206357750072930458802749993174150561751319144733307542101057031
958 27748535372774593170470916258851767227748205053595871162427885948413601823342666361435146638830389514436064877433653399689676626989149887293613283197917873664877346235409322414333835441414993732241678501422045685284098506914152443812257868022507547935389735287612829559988792473252418547498361864319318906695535305785992487183696903438004311142353669959434473143692342233595772895617708398047391442559083831484688330386526704074019282715935223228350099789429619660458854469926891223120330247755567166770853457853817305239644049721231325300284731398823769750171900971007105509910025998887613
959 114459528978979462008672160075428598606894190926032551919460155797153876970724293484367920477294782338387116933883377618489753797277127470123141507351017141058434056376853883869537096877981780581662106494332199492325809666712656410840099340593189707158944462894893522212618810245112687983100496293731464033810406361189508669826167807311134371369303743785021467843244177450882005221166860299242836453351373507865196583536877604122590298410347329911244857730346199668761900667863419340133665306587077438173660902352878337292455936096153472781055176524644178469147194643900931065408620145676325
960 472132442238513138325006622675805879519106413089528257891893279367425529594324817903862884785078429782353603398354850329902986927439132046353377152051358899644727852907911653363481141304884027363694056246219816096211682770244036423667869840348127082739039748873202416136490657024523195140107203600055509168581095976196028120015837968829430314686210316282364459013761764165924340931309558075812391952735289797185407802470677236927605219998787243605891091601423063785196321573653860691457342481200177653238288787555249531764766555693129716278644519891900497278459556043972540304929422379478851
961 1947492227187482828967756818260948582227823433176953841162177501370028791701338232376949166339947722438929400772435472138722348253055355880949423549160616992307590775537681852494793991214687902571954974476367372506604343733860497217887062965940682942244323987812477527638603853396700631448532586965314862894743719654401636175522125875752847007829437668995610357610906549647387823155169675806397621379174365033637451132646533143684972612973625857878109024557179215488629478022625079659722374735876653717585109136866241853872234059426209687295063793294598628082641616877776881265306257665816503
962 8033182293030485530178689575568743011216611763945278518701682973253232942458229160442923709190279754861296972620329983647812872345106300629904788333991792586758222842304931295603582912407672076488189741163024907137977438372260712473535923022924479437398446774333325482265668450121100344968036558873852032679935161871423555482452005857218549603265353504694762953770899607853711623109654540702917204562730002916004819165983054603422315075072596015295837474369447526402190432328427340650079510811532637647231403530314460272668790921205661519896789340021006652670731634267278203235337212751392213
963 33135956514832398673032501875184308868056057662779011400185122835648109502345605238340918233530909882319410084457045706070167863778602294307861822581025069540051026438941583728182163358235608153797325826636027368866090731682415274264695015376942346526360031587399374624428296339832055621040464415260611975277322175187703801865298473366968184791518431055209933254666981452730385633731168722466441655724623797103285912191637397083519022473266435431849676738832123193526998564189026720877125733019606849000034145683013583881017864632862596334324932113594824244208649041858944613596796263912427653
964 136682023897985114564373183439784081318985195548707416437117819313105613368437973649052698310634023839261078508903641863651039630953404766099453231559770836762347147046995902503342648362920728886533583098754399637589131677634200815096541858598812499658349925148305868924701646102655921566232829045985670207999736423313435490592601647573585594753680202387543275257217012319480478511723990078955888584702876461261873565667239576650128459742191086026938326380583581869532925733039284064839137693418206726212197767988636312088995781333803627482606390207811106373340044567947502895091909753069469819
965 563797687520711885870167856483183148121563616329718120111253034141564097091181041513665864057686445729641130174830953193378700642902008757445865172152124831415923168942315331150345590985103179546955278739327576104946662565474697109703790603726343386284962838631956199358703543850213541196035707481455588741916397544698598653270801051946873464599708533595993508375993231514944876434407819956884161585410669636318770536528629594477188231291885587509011307312427555618854320631689308298933517485069368478554362410576929911691663408125665783224956914264797236432227364045114399787493760850687522503
966 2325600860951167860698979605622148056069127545542021874081759710208065782728470929227034318074317986993186779039313363225025506475004235207267190275006220023345937769938374059648360685586862230766760046402792649319643600476168158705382314242750301351745481216501331917110659228823845975108294730141286801225110682251732422499945208908627143083569477474661097442251855975473799212981892932461559651614896307412330383887398483160391843339963200565199284202152629557957896211131418463818818956167656466942429579118930328791093613684570741567713784183039810403613832202664687212817873360627994704525
967 9592837083529413099537339912092207209760103407400390783564056236347616001268188811123697739733690346023866089314277122366178647281012140054315719809057463251274979954601819764737103036606710644840928298152989374108342801114878930301039963857529923793950187854340672129951937166940285598496748969954631453226359653705001417671866433391308274609370258027465296726868983108771180771338531569645210990875590146363116558954788083082744304671660305676252271463161778623711373313691284595444531066768858822795848283350320972451888126583741024799114880866008416638140876085567968245268803383856527400965
968 39569353820027396487108003541024610598866413942484148768115478587315401593618864090694493548893706479629368875946759946302982694313248777909638339166931823365614011250461022456296081650043498451036562681536094993543121479804734485690134588465417309754976306956600108038201000808884561286703219194996901436646716501982340895880869340369966494591851092517330297332975801947528632545467203571128635291946435553592159078633493556302414685564020652095190347440174888941565680824633178228999076188272953021168713987699060358775262793203283509197723393818543882483312881816846331394318099374352729263379
969 163219050641736663326571394864946353493087504086252942107862451165193090810286703315447603299159880290554968035022690181128058411583998781278334695926772316667039149416569161470624708265606979987453658931491784049641541519381480555650813689233698560110364453247738440448534621944830838795093036289659663597363004297130900156195453377053919966809635673147464291174268478947938112527243559989236632855431539745907092105713965341971619360247816512926615092819556075274058304189961160583803197907525357973585845075908701749970752072027733578454580887774104325764164738947623919396905454160011455045431
970 673259882219915223594318903176625610151696223472695135632437170775392532832229299730237511266065846949801508837408966426082859046087219622914345683255906163531220649007534028809320708639257997111169341811197252443892601955100898847691309417685151702608533744238872525572435614254327345270081866413726292919646014383095938685318949981803029812611653269052256868576311751521738721111764380388784744731921414244494294383579778758023403517211966092449146175792075632790376150957095251373322805684836667269920397724633225413754494828146735773417817183182944352263690085436206072491402309246685494643173
971 2777119871881342764729631000489399572902139570092065187101380177092132418951966174055008661265635855130502265632765035992853529207306379717116440750616533324060693722945783231795315379522551971530057900813208603838125706380175606975035782183043470751034546816290028326661875077344371097302014063554571032402653628825549973105709514623526106228072546564321831170813563881139835731883366674402118341199224325616699951482766093261460404057967639578532819101107508828552431546369075809619096268270326121010930007999043482687438205798208109653730402832868793969852299317058755546573878492398047975091365
972 11455301268461812955859700115404331194774079495668449999822232976813536027019520589319376949730289506890700635298423730035240859052144740928823439293868494826439917241957528633049332810198251923256493627201048099697112344437040365636532810771391637586525992102903508951322866679742150056887952048052691095335534521091034030795766101721799614791282568180044652969482030318185205423590743958018784843817955637219479916103216221119921781028586891380727192394582998796451985728053476168682101482951090435366468739568989752663565813876923707231430266739109911580144557875775980419993105370518854484917771
973 47251805181288764140979793655753473131695065105820474915125437742795491461365589931872041437654662188793701789151642023281651247323710904186581506559578700302757921392760829706374005203037043670333693725995006497738789880218135271825784406433239717691921447739426319080808470567804316634313658522937882827905499684423494218918136021547118505767979512746395929311589061650837179984022813745699688227007204046005631027128471420225100721137891272916543296327855352748779622156668789981600856588705014527936964170825736042514192471649609467032615835422942551585903150649290265081563495355980094925476103
974 194908282249854183990319612737439424575750060778766219286121223593811237034577947968697525377817666551804503260639461751176138789932375598240916584030950229389350215367109280994954722863301322661531152729554656882976020452549230238989598872138263566852142689428028728621232998796270674399538558012695080342152226001133910960256891158663221425407055526036984707874211149159254253895915265592013301069448323170008604121651569715497403857464216703889834739503789392134465611261990484475847335301230496305092465406873846957345459288878945356054432802765142529984052561838819529653099329809643138236639453
975 803974331643781874190538844374702509045147149229548452059965866164413367545638340628023389049464749382230313561112641567915724688948923815292600964095642628207278948377282896420094231035845830469945317389811537830248647001540975496511114273443510709927440221245734215663094732393402714118691986477612822005843334646777069998354168452756404977813636480534245454869469597651483784720502388197715322817164585451601087681528317839974872588937584305714427869553846923693738095748523775547625994827724818877573888319183144366568897999411543476787486513005292848361824282253016422853974603853514938902198373
976 3316301998462404152470515402924742514492948527485319077695733812765873724294400130617046998700367339703138353926786743976275735051080649051038157427294363341612950166090719207262583636600610557200645034836810795208493028698276861681382487153045826971178060678932112953111994987234272897605679186877270602709714565219395202515837292926594604325125642422681174668728911416463515032809879190891475215884092256884401692793507898234946692770938771380914459625063466381411858749942748006703149601434719742759514090341954952338592666343225900329139147183940428820259543389552304690905870754511742703994480739
977 13679365760993690116091961230598793717865441137613292324270658670040285790654082967158816333095298775091174722746980693970666387313406768822963397505211195535880379182005941163480519331711685413949463151277945404898268720889549961744061865141350291460935397558118128570868608683737952955742331617961305072160397143522090058141189557841808379427502095119184974714036692965187035408168188620579589584214636966649190650612256771348766835957764236421592596890800133665072241872995534833408529729964142797305445318873255259806248644794557254081235209643236723069431892716784596127171258962281199478406842423
978 56425816379149600868457282636570512367864418779479391470658436760598190151819455317996265552982632941303376617792484236723109834926809876712306545519947860228719908997359918068344472501375660552058607005168969339141070618253394757664607719171559971395064770468913158805260240257399279292337621685767265247339616470014201295083887187388315312079506749938352582615136744081908689096041628896814402907108310952577962119879478347950064291424120548455855991449156307194313350050427839789242016531635841294226147589196609702830449449522631829700505012730876735401263465692184656353882957395929510739817453685
979 232750027280667285284980060971031358160337219200560220051512938086901298949343103977909784547625095860898404486063344152910554256918484977570113264730413909767534114839264175022333242064013106507782601102280201171045565136506575269039727767521498523098838358075906537885685579738866524329881459987275824856099433893140104833445063721541880419095277810027232955837125846459894761726714945826054250780879696263192235744543154366679130616112368887483187643437298429679501924574821397976970296653638068488691007494975784166450861110198632772224976966198862807033966668706418612160891347036975757029687695685
980 960067193979831361776193604059498357573482413306493687028168871768122814367883705295317771077292418834714645116551899460423994087973936249346832809431181108227095609990404735830716402094004715755290085111733883213526793722500595910335395058974853480868547407656303053206265341845389470700378798398947954527416557755530440512581762957872220229605613799808914456535566743991113665186565034959872226862197822072048523796827582271969053083958067625545421371416749758582176564603722362030306143686259829654379286931353235849021396600728048410437942458239854517398266355084289912743105827619270139901754551579
981 3960167170441693530652839911935883763718538034867576185222871551638196176117239014523188337750829505317150231716685973521160310938960610221532831411415242622218476736806163282208509905437280648424825727538877795346870598790002169395052092565077792503782898447763292433100226466605625848546721410211533112471086431975233464293604341178254130713358719509386185616749119334260532044280891827871914352415454362646230406692094526758655214369096398292753161146205984849619581482888855166519710838335405704517755860041995508156875548614065562754575736773696527405824505157659208950425548742722197295157070994631
982 16335235821185270913817593129860970696126960114375677987816629202147104920938153555432251552985360248381518763011169105239244129329979407180337931925631323777565934327536529514620089539715101096439027793062684662258918058609496122952464309784243026449802464482557659709835800048790159816227501519270528754699563417870184088020109000227804982244849936217299191011857792388113452318856702454795421134962255880130585679076119380573231649328118923021591690669366092297701498647009500232155208903720606510748020712109383700143621868836593033884290935620628238526628353648308288490123518104434107806470663138733
983 67380976067223114462370825223260769833079413665757300762433050616690370231134085825661559007537685661173795993528258595557288840082930366444190893495078175516028022826971471869027435260109675602670356729566148677955489245782985469384238541584100191341255661562681325166030895978075486172055969890495752222214506987944908935348876816173729619233547236778965120751109155398732113989334571577133854438540082239024476075402916884507643705513655955128029081080836854523261222941719411371079934165845312088201080134616823837033320230758981601470863594339729772477541387040723783085433409505220088241236214446405
984 277938805749194341701995214199032282501007538707669728667103088565632193493240018829032110907634443882442402273690831540426078867783779652514035843083113540597241072161810090426312810769279242210270803256249523783387133844161433661699314290990488206807259313837756375507758931027880852807357938260830471418615418505699352900828407582566215197752321444314387302782796175314520844187633205107587010184291676110936029167303597865086496042644549946948201692700301540691507227448109435383435523890431043454516829530492688031963151694644388314258593839432154273625144891495885002931006058639870066181101378935091
985 1146465727421629939442716495759667958444855648267684859455212146474924934362217854030925499532104740694180367562269246546783116052558090162139658401976269690349860442819138774545038499257796442250875514168438874486986188505209727870276567085977566965670687987948591507777395019992018577769032719895276580387277054175001952362622289145982980445753133141601915949858578271880588586102153987097891052905782274922507421386465069583707164577435617896877652470543310832693887135440138152440511611920128272884772356832368808564598683271663348790736657080827090389924864245727647217829210607855832137352700403909303
986 4729039763301267870548119546791182576614271304446894564963085573231951190479843263301410991020978035336816280535711300536443965397850279568184287663998035950964626797784422244868411937280245660008432146470872724375420909373434374204037105551732555686807499942506759756285277219039804191539376878060945288523294621229817344480619810534150677742297759537164120860714890952039410960617580010344883512930340611322916762562358042430899866941359709624202753412711871162420533323325223222403322103239253510817204096590734274616291244319779820274263494974061056288369519100325026308076981671052758439109430565679493
987 19506747169128312738231204254526333699899925788639923661973348262271465309295110869578505241800747994276560685157732785611706819908391649129848737371802186413013885489633207573166060626840220597864062493539430724421895558310624357363026360710926813299286169130300117781902986034095473638311824355617396791643224702082872624483444716117453261019439528401629624787152549729409190740197207618262251084258561367992302413301290043577133640257585356499792262735990192400993005973844812171286928977096280229244555084134320530965837357161493853259273449298207006996152650864035982444275125174787125761428219908757093
988 80463096984971258944587503573377181459324263162471219493946054329367962558935851033553580959159760531054698286042103949889705012926300695763299920347254242222320447870678974988442577446125535166962931092291717873089030765605512347915589414223484674952610800487810047868342431315437661589248608860739979294321639321211303937689154096711997760928549606860478788109607933325914996749202102509198105744153021533447111572994588077572020098816829899829616499415586019101004782947824195602670014787784117882025879719463278781350443306422428535729883978005234903493130394065013661649519061154489597210116909392889259
989 331901055582410812775484979454452694383968435829631012507831394433279413164078828477190007096397834047821721268254725984097638940817893873046679843432823083400366423376780263037199546536781869945698922569764556768027176801985805000617309806501400401736114371196526789742702156857766511612227506042455423391883192744468453686278821481897142949249042436769216535504154501128990355815770457634364907035009966279134915180154926269003414301642185536569852753572910526480171071118491148137160343921754244735713665768805967107135028094211648355630282371371024508391935188923440576426197406450639997723676996348955143
990 1369053824976357884570065012882135291595398154903715422201324935537942684596660943203156598861149600733788461988745542315056847136381092889690321819334942202997758370398533611990908642339572573754030496384271083496353946856927483635658775918807232655298495947013316971275345086678312760761534984319326879278567960894919373433837550592065663035885840297134085680551920838383058038531889517810133231715675763914002167467011713066431410024870401333109442988235247740219703055474099163808737532520608536366391432626418506147958880968946034251732466564892918923068565848030704002465758436607475336581968454971195645
991 5647190161517899833166570023836239497846912529119550262325239027926314226432850899222709240622676715920866172651152687344545617460489664040281367280078083410946759009229556761023948961002821094627895045922265455007264902698484714847421234653283361673024876558274174579107397640940142231479870225598282981917511757681723339546250715656735799570935304411584601681492621988009392516444924323856501622409406978868249361902212602379585014203490131069348391707682729449156973727119239412166770444428620154437227636835553434136269665357150928291100380674932230393679937792916229262990193030571562149631316997447959205
992 23294012359883135591685375149318187894215111399722654446486618258376640763999906883139613547159060796321609710056846839725044039096703961304722431252781629679984061560563200130012305393277293212374212834933803789989359204046894733024109094918937878543925773437716961708219531336723348663456560874627547960164848606132875824246282770255214575421128973069934059335514099788162647392680045897967409907283283746828729784715552270046764638235546554537363304311820344483887255821714074516201498622391580664643874648431020308478767486209126450704873424521879791481004446641848739901574135745992443939659882452065122179
993 96085131951097726430767940595344720491516561818202737203869062190356991913239156545374850231536620699739728088901048961614608079574543323479790448652534717724887488510685290057091353249432848796616685392888938447971993825172208679672540062491420410538130978415115387469434832814476911363783043755469821064019770260423387889663706695493462775183679516097052667662445179463893866010101328880105874788111190438355164165830398256433780747095935546552582722978493611904266590903027339149355289868953725740279943365306797655755421848255764662607129145632665558471560592664249780864355219141326387235106909895766056631
994 396340159841238241648423997483024590864587533614294502737312388963951979964090831266193595992060190163438789720358737311494385122473897927143321491302764333757640497584845246836329820469003046209585164314645026671862804699338760022019426875578052797350399933981630162427744067312750709655628995445310266252408906132462980703808608120915594077013976428634975526622309573667719326400195512770677905814909231542512887724232720091022717598212308478608997412810429333202639671979584952289289117209349243316889192835987104063227915548517883244551189245702677564579886941713015404833014626250154868580824888040233430293
995 1634857746596284421841093180228806708161436473475935439260145381529411630241602667843870007105459259760851667550222304528142060491276727109443631551358028793395481355728939877142386024338890447210208916981601437555444494214433459301702029374965755842851879167466202113763972039392033052659385903787455790153325697578009559056405573638645409932397327284497086655480655274558445876825523288166882678233181549114749255493330174080431121863474076351913845765596570255747050767177938999274108761461567537678548965412393173291709549069909044739402139279399616233829099466232613920393265452649960973679086697152569533445
996 6743600882324180476151260837207561982527300303881630785370155790700884517104023189550923923950823987807366003743445857500833410928431719717958266799429810071889790943479234175291691211325699137457187461455272899997696793906728179869482464250458235347681654647016207842544762559251929097565606523084193784737672155923654441150103489284510308256235926534429216813220040312973715101682086007677996869171413047124799581365892619899879643557916742793159215029239723132382309558885286271087013583317711942550525167754946201918555268131642532876945488072035811382953163621314971524677365998567345988826957856858979450811
997 27816580956210529843149288534093005456541462621773869575266143766405045738729513763515178510924634830663438103083288259908486933960055810126990055766471740413439364134476186084636491228703680904619788434173402984202506060442668658735593032625642591638877697887567773159087534141774248023610554005233610396599196509007701362249202314534855454803313080564944002855116197379117867630753476293337514343289015274528921805508435213497904260898716430567332711056934604118871009658759914179043584860313716821246871250760203772839474790499443409758081713076137506636481980068066469209436700194419035191825268348508020476103
998 114740209213973731005066228613121970392370277844025238207914440093262244211538872907923897953438444790939415080976154288078497025786101506007031226762600714138856284769926098759552884077462641861515923364185681961696832047248535896208450536003097090217488687862354896251366955047564855086689050736443723790827806796798440772034101600146641307604693594225211054922723519280328293871044944604694288885861111047010988292412973125730634443425834312358662367725784999096372246659569064988713135501649444152180912239970974946693035331989598082430468061817786605461222884961115620521637635870943564808769857856585922288333
999 473290216047457092911111681312165763060967973390111560836183592558052253550676959016108922476776766018806366419501013697220808215247598394719198429218014976825084921327222112772264645115902850075769106968005585030994440661623355883830430248137114481813469140042954942479465829213529810175235543904840117990435079384354155568085401736552400068709615604396929788919570193874483612911569082696758676148390633368323275812428542476620682747486220194415663751901595154239595377179265601591722099700276069544869469875134211155774505582194550673726062984203212305715467192669899008246632511681058602449250784061133750727813
1000 1952267911491381042963214376793599011723159246160923742402116522792661166936787681445329230838696239204838004552813632557144756018856383464629844832101717140612317241809862177679338482083666680355352774367861216117269582572856622114058985463300269834193609852259039119851055203618135599740410118345336974959369731316199660319877303917286530672836529850683042204890771900020027010255814322805053964792845613971246247931110272605217556911573282228886651953218296407817011736059111642997514364582126288689165049238987412024112108079768913957818556572478360815050127695504578715089294282206339904222122457404104884247379
